url,topic,prob
https://www.aljazeera.net/news/2026/5/1/%d8%a7%d9%84%d8%b5%d8%ad%d8%a9-%d8%a7%d9%84%d8%b9%d8%a7%d9%84%d9%85%d9%8a%d8%a9-%d8%aa%d8%af%d8%b9%d9%88-%d9%84%d8%af%d8%ae%d9%88%d9%84-%d8%a7%d9%84%d8%a3%d8%af%d9%88%d9%8a%d8%a9,3,1.0
https://www.aljazeera.net/news/2026/5/1/%d8%b1%d8%ba%d9%85-%d9%85%d8%b1%d8%a7%d8%b1%d8%a9-%d8%a7%d9%84%d9%86%d8%b2%d9%88%d8%ad-%d8%a3%d8%ad%d9%84%d8%a7%d9%85-%d8%a3%d8%b7%d9%81%d8%a7%d9%84-%d8%a7%d9%84%d8%b3%d9%88%d8%af%d8%a7%d9%86,10,0.8589
https://www.aljazeera.net/news/2026/5/1/%d8%ae%d8%a7%d9%86-%d9%8a%d9%83%d8%b4%d9%81-%d9%83%d9%88%d8%a7%d9%84%d9%8a%d8%b3-%d8%b6%d8%ba%d9%88%d8%b7-%d8%a3%d9%85%d9%8a%d8%b1%d9%83%d9%8a%d8%a9,16,1.0
https://www.aljazeera.net/news/2026/5/1/%d8%a5%d8%b3%d8%a8%d8%a7%d9%86%d9%8a%d8%a7-4,16,0.9408
https://www.aljazeera.net/news/2026/5/1/%d9%85%d8%b9%d8%aa%d8%a8%d8%b1%d8%a9-%d8%a3%d9%86-%d9%88%d9%82%d8%aa-%d8%a7%d9%84%d8%aa%d8%b1%d8%af%d8%af-%d8%a7%d9%86%d8%aa%d9%87%d9%89-%d9%88%d8%a7%d8%b4%d9%86%d8%b7%d9%86,8,1.0
https://www.aljazeera.net/news/2026/5/1/%d9%87%d9%84-%d8%b6%d9%84%d9%84-%d8%a7%d9%84%d8%a8%d9%86%d8%aa%d8%a7%d8%ba%d9%88%d9%86-%d8%a7%d9%84%d9%83%d9%88%d9%86%d8%ba%d8%b1%d8%b3-%d8%a8%d8%b4%d8%a3%d9%86-%d9%83%d9%84%d9%81%d8%a9,0,0.966
https://www.aljazeera.net/news/2026/5/1/%d9%85%d9%84%d9%83-%d8%a7%d9%84%d8%a8%d8%ad%d8%b1%d9%8a%d9%86-%d9%84%d8%a7-%d9%85%d9%83%d8%a7%d9%86-%d8%a8%d9%8a%d9%86%d9%86%d8%a7-%d9%84%d9%85%d9%86-%d8%a8%d8%a7%d8%b9-%d8%b6%d9%85%d9%8a%d8%b1%d9%87,4,0.5456
https://www.aljazeera.net/news/2026/5/1/%d8%a5%d8%af%d8%a7%d9%86%d8%a9-%d8%af%d9%88%d9%84%d9%8a%d8%a9-%d9%88%d8%a7%d8%b3%d8%b9%d8%a9-%d9%84%d9%84%d9%87%d8%ac%d9%88%d9%85-%d8%a7%d9%84%d8%a5%d8%b3%d8%b1%d8%a7%d8%a6%d9%8a%d9%84%d9%8a,-1,0.0
https://www.aljazeera.net/news/2026/5/1/%d8%a7%d8%b9%d8%aa%d8%af%d8%a7%d8%a1-%d9%88%d8%ad%d8%b4%d9%8a-%d9%84%d9%85%d8%b3%d8%aa%d9%88%d8%b7%d9%86-%d8%b9%d9%84%d9%89-%d8%b1%d8%a7%d9%87%d8%a8%d8%a9-%d9%81%d8%b1%d9%86%d8%b3%d9%8a%d8%a9,16,1.0
https://www.aljazeera.net/news/2026/5/1/%d8%a7%d9%84%d8%b5%d8%ad%d9%81%d9%8a-%d8%b9%d9%84%d9%8a-%d8%a7%d9%84%d8%b3%d9%85%d9%88%d8%af%d9%8a-%d8%b9%d8%a7%d9%85-%d8%a8%d8%b3%d8%ac%d9%86-%d8%a5%d8%b3%d8%b1%d8%a7%d8%a6%d9%8a%d9%84%d9%8a,14,0.525
https://www.aljazeera.net/news/2026/5/1/%d8%a7%d9%84%d9%85%d8%b3%d9%8a%d8%b1%d8%a7%d8%aa-%d8%a7%d9%84%d8%b3%d9%84%d9%83%d9%8a%d8%a9-%d9%83%d9%8a%d9%81-%d8%a3%d8%b3%d9%82%d8%b7%d8%aa-%d8%a3%d9%84%d9%8a%d8%a7%d9%81,-1,0.0
https://www.aljazeera.net/news/2026/5/1/%d8%a7%d9%84%d9%85%d8%ad%d9%83%d9%85%d8%a9-%d8%a7%d9%84%d8%ac%d8%b2%d8%a7%d8%a6%d9%8a%d8%a9-%d9%81%d9%8a-%d8%aa%d8%b9%d8%b2-%d8%aa%d8%a8%d8%af%d8%a3-%d8%a3%d9%88%d9%84-%d8%ac%d9%84%d8%b3%d8%a7%d8%aa,-1,0.0
https://www.aljazeera.net/news/2026/5/1/30-%d8%b1%d8%ad%d9%84%d8%a9-%d8%b4%d8%ad%d9%86-%d8%b9%d8%b3%d9%83%d8%b1%d9%8a-%d8%a3%d9%85%d8%b1%d9%8a%d9%83%d9%8a%d8%a9-%d9%85%d9%86-%d8%a3%d9%84%d9%85%d8%a7%d9%86%d9%8a%d8%a7-%d8%a5%d9%84%d9%89,-1,0.0
https://www.aljazeera.net/news/2026/5/1/%d8%aa%d8%b1%d9%85%d8%a8-%d9%8a%d8%b3%d8%aa%d8%a3%d9%86%d9%81-%d9%87%d8%ac%d9%85%d8%a7%d8%aa%d9%87-%d8%b9%d9%84%d9%89-%d9%85%d9%8a%d8%b1%d8%aa%d8%b3-%d9%83%d9%81-%d8%b9%d9%86,0,1.0
https://www.aljazeera.net/news/2026/5/1/%d8%a3%d8%b3%d8%b7%d9%88%d9%84-%d8%a7%d9%84%d8%b5%d9%85%d9%88%d8%af-4,-1,0.0
https://www.aljazeera.net/news/2026/5/1/%d8%a5%d8%b3%d8%b1%d8%a7%d8%a6%d9%8a%d9%84-%d8%aa%d8%b9%d9%8a%d8%af-%d8%aa%d8%b4%d9%83%d9%8a%d9%84-%d8%a7%d9%84%d8%ac%d9%86%d9%88%d8%a8-%d8%a7%d9%84%d9%84%d8%a8%d9%86%d8%a7%d9%86%d9%8a,2,0.531
https://www.aljazeera.net/news/2026/5/1/%d8%aa%d8%b5%d8%b9%d9%8a%d8%af-%d8%af%d8%a7%d9%85-%d9%81%d9%8a-%d8%ac%d9%86%d9%88%d8%a8-%d9%84%d8%a8%d9%86%d8%a7%d9%86-%d9%8a%d9%87%d8%af%d8%af-%d8%a7%d9%84%d9%87%d8%af%d9%86%d8%a9,2,1.0
https://www.aljazeera.net/news/2026/5/1/%d8%a5%d8%b3%d8%b1%d8%a7%d8%a6%d9%8a%d9%84%d9%8a%d9%88%d9%86-%d9%8a%d8%b9%d8%aa%d8%b0%d8%b1%d9%88%d9%86-%d9%81%d9%8a%d8%af%d9%8a%d9%88-%d8%b1%d9%83%d9%84-%d8%b1%d8%a7%d9%87%d8%a8%d8%a9,16,1.0
https://www.aljazeera.net/news/2026/5/1/%d8%a7%d9%84%d8%b9%d8%af%d9%84-%d8%a7%d9%84%d8%a3%d9%85%d9%8a%d8%b1%d9%83%d9%8a%d8%a9-%d8%aa%d9%86%d8%b4%d8%b1-%d9%84%d9%82%d8%b7%d8%a7%d8%aa-%d9%84%d9%84%d9%85%d8%aa%d9%87%d9%85,-1,0.0
https://www.aljazeera.net/news/2026/5/1/%d9%85%d8%a7%d9%84%d9%8a-%d8%af%d8%b9%d9%88%d8%a9-%d9%84%d8%aa%d8%b4%d9%83%d9%8a%d9%84-%d8%ac%d8%a8%d9%87%d8%a9-%d9%85%d9%88%d8%ad%d8%af%d8%a9-%d8%b6%d8%af-%d8%ad%d9%83%d9%85,5,0.8121
https://www.aljazeera.net/news/2026/5/1/%d8%a8%d8%b9%d8%af-%d8%a7%d9%86%d9%82%d8%b6%d8%a7%d8%a1-%d9%85%d9%87%d9%84%d8%a9-%d8%a7%d9%84%d9%83%d9%88%d9%86%d8%ba%d8%b1%d8%b3-%d9%87%d9%84-%d9%8a%d9%88%d8%a7%d8%b5%d9%84-%d8%aa%d8%b1%d9%85%d8%a8,0,1.0
https://www.aljazeera.net/news/2026/5/1/%d8%a8%d9%8a%d9%86-%d9%84%d8%ba%d8%a9-%d8%a7%d9%84%d8%aa%d9%81%d8%a7%d9%88%d8%b6-%d9%88%d8%ae%d9%8a%d8%a7%d8%b1%d8%a7%d8%aa-%d8%a7%d9%84%d8%b3%d9%84%d8%a7%d8%ad-%d9%87%d9%84-%d8%a3%d9%86%d9%87%d8%aa,0,1.0
https://www.aljazeera.net/news/2026/5/1/%d8%a3%d9%85%d8%b1%d9%8a%d9%83%d8%a7-%d8%a5%d8%b9%d8%af%d8%a7%d9%85-%d8%b3%d8%ac%d9%8a%d9%86-%d9%82%d8%b6%d9%89-%d9%86%d8%b5%d9%81-%d9%82%d8%b1%d9%86-%d8%a8%d8%a7%d9%86%d8%aa%d8%b8%d8%a7%d8%b1,11,1.0
https://www.aljazeera.net/news/2026/5/1/%d9%83%d9%8a%d9%81-%d8%aa%d8%b3%d8%aa%d8%b9%d8%af-%d8%a5%d9%8a%d8%b1%d8%a7%d9%86-%d9%84%d8%a7%d8%ad%d8%aa%d9%85%d8%a7%d9%84-%d8%aa%d9%88%d8%ac%d9%8a%d9%87-%d8%a3%d9%85%d8%b1%d9%8a%d9%83%d8%a7,0,0.9786
https://www.aljazeera.net/news/2026/5/1/%d8%a3%d9%88%d9%83%d8%b1%d8%a7%d9%86%d9%8a%d8%a7-%d8%aa%d8%b3%d8%aa%d8%ae%d8%af%d9%85-%d9%84%d8%b9%d8%a8%d8%a9-%d9%81%d9%8a%d8%af%d9%8a%d9%88-%d9%83%d9%85%d9%86%d8%b5%d8%a9,12,0.5472
https://www.aljazeera.net/news/liveblog/2026/4/30/%d9%85%d8%a8%d8%a7%d8%b4%d8%b1-%d8%a5%d8%b3%d8%b1%d8%a7%d8%a6%d9%8a%d9%84-%d8%aa%d8%a8%d8%af%d8%a3-%d8%a7%d9%84%d8%b3%d9%8a%d8%b7%d8%b1%d8%a9-%d8%b9%d9%84%d9%89-%d8%b3%d9%81%d9%86,-1,0.0
https://www.aljazeera.net/news/2026/4/30/%d8%aa%d8%ad%d8%b0%d9%8a%d8%b1%d8%a7%d8%aa-%d9%85%d9%86-%d8%a3%d9%82%d8%b3%d9%89-%d8%a7%d9%84%d8%b4%d9%87%d9%88%d8%b1-%d8%b9%d9%84%d9%89-%d8%a7%d9%84%d8%a3%d9%82%d8%b5%d9%89-%d9%81%d9%8a,17,1.0
https://www.aljazeera.net/news/2026/4/30/%d8%aa%d8%b3%d9%86%d9%8a%d9%85-%d8%a7%d9%84%d8%a5%d9%81%d8%b1%d8%a7%d8%ac-%d8%b9%d9%86-6-%d9%85%d9%86-%d8%b7%d8%a7%d9%82%d9%85-%d8%b3%d9%81%d9%8a%d9%86%d8%a9,0,1.0
https://www.aljazeera.net/news/2026/4/30/%d9%85%d8%a7-%d8%a7%d9%84%d8%b0%d9%8a-%d9%86%d8%b9%d8%b1%d9%81%d9%87-%d8%b9%d9%86-%d8%a7%d8%b3%d8%b7%d9%88%d9%84-%d8%a7%d9%84%d8%b5%d9%85%d9%88%d8%af-%d8%a7%d9%84%d8%b0%d9%8a,-1,0.0
https://www.aljazeera.net/news/2026/4/30/%d8%a8%d9%88%d8%aa%d9%8a%d9%86-%d9%8a%d8%af%d8%ae%d9%84-%d8%b9%d9%84%d9%89-%d8%ae%d8%b7-%d8%ad%d9%84-%d8%a3%d8%b2%d9%85%d8%a9-%d8%a5%d9%8a%d8%b1%d8%a7%d9%86-%d9%88%d9%8a%d9%82%d8%aa%d8%b1%d8%ad,-1,0.0
https://www.aljazeera.net/news/2026/4/30/%d9%85%d9%82%d8%aa%d9%84-%d9%81%d9%84%d8%b3%d8%b7%d9%8a%d9%86%d9%8a-%d8%a8%d8%b1%d8%b5%d8%a7%d8%b5-%d8%a7%d9%84%d8%a7%d8%ad%d8%aa%d9%84%d8%a7%d9%84,15,1.0
https://www.aljazeera.net/news/2026/4/30/%d8%aa%d8%b1%d9%85%d8%a8-%d9%8a%d9%84%d9%88%d8%ad-%d8%a8%d8%aa%d9%82%d9%84%d9%8a%d8%b5-%d8%a7%d9%84%d9%82%d9%88%d8%a7%d8%aa-%d8%a7%d9%84%d8%a3%d9%85%d8%b1%d9%8a%d9%83%d9%8a%d8%a9-%d9%81%d9%8a,0,1.0
https://www.aljazeera.net/news/2026/4/30/%d8%a5%d8%af%d8%a7%d8%b1%d8%a9-%d8%aa%d8%b1%d9%85%d8%a8-%d8%aa%d8%b3%d8%b9%d9%89-%d9%84%d8%a8%d9%86%d8%a7%d8%a1-%d8%aa%d8%ad%d8%a7%d9%84%d9%81-%d8%af%d9%88%d9%84%d9%8a-%d9%84%d9%81%d8%aa%d8%ad,0,1.0
https://www.aljazeera.net/news/2026/4/30/%d8%a3%d9%83%d8%a8%d8%b1-%d8%ad%d8%a7%d9%85%d9%84%d8%a9-%d8%b7%d8%a7%d8%a6%d8%b1%d8%a7%d8%aa-%d8%a3%d9%85%d8%b1%d9%8a%d9%83%d9%8a%d8%a9-%d8%aa%d8%b3%d8%aa%d8%b9%d8%af,-1,0.0
https://www.aljazeera.net/news/2026/4/30/%d8%ae%d8%b1%d8%a7%d8%a6%d8%b7-%d8%a5%d8%b3%d8%b1%d8%a7%d8%a6%d9%8a%d9%84%d9%8a%d8%a9-%d8%ad%d8%af%d9%8a%d8%ab%d8%a9-%d8%aa%d9%83%d8%b4%d9%81-%d8%aa%d9%88%d8%b3%d9%8a%d8%b9-%d9%86%d8%b7%d8%a7%d9%82,-1,0.0
https://www.aljazeera.net/news/2026/4/30/%d9%81%d9%8a-%d8%a5%d9%81%d8%a7%d8%af%d8%aa%d9%87-%d8%a7%d9%84%d8%a3%d9%88%d9%84%d9%89-%d9%81%d9%8a-%d8%a7%d9%84%d9%83%d9%88%d9%86%d8%ba%d8%b1%d8%b3-%d8%a7%d8%aa%d9%87%d8%a7%d9%85%d8%a7%d8%aa,0,0.966
https://www.aljazeera.net/news/2026/4/30/%d9%88%d8%ab%d9%8a%d9%82%d8%a9-%d8%a3%d9%85%d8%b1%d9%8a%d9%83%d9%8a%d8%a9-%d9%85%d8%b3%d8%b1%d8%a8%d8%a9-%d8%aa%d9%82%d8%aa%d8%b1%d8%ad-%d8%a5%d9%86%d8%b4%d8%a7%d8%a1-%d8%aa%d8%ad%d8%a7%d9%84%d9%81,0,1.0
https://www.aljazeera.net/news/2026/4/30/%d8%a7%d9%84%d9%82%d8%b6%d8%a7%d8%a1-%d8%a7%d9%84%d9%86%d9%8a%d9%88%d8%b2%d9%8a%d9%84%d9%86%d8%af%d9%8a-%d9%8a%d8%ab%d8%a8%d8%aa-%d8%a5%d8%af%d8%a7%d9%86%d8%a9-%d8%b3%d9%81%d8%a7%d8%ad,11,0.7012
https://www.aljazeera.net/news/2026/4/30/%d8%b9%d8%b2%d9%84-%d8%ac%d9%86%d9%88%d8%a8-%d8%a7%d9%84%d9%84%d9%8a%d8%b7%d8%a7%d9%86%d9%8a-%d8%b5%d9%88%d8%b1-%d9%81%d8%b6%d8%a7%d8%a6%d9%8a%d8%a9-%d8%aa%d9%83%d8%b4%d9%81,-1,0.0
https://www.aljazeera.net/news/2026/4/30/%d8%a5%d8%af%d8%a7%d9%86%d8%a9-%d8%a3%d9%81%d8%ba%d8%a7%d9%86%d9%8a-%d9%81%d9%8a-%d9%81%d8%b1%d8%ac%d9%8a%d9%86%d9%8a%d8%a7-%d8%a8%d8%aa%d8%b3%d9%87%d9%8a%d9%84-%d8%aa%d9%81%d8%ac%d9%8a%d8%b1,-1,0.0
https://www.aljazeera.net/news/2026/4/30/%d9%81%d8%ac%d8%b1%d9%88%d8%a7-%d8%a3%d9%86%d9%81%d8%b3%d9%83%d9%85-%d9%88%d8%b5%d9%8a%d8%a9-%d8%b2%d8%b9%d9%8a%d9%85-%d9%83%d9%88%d8%b1%d9%8a%d8%a7,-1,0.0
https://www.aljazeera.net/news/2026/4/30/%d8%a8%d8%b9%d8%af-8-%d8%a3%d9%8a%d8%a7%d9%85-%d9%81%d9%8a-%d8%b9%d8%b1%d8%b6-%d8%a7%d9%84%d8%a8%d8%ad%d8%b1-%d8%a5%d9%86%d9%82%d8%a7%d8%b0-7-%d9%85%d9%87%d8%a7%d8%ac%d8%b1%d9%8a%d9%86,10,0.4269
https://www.aljazeera.net/news/2026/4/30/%d9%81%d9%8a-%d8%b4%d9%87%d8%a7%d8%af%d8%a9-%d8%ba%d9%8a%d8%b1-%d9%85%d8%b3%d8%a8%d9%88%d9%82%d8%a9-%d8%a7%d9%84%d8%b7%d9%8a%d8%a7%d8%b1-%d8%a7%d9%84%d9%85%d9%86%d9%81%d8%b0-%d9%8a%d9%83%d8%b4%d9%81,6,1.0
https://www.aljazeera.net/news/2026/4/30/%d9%84%d8%aa%d8%ba%d8%b7%d9%8a%d8%aa%d9%87%d8%a7-%d9%81%d8%b8%d8%a7%d8%a6%d8%b9-%d8%ba%d8%b2%d8%a9-%d8%a7%d9%84%d8%ac%d8%b2%d9%8a%d8%b1%d8%a9,-1,0.0
https://www.aljazeera.net/news/2026/4/30/%d8%a5%d9%84%d9%8a%d9%83-%d8%a3%d8%a8%d8%b1%d8%b2-5-%d9%85%d9%88%d8%a7%d9%82%d9%81-%d9%81%d9%8a-%d8%a7%d9%84%d8%b4%d9%87%d8%a7%d8%af%d8%a9-%d8%a7%d9%84%d8%a3%d9%88%d9%84%d9%89,0,0.966
https://www.aljazeera.net/news/2026/4/30/%d9%85%d9%84%d8%a7%d9%8a%d9%8a%d9%86-%d8%a7%d9%84%d8%b6%d8%ad%d8%a7%d9%8a%d8%a7-%d9%88%d8%aa%d8%b1%d9%8a%d9%84%d9%8a%d9%88%d9%86%d8%a7%d8%aa-%d8%a7%d9%84%d8%af%d9%88%d9%84%d8%a7%d8%b1%d8%a7%d8%aa,1,0.3349
https://www.aljazeera.net/news/2026/4/30/%d8%ba%d8%a7%d8%b1%d8%a7%d8%aa-%d9%85%d9%83%d8%ab%d9%81%d8%a9-%d8%a8%d8%ac%d9%86%d9%88%d8%a8-%d9%84%d8%a8%d9%86%d8%a7%d9%86-%d9%88%d8%ad%d8%b1%d8%a7%d8%a6%d9%82,2,0.7681
https://www.aljazeera.net/news/2026/4/30/%d8%a8%d8%b2%d8%b4%d9%83%d9%8a%d8%a7%d9%86-%d8%a7%d9%84%d8%ad%d8%b5%d8%a7%d8%b1-%d8%a7%d9%84%d8%a8%d8%ad%d8%b1%d9%8a-%d8%b9%d9%84%d9%89-%d8%a5%d9%8a%d8%b1%d8%a7%d9%86-%d9%85%d8%ad%d9%83%d9%88%d9%85,0,0.9096
https://www.aljazeera.net/news/2026/4/30/%d8%a3%d8%b2%d9%85%d8%a9-%d8%a5%d9%85%d8%af%d8%a7%d8%af%d8%a7%d8%aa-%d8%a7%d9%84%d8%a3%d9%83%d8%b3%d8%ac%d9%8a%d9%86-%d8%aa%d9%87%d8%af%d8%af-%d8%ad%d9%8a%d8%a7%d8%a9,3,1.0
https://www.aljazeera.net/news/2026/4/30/%d9%85%d8%b1%d8%a7%d8%b3%d9%84%d9%88%d9%86-%d8%a8%d9%84%d8%a7-%d8%ad%d8%af%d9%88%d8%af-%d8%ad%d8%b1%d9%8a%d8%a9-%d8%a7%d9%84%d8%b5%d8%ad%d8%a7%d9%81%d8%a9-%d9%81%d9%8a,-1,0.0
https://www.aljazeera.net/news/2026/4/30/%d9%85%d8%b3%d8%a7%d9%84%d8%ae-%d9%88%d9%85%d8%b3%d8%aa%d8%b4%d9%81%d9%8a%d8%a7%d8%aa-%d8%aa%d8%aa%d8%ad%d9%88%d9%84-%d8%a5%d9%84%d9%89-%d9%85%d9%84%d8%a7%d8%b0%d8%a7%d8%aa,-1,0.0
https://www.aljazeera.net/news/2026/4/30/%d8%a8%d8%a7%d9%83%d8%b3%d8%aa%d8%a7%d9%86-%d9%85%d8%b3%d8%aa%d9%85%d8%b1%d9%88%d9%86-%d9%81%d9%8a-%d8%a7%d9%84%d8%b3%d8%b9%d9%8a-%d8%a5%d9%84%d9%89-%d8%b3%d9%84%d8%a7%d9%85-%d8%af%d8%a7%d8%a6%d9%85,0,1.0
https://www.aljazeera.net/news/2026/4/30/%d9%83%d9%8a%d9%86%d9%8a%d8%a7-%d8%aa%d8%b7%d9%88%d9%8a-%d8%b5%d9%81%d8%ad%d8%a9-%d9%87%d8%a7%d9%8a%d8%aa%d9%8a-%d9%87%d9%84-%d8%aa%d9%83%d8%b4%d9%81-%d8%a7%d9%84%d8%aa%d8%ac%d8%b1%d8%a8%d8%a9,5,0.8894
https://www.aljazeera.net/news/2026/4/30/%d9%88%d8%ab%d8%a7%d8%a6%d9%82-%d8%aa%d9%83%d8%b4%d9%81-%d8%aa%d9%81%d8%a7%d8%b5%d9%8a%d9%84-%d8%ac%d8%af%d9%8a%d8%af%d8%a9-%d8%b9%d9%86-%d9%87%d8%ac%d9%88%d9%85-%d8%b9%d8%b4%d8%a7%d8%a1,-1,0.0
https://www.aljazeera.net/news/2026/4/30/%d8%aa%d8%ac%d9%81%d9%8a%d9%81-%d8%a7%d9%84%d9%85%d9%86%d8%a7%d8%a8%d8%b9-%d9%88%d8%a7%d8%b9%d8%aa%d8%b1%d8%a7%d8%b6-%d8%a7%d9%84%d8%b3%d9%81%d9%86-%d8%a7%d9%84%d8%ad%d8%b1%d8%a8,-1,0.0
https://www.aljazeera.net/news/2026/4/30/%d8%a5%d8%af%d8%a7%d9%86%d8%a7%d8%aa-%d8%af%d9%88%d9%84%d9%8a%d8%a9-%d9%84%d8%a7%d8%b3%d8%aa%d9%8a%d9%84%d8%a7%d8%a1-%d8%a5%d8%b3%d8%b1%d8%a7%d8%a6%d9%8a%d9%84-%d8%b9%d9%84%d9%89,-1,0.0
https://www.aljazeera.net/news/2026/4/30/%d8%ad%d8%b1%d9%83%d8%a9-%d8%a7%d9%84%d9%86%d9%87%d8%b6%d8%a9-%d8%aa%d8%b9%d9%84%d9%86-%d8%aa%d8%af%d9%87%d9%88%d8%b1-%d8%b5%d8%ad%d8%a9-%d8%a7%d9%84%d8%ba%d9%86%d9%88%d8%b4%d9%8a-%d9%81%d9%8a,-1,0.0
https://www.aljazeera.net/news/2026/4/30/%d9%84%d9%85%d8%a7%d8%b0%d8%a7-%d9%8a%d8%b1%d9%83%d8%b2-%d8%ad%d8%b2%d8%a8-%d8%a7%d9%84%d9%84%d9%87-%d8%b6%d8%b1%d8%a8%d8%a7%d8%aa%d9%87-%d8%b9%d9%84%d9%89-%d8%b4%d9%88%d9%85%d9%8a%d8%b1%d8%a7,2,0.7239
https://www.aljazeera.net/news/2026/4/30/%d8%b6%d8%b1%d8%a8-%d8%b4%d8%b1%d8%a7%d9%8a%d9%8a%d9%86-%d8%a7%d9%84%d8%b7%d8%a7%d9%82%d8%a9-%d8%b5%d9%88%d8%b1-%d9%81%d8%b6%d8%a7%d8%a6%d9%8a%d8%a9-%d8%aa%d9%88%d8%ab%d9%82,12,0.9933
https://www.aljazeera.net/news/2026/4/30/%d9%87%d8%a2%d8%b1%d8%aa%d8%b3-%d9%85%d8%b3%d8%aa%d8%b4%d8%a7%d8%b1%d8%a9-%d9%86%d8%aa%d9%86%d9%8a%d8%a7%d9%87%d9%88-%d8%b7%d8%b1%d9%82%d8%aa-%d8%a3%d8%a8%d9%88%d8%a7%d8%a8,-1,0.0
https://www.aljazeera.net/news/2026/4/30/%d9%85%d9%82%d8%a7%d8%b7%d8%b9-%d9%85%d8%b3%d8%b1%d8%a8%d8%a9-%d9%85%d9%86-%d9%85%d8%b3%d8%aa%d8%b4%d9%81%d9%89-%d8%aa%d8%b4%d8%b1%d9%8a%d9%86-%d8%a7%d9%84%d8%b9%d8%b3%d9%83%d8%b1%d9%8a,6,0.8305
https://www.aljazeera.net/news/2026/4/30/%d8%b3%d9%84%d9%83-%d8%a8%d8%b3%d9%8a%d8%b7-%d9%8a%d9%82%d8%b7%d8%b9-%d9%81%d8%ae%d8%b1-%d8%a7%d9%84%d8%b5%d9%86%d8%a7%d8%b9%d8%a9-%d9%87%d9%84-%d8%a7%d9%86%d8%aa%d9%87%d8%aa,-1,0.0
https://www.aljazeera.net/news/2026/4/30/%d8%b1%d9%88%d8%b3%d9%8a%d8%a7-%d8%aa%d8%b1%d9%81%d8%b6-%d9%85%d8%b7%d8%a7%d9%84%d8%a8%d8%a9-%d8%a7%d9%84%d9%85%d8%b3%d9%84%d8%ad%d9%8a%d9%86-%d8%a8%d8%a7%d9%86%d8%b3%d8%ad%d8%a7%d8%a8%d9%87%d8%a7,5,0.8462
https://www.aljazeera.net/news/2026/4/30/%d8%b4%d9%87%d9%8a%d8%af-%d9%88%d8%a5%d8%b5%d8%a7%d8%a8%d8%a7%d8%aa-%d8%ac%d8%af%d9%8a%d8%af%d8%a9-%d9%81%d9%8a-%d8%ba%d8%b2%d8%a9-%d9%88%d8%aa%d8%ad%d8%b0%d9%8a%d8%b1%d8%a7%d8%aa-%d9%85%d9%86,3,1.0
https://www.aljazeera.net/news/2026/4/30/%d9%83%d9%8a%d9%81-%d8%a7%d8%ae%d8%aa%d8%b1%d9%82-%d8%b6%d8%a7%d8%a8%d8%b7-%d8%a5%d8%b3%d8%b1%d8%a7%d8%a6%d9%8a%d9%84%d9%8a-%d9%85%d9%86%d8%b8%d9%88%d9%85%d8%a9,-1,0.0
https://www.aljazeera.net/news/2026/4/30/%d8%ae%d8%a7%d9%85%d9%86%d8%a6%d9%8a-%d9%81%d8%b5%d9%84-%d8%ac%d8%af%d9%8a%d8%af-%d9%8a%d8%aa%d8%b4%d9%83%d9%84-%d9%81%d9%8a-%d8%a7%d9%84%d8%ae%d9%84%d9%8a%d8%ac-%d9%88%d9%85%d8%b6%d9%8a%d9%82,7,0.6202
https://www.aljazeera.net/news/2026/4/30/%d8%aa%d8%b9%d8%af%d9%8a%d9%84-%d9%82%d8%a7%d9%86%d9%88%d9%86-%d8%a7%d9%86%d8%aa%d8%ae%d8%a7%d8%a8%d9%8a-%d9%8a%d8%ab%d9%8a%d8%b1-%d8%a7%d8%b3%d8%aa%d9%82%d8%b7%d8%a7%d8%a8%d8%a7,5,1.0
https://www.aljazeera.net/news/2026/4/30/%d8%a3%d9%85%d9%86%d8%b3%d8%aa%d9%8a-%d8%aa%d8%b7%d8%a7%d9%84%d8%a8-%d8%a5%d9%86%d9%81%d8%a7%d9%86%d8%aa%d9%8a%d9%86%d9%88-%d8%a8%d9%83%d8%a8%d8%ad-%d8%b3%d9%8a%d8%a7%d8%b3%d8%a7%d8%aa,11,0.6921
https://www.aljazeera.net/news/2026/4/30/%d8%a8%d8%b1%d9%86%d8%a7%d9%85%d8%ac-%d8%a7%d9%84%d8%a3%d8%ba%d8%b0%d9%8a%d8%a9-%d8%a7%d9%84%d8%b9%d8%a7%d9%84%d9%85%d9%8a-%d9%84%d8%a8%d9%86%d8%a7%d9%86-%d9%8a%d8%b4%d9%87%d8%af-%d8%a3%d8%ad%d8%af,-1,0.0
https://www.aljazeera.net/news/2026/4/30/%d8%a7%d9%84%d9%82%d8%b5%d8%a9-%d8%a7%d9%84%d9%83%d8%a7%d9%85%d9%84%d8%a9-%d9%84%d9%84%d9%87%d8%ac%d9%88%d9%85-%d9%83%d9%8a%d9%81-%d8%a7%d8%b9%d8%aa%d8%b1%d8%b6%d8%aa,-1,0.0
https://www.aljazeera.net/news/2026/4/30/%d9%84%d9%85%d8%a7%d8%b0%d8%a7-%d9%82%d8%b1%d8%b1%d8%aa-%d8%a3%d9%85%d8%b1%d9%8a%d9%83%d8%a7-%d8%a7%d8%b3%d8%aa%d8%ae%d8%af%d8%a7%d9%85-%d8%b5%d8%a7%d8%b1%d9%88%d8%ae-%d8%af%d8%a7%d8%b1%d9%83,0,1.0
https://www.aljazeera.net/news/2026/4/30/%d9%85%d9%83%d8%a7%d8%b3%d8%a8-%d9%85%d8%aa%d9%88%d9%82%d8%b9%d8%a9-%d9%84%d8%ad%d8%b2%d8%a8-%d9%85%d9%88%d8%af%d9%8a-%d9%81%d9%8a-%d8%a7%d9%86%d8%aa%d8%ae%d8%a7%d8%a8%d8%a7%d8%aa,-1,0.0
https://www.aljazeera.net/news/2026/4/30/%d9%81%d8%a7%d8%ac%d8%b9%d8%a9-%d9%82%d8%a8%d8%a7%d9%84%d8%a9-%d8%a7%d9%84%d8%b3%d9%88%d8%a7%d8%ad%d9%84-%d8%a7%d9%84%d9%84%d9%8a%d8%a8%d9%8a%d8%a9-%d8%ba%d8%b1%d9%82-%d9%85%d8%b1%d9%83%d8%a8,10,0.4302
https://www.aljazeera.net/news/2026/4/30/%d9%87%d9%8a%d8%a6%d8%a7%d8%aa-%d8%b5%d8%ad%d9%81%d9%8a%d8%a9-%d8%b9%d8%a7%d9%84%d9%85%d9%8a%d8%a9-%d9%84%d9%80%d8%a5%d8%b3%d8%b1%d8%a7%d8%a6%d9%8a%d9%84-%d8%a7%d8%b1%d9%81%d8%b9%d9%88%d8%a7,3,1.0
https://www.aljazeera.net/news/2026/4/30/3795,0,0.8783
https://www.aljazeera.net/news/2026/4/30/%d8%a7%d9%84%d8%ac%d8%b2%d9%8a%d8%b1%d8%a9-%d8%aa%d8%ad%d9%85%d9%84-%d8%a5%d8%b3%d8%b1%d8%a7%d8%a6%d9%8a%d9%84-%d8%a7%d9%84%d9%85%d8%b3%d8%a4%d9%88%d9%84%d9%8a%d8%a9-%d8%b9%d9%86,-1,0.0
https://www.aljazeera.net/news/2026/4/30/%d9%85%d8%ae%d9%8a%d9%85%d8%a7%d8%aa-%d8%ba%d8%b2%d8%a9-%d8%a7%d9%84%d9%82%d9%88%d8%a7%d8%b1%d8%b6-%d8%aa%d8%ba%d8%aa%d8%a7%d9%84-%d8%b1%d8%a7%d8%ad%d8%a9-%d8%a7%d9%84%d9%86%d9%8a%d8%a7%d9%85,3,1.0
https://www.aljazeera.net/news/2026/4/30/5-%d8%b3%d9%81%d9%86-%d8%aa%d8%b9%d8%a8%d8%b1-%d9%87%d8%b1%d9%85%d8%b2-%d8%a8%d8%b9%d8%af-%d8%a5%d8%b9%d9%84%d8%a7%d9%86-%d8%a5%d8%ba%d9%84%d8%a7%d9%82%d9%87-%d9%85%d9%86-%d8%ac%d9%87%d8%a9,0,1.0
https://www.aljazeera.net/news/2026/4/30/%d8%a8%d8%b1%d9%8a%d8%b7%d8%a7%d9%86%d9%8a%d8%a7-%d8%aa%d8%b1%d9%81%d8%b9-%d9%85%d8%b3%d8%aa%d9%88%d9%89-%d8%a7%d9%84%d8%aa%d9%87%d8%af%d9%8a%d8%af-%d8%a5%d9%84%d9%89-%d8%ae%d8%b7%d9%8a%d8%b1,16,1.0
https://www.aljazeera.net/news/2026/4/30/%d8%b9%d8%a7%d8%ac%d9%84-%d8%a5%d9%8a%d9%87-%d8%a8%d9%8a-%d8%b3%d9%8a-%d8%b9%d9%86-%d9%85%d8%b3%d8%a4%d9%88%d9%84-%d8%a5%d8%af%d8%a7%d8%b1%d8%a9-%d8%aa%d8%b1%d9%85%d8%a8,0,1.0
https://www.aljazeera.net/news/2026/4/30/%d8%b1%d8%ba%d9%85-%d8%a7%d9%84%d9%82%d8%b1%d8%b5%d9%86%d8%a9-%d8%a7%d9%84%d8%a5%d8%b3%d8%b1%d8%a7%d8%a6%d9%8a%d9%84%d9%8a%d8%a9-%d8%a3%d8%b3%d8%b7%d9%88%d9%84-%d8%a7%d9%84%d8%b5%d9%85%d9%88%d8%af,-1,0.0
https://www.aljazeera.net/news/2026/4/30/%d9%87%d9%84-%d8%a7%d9%82%d8%aa%d8%b1%d8%a8-%d8%b3%d9%82%d9%88%d8%b7-%d8%a8%d8%a7%d9%85%d8%a7%d9%83%d9%88-%d9%83%d9%8a%d9%81-%d8%aa%d8%ae%d9%86%d9%82,5,0.8029
https://www.aljazeera.net/news/2026/4/30/%d8%aa%d8%b1%d9%85%d8%a8-%d9%8a%d9%87%d9%86%d8%a6-%d8%a7%d9%84%d8%b2%d9%8a%d8%af%d9%8a-%d8%a8%d8%aa%d9%83%d9%84%d9%8a%d9%81%d9%87-%d8%aa%d8%b4%d9%83%d9%8a%d9%84,-1,0.0
https://www.aljazeera.net/news/2026/4/30/%d8%b3%d8%ac%d8%a7%d9%84-%d9%86%d8%a7%d8%af%d8%b1-%d8%aa%d8%b1%d9%85%d8%a8-%d8%a7%d9%84%d8%ba%d8%a7%d8%b6%d8%a8-%d9%85%d9%86-%d9%85%d9%8a%d8%b1%d8%aa%d8%b3-%d9%8a%d9%84%d9%88%d8%ad,0,1.0
https://www.aljazeera.net/news/liveblog/2026/4/29/%d8%ad%d8%b1%d8%a8-%d8%a5%d9%8a%d8%b1%d8%a7%d9%86-%d9%85%d8%a8%d8%a7%d8%b4%d8%b1-%d8%a7%d9%84%d9%85%d8%ae%d8%a7%d8%a8%d8%b1%d8%a7%d8%aa-%d8%a7%d9%84%d8%a3%d9%85%d8%b1%d9%8a%d9%83%d9%8a%d8%a9,-1,0.0
https://www.aljazeera.net/news/2026/4/29/%d8%aa%d8%b4%d8%a7%d8%b1%d9%84%d8%b2-%d8%a3%d9%85%d8%a7%d9%85-%d8%a7%d9%84%d9%83%d9%88%d9%86%d8%ba%d8%b1%d8%b3-%d8%a7%d9%84%d8%af%d9%81%d8%a7%d8%b9-%d8%b9%d9%86,-1,0.0
https://www.aljazeera.net/news/2026/4/29/%d8%aa%d8%b7%d9%88%d8%b1%d8%a7%d8%aa-%d8%a7%d9%84%d9%88%d8%b6%d8%b9-%d9%81%d9%8a-%d9%84%d8%a8%d9%86%d8%a7%d9%86,2,0.9481
https://www.aljazeera.net/news/2026/4/29/%d8%ba%d9%88%d9%8a%d8%aa%d8%a7-%d9%8a%d8%b8%d9%87%d8%b1-%d8%a3%d8%ae%d9%8a%d8%b1%d8%a7-%d9%88%d9%8a%d8%b5%d8%b1%d8%ad-%d8%a7%d9%84%d9%88%d8%b6%d8%b9-%d9%81%d9%8a-%d9%85%d8%a7%d9%84%d9%8a,5,0.803
https://www.aljazeera.net/news/2026/4/29/%d8%a3%d8%b7%d9%81%d8%a7%d9%84-%d8%b9%d8%a7%d8%a6%d9%84%d8%a9-%d8%a7%d9%84%d8%b4%d9%8a%d8%ae-%d9%86%d8%ac%d9%88%d8%a7-%d9%85%d9%86-%d8%a7%d9%84%d8%a5%d8%a8%d8%a7%d8%af%d8%a9-%d9%81%d9%8a,-1,0.0
https://www.aljazeera.net/news/2026/4/29/%d8%a7%d9%84%d8%a7%d8%b3%d8%aa%d8%ae%d8%a8%d8%a7%d8%b1%d8%a7%d8%aa-%d8%a7%d9%84%d8%a3%d9%85%d8%b1%d9%8a%d9%83%d9%8a%d8%a9-%d8%a8%d8%b5%d8%af%d8%af-%d8%af%d8%b1%d8%a7%d8%b3%d8%a9,0,1.0
https://www.aljazeera.net/news/2026/4/29/%d9%87%d9%84-%d8%aa%d9%86%d9%87%d9%8a-%d8%a3%d9%85%d8%b1%d9%8a%d9%83%d8%a7-%d9%85%d8%b3%d8%a7%d8%b9%d8%af%d8%a7%d8%aa%d9%87%d8%a7-%d8%a7%d9%84%d9%85%d8%a8%d8%a7%d8%b4%d8%b1%d8%a9,0,0.9328
https://www.aljazeera.net/news/2026/4/29/%d8%a3%d9%85%d8%b1%d9%8a%d9%83%d8%a7-%d8%aa%d8%b4%d8%aa%d8%b1%d8%b7-9-%d8%a5%d8%b5%d9%84%d8%a7%d8%ad%d8%a7%d8%aa-%d9%84%d8%af%d9%81%d8%b9-%d9%85%d8%b3%d8%aa%d8%ad%d9%82%d8%a7%d8%aa%d9%87%d8%a7,-1,0.0
https://www.aljazeera.net/news/2026/4/29/%d8%b4%d8%b1%d9%83%d8%a9-%d9%84%d8%a7%d9%81%d8%a7%d8%b1%d8%ac-%d8%a7%d9%84%d9%81%d8%b1%d9%86%d8%b3%d9%8a%d8%a9-%d8%aa%d8%b3%d8%aa%d8%a3%d9%86%d9%81-%d8%a5%d8%af%d8%a7%d9%86%d8%aa%d9%87%d8%a7,6,0.8201
https://www.aljazeera.net/news/2026/4/29/%d8%b9%d9%82%d9%88%d8%a8%d8%a7%d8%aa-%d8%a3%d9%85%d9%85%d9%8a%d8%a9-%d8%b9%d9%84%d9%89-%d8%b4%d9%82%d9%8a%d9%82-%d8%ad%d9%85%d9%8a%d8%af%d8%aa%d9%8a-%d9%85%d8%b9-%d8%aa%d8%b5%d8%a7%d8%b9%d8%af,10,1.0
https://www.aljazeera.net/news/2026/4/29/%d9%81%d9%8a-%d8%a7%d9%84%d8%b0%d9%83%d8%b1%d9%89-%d8%a7%d9%84%d9%80250-%d9%84%d8%a7%d8%b3%d8%aa%d9%82%d9%84%d8%a7%d9%84-%d8%a7%d9%84%d9%88%d9%84%d8%a7%d9%8a%d8%a7%d8%aa,0,0.8866
https://www.aljazeera.net/news/2026/4/29/%d9%85%d8%a7-%d8%a7%d9%84%d8%b0%d9%8a-%d9%8a%d8%b1%d9%8a%d8%af%d9%87-%d8%aa%d8%b1%d9%85%d8%a8-%d9%88%d8%aa%d8%b1%d9%81%d8%b6%d9%87-%d8%a5%d9%8a%d8%b1%d8%a7%d9%86-%d9%81%d9%8a-%d8%a3%d9%8a,0,1.0
https://www.aljazeera.net/news/2026/4/29/%d9%85%d8%b1%d8%a7%d8%ac%d8%b9%d8%a7%d8%aa-%d9%82%d8%b6%d8%a7%d8%a6%d9%8a%d8%a9-%d9%81%d9%8a-%d9%83%d9%88%d9%84%d9%88%d9%85%d8%a8%d9%8a%d8%a7-%d8%aa%d9%83%d8%b4%d9%81-%d8%ad%d9%82%d9%8a%d9%82%d8%a9,-1,0.0
https://www.aljazeera.net/news/2026/4/29/3786,-1,0.0
https://www.aljazeera.net/news/2026/4/29/%d9%87%d8%a2%d8%b1%d8%aa%d8%b3-%d8%b9%d9%86-%d9%82%d8%a7%d8%a6%d8%af-%d8%a5%d8%b3%d8%b1%d8%a7%d8%a6%d9%8a%d9%84%d9%8a-%d9%85%d9%87%d9%85%d8%aa%d9%86%d8%a7-%d8%a7%d9%84%d9%88%d8%ad%d9%8a%d8%af%d8%a9,2,0.6041
https://www.aljazeera.net/news/2026/4/29/%d8%aa%d9%81%d8%a7%d8%b5%d9%8a%d9%84-%d8%b5%d8%b9%d9%88%d8%af-%d9%85%d8%b4%d8%a7%d8%a9-%d8%a7%d9%84%d8%a8%d8%ad%d8%b1%d9%8a%d8%a9-%d8%a7%d9%84%d8%a3%d9%85%d8%b1%d9%8a%d9%83%d9%8a%d8%a9,0,1.0
https://www.aljazeera.net/news/2026/4/29/%d8%aa%d8%b1%d9%85%d8%a8-%d8%a7%d9%84%d9%85%d9%84%d9%83-%d8%aa%d8%b4%d8%a7%d8%b1%d9%84%d8%b2-%d9%8a%d8%b1%d9%81%d8%b6-%d8%a7%d9%85%d8%aa%d9%84%d8%a7%d9%83-%d8%a5%d9%8a%d8%b1%d8%a7%d9%86,0,0.6789
https://www.aljazeera.net/news/2026/4/29/%d8%a3%d8%b7%d9%81%d8%a7%d9%84-%d8%b1%d8%b6%d8%b9-%d9%85%d9%82%d9%8a%d8%af%d9%88%d9%86-%d8%af%d8%a7%d8%ae%d9%84-%d8%ad%d8%b6%d8%a7%d9%86%d8%a9,-1,0.0
https://www.aljazeera.net/news/2026/4/29/%d9%87%d9%8a%d9%88%d9%85%d9%86-%d8%b1%d8%a7%d9%8a%d8%aa%d8%b3-%d9%88%d9%88%d8%aa%d8%b4-%d8%a5%d8%b3%d8%b1%d8%a7%d8%a6%d9%8a%d9%84-%d8%aa%d9%85%d9%88%d9%84,-1,0.0
https://www.aljazeera.net/news/2026/4/29/%d8%af%d8%a8%d9%88%d8%b3-%d8%b2%d9%8a%d9%86%d8%a9-%d9%8a%d8%ab%d9%8a%d8%b1-%d8%a3%d8%b2%d9%85%d8%a9-%d8%ae%d8%b1%d9%8a%d8%b7%d8%a9-%d9%81%d9%86%d8%b2%d9%88%d9%8a%d9%84%d8%a7-%d8%aa%d8%b9%d9%8a%d8%af,11,0.7904
https://www.aljazeera.net/news/2026/4/29/%d8%a7%d9%84%d8%b6%d9%81%d8%a9-76,15,0.9731
https://www.aljazeera.net/news/2026/4/29/%d8%b1%d9%81%d8%b6-%d8%aa%d9%82%d9%84%d9%8a%d8%b5-%d8%b3%d8%a7%d8%b9%d8%a7%d8%aa-%d9%85%d8%ad%d8%a7%d9%83%d9%85%d8%a9-%d9%86%d8%aa%d9%86%d9%8a%d8%a7%d9%87%d9%88,19,1.0
https://www.aljazeera.net/news/2026/4/29/%d8%b1%d8%a6%d9%8a%d8%b3-%d8%a7%d9%84%d9%88%d8%b2%d8%b1%d8%a7%d8%a1-%d8%a7%d9%84%d9%82%d8%b7%d8%b1%d9%8a-%d9%8a%d8%aa%d8%b5%d9%84-%d8%a8%d9%86%d8%b8%d9%8a%d8%b1%d9%87,-1,0.0
https://www.aljazeera.net/news/2026/4/29/%d8%a7%d9%84%d8%b9%d9%81%d9%88-%d8%a7%d9%84%d8%af%d9%88%d9%84%d9%8a%d8%a9-%d8%aa%d8%b7%d8%a7%d9%84%d8%a8-%d8%a8%d9%88%d9%82%d9%81-%d9%86%d8%a7%d8%b1-%d8%b4%d8%a7%d9%85%d9%84,-1,0.0
https://www.aljazeera.net/news/2026/4/29/%d8%b1%d8%a6%d9%8a%d8%b3%d8%a9-%d8%a7%d9%84%d9%85%d9%81%d9%88%d8%b6%d9%8a%d8%a9-%d8%a7%d9%84%d8%a3%d9%88%d8%b1%d9%88%d8%a8%d9%8a%d8%a9-%d8%a3%d9%88%d8%b1%d9%88%d8%a8%d8%a7,0,0.9209
https://www.aljazeera.net/news/2026/4/29/%d9%84%d9%88%d9%84%d8%a7-%d8%a5%d9%86%d8%ac%d9%84%d8%aa%d8%b1%d8%a7-%d9%84%d9%83%d9%86%d8%aa-%d8%aa%d8%aa%d8%ad%d8%af%d8%ab-%d8%a7%d9%84%d9%81%d8%b1%d9%86%d8%b3%d9%8a%d8%a9,-1,0.0
https://www.aljazeera.net/news/2026/4/29/%d8%a7%d9%84%d8%a7%d8%aa%d8%ad%d8%a7%d8%af-%d8%a7%d9%84%d8%a3%d9%88%d8%b1%d9%88%d8%a8%d9%8a-%d8%a7%d9%84%d9%82%d8%af%d8%b3-%d9%85%d8%b3%d8%aa%d8%b4%d9%81%d9%8a%d8%a7%d8%aa,16,0.8328
https://www.aljazeera.net/news/2026/4/29/%d9%85%d8%aa%d9%89-%d9%8a%d8%b5%d8%a8%d8%ad-%d9%85%d8%b6%d9%8a%d9%82-%d9%87%d8%b1%d9%85%d8%b2-%d8%a2%d9%85%d9%86%d8%a7-%d9%84%d8%b9%d8%a8%d9%88%d8%b1-%d8%a7%d9%84%d8%b3%d9%81%d9%86,0,1.0
https://www.aljazeera.net/news/2026/4/29/%d8%a7%d8%b3%d8%aa%d8%a6%d9%86%d8%a7%d9%81-%d8%a7%d9%84%d8%b1%d8%ad%d9%84%d8%a7%d8%aa-%d8%a7%d9%84%d8%ac%d9%88%d9%8a%d8%a9-%d9%81%d9%8a-%d9%85%d8%b7%d8%a7%d8%b1,-1,0.0
https://www.aljazeera.net/news/2026/4/29/%d8%a3%d9%88%d9%84-%d8%a5%d9%81%d8%a7%d8%af%d8%a9-%d8%a8%d8%b4%d8%a3%d9%86-%d8%ad%d8%b1%d8%a8-%d8%a5%d9%8a%d8%b1%d8%a7%d9%86-%d9%88%d8%b2%d9%8a%d8%b1-%d8%a7%d9%84%d8%af%d9%81%d8%a7%d8%b9,0,0.966
https://www.aljazeera.net/news/2026/4/29/%d8%b0%d9%83%d8%a7%d8%a1-%d8%a7%d8%b5%d8%b7%d9%86%d8%a7%d8%b9%d9%8a-%d9%8a%d9%81%d8%a8%d8%b1%d9%83-%d9%84%d8%a7%d8%a6%d8%ad%d8%a9-%d8%aa%d9%86%d8%b8%d9%8a%d9%85%d9%87-%d8%a3%d9%8a%d9%86,5,0.6191
https://www.aljazeera.net/news/2026/4/29/%d9%87%d8%af%d9%86%d8%a9-%d8%a3%d9%81%d8%ba%d8%a7%d9%86%d8%b3%d8%aa%d8%a7%d9%86-%d9%88%d8%a8%d8%a7%d9%83%d8%b3%d8%aa%d8%a7%d9%86-%d8%aa%d8%ad%d8%aa-%d8%a7%d9%84%d8%b6%d8%ba%d8%b7-%d8%a8%d8%b9%d8%af,-1,0.0
https://www.aljazeera.net/news/2026/4/29/%d9%84%d8%a3%d9%88%d9%84-%d9%85%d8%b1%d8%a9-%d9%85%d8%b3%d8%aa%d9%88%d8%b7%d9%86%d9%88%d9%86-%d9%8a%d8%af%d8%ae%d9%84%d9%88%d9%86-%d8%b9%d9%84%d9%86%d8%a7-%d9%86%d8%b5%d9%88%d8%b5,17,1.0
https://www.aljazeera.net/news/2026/4/29/%d8%af%d9%85-%d9%88%d8%b1%d9%85%d8%a7%d8%af-%d9%83%d8%a7%d9%85%d9%8a%d8%b1%d8%a7%d8%aa-%d9%85%d8%b1%d8%a7%d9%82%d8%a8%d8%a9-%d8%aa%d9%88%d8%ab%d9%82-%d8%a7%d8%ba%d8%aa%d9%8a%d8%a7%d9%84,3,0.5007
https://www.aljazeera.net/news/2026/4/29/%d8%b3%d8%ac%d9%86-%d9%83%d8%a8%d9%8a%d8%b1-%d9%83%d9%8a%d9%81-%d8%aa%d8%b9%d9%8a%d8%b4-%d8%a8%d9%84%d8%af%d8%a9-%d8%b1%d9%85%d9%8a%d8%b4-%d8%a7%d9%84%d9%84%d8%a8%d9%86%d8%a7%d9%86%d9%8a%d8%a9,2,0.5273
https://www.aljazeera.net/news/2026/4/29/%d9%84%d8%a8%d9%86%d8%a7%d9%86-126,2,1.0
https://www.aljazeera.net/news/2026/4/29/%d9%85%d9%86-%d8%a7%d9%84%d8%b3%d9%83%d9%83-%d8%a5%d9%84%d9%89-%d8%a7%d9%84%d8%b7%d8%a7%d9%82%d8%a9-5-%d9%85%d8%b4%d8%a7%d8%b1%d9%8a%d8%b9,-1,0.0
https://www.aljazeera.net/news/2026/4/29/%d8%a7%d9%84%d8%b9%d9%81%d9%88-%d8%a7%d9%84%d8%af%d9%88%d9%84%d9%8a%d8%a9-%d8%aa%d8%aa%d9%87%d9%85-%d9%83%d9%86%d8%af%d8%a7-%d8%a8%d9%85%d9%85%d8%a7%d8%b1%d8%b3%d8%a9,-1,0.0
https://www.aljazeera.net/news/2026/4/29/%d8%aa%d8%b1%d8%ad%d9%8a%d8%a8-%d8%a3%d9%85%d8%b1%d9%8a%d9%83%d9%8a-%d8%a8%d8%aa%d9%83%d9%84%d9%8a%d9%81-%d8%a7%d9%84%d8%b2%d9%8a%d8%af%d9%8a-%d8%a8%d8%aa%d8%b4%d9%83%d9%8a%d9%84,-1,0.0
https://www.aljazeera.net/news/2026/4/29/%d9%84%d9%85%d8%a7%d8%b0%d8%a7-%d8%aa%d8%aa%d8%b9%d9%85%d8%af-%d8%a3%d9%88%d9%83%d8%b1%d8%a7%d9%86%d9%8a%d8%a7-%d8%a7%d8%b3%d8%aa%d9%87%d8%af%d8%a7%d9%81-%d9%85%d9%86%d8%b4%d8%a2%d8%aa,12,0.8147
https://www.aljazeera.net/news/2026/4/29/%d8%b9%d9%88%d8%af%d8%a9-%d8%a7%d9%84%d8%aa%d9%81%d8%ac%d9%8a%d8%b1%d8%a7%d8%aa-%d8%a7%d9%84%d8%a7%d9%86%d8%aa%d8%ad%d8%a7%d8%b1%d9%8a%d8%a9-%d8%a5%d9%84%d9%89,5,1.0
https://www.aljazeera.net/news/2026/4/29/%d8%a7%d9%84%d8%b2%d9%8a%d8%af%d9%8a-%d9%8a%d8%a8%d8%af%d8%a3-%d9%85%d8%b4%d8%a7%d9%88%d8%b1%d8%a7%d8%aa-%d8%aa%d8%b4%d9%83%d9%8a%d9%84-%d8%a7%d9%84%d8%ad%d9%83%d9%88%d9%85%d8%a9,-1,0.0
https://www.aljazeera.net/news/2026/4/29/%d8%a8%d9%8a%d8%a7%d9%86%d8%a7%d8%aa-%d9%85%d9%84%d8%a7%d8%ad%d9%8a%d8%a9-%d8%aa%d9%83%d8%b4%d9%81-%d8%a5%d9%84%d9%89-%d8%a3%d9%8a%d9%86-%d9%88%d8%b5%d9%84-%d8%a3%d8%b3%d8%b7%d9%88%d9%84,-1,0.0
https://www.aljazeera.net/news/2026/4/29/%d8%aa%d8%b3%d8%b1%d9%8a%d8%a8%d8%a7%d8%aa-%d8%b3%d8%ac%d9%86-%d8%b5%d9%8a%d8%af%d9%86%d8%a7%d9%8a%d8%a7-%d8%aa%d8%ab%d9%8a%d8%b1-%d8%a7%d9%84%d8%aa%d8%b3%d8%a7%d8%a4%d9%84%d8%a7%d8%aa,6,0.8534
https://www.aljazeera.net/news/2026/4/29/%d8%b9%d8%a7%d8%ac%d9%84-%d8%a8%d8%b1%d8%b3-%d8%aa%d9%8a-%d9%81%d9%8a-%d8%b9%d9%86-%d9%85%d8%b5%d8%af%d8%b1-%d8%a3%d9%85%d9%86%d9%8a-%d8%a5%d9%8a%d8%b1%d8%a7%d9%86%d9%8a,0,0.9833
https://www.aljazeera.net/news/2026/4/29/%d8%a7%d9%84%d8%a3%d8%b9%d9%84%d9%89-%d9%85%d9%86%d8%b0-25-%d8%b9%d8%a7%d9%85%d8%a7-55-%d9%85%d9%86-%d8%a7%d9%84%d8%a3%d9%85%d8%b1%d9%8a%d9%83%d9%8a%d9%8a%d9%86,0,1.0
https://www.aljazeera.net/news/2026/4/29/%d9%85%d9%86-%d8%a7%d9%84%d8%aa%d8%b9%d9%84%d9%8a%d9%85-%d9%84%d9%84%d8%a5%d8%ba%d8%a7%d8%ab%d8%a9-%d9%87%d9%83%d8%b0%d8%a7-%d9%8a%d8%b9%d8%b7%d9%84-%d8%ba%d9%8a%d8%a7%d8%a8,3,1.0
https://www.aljazeera.net/news/2026/4/29/%d8%a7%d9%84%d8%b3%d9%88%d8%af%d8%a7%d9%86-100-%d8%a3%d9%84%d9%81-%d9%86%d8%a7%d8%b2%d8%ad-%d9%8a%d9%88%d8%a7%d8%ac%d9%87%d9%88%d9%86-%d9%83%d8%a7%d8%b1%d8%ab%d8%a9,10,1.0
https://www.aljazeera.net/news/2026/4/29/%d8%a3%d9%85%d9%8a%d8%b1-%d9%82%d8%b7%d8%b1-%d9%88%d8%b1%d8%a6%d9%8a%d8%b3-%d8%a7%d9%84%d9%88%d8%b2%d8%b1%d8%a7%d8%a1-%d8%a7%d9%84%d9%8a%d9%88%d9%86%d8%a7%d9%86%d9%8a-2,9,0.7748
https://www.aljazeera.net/news/2026/4/29/%d8%ba%d8%b1%d9%88%d8%b3%d9%8a-%d9%85%d8%b9%d8%b8%d9%85-%d9%86%d9%88%d9%88%d9%8a-%d8%a5%d9%8a%d8%b1%d8%a7%d9%86-%d9%81%d9%8a-%d8%a3%d8%b5%d9%81%d9%87%d8%a7%d9%86-%d9%88%d9%84%d8%a7-%d8%a8%d8%af,-1,0.0
https://www.aljazeera.net/news/2026/4/29/%d8%a3%d8%b1%d8%af%d9%88%d8%ba%d8%a7%d9%86-%d8%a7%d9%84%d9%85%d8%b3%d9%84%d9%85%d9%88%d9%86-%d9%8a%d9%85%d8%b1%d9%88%d9%86-%d8%a8%d9%85%d8%b1%d8%ad%d9%84%d8%a9-%d8%b9%d8%b5%d9%8a%d8%a8%d8%a9,-1,0.0
https://www.aljazeera.net/news/2026/4/29/%d9%84%d9%85%d8%a7%d8%b0%d8%a7-%d8%aa%d9%85%d8%b1%d8%af%d8%aa-%d9%83%d9%8a%d8%af%d8%a7%d9%84-%d8%ae%d9%85%d8%b3-%d9%85%d8%b1%d8%a7%d8%aa-%d9%81%d9%8a-%d8%b3%d8%aa%d9%8a%d9%86,5,0.8317
https://www.aljazeera.net/news/2026/4/29/%d8%a7%d9%84%d8%a8%d8%b1%d9%87%d8%a7%d9%86-%d9%8a%d8%aa%d8%b9%d9%87%d8%af-%d8%a8%d8%aa%d8%ae%d9%84%d9%8a%d8%b5-%d8%a7%d9%84%d8%b3%d9%88%d8%af%d8%a7%d9%86-%d9%82%d8%b1%d9%8a%d8%a8%d8%a7-%d9%85%d9%86,10,1.0
https://www.aljazeera.net/news/2026/4/29/%d8%b9%d8%a7%d8%a6%d9%84%d8%a9-%d8%b3%d9%88%d8%b1%d9%8a%d8%a9-%d8%aa%d8%ad%d9%85%d9%8a-%d9%83%d9%86%d8%b2%d8%a7-%d8%b7%d9%88%d8%a7%d9%84-%d8%b3%d9%86%d9%88%d8%a7%d8%aa-%d8%a7%d9%84%d8%ad%d8%b1%d8%a8,6,1.0
https://www.aljazeera.net/news/2026/4/29/%d8%b9%d8%a7%d8%ac%d9%84-%d9%87%d9%8a%d8%a6%d8%a9-%d8%a7%d9%84%d8%a8%d8%ab-%d8%a7%d9%84%d8%a5%d8%b3%d8%b1%d8%a7%d8%a6%d9%8a%d9%84%d9%8a%d8%a9-%d8%b9%d9%86-%d9%85%d8%b3%d8%a4%d9%88%d9%84-5,-1,0.0
https://www.aljazeera.net/news/2026/4/29/%d9%8a%d9%87%d9%88%d8%af%d8%a7-%d9%88%d8%a7%d9%84%d8%b3%d8%a7%d9%85%d8%b1%d8%a9-%d8%aa%d8%ad%d9%82%d9%8a%d9%82-%d9%86%d8%a8%d9%88%d8%a1%d8%a9-%d8%af%d9%8a%d9%86%d9%8a%d8%a9-%d8%a3%d9%85,-1,0.0
https://www.aljazeera.net/news/2026/4/29/%d9%82%d8%a7%d9%84%d9%8a%d8%a8%d8%a7%d9%81-%d9%85%d8%ad%d8%a7%d9%88%d9%84%d8%a9-%d8%a3%d9%85%d8%b1%d9%8a%d9%83%d8%a7-%d9%84%d9%84%d8%aa%d8%af%d8%ae%d9%84-%d8%a8%d8%b1%d9%8a%d8%a7,0,0.7387
https://www.aljazeera.net/news/2026/4/29/%d8%a7%d9%84%d8%a8%d8%b1%d9%87%d8%a7%d9%86-%d9%8a%d8%ac%d8%af%d8%af-%d8%b1%d9%81%d8%b6-%d8%a7%d9%84%d8%aa%d9%81%d8%a7%d9%88%d8%b6-%d9%85%d8%b9-%d8%a7%d9%84%d9%85%d8%aa%d9%85%d8%b1%d8%af%d9%8a%d9%86,10,0.9985
https://www.aljazeera.net/news/2026/4/29/%d9%83%d8%a7%d8%a8%d9%88%d8%b3-%d9%85%d9%81%d8%a7%d8%ac%d8%a6-%d9%87%d9%83%d8%b0%d8%a7-%d8%aa%d8%aa%d8%ac%d8%a7%d9%88%d8%b2-%d9%85%d8%b3%d9%8a%d8%b1%d8%a7%d8%aa-%d8%ad%d8%b2%d8%a8,-1,0.0
https://www.aljazeera.net/news/2026/4/29/%d8%b7%d8%b9%d9%86-%d8%b4%d8%ae%d8%b5%d9%8a%d9%86-%d8%a8%d9%87%d8%ac%d9%88%d9%85-%d8%b9%d9%84%d9%89-%d8%ad%d9%8a-%d9%8a%d8%b3%d9%83%d9%86%d9%87-%d9%8a%d9%87%d9%88%d8%af-%d8%b4%d9%85%d8%a7%d9%84%d9%8a,16,1.0
https://www.aljazeera.net/news/2026/4/29/%d8%a7%d9%84%d8%a8%d9%86%d8%aa%d8%a7%d8%ba%d9%88%d9%86-%d8%a3%d9%85%d8%b1%d9%8a%d9%83%d8%a7-%d8%a3%d9%86%d9%81%d9%82%d8%aa-25-%d9%85%d9%84%d9%8a%d8%a7%d8%b1-%d8%af%d9%88%d9%84%d8%a7%d8%b1,0,0.9345
https://www.aljazeera.net/news/2026/4/29/%d8%a7%d9%86%d8%b3%d8%ad%d8%a8%d8%aa-%d9%85%d9%86-%d8%a7%d9%84%d9%82%d8%aa%d8%a7%d9%84-%d8%aa%d8%b3%d8%a7%d8%a4%d9%84%d8%a7%d8%aa-%d8%ad%d9%88%d9%84-%d8%af%d9%88%d8%b1-%d8%b1%d9%88%d8%b3%d9%8a%d8%a7,5,0.8366
https://www.aljazeera.net/news/2026/4/29/%d9%87%d9%84-%d8%aa%d8%aa%d8%b1%d8%a7%d8%ac%d8%b9-%d8%b3%d9%8a%d8%b7%d8%b1%d8%a9-%d8%a7%d9%84%d8%ad%d9%83%d9%85-%d8%a7%d9%84%d8%b9%d8%b3%d9%83%d8%b1%d9%8a-%d9%81%d9%8a-%d9%85%d8%a7%d9%84%d9%8a,5,0.9156
https://www.aljazeera.net/news/2026/4/29/%d8%b9%d8%a7%d8%ac%d9%84-%d9%88%d8%b3%d8%a7%d8%a6%d9%84-%d8%a5%d8%b9%d9%84%d8%a7%d9%85-%d8%a7%d9%84%d8%a8%d8%ad%d8%b1%d9%8a%d8%a9-%d8%a7%d9%84%d8%a5%d8%b3%d8%b1%d8%a7%d8%a6%d9%8a%d9%84%d9%8a%d8%a9,-1,0.0
https://www.aljazeera.net/news/2026/4/29/%d9%85%d9%86-%d8%a3%d8%ae%d8%b7%d8%b1-%d8%b7%d8%b1%d9%82-%d8%a7%d9%84%d9%87%d8%ac%d8%b1%d8%a9-%d8%b9%d8%a7%d9%84%d9%85%d9%8a%d8%a7-%d8%af%d8%b1%d8%a8-%d8%a7%d9%84%d9%87%d9%84%d8%a7%d9%83,10,0.4433
https://www.aljazeera.net/news/2026/4/29/%d8%b4%d8%b1%d8%b7%d8%a9-%d8%b9%d8%af%d9%86-%d8%aa%d9%82%d8%a8%d8%b6-%d8%b9%d9%84%d9%89-4-%d9%85%d8%aa%d9%87%d9%85%d9%8a%d9%86-%d8%a8%d8%a7%d8%ba%d8%aa%d9%8a%d8%a7%d9%84,-1,0.0
https://www.aljazeera.net/news/2026/4/29/%d8%b9%d9%88%d9%86-%d9%86%d8%b3%d9%82%d8%aa-%d9%85%d8%b9-%d8%b1%d8%a6%d9%8a%d8%b3%d9%8a-%d9%85%d8%ac%d9%84%d8%b3-%d8%a7%d9%84%d9%86%d9%88%d8%a7%d8%a8-%d9%88%d8%a7%d9%84%d8%ad%d9%83%d9%88%d9%85%d8%a9,8,1.0
https://www.aljazeera.net/news/2026/4/28/%d8%b2%d8%a7%d9%85%d9%8a%d8%b1-2026-%d9%82%d8%af-%d9%8a%d8%b4%d9%87%d8%af-%d9%82%d8%aa%d8%a7%d9%84%d8%a7-%d8%b9%d9%84%d9%89-%d9%85%d8%ae%d8%aa%d9%84%d9%81-%d8%a7%d9%84%d8%ac%d8%a8%d9%87%d8%a7%d8%aa,0,0.7302
https://www.aljazeera.net/news/2026/4/28/%d9%85%d9%86-%d8%b9%d9%8a%d8%af-%d9%85%d9%8a%d9%84%d8%a7%d8%af%d9%87-%d8%a5%d9%84%d9%89-%d9%83%d8%a3%d8%b3-%d8%a7%d9%84%d8%b9%d8%a7%d9%84%d9%85-%d8%a7%d8%b3%d8%aa%d9%86%d9%81%d8%a7%d8%b1,-1,0.0
https://www.aljazeera.net/news/2026/4/28/%d9%87%d8%af%d9%86%d8%a9-%d8%a7%d9%84%d8%b1%d8%a7%d9%81%d8%b9%d8%a7%d8%aa-%d9%83%d9%8a%d9%81-%d8%a7%d8%b3%d8%aa%d8%ab%d9%85%d8%b1%d8%aa-%d8%a5%d9%8a%d8%b1%d8%a7%d9%86-%d9%88%d9%82%d9%81,1,0.4191
https://www.aljazeera.net/news/2026/4/28/%d8%a3%d9%8a%d8%a7%d9%85-%d9%82%d9%84%d9%8a%d9%84%d8%a9-%d8%ad%d8%a7%d8%b3%d9%85%d8%a9-%d8%af%d8%a8%d9%84%d9%88%d9%85%d8%a7%d8%b3%d9%8a%d8%a9-%d9%85%d9%83%d8%ab%d9%81%d8%a9-%d8%a8%d9%8a%d9%86,0,1.0
https://www.aljazeera.net/news/2026/4/28/%d8%a7%d9%84%d8%b0%d8%b1%d8%a7%d8%b9-%d8%a7%d9%84%d9%8a%d9%85%d9%86%d9%89-%d9%84%d9%80%d8%a5%d9%84-%d9%85%d9%86%d8%aa%d8%b4%d9%88-%d8%a7%d9%84%d9%85%d9%83%d8%b3%d9%8a%d9%83,11,1.0
https://www.aljazeera.net/news/2026/4/28/15-%d8%b9%d8%a7%d9%85%d8%a7-%d8%a8%d8%b9%d8%af-%d8%a7%d9%84%d8%aa%d8%b9%d8%b0%d9%8a%d8%a8-%d8%b5%d8%a7%d8%ad%d8%a8-%d8%a5%d8%ac%d8%a7%d9%83-%d8%a7%d9%84%d8%af%d9%88%d8%b1-%d9%8a%d8%a7,6,0.8201
https://www.aljazeera.net/news/2026/4/28/%d8%a7%d9%84%d8%a7%d8%ad%d8%aa%d9%84%d8%a7%d9%84-%d9%8a%d8%b9%d8%aa%d9%82%d9%84-%d9%81%d9%84%d8%b3%d8%b7%d9%8a%d9%86%d9%8a%d8%a7-%d9%88%d8%b2%d9%88%d8%ac%d8%aa%d9%87-%d9%88%d9%8a%d8%ae%d8%b7%d8%b1,15,1.0
https://www.aljazeera.net/news/2026/4/28/%d8%a7%d9%86%d8%aa%d9%87%d8%a7%d9%83%d8%a7%d8%aa-%d8%ac%d9%86%d9%88%d8%a8-%d9%84%d8%a8%d9%86%d8%a7%d9%86-%d8%a5%d8%b3%d8%b1%d8%a7%d8%a6%d9%8a%d9%84,-1,0.0
https://www.aljazeera.net/news/2026/4/28/%d8%b7%d9%81%d9%84-%d9%81%d9%84%d8%b3%d8%b7%d9%8a%d9%86%d9%8a-%d9%8a%d8%b1%d9%88%d9%8a-%d8%aa%d9%81%d8%a7%d8%b5%d9%8a%d9%84-%d8%b5%d8%a7%d8%af%d9%85%d8%a9-%d8%a8%d8%b9%d8%af,14,0.4421
https://www.aljazeera.net/news/2026/4/28/%d8%a3%d8%b2%d9%85%d8%a9-%d8%a7%d9%84%d8%ad%d8%a8%d9%88%d8%a8-%d8%a7%d9%84%d9%85%d8%b3%d8%b1%d9%88%d9%82%d8%a9-%d8%a3%d9%88%d9%83%d8%b1%d8%a7%d9%86%d9%8a%d8%a7,12,0.7369
https://www.aljazeera.net/news/2026/4/28/%d8%a7%d9%84%d8%aa%d9%84%d8%ba%d8%b1%d8%a7%d9%81-%d8%aa%d9%86%d8%a7%d8%b2%d9%84%d8%a7%d8%aa-%d9%88%d8%ae%d8%b7%d9%88%d8%b7-%d8%ad%d9%85%d8%b1%d8%a7%d8%a1-%d8%b9%d9%84%d9%89,0,1.0
https://www.aljazeera.net/news/2026/4/28/%d8%b1%d8%ba%d9%85-%d8%a7%d9%86%d9%87%d9%8a%d8%a7%d8%b1-%d8%a7%d9%84%d9%82%d8%b7%d8%a7%d8%b9-%d8%a7%d9%84%d8%b5%d8%ad%d9%8a-%d8%b9%d9%85%d9%84%d9%8a%d8%a9-%d9%85%d8%b9%d9%82%d8%af%d8%a9,3,1.0
https://www.aljazeera.net/news/2026/4/28/%d9%85%d8%b3%d8%a4%d9%88%d9%84-%d8%b9%d8%b3%d9%83%d8%b1%d9%8a-%d8%a5%d9%8a%d8%b1%d8%a7%d9%86%d9%8a-%d9%8a%d8%ac%d8%b1%d9%8a-%d9%85%d8%ad%d8%a7%d8%af%d8%ab%d8%a7%d8%aa-%d9%85%d8%b9,-1,0.0
https://www.aljazeera.net/news/2026/4/28/%d8%ad%d8%b1%d8%a8-%d8%a5%d9%8a%d8%b1%d8%a7%d9%86-%d8%aa%d8%b1%d9%83%d9%8a%d8%a7-%d8%a3%d9%85%d8%b1%d9%8a%d9%83%d8%a7-%d8%a5%d8%b3%d8%b1%d8%a7%d8%a6%d9%8a%d9%84,-1,0.0
https://www.aljazeera.net/news/2026/4/28/%d8%a7%d9%84%d9%85%d9%84%d9%83-%d8%aa%d8%b4%d8%a7%d8%b1%d9%84%d8%b2-%d8%a7%d9%84%d8%ab%d8%a7%d9%84%d8%ab-%d9%8a%d8%a8%d8%af%d8%a3-%d8%b2%d9%8a%d8%a7%d8%b1%d8%a9-%d8%af%d9%88%d9%84%d8%a9,-1,0.0
https://www.aljazeera.net/news/2026/4/28/%d8%b9%d8%b1%d8%a7%d9%82%d8%ac%d9%8a-%d9%8a%d8%b4%d9%8a%d8%af-%d8%a8%d9%85%d8%aa%d8%a7%d9%86%d8%a9-%d8%a7%d9%84%d8%b4%d8%b1%d8%a7%d9%83%d8%a9,-1,0.0
https://www.aljazeera.net/news/2026/4/28/%d8%a7%d8%b3%d8%aa%d8%b7%d9%84%d8%a7%d8%b9-%d8%b1%d8%a3%d9%8a-%d8%aa%d8%ad%d8%a7%d9%84%d9%81-%d9%85%d8%b9%d8%a7-%d9%8a%d8%aa%d8%b5%d8%af%d8%b1-%d9%86%d9%88%d8%a7%d9%8a%d8%a7,19,1.0
https://www.aljazeera.net/news/2026/4/28/%d9%82%d8%a8%d8%b1%d8%b5-%d8%a7%d9%84%d8%aa%d8%b1%d9%83%d9%8a%d8%a9-%d8%aa%d8%ad%d8%b0%d8%b1-%d9%85%d9%86-%d9%86%d8%b4%d8%b1-%d9%82%d9%88%d8%a7%d8%aa-%d9%81%d8%b1%d9%86%d8%b3%d9%8a%d8%a9-%d9%81%d9%8a,0,1.0
https://www.aljazeera.net/news/2026/4/28/%d8%b5%d9%88%d8%b1-%d8%a3%d9%82%d9%85%d8%a7%d8%b1-%d9%81%d8%b6%d8%a7%d8%a6%d9%8a%d8%a9-%d8%aa%d9%83%d8%b4%d9%81-%d8%af%d9%85%d8%a7%d8%b1-%d9%82%d8%a7%d8%b9%d8%af%d8%a9-%d9%81%d8%aa%d8%ad,-1,0.0
https://www.aljazeera.net/news/2026/4/28/%d8%aa%d9%88%d8%aa%d8%b1-%d8%a3%d9%85%d8%b1%d9%8a%d9%83%d9%8a-%d8%a5%d9%8a%d8%b1%d8%a7%d9%86%d9%8a-%d9%81%d9%8a-%d9%85%d8%a4%d8%aa%d9%85%d8%b1-%d9%85%d8%b1%d8%a7%d8%ac%d8%b9%d8%a9,0,1.0
https://www.aljazeera.net/news/2026/4/28/%d8%a7%d9%84%d9%85%d9%82%d8%aa%d8%b1%d8%ad-%d8%a7%d9%84%d8%a5%d9%8a%d8%b1%d8%a7%d9%86%d9%8a,0,1.0
https://www.aljazeera.net/news/2026/4/28/%d9%82%d8%b5%d9%81-%d9%87%d8%b3%d8%aa%d9%8a%d8%b1%d9%8a-%d9%88%d8%b3%d8%aa%d8%a7%d8%b1-%d9%86%d8%a7%d8%b1%d9%8a-%d8%b4%d9%87%d8%a7%d8%af%d8%a7%d8%aa-%d8%b9%d8%b3%d9%83%d8%b1%d9%8a%d8%a9,3,1.0
https://www.aljazeera.net/news/2026/4/28/14-%d9%82%d8%aa%d9%8a%d9%84%d8%a7-%d9%88%d8%b9%d8%b4%d8%b1%d8%a7%d8%aa-%d8%a7%d9%84%d8%ac%d8%b1%d8%ad%d9%89-%d8%ac%d8%b1%d8%a7%d8%a1-%d8%aa%d8%b5%d8%a7%d8%af%d9%85-%d9%82%d8%b7%d8%a7%d8%b1%d9%8a%d9%86,-1,0.0
https://www.aljazeera.net/news/2026/4/28/%d8%aa%d9%88%d8%a7%d8%b5%d9%84-%d8%a7%d9%84%d8%ba%d8%a7%d8%b1%d8%a7%d8%aa-%d8%b9%d9%84%d9%89-%d9%84%d8%a8%d9%86%d8%a7%d9%86-%d9%88%d8%a5%d8%b5%d8%a7%d8%a8%d8%a9-%d8%ac%d9%86%d8%af%d9%8a%d9%8a%d9%86,2,1.0
https://www.aljazeera.net/news/2026/4/28/%d8%a7%d9%84%d9%85%d9%86%d8%a7%d8%b7%d9%82-%d8%a7%d9%84%d8%b9%d8%a7%d8%b2%d9%84%d8%a9-%d8%ae%d8%af%d8%b9%d8%a9-%d8%a7%d9%84%d9%85%d8%b5%d8%b7%d9%84%d8%ad%d8%a7%d8%aa-%d8%a7%d9%84%d8%aa%d9%8a,2,0.5552
https://www.aljazeera.net/news/2026/4/28/%d8%ad%d8%b1%d8%a7%d8%a6%d9%82-%d9%88%d8%aa%d9%84%d9%88%d8%ab-%d8%a7%d9%84%d8%a3%d9%82%d9%85%d8%a7%d8%b1-%d8%a7%d9%84%d8%b5%d9%86%d8%a7%d8%b9%d9%8a%d8%a9-%d8%aa%d9%88%d8%ab%d9%82,12,0.8148
https://www.aljazeera.net/news/2026/4/28/%d9%85%d8%b7%d8%a7%d8%a8%d8%ae-%d8%ae%d9%8a%d8%b1%d9%8a%d8%a9-%d9%81%d9%8a-%d8%a3%d9%85-%d8%af%d8%b1%d9%85%d8%a7%d9%86-%d8%aa%d8%b3%d8%a7%d8%b9%d8%af,10,1.0
https://www.aljazeera.net/news/2026/4/28/%d8%a7%d9%84%d8%b1%d8%a6%d9%8a%d8%b3-%d8%a7%d9%84%d8%a3%d8%b1%d8%ac%d9%86%d8%aa%d9%8a%d9%86%d9%8a-%d9%8a%d9%88%d8%a7%d8%b5%d9%84-%d9%85%d9%86%d8%b9-%d8%a7%d9%84%d8%b5%d8%ad%d9%81%d9%8a%d9%8a%d9%86,11,0.8424
https://www.aljazeera.net/news/2026/4/28/%d8%aa%d8%ac%d8%a7%d8%b1%d8%a8-%d8%aa%d8%a7%d8%b1%d9%8a%d8%ae%d9%8a%d8%a9-%d8%b4%d8%a8%d9%8a%d9%87%d8%a9-%d9%85%d8%a7%d8%b0%d8%a7-%d9%8a%d8%b9%d9%86%d9%8a-%d8%a7%d9%86%d8%b3%d8%af%d8%a7%d8%af,0,1.0
https://www.aljazeera.net/news/2026/4/28/%d8%a7%d9%84%d8%b9%d9%84%d8%a7%d9%82%d8%a9-%d8%a7%d9%84%d8%ae%d8%a7%d8%b5%d8%a9-%d8%a8%d9%8a%d9%86-%d9%88%d8%a7%d8%b4%d9%86%d8%b7%d9%86-%d9%88%d9%84%d9%86%d8%af%d9%86-%d8%a8%d9%8a%d9%86,-1,0.0
https://www.aljazeera.net/news/2026/4/28/3-%d9%82%d8%aa%d9%84%d9%89-%d9%81%d9%8a-%d8%b1%d9%88%d8%b3%d9%8a%d8%a7-%d9%88%d8%a7%d9%86%d8%af%d9%84%d8%a7%d8%b9-%d8%ad%d8%b1%d9%8a%d9%82-%d8%a8%d9%85%d8%b5%d9%81%d8%a7%d8%a9-%d9%86%d9%81%d8%b7,12,1.0
https://www.aljazeera.net/news/2026/4/28/8-%d8%b3%d9%81%d9%86-%d8%aa%d8%b9%d8%a8%d8%b1-%d9%85%d8%b6%d9%8a%d9%82-%d9%87%d8%b1%d9%85%d8%b2-%d8%ae%d9%84%d8%a7%d9%84-24-%d8%b3%d8%a7%d8%b9%d8%a9-%d9%87%d8%b0%d8%a7-%d9%85%d8%a7,0,1.0
https://www.aljazeera.net/news/2026/4/28/%d9%82%d8%b7%d8%b1-%d8%ad%d8%b1%d9%8a%d8%a9-%d8%a7%d9%84%d9%85%d9%84%d8%a7%d8%ad%d8%a9-%d9%85%d8%a8%d8%af%d8%a3-%d8%ac%d9%88%d9%87%d8%b1%d9%8a-%d9%81%d9%8a-%d8%a7%d9%84%d9%82%d8%a7%d9%86%d9%88%d9%86,9,0.6854
https://www.aljazeera.net/news/2026/4/28/%d8%b9%d8%a7%d8%ac%d9%84-%d8%a7%d9%84%d9%85%d8%aa%d8%ad%d8%af%d8%ab-%d8%a8%d8%a7%d8%b3%d9%85-%d8%a7%d9%84%d8%ae%d8%a7%d8%b1%d8%ac%d9%8a%d8%a9-%d8%a7%d9%84%d9%82%d8%b7%d8%b1%d9%8a%d8%a9-25,9,0.9224
https://www.aljazeera.net/news/2026/4/28/%d9%82%d9%85%d8%a9-%d8%ae%d9%84%d9%8a%d8%ac%d9%8a%d8%a9-%d8%aa%d8%b4%d8%a7%d9%88%d8%b1%d9%8a%d8%a9-%d8%a7%d8%b3%d8%aa%d8%ab%d9%86%d8%a7%d8%a6%d9%8a%d8%a9-%d9%81%d9%8a-%d8%ac%d8%af%d8%a9,9,0.8382
https://www.aljazeera.net/news/2026/4/28/%d8%a7%d8%b3%d8%aa%d8%b7%d9%84%d8%a7%d8%b9-%d8%a5%d8%b3%d8%b1%d8%a7%d8%a6%d9%8a%d9%84%d9%8a-%d8%a7%d9%84%d8%a7%d8%ad%d8%aa%d9%84%d8%a7%d9%84-%d9%84%d9%85-%d9%8a%d9%86%d8%aa%d8%b5%d8%b1,19,1.0
https://www.aljazeera.net/news/2026/4/28/%d8%ba%d8%b2%d8%a9-116,3,1.0
https://www.aljazeera.net/news/2026/4/28/%d8%af%d9%85%d8%a7%d8%b1-%d9%87%d8%a7%d8%a6%d9%84-%d9%81%d9%8a-%d8%a8%d9%84%d8%af%d8%a7%d8%aa-%d8%a7%d9%84%d9%86%d8%a8%d8%b7%d9%8a%d8%a9-%d9%88%d8%a7%d9%84%d8%b3%d9%83%d8%a7%d9%86,2,0.6546
https://www.aljazeera.net/news/2026/4/28/%d9%84%d8%a3%d9%88%d9%84-%d9%85%d8%b1%d8%a9-%d9%85%d9%86%d8%b0-%d8%b4%d9%87%d8%b1%d9%8a%d9%86-%d9%86%d8%aa%d9%86%d9%8a%d8%a7%d9%87%d9%88-%d8%a3%d9%85%d8%a7%d9%85,19,1.0
https://www.aljazeera.net/news/2026/4/28/%d8%b3%d8%ac%d9%86-%d8%b5%d9%8a%d8%af%d9%86%d8%a7%d9%8a%d8%a7-%d9%8a%d8%b9%d9%88%d8%af-%d8%a5%d9%84%d9%89-%d8%a7%d9%84%d9%88%d8%a7%d8%ac%d9%87%d8%a9-%d9%81%d9%8a-%d8%b3%d9%88%d8%b1%d9%8a%d8%a7,6,0.8336
https://www.aljazeera.net/news/2026/4/28/%d9%84%d8%a7-%d9%86%d9%85%d9%84%d9%83-%d8%a3%d8%af%d9%88%d8%a7%d8%aa-%d9%83%d8%a7%d9%81%d9%8a%d8%a9-%d8%a5%d8%ad%d8%a8%d8%a7%d8%b7-%d8%a5%d8%b3%d8%b1%d8%a7%d8%a6%d9%8a%d9%84%d9%8a,-1,0.0
https://www.aljazeera.net/news/2026/4/28/%d8%aa%d8%ad%d8%a7%d9%84%d9%81-%d9%86%d8%b5%d8%b1%d8%a9-%d8%a7%d9%84%d8%a5%d8%b3%d9%84%d8%a7%d9%85-%d9%88%d8%ac%d8%a8%d9%87%d8%a9-%d8%aa%d8%ad%d8%b1%d9%8a%d8%b1-%d8%a3%d8%b2%d9%88%d8%a7%d8%af,5,0.7558
https://www.aljazeera.net/news/2026/4/28/%d8%aa%d9%82%d8%b1%d9%8a%d8%b1-%d8%a3%d9%85%d9%85%d9%8a-%d9%8a%d8%ad%d8%b0%d8%b1-%d9%81%d8%b4%d9%84-%d8%b9%d8%a7%d9%84%d9%85%d9%8a-%d8%a3%d8%ae%d9%84%d8%a7%d9%82%d9%8a,10,0.4472
https://www.aljazeera.net/news/2026/4/28/%d8%b3%d9%88%d8%b1%d9%8a%d8%a7-20-%d8%a2%d9%84%d9%8a%d8%a9-%d8%a5%d8%b3%d8%b1%d8%a7%d8%a6%d9%8a%d9%84%d9%8a%d8%a9-%d8%aa%d8%aa%d9%88%d8%ba%d9%84-%d9%81%d9%8a-%d8%af%d8%b1%d8%b9%d8%a7,6,0.6307
https://www.aljazeera.net/news/2026/4/28/%d8%ad%d9%83%d9%88%d9%85%d8%a9-%d9%85%d8%a7%d9%83%d9%88%d8%b3%d9%88-%d8%a7%d9%84%d8%ab%d8%a7%d9%86%d9%8a%d8%a9-%d9%81%d9%8a-%d8%a8%d8%b1%d8%a7%d8%b2%d8%a7%d9%81%d9%8a%d9%84,5,1.0
https://www.aljazeera.net/news/2026/4/28/%d8%b5%d9%88%d8%b1-%d8%aa%d9%83%d8%b4%d9%81-%d9%83%d9%8a%d9%81-%d8%aa%d8%ad%d9%88%d9%84%d8%aa-%d9%85%d8%b3%d8%a7%d8%ad%d8%a9-%d8%ae%d8%b6%d8%b1%d8%a7%d8%a1-%d8%a5%d9%84%d9%89,12,0.6789
https://www.aljazeera.net/news/2026/4/28/%d8%b9%d8%a7%d8%ac%d9%84-%d8%aa%d8%b1%d9%85%d8%a8-%d8%a5%d9%8a%d8%b1%d8%a7%d9%86-%d8%a3%d8%a8%d9%84%d8%ba%d8%aa%d9%86%d8%a7-%d9%84%d9%84%d8%aa%d9%88-%d8%a3%d9%86%d9%87%d8%a7-%d9%81%d9%8a,0,1.0
https://www.aljazeera.net/news/2026/4/28/%d9%83%d9%8a%d9%81-%d8%aa%d8%aa%d8%a3%d8%ab%d8%b1-%d8%a7%d9%84%d9%85%d9%85%d8%b1%d8%a7%d8%aa-%d8%a7%d9%84%d8%a8%d8%ad%d8%b1%d9%8a%d8%a9-%d8%a7%d9%84%d8%b9%d8%a7%d9%84%d9%85%d9%8a%d8%a9,0,1.0
https://www.aljazeera.net/news/2026/4/28/%d9%85%d8%b3%d8%a4%d9%88%d9%84%d8%a9-%d8%a3%d9%85%d8%b1%d9%8a%d9%83%d9%8a%d8%a9-%d8%b3%d8%a7%d8%a8%d9%82%d8%a9-%d8%a5%d8%b3%d8%b1%d8%a7%d8%a6%d9%8a%d9%84-%d8%aa%d8%b1%d8%aa%d9%83%d8%a8,3,1.0
https://www.aljazeera.net/news/2026/4/28/%d8%a5%d8%b3%d8%b1%d8%a7%d8%a6%d9%8a%d9%84-%d8%aa%d8%af%d8%b1%d8%ac-5-%d9%85%d9%86%d8%b5%d8%a7%d8%aa-%d8%a5%d8%b9%d9%84%d8%a7%d9%85%d9%8a%d8%a9-%d9%81%d9%84%d8%b3%d8%b7%d9%8a%d9%86%d9%8a%d8%a9,-1,0.0
https://www.aljazeera.net/news/2026/4/28/%d9%8a%d8%af%d9%8a%d8%b9%d9%88%d8%aa-%d8%a3%d8%ad%d8%b1%d9%88%d9%86%d9%88%d8%aa-2,0,0.8337
https://www.aljazeera.net/news/2026/4/28/%d8%ba%d8%a7%d8%b1%d8%af%d9%8a%d8%a7%d9%86-%d8%aa%d8%b2%d8%a7%d9%8a%d8%af-%d8%b8%d8%a7%d9%87%d8%b1%d8%a9-%d8%a7%d9%84%d8%aa%d8%ae%d9%84%d9%8a-%d8%b9%d9%86-%d8%a7%d9%84%d8%ac%d9%86%d8%b3%d9%8a%d8%a9,11,0.9443
https://www.aljazeera.net/news/2026/4/28/%d8%a7%d9%86%d8%aa%d8%b4%d8%a7%d8%b1-%d8%a3%d9%85%d8%b1%d9%8a%d9%83%d9%8a-%d9%88%d8%a7%d8%b3%d8%b9-%d9%81%d9%8a-%d8%a8%d8%ad%d8%b1-%d8%a7%d9%84%d8%b9%d8%b1%d8%a8-%d9%88%d9%87%d8%b1%d9%85%d8%b2,0,0.6588
https://www.aljazeera.net/news/2026/4/28/%d8%b2%d9%8a%d9%84%d9%8a%d9%86%d8%b3%d9%83%d9%8a-%d9%8a%d9%87%d8%a7%d8%ac%d9%85-%d8%a5%d8%b3%d8%b1%d8%a7%d8%a6%d9%8a%d9%84-%d8%a8%d8%b3%d8%a8%d8%a8-%d8%a3%d8%b2%d9%85%d8%a9,12,0.6025
https://www.aljazeera.net/news/2026/4/28/%d8%a7%d9%84%d8%a8%d8%ad%d8%b1%d9%8a%d9%86-%d8%a3%d8%ad%d9%83%d8%a7%d9%85-%d8%a8%d8%a7%d9%84%d8%b3%d8%ac%d9%86-%d8%a7%d9%84%d9%85%d8%a4%d8%a8%d8%af-%d9%885-%d8%a5%d9%84%d9%89-10,4,0.6489
https://www.aljazeera.net/news/2026/4/28/%d9%85%d9%88%d8%b3%d9%83%d9%88-%d8%a3%d8%ad%d8%a8%d8%b7%d9%86%d8%a7-%d9%85%d8%ad%d8%a7%d9%88%d9%84%d8%a9-%d8%a7%d9%86%d9%82%d9%84%d8%a7%d8%a8%d9%8a%d8%a9-%d9%86%d9%81%d8%b0%d9%87%d8%a7,5,0.7814
https://www.aljazeera.net/news/2026/4/28/%d9%83%d8%b0%d8%a8%d8%a9-%d8%a7%d9%84%d8%a7%d8%b3%d8%aa%d8%ba%d9%86%d8%a7%d8%a1-%d9%84%d9%85%d8%a7%d8%b0%d8%a7-%d8%aa%d8%b3%d8%aa%d9%85%d9%8a%d8%aa-%d9%88%d8%a7%d8%b4%d9%86%d8%b7%d9%86,0,1.0
https://www.aljazeera.net/news/2026/4/28/%d8%a7%d9%84%d8%b3%d9%88%d8%af%d8%a7%d9%86-%d8%aa%d8%b5%d8%b9%d9%8a%d8%af-%d9%81%d9%8a-%d8%a7%d9%84%d9%86%d9%8a%d9%84-%d8%a7%d9%84%d8%a3%d8%b2%d8%b1%d9%82-%d9%88%d8%a3%d8%b2%d9%85%d8%a9,10,1.0
https://www.aljazeera.net/news/2026/4/28/%d8%a7%d9%86%d8%b8%d8%b1%d9%88%d8%a7-%d9%84%d9%84%d8%b3%d9%85%d8%a7%d8%a1-%d9%88%d8%a3%d8%b7%d9%84%d9%82%d9%88%d8%a7-%d8%a7%d9%84%d9%86%d8%a7%d8%b1-%d8%a7%d9%84%d8%a5%d8%ad%d8%a8%d8%a7%d8%b7,-1,0.0
https://www.aljazeera.net/news/2026/4/28/%d9%83%d8%b0%d8%a8-%d8%a3%d9%85-%d9%85%d9%86%d8%a7%d9%88%d8%b1%d8%a9-%d9%87%d9%84-%d8%b7%d9%84%d8%a8%d8%aa-%d8%b7%d9%87%d8%b1%d8%a7%d9%86-%d9%85%d9%86-%d9%88%d8%a7%d8%b4%d9%86%d8%b7%d9%86,0,1.0
https://www.aljazeera.net/news/2026/4/28/12-%d9%82%d8%aa%d9%8a%d9%84%d8%a7-%d9%8849-%d9%85%d8%b5%d8%a7%d8%a8%d8%a7-%d8%a8%d9%87%d8%ac%d9%85%d8%a7%d8%aa-%d8%a5%d8%b3%d8%b1%d8%a7%d8%a6%d9%8a%d9%84%d9%8a%d8%a9-%d8%b9%d9%84%d9%89,8,0.5271
https://www.aljazeera.net/news/2026/4/28/%d8%a7%d9%86%d8%aa%d9%87%d8%a7%d9%83%d8%a7%d8%aa-%d8%a5%d8%b3%d8%b1%d8%a7%d8%a6%d9%8a%d9%84%d9%8a%d8%a9-%d9%85%d8%aa%d9%88%d8%a7%d8%b5%d9%84%d8%a9-5-%d8%b4%d9%87%d8%af%d8%a7%d8%a1-%d9%886,3,1.0
https://www.aljazeera.net/news/2026/4/28/%d8%b3%d9%8a%d9%88%d9%84-%d9%81%d9%8a-%d8%b3%d9%88%d8%b1%d9%8a%d8%a7-%d9%85%d8%b5%d8%b1%d8%b9-%d8%b7%d9%81%d9%84-%d9%88%d8%a7%d9%86%d9%82%d8%b7%d8%a7%d8%b9-%d8%b7%d8%b1%d9%82,6,0.7775
https://www.aljazeera.net/news/2026/4/28/%d8%aa%d8%ba%d9%8a%d9%8a%d8%b1%d8%a7%d8%aa-%d8%ac%d8%b0%d8%b1%d9%8a%d8%a9-%d9%81%d9%8a-%d9%86%d8%b8%d8%a7%d9%85-%d8%a7%d9%84%d9%87%d8%ac%d8%b1%d8%a9-%d8%a7%d9%84%d8%a3%d9%85%d8%b1%d9%8a%d9%83%d9%8a,11,1.0
https://www.aljazeera.net/news/2026/4/28/%d8%aa%d9%83%d8%aa%d9%8a%d9%83%d8%a7%d8%aa-%d8%a7%d9%84%d8%ab%d9%85%d8%a7%d9%86%d9%8a%d9%86%d9%8a%d8%a7%d8%aa-%d8%ad%d8%b2%d8%a8-%d8%a7%d9%84%d9%84%d9%87-%d9%8a%d8%b3%d8%aa%d8%ad%d8%b6%d8%b1,2,0.5908
https://www.aljazeera.net/news/2026/4/28/%d8%a7%d9%86%d8%b7%d9%84%d8%a7%d9%82-21-%d8%ad%d8%a7%d9%81%d9%84%d8%a9-%d8%aa%d9%82%d9%84-%d9%85%d8%a6%d8%a7%d8%aa-%d8%a7%d9%84%d8%b3%d9%88%d8%af%d8%a7%d9%86%d9%8a%d9%8a%d9%86-%d9%85%d9%86,10,1.0
https://www.aljazeera.net/news/2026/4/28/%d9%85%d8%b3%d8%a4%d9%88%d9%84-%d8%a8%d8%a7%d9%84%d8%ae%d8%a7%d8%b1%d8%ac%d9%8a%d8%a9-%d8%a7%d9%84%d8%a5%d9%8a%d8%b1%d8%a7%d9%86%d9%8a%d8%a9-%d9%84%d9%84%d8%ac%d8%b2%d9%8a%d8%b1%d8%a9,0,0.7261
https://www.aljazeera.net/news/2026/4/28/11-%d9%82%d8%aa%d9%8a%d9%84%d8%a7-%d8%a8%d9%87%d8%ac%d9%88%d9%85-%d9%85%d8%b3%d9%8a%d8%b1%d8%a7%d8%aa-%d8%b9%d9%84%d9%89-%d8%b1%d8%a8%d9%83-%d9%88%d8%a7%d9%84%d8%ac%d9%8a%d8%b4,10,1.0
https://www.aljazeera.net/news/2026/4/28/%d8%a7%d8%b3%d8%aa%d8%b7%d9%84%d8%a7%d8%b9-%d9%84%d8%b1%d9%88%d9%8a%d8%aa%d8%b1%d8%b2-%d8%b4%d8%b9%d8%a8%d9%8a%d8%a9-%d8%aa%d8%b1%d9%85%d8%a8-%d8%aa%d8%aa%d8%b1%d8%a7%d8%ac%d8%b9,0,1.0
https://www.aljazeera.net/news/2026/4/28/%d9%85%d8%b4%d8%a7%d9%87%d8%af-%d8%aa%d8%b9%d8%b1%d8%b6-%d9%84%d8%a3%d9%88%d9%84-%d9%85%d8%b1%d8%a9-%d9%85%d9%86-%d8%af%d8%a7%d8%ae%d9%84-%d8%b5%d9%8a%d8%af%d9%86%d8%a7%d9%8a%d8%a7,6,0.8304
https://www.aljazeera.net/news/2026/4/27/%d8%a5%d9%81-5-%d8%b9%d9%85%d8%b1%d9%87%d8%a7-60-%d8%b3%d9%86%d8%a9-%d9%83%d9%8a%d9%81-%d8%a7%d8%b3%d8%aa%d8%ba%d9%84%d8%aa-%d8%a5%d9%8a%d8%b1%d8%a7%d9%86-%d8%b7%d8%a7%d8%a6%d8%b1%d8%a9,18,1.0
https://www.aljazeera.net/news/2026/4/27/%d9%85%d8%aa%d8%ad%d8%af%d9%8a%d8%a7-%d8%b1%d8%b5%d8%a7%d8%b5%d8%a7%d8%aa-%d8%a7%d9%84%d8%b9%d8%b4%d8%a7%d8%a1-%d8%aa%d8%b4%d8%a7%d8%b1%d9%84%d8%b2-%d9%8a%d8%ac%d8%b1%d9%8a,-1,0.0
https://www.aljazeera.net/news/liveblog/2026/4/27/%d8%ad%d8%b1%d8%a8-%d8%a5%d9%8a%d8%b1%d8%a7%d9%86-%d9%85%d8%a8%d8%a7%d8%b4%d8%b1-%d8%b9%d8%b1%d8%a7%d9%82%d8%ac%d9%8a-%d9%8a%d8%aa%d9%88%d8%ac%d9%87-%d8%a5%d9%84%d9%89-%d9%85%d9%88%d8%b3%d9%83%d9%88,-1,0.0
https://www.aljazeera.net/news/2026/4/27/%d9%87%d9%86%d8%af%d8%b3%d8%a9-%d8%a7%d9%84%d8%aa%d9%81%d8%aa%d9%8a%d8%aa-%d9%83%d9%8a%d9%81-%d8%aa%d8%ad%d9%88%d9%84-%d8%a7%d9%84%d9%85%d8%b3%d8%aa%d9%88%d8%b7%d9%86%d8%a7%d8%aa,15,0.5326
https://www.aljazeera.net/news/2026/4/27/%d8%a7%d9%84%d8%a3%d9%85%d9%85-%d8%a7%d9%84%d9%85%d8%aa%d8%ad%d8%af%d8%a9-%d8%aa%d8%ad%d8%b0%d8%b1-%d9%85%d9%86-%d9%83%d8%a7%d8%b1%d8%ab%d8%a9-%d8%a5%d9%86%d8%b3%d8%a7%d9%86%d9%8a%d8%a9-5,-1,0.0
https://www.aljazeera.net/news/2026/4/27/%d8%b0%d9%83%d8%b1%d9%89-%d8%aa%d8%b4%d8%b1%d9%86%d9%88%d8%a8%d9%84-1986-%d8%b2%d9%8a%d9%84%d9%8a%d9%86%d8%b3%d9%83%d9%8a-%d8%b1%d9%88%d8%b3%d9%8a%d8%a7-%d8%aa%d9%85%d8%a7%d8%b1%d8%b3,12,1.0
https://www.aljazeera.net/news/2026/4/27/%d9%82%d8%a7%d8%af%d8%a9-%d8%a8%d8%a7%d9%84%d8%ac%d9%8a%d8%b4-%d8%a7%d9%84%d8%a5%d8%b3%d8%b1%d8%a7%d8%a6%d9%8a%d9%84%d9%8a-%d9%86%d8%aa%d9%86%d9%8a%d8%a7%d9%87%d9%88-%d9%8a%d8%a8%d8%ad%d8%ab,-1,0.0
https://www.aljazeera.net/news/2026/4/27/%d8%b1%d8%ba%d9%85-%d8%a7%d9%84%d8%a3%d9%88%d8%b6%d8%a7%d8%b9-%d8%a7%d9%84%d8%b5%d8%b9%d8%a8%d8%a9-%d8%af%d9%81%d8%b9%d8%a9-%d8%ac%d8%b1%d8%ad%d9%89-%d8%ac%d8%af%d9%8a%d8%af%d8%a9,3,0.863
https://www.aljazeera.net/news/2026/4/27/%d9%85%d9%86-%d9%87%d9%88-%d9%81%d8%ae%d8%b1-%d8%a7%d9%84%d8%af%d9%8a%d9%86-%d8%a7%d9%84%d8%b9%d8%b1%d9%8a%d8%a7%d9%86-%d8%a7%d9%84%d9%82%d8%a7%d8%b6%d9%8a-%d8%a7%d9%84%d9%85%d9%86%d8%b4%d9%82,6,0.8786
https://www.aljazeera.net/news/2026/4/27/%d8%b9%d8%a7%d8%ac%d9%84-%d8%a3%d9%83%d8%b3%d9%8a%d9%88%d8%b3-%d8%b9%d9%86-%d9%85%d8%b3%d8%a4%d9%88%d9%84-%d8%a3%d9%85%d8%b1%d9%8a%d9%83%d9%8a-%d9%88%d9%85%d8%b5%d8%af%d8%b1%d9%8a%d9%86,0,1.0
https://www.aljazeera.net/news/2026/4/27/%d9%87%d9%84-%d9%8a%d9%86%d8%ac%d8%ad-%d8%aa%d8%ad%d8%a7%d9%84%d9%81-%d8%a8%d9%8a%d9%86%d9%8a%d8%aa-%d9%88%d9%84%d8%a8%d9%8a%d8%af-%d9%81%d9%8a-%d8%a5%d8%b3%d9%82%d8%a7%d8%b7,19,1.0
https://www.aljazeera.net/news/2026/4/27/%d8%ad%d8%a7%d8%af%d8%ab%d8%a9-%d8%a7%d9%84%d8%b9%d8%b4%d8%a7%d8%a1-%d8%aa%d8%b1%d9%85%d8%a8-%d8%ad%d8%a7%d9%88%d9%84%d8%aa-%d8%a7%d9%84%d8%ae%d8%b1%d9%88%d8%ac-%d9%85%d9%86%d8%aa%d8%b5%d8%a8,-1,0.0
https://www.aljazeera.net/news/2026/4/27/%d8%a7%d9%84%d8%a5%d9%86%d9%81%d8%a7%d9%82-%d8%a7%d9%84%d8%b9%d8%b3%d9%83%d8%b1%d9%8a-%d8%a7%d9%84%d8%b9%d8%a7%d9%84%d9%85%d9%8a-%d9%8a%d8%a8%d9%84%d8%ba-%d8%a3%d8%b9%d9%84%d9%89,0,0.966
https://www.aljazeera.net/news/2026/4/27/%d8%b5%d9%88%d8%a7%d8%b1%d9%8a%d8%ae-%d9%88%d9%82%d9%86%d8%a7%d8%a8%d9%84-%d8%ae%d8%a7%d8%b1%d9%82%d8%a9-%d9%84%d9%84%d8%aa%d8%ad%d8%b5%d9%8a%d9%86%d8%a7%d8%aa-%d8%a5%d9%8a%d8%b1%d8%a7%d9%86,-1,0.0
https://www.aljazeera.net/news/2026/4/27/%d9%88%d8%b2%d9%8a%d8%b1-%d8%a7%d9%84%d8%ae%d8%a7%d8%b1%d8%ac%d9%8a%d8%a9-%d9%85%d8%a7%d8%b1%d9%83-%d8%b1%d9%88%d8%a8%d9%8a%d9%88-%d8%a5%d9%8a%d8%b1%d8%a7%d9%86-%d8%aa%d8%b1%d9%85%d8%a8,0,1.0
https://www.aljazeera.net/news/2026/4/27/%d8%a7%d9%84%d8%a7%d8%ad%d8%aa%d9%84%d8%a7%d9%84-%d9%8a%d8%b4%d9%86-%d8%ad%d9%85%d9%84%d8%a9-%d8%a7%d8%b9%d8%aa%d9%82%d8%a7%d9%84%d8%a7%d8%aa-%d9%81%d9%8a-%d9%85%d8%ae%d9%8a%d9%85,15,1.0
https://www.aljazeera.net/news/2026/4/27/%d8%a7%d9%86%d8%aa%d9%82%d8%a7%d8%af%d8%a7%d8%aa-%d9%84%d9%84%d8%a3%d9%85%d9%86-%d8%a8%d8%b9%d8%b4%d8%a7%d8%a1-%d8%aa%d8%b1%d9%85%d8%a8-%d9%88%d9%85%d8%b7%d9%84%d9%82-%d8%a7%d9%84%d9%86%d8%a7%d8%b1,-1,0.0
https://www.aljazeera.net/news/2026/4/27/%d8%b5%d9%88%d8%b1-%d9%81%d8%b6%d8%a7%d8%a6%d9%8a%d8%a9-%d8%aa%d9%83%d8%b4%d9%81-%d8%a3%d8%b6%d8%b1%d8%a7%d8%b1%d8%a7-%d9%88%d8%a7%d8%b3%d8%b9%d8%a9-%d9%81%d9%8a-%d8%ad%d8%a7%d9%85%d9%8a%d8%a9,1,0.3386
https://www.aljazeera.net/news/2026/4/27/%d8%b9%d8%b1%d8%a7%d9%82%d8%ac%d9%8a-%d9%8a%d9%84%d8%aa%d9%82%d9%8a-%d8%a8%d9%88%d8%aa%d9%8a%d9%86-%d8%a7%d9%84%d9%8a%d9%88%d9%85-%d8%a8%d8%b9%d8%af-%d8%b2%d9%8a%d8%a7%d8%b1%d8%a9,0,0.7279
https://www.aljazeera.net/news/2026/4/27/%d9%84%d9%85%d8%a7%d8%b0%d8%a7-%d8%aa%d8%ad%d9%88%d9%84%d8%aa-%d8%aa%d8%ba%d8%b1%d9%8a%d8%af%d8%a9-%d8%a3%d9%88%d8%a8%d8%a7%d9%85%d8%a7-%d8%b9%d9%86-%d8%a7%d8%b3%d8%aa%d9%87%d8%af%d8%a7%d9%81,0,0.9059
https://www.aljazeera.net/news/2026/4/27/%d8%a7%d9%84%d9%84%d8%b7%d9%85%d8%a7%d8%a1-%d9%81%d9%8a-%d8%ba%d8%b2%d8%a9-%d8%b9%d9%85%d9%84-%d8%b4%d8%a7%d9%82-%d9%88%d8%ae%d9%88%d9%81-%d8%af%d8%a7%d8%a6%d9%85-%d9%85%d9%86,3,1.0
https://www.aljazeera.net/news/2026/4/27/%d8%a7%d9%84%d8%ad%d9%88%d8%ab%d9%8a-%d9%8a%d8%aa%d9%87%d9%85-%d8%a5%d8%b3%d8%b1%d8%a7%d8%a6%d9%8a%d9%84-%d8%a8%d8%a7%d8%b3%d8%aa%d8%ba%d9%84%d8%a7%d9%84-%d8%ad%d8%b1%d8%a8,-1,0.0
https://www.aljazeera.net/news/2026/4/27/%d8%a8%d8%b9%d8%af-%d9%85%d9%82%d8%aa%d9%84-%d9%88%d8%b2%d9%8a%d8%b1-%d8%a7%d9%84%d8%af%d9%81%d8%a7%d8%b9-%d9%88%d8%a5%d8%b9%d9%84%d8%a7%d9%86-%d8%a7%d9%84%d8%ad%d8%af%d8%a7%d8%af-%d9%85%d8%a7,5,0.9658
https://www.aljazeera.net/news/2026/4/27/%d8%a7%d9%84%d9%82%d9%86%d8%a7%d8%a9-12-%d8%b3%d9%82%d9%88%d8%b7-%d9%82%d8%b0%d9%8a%d9%81%d8%a9-%d8%a3%d8%b7%d9%84%d9%82%d8%aa-%d9%85%d9%86-%d9%84%d8%a8%d9%86%d8%a7%d9%86-%d9%81%d9%8a,2,0.6206
https://www.aljazeera.net/news/2026/4/27/%d8%a8%d8%a7%d9%84%d8%b5%d9%88%d8%b1-%d9%88%d8%a7%d9%84%d8%ae%d8%b1%d8%a7%d8%a6%d8%b7-%d9%83%d9%8a%d9%81-%d8%aa%d9%85%d8%ad%d9%88-%d8%a5%d8%b3%d8%b1%d8%a7%d8%a6%d9%8a%d9%84-%d9%87%d9%88%d9%8a%d8%a9,-1,0.0
https://www.aljazeera.net/news/2026/4/27/%d9%81%d9%8a-%d8%a7%d8%aa%d8%ac%d8%a7%d9%87-%d9%8a%d8%ae%d8%a7%d9%84%d9%81-%d8%a5%d8%b1%d8%a7%d8%af%d8%a9-%d8%aa%d8%b1%d8%a7%d9%85%d8%a8-%d8%a7%d9%84%d8%a3%d9%85%d8%b1%d9%8a%d9%83%d9%8a%d9%88%d9%86,11,0.872
https://www.aljazeera.net/news/2026/4/27/%d8%aa%d9%88%d9%82%d9%81-%d9%85%d8%ad%d8%b7%d8%a9-%d8%a7%d9%84%d8%ad%d8%b3%d9%86-%d9%8a%d9%81%d8%a7%d9%82%d9%85-%d8%a3%d8%b2%d9%85%d8%a9-%d8%a7%d9%84%d9%85%d9%8a%d8%a7%d9%87,3,1.0
https://www.aljazeera.net/news/2026/4/27/%d8%b9%d8%b1%d8%a7%d8%a8-%d8%a7%d9%84%d8%aa%d8%ad%d8%a7%d9%84%d9%81-%d9%85%d8%b9-%d8%b1%d9%88%d8%b3%d9%8a%d8%a7-%d9%85%d8%a7%d8%b0%d8%a7-%d9%8a%d8%b9%d9%86%d9%8a,5,0.8061
https://www.aljazeera.net/news/2026/4/27/%d8%a3%d9%88%d9%83%d8%b1%d8%a7%d9%86%d9%8a%d8%a7-%d9%82%d8%b5%d9%81-%d8%b1%d9%88%d8%b3%d9%8a-%d9%85%d9%83%d8%ab%d9%81-%d9%8a%d8%b6%d8%b1%d8%a8-%d8%b3%d9%88%d9%85%d9%8a,12,1.0
https://www.aljazeera.net/news/2026/4/27/%d9%83%d9%8a%d9%81-%d9%8a%d9%84%d8%ad%d9%82-%d8%ad%d8%b2%d8%a8-%d8%a7%d9%84%d9%84%d9%87-%d8%ae%d8%b3%d8%a7%d8%a6%d8%b1-%d9%83%d8%a8%d9%8a%d8%b1%d8%a9-%d8%a8%d9%82%d9%88%d8%a7%d8%aa,2,0.5887
https://www.aljazeera.net/news/2026/4/27/%d8%ba%d8%b2%d8%a9-%d8%ad%d8%b1%d8%a8-%d9%84%d9%85-%d8%aa%d8%aa%d9%88%d9%82%d9%81-%d9%84%d9%83%d9%86-%d8%aa%d8%ba%d9%8a%d8%b1%d8%aa-%d8%a3%d8%b4%d9%83%d8%a7%d9%84%d9%87%d8%a7,3,0.9713
https://www.aljazeera.net/news/2026/4/27/%d9%84%d9%85%d8%a7%d8%b0%d8%a7-%d8%ba%d9%8a%d8%b1%d8%aa-%d8%a5%d9%8a%d8%b1%d8%a7%d9%86-%d8%a5%d8%b3%d8%aa%d8%b1%d8%a7%d8%aa%d9%8a%d8%ac%d9%8a%d8%aa%d9%87%d8%a7,0,1.0
https://www.aljazeera.net/news/2026/4/27/%d8%a8%d9%88%d8%aa%d9%8a%d9%86-%d8%a8%d9%88%d8%ad%d8%af%d8%aa%d9%86%d8%a7-%d9%88%d8%a7%d8%ac%d9%87%d9%86%d8%a7-%d8%a7%d9%84%d8%aa%d8%ad%d8%af%d9%8a%d8%a7%d8%aa,-1,0.0
https://www.aljazeera.net/news/2026/4/27/%d8%aa%d8%ad%d8%a7%d9%84%d9%81-%d8%a7%d9%84%d8%ad%d8%b1%d8%a8-%d8%a7%d9%84%d9%85%d9%82%d8%af%d8%b3%d8%a9-%d8%ae%d8%a7%d8%b1%d8%b7%d8%a9-%d8%b7%d8%b1%d9%8a%d9%82,-1,0.0
https://www.aljazeera.net/news/2026/4/27/%d8%a7%d9%84%d8%a8%d8%ad%d8%ab-%d8%b9%d9%86-%d9%83%d8%a8%d8%b4-%d9%81%d8%af%d8%a7%d8%a1-%d9%83%d9%8a%d9%81-%d9%8a%d8%ad%d9%85%d9%84-%d9%86%d8%aa%d9%86%d9%8a%d8%a7%d9%87%d9%88,-1,0.0
https://www.aljazeera.net/news/2026/4/27/%d8%a7%d9%84%d8%b3%d9%84%d8%b7%d8%a7%d8%aa-%d8%a7%d9%84%d8%a3%d9%85%d8%b1%d9%8a%d9%83%d9%8a%d8%a9-%d8%aa%d8%b9%d9%8a%d8%af-%d8%a7%d8%ad%d8%aa%d8%ac%d8%a7%d8%b2-%d8%a3%d8%b3%d8%b1%d8%a9,11,1.0
https://www.aljazeera.net/news/2026/4/27/%d8%a7%d9%84%d8%ae%d8%b7%d9%88%d8%b7-%d8%a7%d9%84%d9%82%d8%b7%d8%b1%d9%8a%d8%a9-%d8%aa%d9%88%d8%b3%d8%b9-%d8%b9%d8%af%d8%af-%d8%a7%d9%84%d9%88%d8%ac%d9%87%d8%a7%d8%aa,-1,0.0
https://www.aljazeera.net/news/2026/4/27/%d8%a7%d9%84%d9%85%d8%b3%d8%aa%d8%b4%d8%a7%d8%b1-%d8%a7%d9%84%d8%a3%d9%84%d9%85%d8%a7%d9%86%d9%8a-%d9%8a%d9%87%d8%a7%d8%ac%d9%85-%d8%a5%d8%b3%d8%aa%d8%b1%d8%a7%d8%aa%d9%8a%d8%ac%d9%8a%d8%a9,0,1.0
https://www.aljazeera.net/news/2026/4/27/%d9%86%d8%b9%d9%8a%d9%85-%d9%82%d8%a7%d8%b3%d9%85-%d9%8a%d9%86%d8%aa%d9%82%d8%af-%d8%a7%d9%84%d8%af%d9%88%d9%84%d8%a9-%d8%a7%d9%84%d9%84%d8%a8%d9%86%d8%a7%d9%86%d9%8a%d8%a9,8,0.9437
https://www.aljazeera.net/news/2026/4/27/%d8%b9%d8%a7%d8%ac%d9%84-%d8%a7%d9%84%d8%b1%d8%a6%d9%8a%d8%b3-%d8%a7%d9%84%d8%b1%d9%88%d8%b3%d9%8a-%d9%81%d9%84%d8%a7%d8%af%d9%85%d9%8a%d8%b1-%d8%a8%d9%88%d8%aa%d9%8a%d9%86,-1,0.0
https://www.aljazeera.net/news/2026/4/27/%d9%85%d8%b4%d8%a7%d9%87%d8%af-%d8%aa%d8%b1%d8%a8%d9%83-%d8%a5%d8%b3%d8%b1%d8%a7%d8%a6%d9%8a%d9%84-%d9%88%d8%ad%d8%af%d8%a9-%d8%a7%d9%84%d8%a5%d9%86%d9%82%d8%a7%d8%b0-%d9%81%d9%8a,-1,0.0
https://www.aljazeera.net/news/2026/4/27/%d9%85%d8%ad%d8%a7%d9%83%d9%85%d8%a9-%d8%a7%d9%84%d9%85%d8%b4%d8%aa%d8%a8%d9%87-%d8%a8%d9%87,-1,0.0
https://www.aljazeera.net/news/2026/4/27/%d9%85%d8%b7%d8%a7%d9%84%d8%a8-%d8%af%d9%88%d9%84%d9%8a%d8%a9-%d8%a8%d8%a7%d9%84%d8%aa%d8%ad%d9%82%d9%8a%d9%82-%d9%81%d9%8a-%d8%a7%d8%ba%d8%aa%d9%8a%d8%a7%d9%84-%d9%82%d9%8a%d8%a7%d8%af%d9%8a,-1,0.0
https://www.aljazeera.net/news/2026/4/27/%d8%a7%d9%84%d8%a8%d8%ad%d8%b1%d9%8a%d9%86-%d8%aa%d8%b3%d8%ad%d8%a8-%d8%a7%d9%84%d8%ac%d9%86%d8%b3%d9%8a%d8%a9-%d9%85%d9%86-69-%d8%b4%d8%ae%d8%b5%d8%a7-%d8%a8%d8%aa%d9%87%d9%85%d8%a9,4,0.4627
https://www.aljazeera.net/news/2026/4/27/%d8%b9%d8%a7%d8%ac%d9%84-%d9%88%d9%83%d8%a7%d9%84%d8%a9-%d8%a7%d9%84%d8%a3%d9%86%d8%a8%d8%a7%d8%a1-%d8%a7%d9%84%d8%b9%d8%b1%d8%a7%d9%82%d9%8a%d8%a9-%d8%a7%d9%84%d9%85%d8%ac%d9%84%d8%b3,13,1.0
https://www.aljazeera.net/news/2026/4/27/%d8%a3%d8%b3%d8%b7%d9%88%d9%84-%d8%a7%d9%84%d8%b5%d9%85%d9%88%d8%af-%d9%8a%d8%b3%d8%aa%d9%83%d9%85%d9%84-%d8%b1%d8%ad%d9%84%d8%aa%d9%87-%d8%a8%d8%a7%d8%aa%d8%ac%d8%a7%d9%87-%d8%ba%d8%b2%d8%a9,-1,0.0
https://www.aljazeera.net/news/2026/4/27/%d9%83%d9%88%d8%b1%d9%8a%d8%a7-%d8%a7%d9%84%d8%b4%d9%85%d8%a7%d9%84%d9%8a%d8%a9-16,-1,0.0
https://www.aljazeera.net/news/2026/4/27/%d8%af%d9%85%d8%a7%d8%b1-%d9%8a%d8%b7%d8%a7%d9%84-%d9%85%d9%88%d8%a7%d9%82%d8%b9-%d9%85%d8%af%d9%86%d9%8a%d8%a9-%d9%88%d8%af%d9%8a%d9%86%d9%8a%d8%a9-%d9%81%d9%8a-%d8%a7%d9%84%d9%82%d9%88%d8%b2%d8%ad,2,0.9528
https://www.aljazeera.net/news/2026/4/27/%d8%aa%d9%84%d9%88%d9%8a%d8%ad-%d8%a3%d9%88%d9%83%d8%b1%d8%a7%d9%86%d9%8a-%d8%a8%d9%85%d9%82%d8%a7%d8%b6%d8%a7%d8%a9-%d8%a5%d8%b3%d8%b1%d8%a7%d8%a6%d9%8a%d9%84-%d8%a8%d8%b3%d8%a8%d8%a8,12,0.7011
https://www.aljazeera.net/news/2026/4/27/%d8%af%d8%a8%d9%84%d9%88%d9%85%d8%a7%d8%b3%d9%8a%d8%a9-%d8%a7%d9%84%d9%8a%d9%88%d8%b1%d8%a7%d9%86%d9%8a%d9%88%d9%85-%d8%a3%d9%8a-%d8%a3%d9%88%d8%b1%d8%a7%d9%82,0,0.8136
https://www.aljazeera.net/news/2026/4/27/%d9%85%d8%ad%d9%83%d9%85%d8%a9-%d8%a3%d9%85%d8%b1%d9%8a%d9%83%d9%8a%d8%a9-%d8%aa%d8%aa%d9%87%d9%85-%d9%85%d9%87%d8%a7%d8%ac%d9%85-%d8%ad%d9%81%d9%84-%d9%85%d8%b1%d8%a7%d8%b3%d9%84%d9%8a,-1,0.0
https://www.aljazeera.net/news/2026/4/27/%d9%85%d8%a7%d8%b0%d8%a7-%d8%ad%d8%af%d8%ab-%d9%81%d9%8a-%d8%a7%d9%84%d8%b3%d8%a7%d8%b9%d8%a7%d8%aa-%d8%a7%d9%84%d8%a3%d8%ae%d9%8a%d8%b1%d8%a9-%d9%82%d8%a8%d9%84-%d8%aa%d8%b1%d8%b4%d9%8a%d8%ad,-1,0.0
https://www.aljazeera.net/news/2026/4/27/%d9%88%d9%88%d9%84-%d8%b3%d8%aa%d8%b1%d9%8a%d8%aa-%d8%ac%d9%88%d8%b1%d9%86%d8%a7%d9%84-%d8%b9%d8%b1%d8%b6-%d8%a5%d9%8a%d8%b1%d8%a7%d9%86%d9%8a-%d8%ac%d8%af%d9%8a%d8%af-%d8%a8%d9%81%d8%aa%d8%ad,0,1.0
https://www.aljazeera.net/news/2026/4/27/%d8%ac%d9%86%d9%88%d8%a8-%d8%a7%d9%84%d8%b3%d9%88%d8%af%d8%a7%d9%86-%d9%85%d9%82%d8%aa%d9%84-14-%d8%b4%d8%ae%d8%b5%d8%a7-%d8%a8%d8%aa%d8%ad%d8%b7%d9%85-%d8%b7%d8%a7%d8%a6%d8%b1%d8%a9,10,0.5555
https://www.aljazeera.net/news/2026/4/27/%d9%87%d8%a2%d8%b1%d8%aa%d8%b3-%d8%a3%d8%b2%d9%85%d8%a9-%d8%ad%d8%a7%d8%af%d8%a9-%d8%a8%d9%8a%d9%86-%d8%b1%d8%a6%d9%8a%d8%b3-%d8%a7%d9%84%d8%b4%d8%a7%d8%a8%d8%a7%d9%83-%d9%88%d9%83%d8%a8%d8%a7%d8%b1,-1,0.0
https://www.aljazeera.net/news/2026/4/27/%d8%aa%d8%b6%d9%84%d9%8a%d9%84-%d9%85%d9%86%d8%b8%d9%85-%d9%81%d8%a7%d9%86%d8%b3-%d9%8a%d8%b4%d9%83%d9%83-%d9%81%d9%8a-%d9%85%d8%b9%d9%84%d9%88%d9%85%d8%a7%d8%aa,0,0.966
https://www.aljazeera.net/news/2026/4/26/%d9%86%d8%aa%d9%86%d9%8a%d8%a7%d9%87%d9%88-%d9%8a%d8%a3%d9%85%d8%b1-%d8%a8%d9%87%d8%ac%d9%85%d8%a7%d8%aa-%d9%82%d9%88%d9%8a%d8%a9-%d8%a8%d9%84%d8%a8%d9%86%d8%a7%d9%86,8,0.4574
https://www.aljazeera.net/news/2026/4/26/%d9%85%d8%a7-%d8%af%d9%84%d8%a7%d9%84%d8%a7%d8%aa-%d8%aa%d8%b2%d8%a7%d9%85%d9%86-%d8%a7%d8%b9%d8%aa%d9%82%d8%a7%d9%84-%d8%b3%d9%81%d8%a7%d8%ad-%d8%a7%d9%84%d8%aa%d8%b6%d8%a7%d9%85%d9%86,6,0.8209
https://www.aljazeera.net/news/2026/4/26/%d8%a8%d8%af%d8%a1-%d9%81%d8%b1%d8%b2-%d8%a7%d9%84%d8%a3%d8%b5%d9%88%d8%a7%d8%aa-%d8%a8%d8%a7%d9%84%d8%a7%d9%86%d8%aa%d8%ae%d8%a7%d8%a8%d8%a7%d8%aa-%d8%a7%d9%84%d9%85%d8%ad%d9%84%d9%8a%d8%a9,3,0.492
https://www.aljazeera.net/news/2026/4/26/%d9%85%d8%ac%d8%b2%d8%b1%d8%a9-%d8%a7%d9%84%d8%aa%d8%b6%d8%a7%d9%85%d9%86-%d8%af%d9%85%d8%a7%d8%a1-%d9%81%d9%84%d8%b3%d8%b7%d9%8a%d9%86%d9%8a%d8%a9-%d9%88%d8%b3%d9%88%d8%b1%d9%8a%d8%a9,6,0.6907
https://www.aljazeera.net/news/2026/4/26/%d8%a7%d8%b3%d8%aa%d9%85%d8%b1-20-%d8%b3%d8%a7%d8%b9%d8%a9-%d8%b9%d8%b4%d8%b1%d8%a7%d8%aa-%d8%a7%d9%84%d9%82%d8%aa%d9%84%d9%89-%d9%88%d8%a7%d9%84%d8%ac%d8%b1%d8%ad%d9%89-%d9%81%d9%8a,12,1.0
https://www.aljazeera.net/news/2026/4/26/%d8%ad%d8%b1%d8%a8-%d8%a5%d9%8a%d8%b1%d8%a7%d9%86-%d9%87%d9%88%d8%aa-%d8%a8%d8%a3%d8%b3%d9%87%d9%85%d9%87-%d8%a7%d9%84%d8%ac%d9%85%d9%87%d9%88%d8%b1%d9%8a%d9%88%d9%86,0,1.0
https://www.aljazeera.net/news/2026/4/26/%d8%b9%d8%a7%d8%ac%d9%84-%d8%a3%d9%83%d8%b3%d9%8a%d9%88%d8%b3-%d8%a5%d8%ac%d9%84%d8%a7%d8%a1-%d8%a7%d9%84%d8%b1%d8%a6%d9%8a%d8%b3-%d8%aa%d8%b1%d9%85%d8%a8-%d9%85%d9%86-%d8%ad%d9%81%d9%84,-1,0.0
https://www.aljazeera.net/news/2026/4/26/%d8%a7%d8%b1%d8%aa%d9%81%d8%a7%d8%b9-%d8%a7%d9%84%d8%a3%d8%b3%d8%b9%d8%a7%d8%b1-%d9%88%d9%87%d8%a7%d8%ac%d8%b3-%d8%b4%d8%ad-%d8%a7%d9%84%d9%85%d9%88%d8%a7%d8%af,0,1.0
https://www.aljazeera.net/news/2026/4/26/%d8%ba%d8%a7%d8%b1%d8%a7%d8%aa-%d8%a5%d8%b3%d8%b1%d8%a7%d8%a6%d9%8a%d9%84%d9%8a%d8%a9-%d8%b9%d9%84%d9%89-%d8%ac%d9%86%d9%88%d8%a8-%d9%84%d8%a8%d9%86%d8%a7%d9%86-%d8%a8%d8%b9%d8%af,2,0.9003
https://www.aljazeera.net/news/2026/4/26/%d9%87%d9%84-%d8%aa%d8%a8%d8%af%d8%a3-%d8%a7%d9%84%d8%b9%d8%af%d8%a7%d9%84%d8%a9-%d8%a7%d9%84%d8%a7%d9%86%d8%aa%d9%82%d8%a7%d9%84%d9%8a%d8%a9-%d9%81%d9%8a-%d8%b3%d9%88%d8%b1%d9%8a%d8%a7-%d9%85%d8%b9,6,0.8617
https://www.aljazeera.net/news/2026/4/26/%d8%a7%d9%84%d9%82%d8%a7%d8%b9%d8%af%d8%a9-%d9%88%d9%85%d8%aa%d9%85%d8%b1%d8%af%d9%88-%d8%a7%d9%84%d8%b7%d9%88%d8%a7%d8%b1%d9%82-%d9%8a%d8%aa%d8%a8%d9%86%d9%88%d9%86-%d8%a3%d9%83%d8%a8%d8%b1,5,0.714
https://www.aljazeera.net/news/2026/4/26/%d8%a8%d9%8a%d9%86%d9%87%d9%85-%d8%b1%d8%a6%d9%8a%d8%b3-%d8%a7%d9%84%d8%a8%d8%b1%d9%84%d9%85%d8%a7%d9%86-%d8%a3%d9%84%d9%85%d8%a7%d9%86%d9%8a%d8%a7-%d8%aa%d8%aa%d9%87%d9%85,12,0.5026
https://www.aljazeera.net/news/2026/4/26/%d9%85%d9%86-%d8%a8%d9%86%d8%b3%d9%84%d9%81%d8%a7%d9%86%d9%8a%d8%a7-%d8%a5%d9%84%d9%89-%d9%85%d9%84%d8%b9%d8%a8-%d8%a7%d9%84%d8%ba%d9%88%d9%84%d9%81-%d8%ab%d9%85-%d8%b9%d8%b4%d8%a7%d8%a1,-1,0.0
https://www.aljazeera.net/news/2026/4/26/%d8%a8%d8%b9%d8%af-%d8%ad%d8%a7%d8%af%d8%ab-%d8%a7%d9%84%d8%b9%d8%b4%d8%a7%d8%a1-%d9%82%d8%a7%d8%af%d8%a9-%d8%a7%d9%84%d8%b9%d8%a7%d9%84%d9%85-%d9%8a%d8%aa%d8%b6%d8%a7%d9%85%d9%86%d9%88%d9%86,-1,0.0
https://www.aljazeera.net/news/2026/4/26/%d9%85%d8%b4%d8%a7%d9%87%d8%af-%d9%87%d9%84%d8%b9-%d9%88%d8%a5%d8%ac%d9%84%d8%a7%d8%a1-%d9%85%d8%a7%d8%b0%d8%a7-%d8%a3%d8%b8%d9%87%d8%b1%d8%aa-%d8%a7%d9%84%d9%85%d9%82%d8%a7%d8%b7%d8%b9,-1,0.0
https://www.aljazeera.net/news/2026/4/26/%d9%85%d9%86-%d9%87%d9%88-%d8%a7%d9%84%d9%85%d8%aa%d9%87%d9%85-%d8%a7%d9%84%d9%85%d9%88%d9%82%d9%88%d9%81-%d9%81%d9%8a-%d9%87%d8%ac%d9%88%d9%85-%d9%81%d9%86%d8%af%d9%82,-1,0.0
https://www.aljazeera.net/news/2026/4/26/%d8%a7%d9%86%d8%a8%d8%b7%d8%ad%d9%88%d8%a7-%d8%a3%d8%b1%d8%b6%d8%a7-%d8%b0%d8%b9%d8%b1-%d9%88%d9%81%d9%88%d8%b6%d9%89-%d8%a8%d8%ad%d9%81%d9%84-%d8%b9%d8%b4%d8%a7%d8%a1,-1,0.0
https://www.aljazeera.net/news/2026/4/26/%d8%b5%d9%88%d8%b1-%d9%85%d9%86-%d8%b9%d8%b4%d8%a7%d8%a1-%d8%a7%d9%84%d8%a8%d9%8a%d8%aa-%d8%a7%d9%84%d8%a3%d8%a8%d9%8a%d8%b6-%d9%84%d8%ad%d8%b8%d8%a7%d8%aa,-1,0.0
https://www.aljazeera.net/news/2026/4/26/%d8%a3%d9%85%d8%ac%d8%af-%d9%8a%d9%88%d8%b3%d9%81-%d9%85%d8%a7%d8%b0%d8%a7-%d9%83%d8%b4%d9%81-%d8%ac%d8%b2%d8%a7%d8%b1-%d8%a7%d9%84%d8%aa%d8%b6%d8%a7%d9%85%d9%86-%d8%b9%d9%86,6,0.7489
https://www.aljazeera.net/news/2026/4/26/%d8%aa%d8%b1%d9%85%d8%a8-%d9%8a%d9%86%d8%ac%d9%88-%d9%85%d9%86-%d9%85%d8%ad%d8%a7%d9%88%d9%84%d8%a9-%d8%a7%d8%b9%d8%aa%d8%af%d8%a7%d8%a1-%d9%85%d8%b3%d9%84%d8%ad-%d9%81%d9%8a,-1,0.0
https://www.aljazeera.net/news/2026/4/26/%d8%aa%d8%b1%d9%85%d8%a8-%d9%8a%d8%b3%d8%aa%d8%ba%d9%84-%d8%a7%d9%84%d8%ad%d8%a7%d8%af%d8%ab-%d9%84%d9%84%d8%aa%d8%b1%d9%88%d9%8a%d8%ac-%d9%84%d9%82%d8%a7%d8%b9%d8%a9,-1,0.0
https://www.aljazeera.net/news/2026/4/26/%d8%b1%d8%b9%d8%a8-%d8%a8%d8%a7%d9%84%d9%87%d9%8a%d9%84%d8%aa%d9%88%d9%86-%d9%83%d9%8a%d9%81-%d8%aa%d8%ad%d9%88%d9%84-%d9%85%d8%b9%d9%84%d9%85-%d8%a7%d9%84%d8%b4%d9%87%d8%b1-%d8%a5%d9%84%d9%89,-1,0.0
https://www.aljazeera.net/news/2026/4/26/%d8%b1%d8%ba%d9%85-%d9%82%d8%b1%d8%a7%d8%b1-%d9%82%d8%b6%d8%a7%d8%a6%d9%8a-%d8%a8%d8%a7%d9%84%d8%a5%d9%81%d8%b1%d8%a7%d8%ac-%d8%b9%d9%86%d9%87%d8%a7-%d8%a7%d9%84%d8%b3%d9%84%d8%b7%d8%a7%d8%aa,11,1.0
https://www.aljazeera.net/news/2026/4/26/%d8%a7%d9%86%d8%b7%d9%84%d8%a7%d9%82-%d9%85%d8%ad%d8%a7%d9%83%d9%85%d8%a9-%d8%b9%d8%a7%d8%b7%d9%81-%d9%86%d8%ac%d9%8a%d8%a8-%d9%81%d9%8a-%d8%af%d9%85%d8%b4%d9%82,6,0.8718
https://www.aljazeera.net/news/2026/4/26/%d8%a8%d9%8a%d9%86%d9%87%d9%85-%d8%b7%d9%81%d9%84-4-%d8%b4%d9%87%d8%af%d8%a7%d8%a1-%d9%81%d9%8a-%d9%82%d8%b5%d9%81-%d8%a5%d8%b3%d8%b1%d8%a7%d8%a6%d9%8a%d9%84%d9%8a,3,1.0
https://www.aljazeera.net/news/2026/4/26/%d9%83%d9%8a%d9%81-%d8%aa%d9%87%d8%af%d8%af-%d8%ad%d8%b1%d8%a8-%d8%a5%d9%8a%d8%b1%d8%a7%d9%86-%d9%82%d9%88%d8%a9-%d8%a7%d9%84%d8%b1%d8%af%d8%b9-%d8%a7%d9%84%d8%a3%d9%85%d8%b1%d9%8a%d9%83%d9%8a%d8%a9,0,0.966
https://www.aljazeera.net/news/2026/4/26/%d9%85%d8%a7-%d8%a7%d9%84%d8%b5%d9%8a%d8%ba%d8%a9-%d8%a7%d9%84%d9%88%d8%b3%d8%b7%d9%8a%d8%a9-%d8%a7%d9%84%d9%85%d9%82%d8%aa%d8%b1%d8%ad%d8%a9-%d9%84%d8%ad%d9%84,0,1.0
https://www.aljazeera.net/news/2026/4/26/%d8%b3%d9%88%d8%b1%d9%8a%d8%a7-%d8%aa%d9%88%d8%ba%d9%84-%d8%a5%d8%b3%d8%b1%d8%a7%d8%a6%d9%8a%d9%84%d9%8a-%d8%a8%d8%a3%d8%b7%d8%b1%d8%a7%d9%81-%d9%82%d8%b1%d9%8a%d8%a9-%d9%81%d9%8a,6,0.6466
https://www.aljazeera.net/news/2026/4/26/%d8%aa%d8%b5%d8%b9%d9%8a%d8%af-%d9%85%d8%aa%d8%a8%d8%a7%d8%af%d9%84-%d9%82%d8%aa%d9%84%d9%89-%d9%81%d9%8a-%d8%a3%d9%88%d9%83%d8%b1%d8%a7%d9%86%d9%8a%d8%a7-%d9%88%d8%b6%d8%b1%d8%a8%d8%a7%d8%aa,12,1.0
https://www.aljazeera.net/news/2026/4/26/%d8%b2%d9%8a%d9%86%d8%a8-%d9%81%d8%b1%d8%ac-%d8%aa%d8%b1%d9%88%d9%8a-%d9%84%d8%ad%d8%b8%d8%a7%d8%aa-%d9%85%d9%82%d8%aa%d9%84-%d8%b2%d9%85%d9%8a%d9%84%d8%aa%d9%87%d8%a7,2,0.9209
https://www.aljazeera.net/news/2026/4/26/%d8%a8%d9%8a%d8%a7%d9%86%d8%a7%d8%aa-%d9%85%d9%84%d8%a7%d8%ad%d9%8a%d8%a9-%d9%84%d9%85%d9%88%d8%ac%d8%a9-%d8%ac%d8%af%d9%8a%d8%af%d8%a9-%d9%85%d9%86-%d8%a7%d9%84%d8%ac%d8%b3%d8%b1,-1,0.0
https://www.aljazeera.net/news/2026/4/26/%d8%a7%d9%84%d8%a7%d8%ad%d8%aa%d9%84%d8%a7%d9%84-%d9%8a%d8%b6%d9%8a%d9%82-%d8%a7%d9%84%d8%ae%d9%86%d8%a7%d9%82-%d8%b9%d9%84%d9%89-%d8%a8%d9%84%d8%af%d8%a9-%d8%b3%d9%84%d9%88%d8%a7%d9%86,15,0.3952
https://www.aljazeera.net/news/2026/4/26/%d8%a7%d9%84%d8%b6%d9%81%d8%a9-%d8%a7%d9%84%d8%ba%d8%b1%d8%a8%d9%8a%d8%a9-%d8%aa%d8%ad%d8%aa-%d8%a7%d9%84%d9%86%d8%a7%d8%b1-%d8%a5%d8%b5%d8%a7%d8%a8%d8%a7%d8%aa,15,1.0
https://www.aljazeera.net/news/2026/4/26/%d8%aa%d9%82%d8%b1%d9%8a%d8%b1-%d8%aa%d9%88%d8%ab%d9%8a%d9%82%d9%8a-%d9%88%d8%a3%d8%b1%d8%b4%d9%8a%d9%81-%d8%b1%d9%82%d9%85%d9%8a-%d9%84%d9%84%d8%a5%d8%a8%d8%a7%d8%af%d8%a9,3,0.5751
https://www.aljazeera.net/news/2026/4/26/%d8%a3%d9%8a-%d8%ad%d8%b2%d8%a7%d9%85-%d8%a3%d9%85%d9%86%d9%8a-%d9%84%d9%86-%d9%8a%d9%85%d9%86%d8%b9-%d8%aa%d9%81%d8%b9%d9%8a%d9%84%d9%87%d8%a7-%d8%ad%d8%b2%d8%a8-%d8%a7%d9%84%d9%84%d9%87,2,0.6041
https://www.aljazeera.net/news/2026/4/26/%d9%84%d9%85%d8%a7%d8%b0%d8%a7-%d8%a3%d9%82%d8%a7%d9%85-%d8%a7%d9%84%d8%a7%d8%ad%d8%aa%d9%84%d8%a7%d9%84-%d9%85%d9%86%d8%a7%d8%b7%d9%82-%d9%85%d8%ad%d8%b8%d9%88%d8%b1%d8%a9,2,0.6041
https://www.aljazeera.net/news/2026/4/26/%d8%a5%d8%b9%d9%84%d8%a7%d9%86-%d8%a7%d9%84%d9%86%d8%aa%d8%a7%d8%a6%d8%ac-%d8%a7%d9%84%d8%a3%d9%88%d9%84%d9%8a%d8%a9-%d9%84%d9%84%d8%a7%d9%86%d8%aa%d8%ae%d8%a7%d8%a8%d8%a7%d8%aa-2,-1,0.0
https://www.aljazeera.net/news/2026/4/26/%d9%85%d9%81%d8%a7%d9%88%d8%b6%d8%a7%d8%aa-%d9%88%d8%a7%d8%b4%d9%86%d8%b7%d9%86-%d9%88%d8%b7%d9%87%d8%b1%d8%a7%d9%86,0,1.0
https://www.aljazeera.net/news/2026/4/26/%d8%a7%d9%84%d8%a7%d8%ad%d8%aa%d9%84%d8%a7%d9%84-%d9%8a%d9%84%d8%a7%d8%ad%d9%82-%d8%b5%d9%8a%d8%a7%d8%af%d9%8a-%d8%ba%d8%b2%d8%a9-%d9%88%d9%8a%d8%ba%d8%b1%d9%82,3,0.882
https://www.aljazeera.net/news/2026/4/26/%d8%aa%d8%ac%d8%af%d8%af-%d8%a7%d9%84%d9%82%d8%aa%d8%a7%d9%84-%d9%81%d9%8a-%d9%85%d8%a7%d9%84%d9%8a-%d9%88%d8%a3%d9%86%d8%a8%d8%a7%d8%a1-%d8%b9%d9%86-%d9%85%d9%82%d8%aa%d9%84-%d9%88%d8%b2%d9%8a%d8%b1,5,0.675
https://www.aljazeera.net/news/2026/4/26/%d8%b7%d9%84%d9%82%d8%a7%d8%aa-%d9%86%d8%a7%d8%b1%d9%8a%d8%a9-%d9%87%d9%84-%d8%aa%d9%86%d8%a8%d8%a3%d8%aa-%d9%85%d8%aa%d8%ad%d8%af%d8%ab%d8%a9-%d8%a7%d9%84%d8%a8%d9%8a%d8%aa,0,0.6774
https://www.aljazeera.net/news/2026/4/26/%d9%87%d9%84-%d8%aa%d9%86%d9%87%d8%a7%d8%b1-%d8%ab%d9%82%d8%a9-%d8%a7%d9%84%d8%ac%d9%86%d9%88%d8%a8-%d8%a5%d9%81%d8%b1%d9%8a%d9%82%d9%8a%d9%8a%d9%86-%d8%a8%d8%a3%d9%85%d9%86%d9%87%d9%85,5,0.9269
https://www.aljazeera.net/news/2026/4/26/%d8%a7%d9%84%d9%8a%d9%85%d9%86-%d8%b6%d8%a8%d8%b7-%d8%ae%d9%84%d9%8a%d8%a9-%d8%ae%d8%b7%d8%b7%d8%aa-%d9%84%d8%aa%d9%86%d9%81%d9%8a%d8%b0-%d8%a7%d8%ba%d8%aa%d9%8a%d8%a7%d9%84%d8%a7%d8%aa-%d9%81%d9%8a,-1,0.0
https://www.aljazeera.net/news/2026/4/26/%d8%a5%d8%b3%d8%b1%d8%a7%d8%a6%d9%8a%d9%84-%d8%aa%d8%b9%d9%8a%d9%86-%d8%a3%d9%88%d9%84-%d8%b3%d9%81%d9%8a%d8%b1-%d9%84%d9%87%d8%a7-%d9%81%d9%8a-%d8%a3%d8%b1%d8%b6,-1,0.0
https://www.aljazeera.net/news/2026/4/26/%d9%87%d9%84-%d8%aa%d9%84%d8%ac%d8%a3-%d9%88%d8%a7%d8%b4%d9%86%d8%b7%d9%86-%d9%84%d9%84%d8%af%d9%84%d8%a7%d9%81%d9%8a%d9%86-%d9%84%d8%aa%d8%b7%d9%87%d9%8a%d8%b1-%d9%85%d8%b6%d9%8a%d9%82,0,1.0
https://www.aljazeera.net/news/2026/4/26/%d8%a7%d9%84%d9%85%d8%ad%d8%a7%d9%85%d9%8a-%d8%a7%d9%84%d8%b9%d8%a7%d9%85-%d8%a8%d8%af%d9%85%d8%b4%d9%82-%d9%85%d8%ad%d8%a7%d9%83%d9%85%d8%a9-%d8%b9%d8%a7%d8%b7%d9%81-%d9%86%d8%ac%d9%8a%d8%a8,6,0.9109
https://www.aljazeera.net/news/2026/4/26/%d8%a3%d9%85%d8%b1%d9%8a%d9%83%d8%a7-%d9%88%d8%a5%d9%8a%d8%b1%d8%a7%d9%86-%d9%85%d9%86-%d9%8a%d9%85%d8%aa%d9%84%d9%83-%d8%a7%d9%84%d9%86%d9%81%d8%b3-%d8%a7%d9%84%d8%a3%d8%b7%d9%88%d9%84-%d9%81%d9%8a,0,1.0
https://www.aljazeera.net/news/2026/4/26/%d8%a7%d8%b3%d8%aa%d9%8a%d8%b1%d8%a7%d8%af-%d8%a8%d8%b4%d8%b1%d9%8a-%d8%a8%d8%ba%d8%b7%d8%a7%d8%a1-%d8%af%d9%8a%d9%86%d9%8a-%d8%aa%d9%81%d8%a7%d8%b9%d9%84-%d9%88%d8%a7%d8%b3%d8%b9,-1,0.0
https://www.aljazeera.net/news/2026/4/26/4-%d8%b3%d9%81%d9%86-%d9%81%d9%82%d8%b7-%d8%aa%d8%b9%d8%a8%d8%b1-%d9%87%d8%b1%d9%85%d8%b2-%d8%a8%d9%84%d8%a7-%d9%88%d8%ac%d9%87%d8%a7%d8%aa-%d8%a5%d9%8a%d8%b1%d8%a7%d9%86%d9%8a%d8%a9,0,1.0
https://www.aljazeera.net/news/2026/4/26/%d9%87%d9%86%d8%af%d8%b3%d8%a9-%d8%a7%d9%84%d8%a5%d8%ae%d9%84%d8%a7%d8%a1-%d9%83%d9%8a%d9%81-%d9%8a%d8%ae%d8%b7%d8%b7-%d8%a7%d9%84%d8%a7%d8%ad%d8%aa%d9%84%d8%a7%d9%84,2,0.5266
https://www.aljazeera.net/news/2026/4/26/%d8%ad%d8%b2%d8%a8-%d8%a7%d9%84%d9%84%d9%87-%d9%8a%d8%a4%d9%83%d8%af-%d9%85%d9%88%d8%a7%d8%b5%d9%84%d8%a9-%d8%a7%d8%b3%d8%aa%d9%87%d8%af%d8%a7%d9%81-%d8%a5%d8%b3%d8%b1%d8%a7%d8%a6%d9%8a%d9%84,-1,0.0
https://www.aljazeera.net/news/2026/4/26/%d8%b9%d8%a7%d8%ac%d9%84-%d8%aa%d8%b1%d9%85%d8%a8-%d9%84%d9%81%d9%88%d9%83%d8%b3-%d9%86%d9%8a%d9%88%d8%b2-%d8%b1%d8%a8%d9%85%d8%a7-%d8%aa%d9%82%d8%af%d9%85-%d8%a7%d9%84%d8%b5%d9%8a%d9%86,0,0.7844
https://www.aljazeera.net/news/2026/4/26/%d8%aa%d8%ad%d8%a7%d9%84%d9%81-%d9%85%d9%81%d8%a7%d8%ac%d8%a6-%d8%a8%d9%8a%d9%86-%d8%a8%d9%8a%d9%86%d9%8a%d8%aa-%d9%88%d9%84%d8%a8%d9%8a%d8%af-%d9%84%d9%84%d8%a5%d8%b7%d8%a7%d8%ad%d8%a9,19,1.0
https://www.aljazeera.net/news/2026/4/26/%d9%85%d8%a7-%d8%a7%d9%84%d8%b0%d9%8a-%d9%8a%d8%ad%d8%af%d8%ab-%d9%81%d9%8a-%d9%85%d8%a7%d9%84%d9%8a,5,0.7328
https://www.aljazeera.net/news/2026/4/26/%d8%b9%d8%b1%d8%a7%d9%82%d8%ac%d9%8a-%d9%8a%d8%b9%d9%88%d8%af-%d8%a5%d9%84%d9%89-%d8%a8%d8%a7%d9%83%d8%b3%d8%aa%d8%a7%d9%86-%d9%84%d9%84%d9%85%d8%b1%d8%a9-%d8%a7%d9%84%d8%ab%d8%a7%d9%86%d9%8a%d8%a9,0,0.833
https://www.aljazeera.net/news/2026/4/26/%d8%a7%d9%84%d9%8a%d9%85%d9%86-%d8%a7%d8%b9%d8%aa%d9%82%d8%a7%d9%84-%d9%85%d8%aa%d9%87%d9%85%d9%8a%d9%86-%d8%a8%d8%a7%d8%ba%d8%aa%d9%8a%d8%a7%d9%84-%d8%b6%d8%a7%d8%a8%d8%b7,-1,0.0
https://www.aljazeera.net/news/2026/4/26/%d8%a7%d9%84%d8%b9%d8%b1%d8%a7%d9%82-%d9%81%d9%8a-%d8%b9%d9%86%d9%82-%d8%a7%d9%84%d8%b2%d8%ac%d8%a7%d8%ac%d8%a9-%d8%b3%d9%8a%d9%86%d8%a7%d8%b1%d9%8a%d9%88%d9%87%d8%a7%d8%aa,-1,0.0
https://www.aljazeera.net/news/2026/4/26/%d8%af%d9%85%d9%88%d8%b9-%d8%a3%d9%85%d9%87%d8%a7%d8%aa-%d8%b4%d9%87%d8%af%d8%a7%d8%a1-%d8%af%d8%b1%d8%b9%d8%a7-%d8%aa%d9%84%d8%a7%d8%ad%d9%82-%d8%b9%d8%a7%d8%b7%d9%81-%d9%86%d8%ac%d9%8a%d8%a8,6,0.8431
https://www.aljazeera.net/news/2026/4/26/%d8%aa%d8%b1%d9%85%d8%a8-%d8%a3%d8%aa%d8%ad%d8%af%d8%ab-%d9%85%d8%b9-%d8%a8%d9%88%d8%aa%d9%8a%d9%86-%d9%88%d8%b2%d9%8a%d9%84%d9%8a%d9%86%d8%b3%d9%83%d9%8a-%d9%84%d8%a5%d9%86%d9%87%d8%a7%d8%a1,12,0.3997
https://www.aljazeera.net/news/2026/4/26/%d9%85%d8%a7-%d9%85%d8%b5%d9%8a%d8%b1-%d8%a7%d9%84%d9%87%d8%af%d9%86%d8%a9-%d9%81%d9%8a-%d9%84%d8%a8%d9%86%d8%a7%d9%86-%d9%85%d8%b9-%d8%a7%d8%b3%d8%aa%d9%85%d8%b1%d8%a7%d8%b1,8,0.8712
https://www.aljazeera.net/news/liveblog/2026/4/25/%d8%ad%d8%b1%d8%a8-%d8%a5%d9%8a%d8%b1%d8%a7%d9%86-%d9%85%d8%a8%d8%a7%d8%b4%d8%b1-%d8%b9%d8%b1%d8%a7%d9%82%d8%ac%d9%8a-%d9%81%d9%8a-%d8%a8%d8%a7%d9%83%d8%b3%d8%aa%d8%a7%d9%86,-1,0.0
https://www.aljazeera.net/news/2026/4/25/%d8%a7%d9%84%d9%85%d8%aa%d8%ad%d8%af%d8%ab-%d8%a8%d8%a7%d8%b3%d9%85-%d8%a7%d9%84%d8%af%d8%a7%d8%ae%d9%84%d9%8a%d8%a9-%d8%a7%d9%84%d8%b3%d9%88%d8%b1%d9%8a%d8%a9-%d9%81%d9%8a,6,0.8054
https://www.aljazeera.net/news/2026/4/25/%d8%a5%d9%84%d9%89-%d8%a3%d9%8a-%d9%85%d8%af%d9%89-%d8%aa%d8%b3%d8%aa%d8%b7%d9%8a%d8%b9-%d8%a5%d9%8a%d8%b1%d8%a7%d9%86-%d8%a7%d9%84%d8%b5%d9%85%d9%88%d8%af-%d8%a3%d9%85%d8%a7%d9%85,0,1.0
https://www.aljazeera.net/news/2026/4/25/%d9%88%d8%b2%d8%a7%d8%b1%d8%a9-%d8%a7%d9%84%d8%af%d9%81%d8%a7%d8%b9-%d8%a7%d9%84%d8%a5%d9%8a%d8%b1%d8%a7%d9%86%d9%8a%d8%a9-%d8%a7%d9%84%d8%ac%d8%b2%d8%a1-%d8%a7%d9%84%d8%a3%d9%83%d8%a8%d8%b1,0,1.0
https://www.aljazeera.net/news/2026/4/25/%d8%a7%d9%84%d8%b9%d8%af%d9%84-%d8%a7%d9%84%d8%a3%d9%85%d8%b1%d9%8a%d9%83%d9%8a%d8%a9-%d8%aa%d8%b7%d8%a7%d9%84%d8%a8-%d8%a8%d8%a7%d8%b9%d8%aa%d9%85%d8%a7%d8%af-%d8%b7%d8%b1%d9%82,11,0.5855
https://www.aljazeera.net/news/2026/4/25/%d8%a7%d9%84%d8%b9%d8%b1%d8%a7%d9%82-%d8%b9%d9%84%d9%89-%d8%ad%d8%a7%d9%81%d8%a9-%d9%81%d8%b1%d8%a7%d8%ba-%d8%b3%d9%8a%d8%a7%d8%b3%d9%8a-%d9%85%d8%b9-%d8%a7%d9%82%d8%aa%d8%b1%d8%a7%d8%a8,-1,0.0
https://www.aljazeera.net/news/2026/4/25/%d8%aa%d9%82%d8%b1%d9%8a%d8%b1-%d8%af%d9%88%d9%84%d9%8a-266-%d9%85%d9%84%d9%8a%d9%88%d9%86-%d8%b4%d8%ae%d8%b5-%d9%88%d8%a7%d8%ac%d9%87%d9%88%d8%a7-%d8%a7%d9%84%d8%ac%d9%88%d8%b9,10,0.453
https://www.aljazeera.net/news/2026/4/25/%d9%85%d9%82%d8%aa%d9%84-6-%d8%a3%d8%b4%d8%ae%d8%a7%d8%b5-%d8%a8%d8%ba%d8%a7%d8%b1%d8%a7%d8%aa-%d8%a5%d8%b3%d8%b1%d8%a7%d8%a6%d9%8a%d9%84%d9%8a%d8%a9-%d8%b9%d9%84%d9%89-%d9%84%d8%a8%d9%86%d8%a7%d9%86,-1,0.0
https://www.aljazeera.net/news/2026/4/25/%d8%ba%d8%b2%d8%a9-%d9%83%d8%a7%d8%b1%d8%ab%d8%a9-%d8%b5%d8%ad%d9%8a%d8%a9-%d9%88%d8%b0%d8%ae%d8%a7%d8%a6%d8%b1-%d8%ba%d9%8a%d8%b1-%d9%85%d9%86%d9%81%d8%ac%d8%b1%d8%a9-%d9%88%d8%b4%d8%a8%d8%ad,3,1.0
https://www.aljazeera.net/news/2026/4/25/%d8%a8%d9%8a-1-%d9%88%d8%a5%d8%ae%d9%88%d8%aa%d9%87-%d9%83%d9%8a%d9%81-%d8%a3%d8%b5%d8%a7%d8%a8%d8%aa-%d8%a7%d9%84%d8%ad%d8%b1%d8%a8-%d8%b9%d9%82%d8%af-%d8%a7%d9%84%d9%86%d9%82%d9%84,0,0.79
https://www.aljazeera.net/news/2026/4/25/%d9%85%d8%a6%d8%a7%d8%aa-%d8%a7%d9%84%d8%a3%d9%85%d8%b1%d9%8a%d9%83%d9%8a%d9%8a%d9%86-%d9%85%d9%86-%d8%a3%d8%b5%d9%88%d9%84-%d8%a3%d8%ac%d9%86%d8%a8%d9%8a%d8%a9-%d9%85%d9%87%d8%af%d8%af%d9%88%d9%86,11,1.0
https://www.aljazeera.net/news/2026/4/25/%d8%a3%d9%83%d8%b3%d9%8a%d9%88%d8%b3-%d9%8a%d9%86%d9%82%d9%84-%d8%b9%d9%86-%d9%85%d8%b3%d8%a4%d9%88%d9%84-%d8%b3%d8%a7%d8%a8%d9%82-%d8%b1%d9%87%d8%a8%d8%a9-%d8%aa%d8%b1%d8%a7%d9%85%d8%a8,0,0.8934
https://www.aljazeera.net/news/2026/4/25/%d8%b3%d8%aa%d8%a7%d8%b1%d9%85%d8%b1-%d9%86%d8%b9%d9%85%d9%84-%d8%b9%d9%84%d9%89-%d8%aa%d9%82%d8%af%d9%8a%d9%85-%d9%85%d8%b4%d8%b1%d9%88%d8%b9-%d9%82%d8%a7%d9%86%d9%88%d9%86-%d9%84%d8%ad%d8%b8%d8%b1,0,0.9926
https://www.aljazeera.net/news/2026/4/25/%d8%a7%d9%84%d8%b3%d9%84%d8%b7%d8%a7%d8%aa-%d8%a7%d9%84%d8%aa%d9%88%d9%86%d8%b3%d9%8a%d8%a9-%d8%aa%d9%85%d9%86%d8%b9-%d8%b1%d8%a7%d8%a8%d8%b7%d8%a9-%d8%ad%d9%82%d9%88%d9%82,-1,0.0
https://www.aljazeera.net/news/2026/4/25/%d9%85%d8%b9-%d8%a3%d8%b3%d9%88%d8%a3-%d8%aa%d9%88%d8%aa%d8%b1-%d8%a8%d9%8a%d9%86-%d8%a7%d9%84%d8%a8%d9%84%d8%af%d9%8a%d9%86-%d8%aa%d8%b1%d9%85%d8%a8-%d9%8a%d9%83%d8%b4%d9%81,-1,0.0
https://www.aljazeera.net/news/2026/4/25/%d8%af%d9%8a%d8%b1-%d8%a7%d9%84%d8%a8%d9%84%d8%ad-%d9%88%d8%a7%d9%84%d8%b6%d9%81%d8%a9-%d9%85%d9%84%d9%8a%d9%88%d9%86-%d9%81%d9%84%d8%b3%d8%b7%d9%8a%d9%86%d9%8a-%d9%8a%d8%b4%d8%a7%d8%b1%d9%83,3,0.5096
https://www.aljazeera.net/news/2026/4/25/%d8%b5%d9%88%d8%b1-%d8%ac%d9%86%d9%88%d8%af-%d8%ac%d9%88%d8%b9%d9%89-%d8%aa%d8%b7%d9%8a%d8%ad-%d8%a8%d9%82%d8%a7%d8%a6%d8%af-%d9%88%d8%ad%d8%af%d8%a9-%d8%b9%d8%b3%d9%83%d8%b1%d9%8a%d8%a9,12,1.0
https://www.aljazeera.net/news/2026/4/25/%d9%87%d9%84-%d9%81%d9%82%d8%af%d8%aa-%d8%a5%d9%8a%d8%b1%d8%a7%d9%86-%d8%a7%d9%84%d8%a3%d9%85%d9%84-%d9%81%d9%8a-%d8%a7%d9%84%d8%aa%d9%81%d8%a7%d9%88%d8%b6-%d9%85%d8%b9,0,1.0
https://www.aljazeera.net/news/2026/4/25/%d8%a5%d9%8a%d8%b1%d8%a7%d9%86-%d8%aa%d8%ad%d8%aa%d8%ac%d8%b2-%d8%a7%d9%84%d8%b3%d9%81%d9%8a%d9%86%d8%a9-%d8%a5%d8%a8%d8%a7%d9%85%d9%8a%d9%86%d9%88%d8%af%d8%b3-%d9%88%d8%aa%d9%82%d8%b7%d8%b9,0,1.0
https://www.aljazeera.net/news/2026/4/25/%d9%83%d9%85-%d8%a8%d9%8a%d8%b6%d8%a9-%d9%8a%d8%b3%d8%aa%d9%87%d9%84%d9%83-15-%d8%a3%d9%84%d9%81-%d8%ac%d9%86%d8%af%d9%8a-%d9%8a%d9%88%d9%85%d9%8a%d8%a7-%d9%81%d9%88%d9%82-3,0,0.797
https://www.aljazeera.net/news/2026/4/25/%d8%a8%d8%b9%d8%af-%d8%aa%d9%87%d8%af%d9%8a%d8%af%d8%a7%d8%aa-%d8%a7%d9%84%d8%a8%d9%86%d8%aa%d8%a7%d8%ba%d9%88%d9%86-%d8%aa%d8%b9%d9%84%d9%8a%d9%82-%d8%b9%d8%b6%d9%88%d9%8a%d8%a9,-1,0.0
https://www.aljazeera.net/news/2026/4/25/%d8%a7%d9%84%d9%82%d9%86%d8%a7%d8%a9-12-%d8%aa%d9%86%d8%b3%d9%8a%d9%82-%d8%a5%d8%b3%d8%b1%d8%a7%d8%a6%d9%8a%d9%84%d9%8a-%d8%a3%d9%85%d8%b1%d9%8a%d9%83%d9%8a-%d9%8a%d8%b4%d9%85%d9%84,0,1.0
https://www.aljazeera.net/news/2026/4/25/%d9%84%d8%a7%d9%81%d8%b1%d9%88%d9%81-%d9%8a%d8%aa%d9%87%d9%85-%d9%88%d8%a7%d8%b4%d9%86%d8%b7%d9%86-%d8%a8%d8%a7%d9%84%d8%b3%d8%b9%d9%8a-%d9%84%d9%84%d8%b3%d9%8a%d8%b7%d8%b1%d8%a9-%d8%b9%d9%84%d9%89,-1,0.0
https://www.aljazeera.net/news/2026/4/25/%d8%a8%d9%8a%d9%86-%d8%ac%d8%a8%d8%a7%d9%84-%d8%ad%d9%85%d8%a7%d8%a9-%d9%88%d8%a7%d9%84%d9%85%d9%86%d8%b2%d9%84-%d8%a7%d9%84%d9%85%d9%86%d8%b9%d8%b2%d9%84-%d9%83%d9%8a%d9%81-%d8%b9%d8%a7%d8%b4,6,0.7363
https://www.aljazeera.net/news/2026/4/25/%d9%81%d8%a7%d9%8a%d9%86%d9%86%d8%b4%d8%a7%d9%84-%d8%aa%d8%a7%d9%8a%d9%85%d8%b2-%d8%aa%d8%b1%d8%a7%d8%ac%d8%b9-%d8%ad%d8%a7%d8%af-%d9%81%d9%8a-%d8%aa%d8%af%d9%81%d9%82,3,1.0
https://www.aljazeera.net/news/2026/4/25/%d8%b5%d8%b1%d8%a7%d8%b9-%d8%a7%d9%84%d9%87%d9%88%d9%8a%d8%a9-%d9%81%d9%8a-%d8%a7%d9%84%d9%82%d8%af%d8%b3-%d8%a7%d9%84%d8%b4%d9%8a%d8%ae-%d8%ac%d8%b1%d8%a7%d8%ad-%d9%81%d9%8a,15,0.411
https://www.aljazeera.net/news/2026/4/25/%d8%a7%d9%84%d8%b9%d8%b1%d8%a7%d9%82-%d9%8a%d8%aa%d8%b9%d9%87%d8%af-%d8%a8%d9%85%d9%84%d8%a7%d8%ad%d9%82%d8%a9-%d9%85%d9%86%d9%81%d8%b0%d9%8a-%d9%87%d8%ac%d9%88%d9%85,-1,0.0
https://www.aljazeera.net/news/2026/4/25/%d8%ae%d8%b7%d8%a3-%d8%a8%d8%b1%d9%88%d8%aa%d9%88%d9%83%d9%88%d9%84%d9%8a-%d9%88%d8%a7%d8%b4%d9%86%d8%b7%d9%86-%d8%aa%d8%b1%d8%ad%d8%a8-%d8%a8%d9%85%d9%84%d9%83,-1,0.0
https://www.aljazeera.net/news/2026/4/25/%d8%ba%d8%b2%d9%8a%d9%88%d9%86-%d9%84%d9%85-%d9%86%d8%b9%d8%b1%d9%81-%d8%a7%d9%84%d9%87%d8%af%d9%86%d8%a9-%d9%88%d8%a7%d9%84%d9%82%d8%b5%d9%81-%d9%85%d8%b3%d8%aa%d9%85%d8%b1-%d8%a8%d9%84%d8%a7,3,0.8068
https://www.aljazeera.net/news/2026/4/25/%d8%aa%d8%b4%d8%a7%d8%b1%d9%84%d8%b2-%d9%8a%d8%b9%d9%88%d9%85-%d8%b9%d9%84%d9%89-%d8%b9%d9%88%d9%85-%d8%a3%d9%85%d9%87,-1,0.0
https://www.aljazeera.net/news/2026/4/25/%d9%88%d8%b3%d8%b7-%d9%85%d9%86%d8%a7%d9%81%d8%b3%d8%a9-%d9%85%d8%ad%d8%af%d9%88%d8%af%d8%a9-%d8%a8%d8%af%d8%a1-%d8%a7%d9%84%d8%aa%d8%b5%d9%88%d9%8a%d8%aa-%d9%81%d9%8a,-1,0.0
https://www.aljazeera.net/news/2026/4/25/%d8%ba%d8%b6%d8%a8-%d9%81%d9%8a-%d8%aa%d9%84-%d8%a3%d8%a8%d9%8a%d8%a8-%d9%87%d9%84-%d8%ad%d9%88%d9%84-%d9%86%d8%aa%d9%86%d9%8a%d8%a7%d9%87%d9%88-%d8%a5%d8%b3%d8%b1%d8%a7%d8%a6%d9%8a%d9%84,-1,0.0
https://www.aljazeera.net/news/2026/4/25/%d8%a3%d8%b3%d8%b7%d9%88%d9%84-%d8%a7%d9%84%d8%b5%d9%85%d9%88%d8%af-%d9%8a%d8%b5%d9%84-%d8%b5%d9%82%d9%84%d9%8a%d8%a9-%d9%88%d9%8a%d9%88%d8%a7%d8%b5%d9%84-%d8%a7%d9%84%d8%a5%d8%a8%d8%ad%d8%a7%d8%b1,-1,0.0
https://www.aljazeera.net/news/2026/4/25/%d9%85%d9%81%d8%a7%d9%88%d8%b6%d8%a7%d8%aa-%d8%a5%d8%b3%d9%84%d8%a7%d9%85-%d8%a2%d8%a8%d8%a7%d8%af-%d8%b9%d8%b1%d8%a7%d9%82%d8%ac%d9%8a-%d9%8a%d9%84%d8%aa%d9%82%d9%8a-%d9%82%d8%a7%d8%a6%d8%af,0,1.0
https://www.aljazeera.net/news/2026/4/25/%d8%a3%d8%b9%d9%84%d8%a7%d9%85-%d8%a7%d9%84%d9%85%d9%84%d8%a7%d8%a1%d9%85%d8%a9-%d9%83%d9%8a%d9%81-%d8%aa%d8%ae%d8%aa%d9%81%d9%8a-%d9%87%d9%88%d9%8a%d8%a9-%d8%b4%d8%ad%d9%86%d8%a7%d8%aa,0,1.0
https://www.aljazeera.net/news/2026/4/25/%d8%a7%d9%84%d8%b5%d9%8a%d9%86-%d8%aa%d9%81%d8%b9%d9%84%d8%af%d8%a8%d9%84%d9%88%d9%85%d8%a7%d8%b3%d9%8a%d8%a9-%d8%a7%d9%84%d8%a8%d8%a7%d9%86%d8%af%d8%a7-%d9%82%d8%a8%d9%84,0,0.6886
https://www.aljazeera.net/news/2026/4/25/%d8%a7%d9%84%d8%b3%d9%8a%d8%b3%d9%8a-%d8%a7%d9%84%d8%aa%d9%88%d8%aa%d8%b1%d8%a7%d8%aa-%d8%a7%d9%84%d8%a5%d9%82%d9%84%d9%8a%d9%85%d9%8a%d8%a9-%d9%83%d9%84%d9%81%d8%aa-%d9%82%d9%86%d8%a7%d8%a9,9,0.5975
https://www.aljazeera.net/news/2026/4/25/%d8%b2%d9%8a%d8%a7%d8%b1%d8%a9-%d9%85%d9%88%d9%84%d8%a7%d9%84%d9%8a-%d9%84%d9%84%d9%81%d8%a7%d8%aa%d9%8a%d9%83%d8%a7%d9%86-%d8%a3%d9%8a-%d8%af%d9%88%d8%b1-%d9%84%d9%84%d9%85%d8%b1%d8%a3%d8%a9,-1,0.0
https://www.aljazeera.net/news/2026/4/25/%d8%a5%d8%b3%d8%b1%d8%a7%d8%a6%d9%8a%d9%84-%d8%aa%d8%aa%d9%85%d8%b1%d9%83%d8%b2-%d9%81%d9%8a-%d8%ac%d9%86%d9%88%d8%a8-%d9%84%d8%a8%d9%86%d8%a7%d9%86-%d9%88%d8%ad%d8%b2%d8%a8-%d8%a7%d9%84%d9%84%d9%87,2,1.0
https://www.aljazeera.net/news/2026/4/25/%d8%a7%d9%84%d9%82%d8%b6%d8%a7%d8%a1-%d8%a7%d9%84%d9%81%d8%b1%d9%86%d8%b3%d9%8a-%d9%8a%d9%88%d8%ac%d9%87-%d8%aa%d9%87%d9%85%d8%a9-%d8%a7%d9%84%d8%aa%d9%88%d8%a7%d8%b7%d8%a4-%d9%81%d9%8a,6,0.9604
https://www.aljazeera.net/news/2026/4/25/%d8%a8%d9%8a%d8%a7%d9%86%d8%a7%d8%aa-%d9%85%d9%84%d8%a7%d8%ad%d9%8a%d8%a9-%d9%84%d8%b9%d8%a8%d9%88%d8%b1-8-%d8%b3%d9%81%d9%86-%d9%87%d8%b1%d9%85%d8%b2,0,1.0
https://www.aljazeera.net/news/2026/4/25/%d9%88%d8%b2%d9%8a%d8%b1-%d8%a7%d9%84%d8%a5%d8%b9%d9%84%d8%a7%d9%85-%d8%a7%d9%84%d8%a8%d8%a7%d9%83%d8%b3%d8%aa%d8%a7%d9%86%d9%8a-%d9%84%d9%84%d8%ac%d8%b2%d9%8a%d8%b1%d8%a9-2,0,1.0
https://www.aljazeera.net/news/2026/4/25/%d9%82%d8%b5%d8%a9-%d8%a7%d9%84%d8%b7%d9%81%d9%84%d8%a9-%d8%b1%d8%ba%d8%af%d8%a9-%d8%a7%d9%84%d8%aa%d9%8a-%d8%a8%d9%83%d8%aa-%d8%ae%d9%84%d8%a7%d9%84-%d8%a7%d8%ad%d8%aa%d9%81%d8%a7%d9%84%d8%a7%d8%aa,6,0.6604
https://www.aljazeera.net/news/2026/4/25/%d8%a7%d9%84%d8%b5%d8%ad%d8%a9-%d8%a7%d9%84%d8%b9%d8%a7%d9%84%d9%85%d9%8a%d8%a9-17-%d8%a3%d9%84%d9%81-%d8%a5%d8%b5%d8%a7%d8%a8%d8%a9-%d8%a8%d9%8a%d9%86-%d9%86%d8%a7%d8%b2%d8%ad%d9%8a,3,1.0
https://www.aljazeera.net/news/2026/4/25/%d8%a7%d9%86%d9%81%d8%ac%d8%a7%d8%b1%d8%a7%d8%aa-%d8%aa%d9%87%d8%b2-%d9%85%d8%a7%d9%84%d9%8a,5,0.7116
https://www.aljazeera.net/news/2026/4/25/%d8%aa%d8%ac%d8%a7%d9%88%d8%b2%d8%a7-%d9%84%d9%80%d8%a7%d9%84%d8%ae%d8%b7-%d8%a7%d9%84%d8%a3%d8%b5%d9%81%d8%b1-%d9%83%d9%8a%d9%81-%d8%aa%d8%b1%d8%b3%d9%85,2,0.5903
https://www.aljazeera.net/news/2026/4/25/%d8%a7%d8%ba%d8%aa%d9%8a%d8%a7%d9%84-%d9%82%d9%8a%d8%a7%d8%af%d9%8a-%d9%81%d9%8a-%d8%ad%d8%b2%d8%a8-%d8%a7%d9%84%d8%a5%d8%b5%d9%84%d8%a7%d8%ad-%d8%a7%d9%84%d9%8a%d9%85%d9%86%d9%8a,-1,0.0
https://www.aljazeera.net/news/2026/4/25/%d9%85%d8%a6%d8%a7%d8%aa-%d8%a7%d9%84%d9%86%d8%a7%d8%b2%d8%ad%d9%8a%d9%86-%d9%81%d9%8a-%d8%af%d8%a7%d8%b1%d9%81%d9%88%d8%b1-%d9%8a%d9%88%d8%a7%d8%ac%d9%87%d9%88%d9%86-%d8%b8%d8%b1%d9%88%d9%81%d8%a7,10,1.0
https://www.aljazeera.net/news/2026/4/25/%d9%85%d8%a7-%d8%ad%d9%82%d9%8a%d9%82%d8%a9-%d9%81%d9%8a%d8%af%d9%8a%d9%88-%d8%ba%d9%81%d9%88%d8%a9-%d8%aa%d8%b1%d8%a7%d9%85%d8%a8-%d8%ae%d9%84%d8%a7%d9%84-%d9%85%d8%a4%d8%aa%d9%85%d8%b1,0,0.9081
https://www.aljazeera.net/news/2026/4/25/%d8%aa%d8%b1%d9%85%d8%a8-%d9%8a%d8%aa%d8%ad%d8%af%d9%89-%d8%a7%d9%84%d9%82%d8%b6%d8%a7%d8%a1-%d8%a3%d9%85%d8%a7%d9%85-%d8%a7%d9%84%d9%85%d8%ad%d9%83%d9%85%d8%a9-%d8%a7%d9%84%d8%b9%d9%84%d9%8a%d8%a7,11,1.0
https://www.aljazeera.net/news/2026/4/25/%d9%84%d8%ad%d8%b8%d8%a9-%d8%b7%d8%a7%d9%84-%d8%a7%d9%86%d8%aa%d8%b8%d8%a7%d8%b1%d9%87%d8%a7-%d8%b3%d9%88%d8%b1%d9%8a%d8%a7-%d8%aa%d8%a8%d8%af%d8%a3-%d8%a7%d9%84%d8%a3%d8%ad%d8%af,6,0.8392
https://www.aljazeera.net/news/2026/4/25/%d9%81%d9%8a-%d8%b0%d9%83%d8%b1%d9%89-%d8%ab%d9%88%d8%b1%d8%a9-%d8%a7%d9%84%d9%82%d8%b1%d9%86%d9%81%d9%84-%d9%87%d9%84-%d8%a7%d9%86%d8%aa%d9%87%d8%aa-%d9%87%d9%88%d8%a7%d8%ac%d8%b3,-1,0.0
https://www.aljazeera.net/news/2026/4/25/%d8%a7%d9%84%d9%85%d9%8a%d8%b2%d8%a7%d9%86%d9%8a%d8%a9-%d8%a7%d9%84%d8%b3%d9%88%d8%af%d8%a7%d8%a1-%d8%a7%d9%84%d8%a8%d9%86%d8%aa%d8%a7%d8%ba%d9%88%d9%86-%d9%88%d8%a7%d8%b4%d9%86%d8%b7%d9%86,0,0.966
https://www.aljazeera.net/news/2026/4/25/4-%d9%85%d8%b1%d8%a7%d8%aa-%d8%ae%d9%84%d8%a7%d9%84-%d8%b3%d8%a7%d8%b9%d8%a9-%d8%b5%d9%81%d8%a7%d8%b1%d8%a7%d8%aa-%d8%a7%d9%84%d8%a5%d9%86%d8%b0%d8%a7%d8%b1-%d8%aa%d8%af%d9%88%d9%8a,2,0.5579
https://www.aljazeera.net/news/2026/4/25/%d8%b3%d8%a7%d8%ad%d8%b1-%d8%a8%d8%af%d9%84-%d9%83%d9%88%d9%85%d9%8a%d8%af%d9%8a-%d8%aa%d8%b1%d9%85%d8%a8-%d9%8a%d9%88%d8%a7%d8%ac%d9%87-%d8%a7%d9%84%d8%b5%d8%ad%d8%a7%d9%81%d8%a9-%d9%81%d9%8a,-1,0.0
https://www.aljazeera.net/news/2026/4/24/%d9%88%d9%88%d9%84-%d8%b3%d8%aa%d8%b1%d9%8a%d8%aa-%d8%ac%d9%88%d8%b1%d9%86%d8%a7%d9%84-%d8%ad%d8%b1%d8%a8-%d8%a5%d9%8a%d8%b1%d8%a7%d9%86-%d8%a7%d8%b3%d8%aa%d9%86%d8%b2%d9%81%d8%aa,0,0.966
https://www.aljazeera.net/news/2026/4/24/%d8%b5%d8%b1%d8%a7%d8%b9-%d8%a7%d9%84%d8%a3%d9%84%d8%ba%d8%a7%d9%85-%d9%8a%d8%b4%d8%aa%d8%af-%d8%aa%d8%ad%d8%aa-%d9%85%d9%8a%d8%a7%d9%87-%d9%87%d8%b1%d9%85%d8%b2,0,1.0
https://www.aljazeera.net/news/2026/4/24/%d8%aa%d8%b1%d9%85%d8%a8-%d9%8a%d9%85%d8%af%d8%af-%d9%88%d9%82%d9%81-%d8%a7%d9%84%d9%86%d8%a7%d8%b1-%d8%a8%d9%8a%d9%86-%d9%84%d8%a8%d9%86%d8%a7%d9%86-%d9%88%d8%a5%d8%b3%d8%b1%d8%a7%d8%a6%d9%8a%d9%84,8,0.8308
https://www.aljazeera.net/news/2026/4/24/%d8%ab%d9%84%d8%a7%d8%ab%d9%8a%d8%a9-%d8%a7%d9%84%d9%81%d9%88%d9%84%d8%a7%d8%b0-%d8%a8%d9%85%d9%88%d8%a7%d8%ac%d9%87%d8%a9-%d8%a5%d9%8a%d8%b1%d8%a7%d9%86-%d8%b1%d8%b3%d8%a7%d9%84%d8%a9,0,0.934
https://www.aljazeera.net/news/2026/4/24/%d8%a7%d9%84%d8%a8%d9%8a%d8%aa-%d8%a7%d9%84%d8%a3%d8%a8%d9%8a%d8%b6-%d9%8a%d8%aa%d9%87%d9%85-%d8%a7%d9%84%d8%b5%d9%8a%d9%86-%d8%a8%d8%b3%d8%b1%d9%82%d8%a9,0,0.7137
https://www.aljazeera.net/news/2026/4/24/%d8%a5%d8%b3%d8%b1%d8%a7%d8%a6%d9%8a%d9%84-%d8%aa%d9%88%d8%a7%d8%b5%d9%84-%d8%ba%d8%a7%d8%b1%d8%a7%d8%aa%d9%87%d8%a7-%d8%b9%d9%84%d9%89-%d8%ac%d9%86%d9%88%d8%a8-%d9%84%d8%a8%d9%86%d8%a7%d9%86,2,0.8245
https://www.aljazeera.net/news/2026/4/24/%d8%aa%d8%b1%d9%85%d8%a8-%d8%ad%d8%b6%d9%88%d8%b1-%d8%a8%d9%88%d8%aa%d9%8a%d9%86-%d8%a7%d8%ac%d8%aa%d9%85%d8%a7%d8%b9-%d9%82%d9%85%d8%a9-%d8%a7%d9%84%d9%8020-%d8%b3%d9%8a%d9%83%d9%88%d9%86,-1,0.0
https://www.aljazeera.net/news/2026/4/24/%d8%ac%d9%86%d8%af%d9%8a-%d8%a3%d9%85%d8%b1%d9%8a%d9%83%d9%8a-%d9%8a%d9%88%d8%a7%d8%ac%d9%87-%d8%a7%d9%84%d8%b3%d8%ac%d9%86-%d8%a8%d8%b9%d8%af-%d9%83%d8%b4%d9%81-%d8%a3%d8%b3%d8%b1%d8%a7%d8%b1,11,1.0
https://www.aljazeera.net/news/2026/4/24/%d8%a7%d9%86%d8%aa%d9%82%d8%af-%d9%85%d8%b9%d8%a7%d9%85%d9%84%d8%a9-%d8%a7%d9%84%d9%85%d9%87%d8%a7%d8%ac%d8%b1%d9%8a%d9%86-%d9%83%d8%a7%d9%84%d8%ad%d9%8a%d9%88%d8%a7%d9%86%d8%a7%d8%aa,-1,0.0
https://www.aljazeera.net/news/2026/4/24/%d9%85%d8%b4%d8%a7%d9%87%d8%af-%d9%84%d8%a3%d8%a8%d9%88-%d8%b9%d8%a8%d9%8a%d8%af%d8%a9-%d9%8a%d8%aa%d9%86%d9%82%d9%84-%d8%b9%d9%84%d9%89-%d8%b9%d8%b1%d8%a8%d8%a9-%d8%a3%d8%ab%d9%86%d8%a7%d8%a1,-1,0.0
https://www.aljazeera.net/news/2026/4/24/%d9%84%d9%85%d8%a7%d8%b0%d8%a7-%d8%a3%d8%ba%d9%84%d9%82%d8%aa-%d8%a8%d8%b1%d9%8a%d8%b7%d8%a7%d9%86%d9%8a%d8%a7-%d9%88%d8%ad%d8%af%d8%a9-%d9%85%d8%b9%d9%86%d9%8a%d8%a9-%d8%a8%d8%aa%d8%aa%d8%a8%d8%b9,16,1.0
https://www.aljazeera.net/news/2026/4/24/%d8%a5%d9%8a%d8%b1%d8%a7%d9%86-%d8%aa%d9%88%d8%ab%d9%82-%d8%a7%d8%b3%d8%aa%d9%87%d8%af%d8%a7%d9%81-%d8%ac%d8%a7%d9%85%d8%b9%d8%a7%d8%aa%d9%87%d8%a7-%d8%aa%d9%85%d9%87%d9%8a%d8%af%d8%a7,1,0.4145
https://www.aljazeera.net/news/2026/4/24/%d9%86%d9%8a%d9%88%d9%8a%d9%88%d8%b1%d9%83-%d8%aa%d8%a7%d9%8a%d9%85%d8%b2-%d8%ad%d8%b1%d8%a8-%d8%a5%d9%8a%d8%b1%d8%a7%d9%86-%d8%a7%d8%b3%d8%aa%d9%86%d8%b2%d9%81%d8%aa,0,0.966
https://www.aljazeera.net/news/2026/4/24/%d9%85%d9%88%d9%86%d8%af%d9%8a%d8%a7%d9%84-2026-%d8%b4%d8%b1%d9%88%d8%b7-%d8%a3%d9%85%d8%b1%d9%8a%d9%83%d9%8a%d8%a9-%d9%84%d9%88%d9%81%d8%af-%d8%b7%d9%87%d8%b1%d8%a7%d9%86-%d9%88%d8%ba%d8%b6%d8%a8,0,0.7432
https://www.aljazeera.net/news/2026/4/24/%d8%a3%d8%ac%d9%88%d8%a7%d8%a1-%d8%a5%d9%8a%d8%ac%d8%a7%d8%a8%d9%8a%d8%a9-%d8%aa%d8%b3%d9%88%d8%af-%d8%a7%d8%ac%d8%aa%d9%85%d8%a7%d8%b9%d8%a7-%d8%af%d9%88%d9%84%d9%8a%d8%a7-%d9%84%d9%88%d8%b6%d8%b9,0,1.0
https://www.aljazeera.net/news/2026/4/24/%d9%88%d9%88%d9%84-%d8%b3%d8%aa%d8%b1%d9%8a%d8%aa-%d8%ac%d9%88%d8%b1%d9%86%d8%a7%d9%84-%d9%87%d9%83%d8%b0%d8%a7-%d9%86%d9%87%d8%a8-%d8%a7%d9%84%d8%af%d8%b9%d9%85-%d8%a7%d9%84%d8%b3%d8%b1%d9%8a%d8%b9,10,1.0
https://www.aljazeera.net/news/2026/4/24/%d8%a3%d9%85%d8%b1%d9%8a%d9%83%d8%a7-%d8%aa%d9%81%d8%b1%d8%ac-%d8%b9%d9%86-%d8%a3%d8%b3%d8%b1%d8%a9-%d9%85%d8%b5%d8%b1%d9%8a%d8%a9-%d8%a8%d8%b9%d8%af-%d8%a7%d8%ad%d8%aa%d8%ac%d8%a7%d8%b1,11,1.0
https://www.aljazeera.net/news/2026/4/24/%d8%b1%d8%a6%d9%8a%d8%b3-%d8%a7%d9%84%d8%ad%d9%83%d9%88%d9%85%d8%a9-%d8%a7%d9%84%d8%a5%d8%b3%d8%a8%d8%a7%d9%86%d9%8a%d8%a9-%d8%a7%d9%84%d8%a3%d8%b2%d9%85%d8%a9-%d8%a7%d9%84%d8%aa%d9%8a,-1,0.0
https://www.aljazeera.net/news/2026/4/24/%d8%a7%d9%84%d8%af%d8%a7%d8%ae%d9%84%d9%8a%d8%a9-%d8%a7%d9%84%d8%b3%d9%88%d8%b1%d9%8a%d8%a9-%d8%aa%d8%b9%d9%84%d9%86-%d8%a7%d8%b9%d8%aa%d9%82%d8%a7%d9%84-%d8%a3%d9%85%d8%ac%d8%af,6,0.7213
https://www.aljazeera.net/news/2026/4/24/%d8%a7%d9%85%d8%aa%d8%af%d8%a7%d8%af-%d9%84%d8%b3%d9%84%d9%88%d9%83%d9%87%d9%85-%d8%a8%d8%ba%d8%b2%d8%a9-%d9%87%d9%83%d8%b0%d8%a7-%d9%8a%d9%86%d9%87%d8%a8-%d8%ac%d9%86%d9%88%d8%af,-1,0.0
https://www.aljazeera.net/news/2026/4/24/%d8%b5%d9%88%d8%b1-%d9%81%d8%b6%d8%a7%d8%a6%d9%8a%d8%a9-%d9%84%d8%ad%d8%ac%d9%85-%d8%a7%d9%84%d8%aa%d8%af%d9%85%d9%8a%d8%b1-%d8%a7%d9%84%d9%88%d8%a7%d8%b3%d8%b9-%d9%81%d9%8a-%d8%a8%d9%84%d8%af%d8%a9,2,0.5669
https://www.aljazeera.net/news/2026/4/24/%d9%85%d9%82%d8%aa%d9%84-%d8%b4%d8%ae%d8%b5%d9%8a%d9%86-%d9%88%d8%a5%d8%b5%d8%a7%d8%a8%d8%a9-14-%d8%a2%d8%ae%d8%b1%d9%8a%d9%86-%d8%a8%d9%82%d8%b5%d9%81-%d8%b1%d9%88%d8%b3%d9%8a-%d8%b9%d9%84%d9%89,12,0.7932
https://www.aljazeera.net/news/2026/4/24/%d8%b3%d9%82%d9%88%d8%b7-%d9%82%d9%86%d8%a7%d8%b5-%d8%a7%d9%84%d8%aa%d8%b6%d8%a7%d9%85%d9%86-%d8%a7%d9%84%d8%a3%d9%85%d9%86-%d8%a7%d9%84%d8%b3%d9%88%d8%b1%d9%8a-%d9%8a%d8%b6%d8%a8%d8%b7,6,0.7319
https://www.aljazeera.net/news/2026/4/24/%d8%b1%d9%88%d9%8a%d8%aa%d8%b1%d8%b2-%d8%a7%d9%84%d8%a8%d9%86%d8%aa%d8%a7%d8%ba%d9%88%d9%86-%d9%8a%d8%a8%d8%ad%d8%ab-%d8%ae%d9%8a%d8%a7%d8%b1%d8%a7%d8%aa-%d9%84%d9%85%d8%b9%d8%a7%d9%82%d8%a8%d8%a9,0,1.0
https://www.aljazeera.net/news/2026/4/24/%d9%81%d8%aa%d8%ad-%d8%aa%d8%ad%d9%82%d9%8a%d9%82-%d8%a8%d8%ad%d9%82-%d9%88%d8%b2%d8%a7%d8%b1%d8%a9-%d8%a7%d9%84%d8%aa%d8%b9%d9%84%d9%8a%d9%85-%d8%a8%d9%86%d9%8a%d9%88%d9%8a%d9%88%d8%b1%d9%83,11,1.0
https://www.aljazeera.net/news/2026/4/24/%d8%b9%d8%a7%d8%ac%d9%84-%d8%b1%d8%a6%d9%8a%d8%b3-%d9%85%d8%ac%d9%85%d8%b9-%d8%aa%d8%b4%d8%ae%d9%8a%d8%b5-%d9%85%d8%b5%d9%84%d8%ad%d8%a9-%d8%a7%d9%84%d9%86%d8%b8%d8%a7%d9%85-%d9%81%d9%8a,0,1.0
https://www.aljazeera.net/news/2026/4/24/%d8%a7%d9%84%d8%a3%d9%82%d8%b5%d9%89-%d8%a7%d9%84%d9%82%d8%af%d8%b3-%d9%87%d8%af%d9%85-%d8%a7%d8%b3%d8%aa%d9%8a%d8%b7%d8%a7%d9%86-%d8%ac%d8%b1%d8%a7%d8%ad-%d8%a7%d8%ad%d8%aa%d9%84%d8%a7%d9%84,15,0.4017
https://www.aljazeera.net/news/2026/4/24/%d9%87%d9%84-%d8%aa%d8%b5%d9%85%d8%af-%d8%a7%d9%84%d9%85%d8%ad%d9%83%d9%85%d8%a9-%d8%a7%d9%84%d8%ac%d9%86%d8%a7%d8%a6%d9%8a%d8%a9-%d8%a7%d9%84%d8%ae%d8%a7%d8%b5%d8%a9,5,0.6969
https://www.aljazeera.net/news/2026/4/24/%d8%b4%d8%b1%d8%b9%d9%86%d8%a9-%d8%a7%d9%84%d8%a7%d8%ad%d8%aa%d9%84%d8%a7%d9%84-%d9%88%d8%b3%d9%84%d8%a7%d9%85-%d8%a7%d9%86%d8%aa%d8%ae%d8%a7%d8%a8%d9%8a-%d8%b4%d8%b1%d9%88%d8%b7,8,0.6436
https://www.aljazeera.net/news/2026/4/24/%d8%b9%d8%a7%d8%ac%d9%84-%d8%a7%d9%84%d8%ac%d9%8a%d8%b4-%d8%a7%d9%84%d9%83%d9%88%d9%8a%d8%aa%d9%8a-%d8%a7%d8%b3%d8%aa%d9%87%d8%af%d8%a7%d9%81-%d9%85%d8%b1%d9%83%d8%b2%d9%8a%d9%86,4,0.2415
https://www.aljazeera.net/news/2026/4/24/%d8%a5%d8%b5%d8%a7%d8%a8%d8%a9-%d8%b7%d9%81%d9%84%d8%a9-%d8%a8%d8%b1%d8%b5%d8%a7%d8%b5-%d8%a7%d9%84%d8%ac%d9%8a%d8%b4-%d8%a7%d9%84%d8%a5%d8%b3%d8%b1%d8%a7%d8%a6%d9%8a%d9%84%d9%8a-%d9%81%d9%8a,3,1.0
https://www.aljazeera.net/news/2026/4/24/%d8%ba%d8%a7%d8%b1%d8%a7%d8%aa-%d8%a5%d8%b3%d8%b1%d8%a7%d8%a6%d9%8a%d9%84%d9%8a%d8%a9-%d8%aa%d8%b6%d8%b1%d8%a8-%d8%ac%d9%86%d9%88%d8%a8-%d9%84%d8%a8%d9%86%d8%a7%d9%86-%d9%88%d8%ad%d8%b2%d8%a8,2,0.6718
https://www.aljazeera.net/news/2026/4/24/%d8%a7%d9%84%d9%85%d9%83%d8%b3%d9%8a%d9%83-%d9%86%d8%aa%d8%a7%d8%a6%d8%ac-%d9%85%d8%b9%d8%a7%d9%83%d8%b3%d8%a9-%d9%84%d8%a5%d8%b3%d8%aa%d8%b1%d8%a7%d8%aa%d9%8a%d8%ac%d9%8a%d8%a9-%d9%82%d8%b7%d8%b9,11,1.0
https://www.aljazeera.net/news/2026/4/24/%d9%85%d8%b9%d8%b1%d9%83%d8%a9-%d8%a7%d9%84%d8%aa%d9%83%d8%aa%d9%8a%d9%83%d8%a7%d8%aa-%d8%a7%d9%84%d9%85%d9%8a%d8%af%d8%a7%d9%86%d9%8a%d8%a9-%d8%ac%d9%86%d9%88%d8%a8-%d9%84%d8%a8%d9%86%d8%a7%d9%86,2,0.5933
https://www.aljazeera.net/news/2026/4/24/%d8%b1%d8%a6%d9%8a%d8%b3-%d9%85%d9%88%d8%b2%d9%85%d8%a8%d9%8a%d9%82-%d9%8a%d8%aa%d9%88%d8%ac-%d8%b2%d9%8a%d8%a7%d8%b1%d8%aa%d9%87-%d9%84%d9%84%d8%b5%d9%8a%d9%86-%d8%a8%d8%b1%d9%81%d8%b9,5,0.6838
https://www.aljazeera.net/news/2026/4/24/%d9%82%d9%85%d8%a9-%d9%86%d9%8a%d9%82%d9%88%d8%b3%d9%8a%d8%a7-%d9%81%d9%8a%d8%aa%d9%88-%d8%a3%d9%88%d8%b1%d9%88%d8%a8%d9%8a-%d8%b9%d9%84%d9%89-%d8%a5%d8%ba%d9%84%d8%a7%d9%82-%d9%87%d8%b1%d9%85%d8%b2,0,1.0
https://www.aljazeera.net/news/2026/4/24/%d9%85%d8%b7%d8%a7%d9%84%d8%a8%d8%a7%d8%aa-%d8%a8%d8%ad%d8%a8%d8%b3-%d8%b1%d8%a6%d9%8a%d8%b3-%d9%83%d9%88%d8%b1%d9%8a%d8%a7-%d8%a7%d9%84%d8%ac%d9%86%d9%88%d8%a8%d9%8a%d8%a9,-1,0.0
https://www.aljazeera.net/news/2026/4/24/%d8%aa%d8%b1%d9%85%d8%a8-%d9%8a%d8%b3%d8%a7%d8%a8%d9%82-%d8%a7%d9%84%d8%b2%d9%85%d9%86-%d9%87%d9%84-%d9%8a%d9%88%d9%82%d9%81-%d8%a7%d9%84%d9%83%d9%88%d9%86%d8%ba%d8%b1%d8%b3,0,1.0
https://www.aljazeera.net/news/2026/4/24/%d8%b9%d8%a7%d8%a6%d9%84%d8%a9-%d8%a7%d9%84%d8%a3%d8%b3%d9%8a%d8%b1-%d8%a7%d9%84%d9%81%d9%84%d8%b3%d8%b7%d9%8a%d9%86%d9%8a-%d8%b9%d8%a8%d8%af-%d8%a7%d9%84%d8%a8%d8%a7%d8%b3%d8%b7,14,0.47
https://www.aljazeera.net/news/2026/4/24/%d8%b5%d9%88%d8%b1-%d8%a3%d9%82%d9%85%d8%a7%d8%b1-%d8%b5%d9%86%d8%a7%d8%b9%d9%8a%d8%a9-%d8%ad%d8%b1%d8%a7%d8%a6%d9%82-%d8%aa%d8%af%d9%85%d8%b1-%d9%85%d9%86%d8%a7%d8%b2%d9%84,-1,0.0
https://www.aljazeera.net/news/2026/4/24/%d8%aa%d8%ad%d8%b1%d9%83-%d8%af%d8%a8%d9%84%d9%88%d9%85%d8%a7%d8%b3%d9%8a-%d8%a5%d9%8a%d8%b1%d8%a7%d9%86%d9%8a-%d9%85%d8%b9-%d8%a8%d8%a7%d9%83%d8%b3%d8%aa%d8%a7%d9%86,0,1.0
https://www.aljazeera.net/news/2026/4/24/%d8%a3%d9%85%d8%b1%d9%8a%d9%83%d8%a7-%d8%aa%d8%b9%d9%84%d9%86-%d8%aa%d8%ad%d8%b4%d9%8a%d8%af%d8%a7-%d8%ba%d9%8a%d8%b1-%d9%85%d8%b3%d8%a8%d9%88%d9%82-%d9%82%d8%b1%d8%a8-%d8%a5%d9%8a%d8%b1%d8%a7%d9%86,0,1.0
https://www.aljazeera.net/news/2026/4/24/%d8%b1%d9%88%d9%8a%d8%aa%d8%b1%d8%b2-%d8%a7%d9%84%d8%a8%d9%86%d8%aa%d8%a7%d8%ba%d9%88%d9%86-%d9%8a%d8%b7%d8%b1%d8%ad-%d8%aa%d8%b9%d9%84%d9%8a%d9%82-%d8%b9%d8%b6%d9%88%d9%8a%d8%a9,0,1.0
https://www.aljazeera.net/news/2026/4/24/%d8%a8%d9%88%d8%b4%d9%87%d8%b1-%d8%a8%d8%b9%d8%af-%d8%a7%d9%84%d8%ba%d9%8a%d8%a7%d8%a8-%d8%a7%d9%84%d8%b1%d9%88%d8%b3%d9%8a-%d9%87%d9%84-%d8%aa%d8%aa%d8%a3%d8%ab%d8%b1,-1,0.0
https://www.aljazeera.net/news/2026/4/24/%d9%86%d8%aa%d9%86%d9%86%d9%8a%d8%a7%d9%87%d9%88-%d9%8a%d8%b9%d9%84%d9%86-%d9%84%d8%a3%d9%88%d9%84-%d9%85%d8%b1%d8%a9-%d8%aa%d9%81%d8%a7%d8%b5%d9%8a%d9%84-%d8%a5%d8%b5%d8%a7%d8%a8%d8%aa%d9%87,19,1.0
https://www.aljazeera.net/news/2026/4/24/%d9%87%d9%8a%d8%ba%d8%b3%d9%8a%d8%ab-%d8%a7%d9%84%d8%a8%d8%ad%d8%b1%d9%8a%d8%a9-%d8%a7%d9%84%d8%a5%d9%8a%d8%b1%d8%a7%d9%86%d9%8a%d8%a9-%d9%81%d9%8a-%d9%82%d8%a7%d8%b9,0,1.0
https://www.aljazeera.net/news/2026/4/24/%d8%b9%d8%a7%d8%ac%d9%84-%d9%86%d8%aa%d9%86%d9%8a%d8%a7%d9%87%d9%88-%d9%86%d8%aa%d8%b9%d9%87%d8%af-%d8%a8%d8%aa%d8%ba%d9%8a%d9%8a%d8%b1-%d8%a7%d9%84%d8%b4%d8%b1%d9%82,8,0.5913
https://www.aljazeera.net/news/2026/4/24/%d8%af%d8%b1%d8%a7%d8%b3%d8%a9-%d8%aa%d9%83%d8%b4%d9%81-%d8%b2%d9%8a%d8%a7%d8%af%d8%a9-%d9%83%d8%a8%d9%8a%d8%b1%d8%a9-%d9%81%d9%8a-%d8%a7%d9%84%d8%a7%d8%b3%d8%aa%d8%ab%d9%85%d8%a7%d8%b1,-1,0.0
https://www.aljazeera.net/news/2026/4/24/%d8%a3%d9%86%d8%a8%d8%a7%d8%a1-%d8%b9%d9%86-%d9%85%d9%82%d8%aa%d8%b1%d8%ad-%d8%a3%d9%85%d8%b1%d9%8a%d9%83%d9%8a-%d9%84%d8%a5%d9%8a%d8%b1%d8%a7%d9%86-%d9%88%d8%af%d9%88%d9%84,0,1.0
https://www.aljazeera.net/news/2026/4/24/%d8%a7%d9%84%d8%ba%d8%a8%d8%a7%d8%b1-%d8%a7%d9%84%d9%86%d9%88%d9%88%d9%8a-%d9%85%d8%a7-%d9%87%d9%88-%d9%85%d8%b5%d8%b7%d9%84%d8%ad-%d8%aa%d8%b1%d9%85%d8%a8,-1,0.0
https://www.aljazeera.net/news/2026/4/24/%d8%a7%d9%84%d8%ba%d8%a7%d8%b1%d8%af%d9%8a%d8%a7%d9%86-%d8%aa%d9%85%d8%a7%d8%b3%d9%83-%d9%82%d9%8a%d8%a7%d8%af%d8%a9-%d8%a5%d9%8a%d8%b1%d8%a7%d9%86-%d9%8a%d8%af%d8%ad%d8%b6,0,0.7087
https://www.aljazeera.net/news/2026/4/24/%d8%b9%d8%a7%d8%ac%d9%84-%d8%a7%d9%84%d8%af%d9%8a%d9%88%d8%a7%d9%86-%d8%a7%d9%84%d8%a3%d9%85%d9%8a%d8%b1%d9%8a-%d8%a7%d9%84%d9%82%d8%b7%d8%b1%d9%8a-%d8%a3%d9%85%d9%8a%d8%b1-%d9%82%d8%b7%d8%b1-12,9,1.0
https://www.aljazeera.net/news/2026/4/24/%d9%85%d9%88%d8%a7%d9%82%d9%81-%d9%85%d8%aa%d9%86%d8%a7%d9%82%d8%b6%d8%a9-%d8%a3%d9%85-%d8%b1%d8%b3%d8%a7%d8%a6%d9%84-%d9%85%d9%82%d8%b5%d9%88%d8%af%d8%a9-%d9%83%d9%8a%d9%81,0,1.0
https://www.aljazeera.net/news/2026/4/24/9-%d8%b4%d9%87%d8%af%d8%a7%d8%a1-%d9%81%d9%8a-%d8%ba%d8%a7%d8%b1%d8%a7%d8%aa-%d8%a5%d8%b3%d8%b1%d8%a7%d8%a6%d9%8a%d9%84%d9%8a%d8%a9-%d8%b9%d9%84%d9%89-%d9%85%d9%86%d8%a7%d8%b7%d9%82-%d8%b9%d8%af%d8%a9,3,1.0
https://www.aljazeera.net/news/2026/4/24/%d9%85%d8%a7-%d8%b9%d9%86%d8%af%d9%83-%d9%82%d9%84%d8%a8-%d9%84%d8%ad%d8%b8%d8%a9-%d9%85%d9%88%d8%a7%d8%ac%d9%87%d8%a9-%d9%88%d8%b2%d9%8a%d8%b1,6,0.7274
https://www.aljazeera.net/news/2026/4/24/%d8%a7%d9%84%d8%ae%d8%b7%d8%b7-%d8%a7%d9%84%d8%b9%d8%b3%d9%83%d8%b1%d9%8a%d8%a9-%d8%a7%d9%84%d8%a3%d9%85%d8%b1%d9%8a%d9%83%d9%8a%d8%a9-%d8%a5%d9%8a%d8%b1%d8%a7%d9%86-%d9%87%d8%b1%d9%85%d8%b2,0,0.9315
https://www.aljazeera.net/news/2026/4/24/%d9%85%d8%a7-%d8%a7%d9%84%d8%b0%d9%8a-%d9%8a%d8%b9%d8%b1%d9%82%d9%84-%d8%aa%d8%b7%d8%a8%d9%8a%d9%82-%d8%a7%d9%84%d8%b9%d8%af%d8%a7%d9%84%d8%a9,6,0.7559
https://www.aljazeera.net/news/2026/4/24/%d9%88%d8%b2%d9%8a%d8%b1-%d8%a7%d9%84%d8%b2%d8%b1%d8%a7%d8%b9%d8%a9-%d8%a7%d9%84%d9%84%d8%a8%d9%86%d8%a7%d9%86%d9%8a-%d8%a7%d9%84%d8%aa%d9%81%d8%a7%d9%88%d8%b6-%d9%8a%d8%ac%d8%b1%d9%8a,8,0.9065
https://www.aljazeera.net/news/liveblog/2026/4/23/%d8%ad%d8%b1%d8%a8-%d8%a5%d9%8a%d8%b1%d8%a7%d9%86-%d9%85%d8%a8%d8%a7%d8%b4%d8%b1-%d8%aa%d8%b1%d9%85%d8%a8-%d9%8a%d9%82%d8%af%d9%85-%d8%b9%d8%b1%d8%b6%d8%a7-%d8%b3%d8%ae%d9%8a%d8%a7,-1,0.0
https://www.aljazeera.net/news/2026/4/23/%d8%b3%d9%84%d8%a7%d8%ad-%d8%aa%d8%b1%d9%85%d8%a8-%d9%8a%d8%b1%d8%aa%d8%af-%d8%b9%d9%84%d9%8a%d9%87-%d9%87%d9%84-%d9%8a%d9%82%d9%84%d8%a8-%d8%a7%d8%b3%d8%aa%d9%81%d8%aa%d8%a7%d8%a1,0,1.0
https://www.aljazeera.net/news/2026/4/23/%d9%85%d9%82%d8%aa%d9%84-%d8%b5%d8%ad%d9%81%d9%8a%d8%a9-%d8%a8%d9%82%d8%b5%d9%81-%d8%a5%d8%b3%d8%b1%d8%a7%d8%a6%d9%8a%d9%84%d9%8a-%d8%b9%d9%84%d9%89-%d9%84%d8%a8%d9%86%d8%a7%d9%86,2,1.0
https://www.aljazeera.net/news/2026/4/23/%d8%a7%d9%84%d9%82%d8%b6%d8%a7%d8%a1-%d8%a7%d9%84%d8%a5%d9%8a%d8%b1%d8%a7%d9%86%d9%8a-%d9%8a%d8%aa%d9%87%d9%85-%d8%aa%d8%b1%d9%85%d8%a8-%d8%a8%d8%aa%d8%b1%d9%88%d9%8a%d8%ac,0,1.0
https://www.aljazeera.net/news/2026/4/23/%d9%85%d9%81%d8%a7%d9%88%d8%b6%d8%a7%d8%aa-%d8%a3%d9%85%d8%b1%d9%8a%d9%83%d8%a7-%d9%88%d8%a5%d9%8a%d8%b1%d8%a7%d9%86-2,0,1.0
https://www.aljazeera.net/news/2026/4/23/%d9%84%d8%a8%d9%86%d8%a7%d9%86-%d9%88%d9%81%d8%a7%d8%a9-%d8%ac%d9%86%d8%af%d9%8a-%d9%81%d8%b1%d9%86%d8%b3%d9%8a-%d8%ab%d8%a7%d9%86-%d9%85%d9%86,-1,0.0
https://www.aljazeera.net/news/2026/4/23/%d9%82%d8%b6%d9%8a%d8%a9-%d9%85%d8%a7%d9%86%d8%af%d9%84%d8%b3%d9%88%d9%86-%d8%aa%d8%b6%d8%ba%d8%b7-%d9%85%d8%ac%d8%af%d8%af%d8%a7-%d8%b3%d8%aa%d8%a7%d8%b1%d9%85%d8%b1-%d9%8a%d8%b1%d9%81%d8%b6,-1,0.0
https://www.aljazeera.net/news/2026/4/23/%d8%a7%d9%84%d8%a8%d9%86%d8%aa%d8%a7%d8%ba%d9%88%d9%86-%d9%88%d8%b2%d9%8a%d8%b1-%d8%a7%d9%84%d8%a8%d8%ad%d8%b1%d9%8a%d8%a9-%d8%a7%d9%84%d8%a3%d9%85%d8%b1%d9%8a%d9%83%d9%8a,0,0.966
https://www.aljazeera.net/news/2026/4/23/%d8%a5%d8%b3%d8%b1%d8%a7%d8%a6%d9%8a%d9%84-%d8%aa%d8%aa%d9%87%d9%85-%d8%ac%d9%86%d8%af%d9%8a%d9%8a%d9%86-%d8%a8%d8%b3%d9%84%d8%a7%d8%ad-%d8%a7%d9%84%d8%ac%d9%88-%d8%a8%d8%aa%d8%b3%d8%b1%d9%8a%d8%a8,-1,0.0
https://www.aljazeera.net/news/2026/4/23/%d8%b3%d9%85%d9%88%d8%aa%d8%b1%d9%8a%d8%aa%d8%b4-%d9%86%d8%ad%d8%aa%d8%a7%d8%ac-%d8%a5%d9%84%d9%89-%d8%aa%d9%88%d8%b3%d9%8a%d8%b9-%d8%ad%d8%af%d9%88%d8%af-%d8%a5%d8%b3%d8%b1%d8%a7%d8%a6%d9%8a%d9%84,-1,0.0
https://www.aljazeera.net/news/2026/4/23/5-%d8%b4%d9%87%d8%af%d8%a7%d8%a1-%d9%81%d9%8a-%d8%a8%d9%8a%d8%aa-%d9%84%d8%a7%d9%87%d9%8a%d8%a7-%d9%85%d8%b9-%d8%a7%d8%b3%d8%aa%d9%85%d8%b1%d8%a7%d8%b1,3,1.0
https://www.aljazeera.net/news/2026/4/23/%d8%a7%d9%84%d8%b5%d8%b1%d8%a7%d8%b9-%d8%a7%d9%86%d8%aa%d9%82%d9%84-%d8%a5%d9%84%d9%89-%d8%a7%d9%84%d8%b1%d9%8a%d8%a7%d8%b6%d8%a9-%d8%b7%d9%84%d8%a8-%d8%a3%d9%85%d8%b1%d9%8a%d9%83%d9%8a,0,0.7093
https://www.aljazeera.net/news/2026/4/23/%d8%b5%d8%ad%d9%8a%d9%81%d8%a9-%d8%a5%d8%b3%d8%b1%d8%a7%d8%a6%d9%8a%d9%84%d9%8a%d8%a9-%d8%a7%d9%84%d8%b5%d9%8a%d9%86-%d9%84%d8%a7%d8%b9%d8%a8-%d8%ae%d9%81%d9%8a-%d9%81%d9%8a,0,0.7534
https://www.aljazeera.net/news/2026/4/23/4-%d9%85%d8%b1%d8%b4%d8%ad%d9%8a%d9%86-%d9%84%d8%ae%d9%84%d8%a7%d9%81%d8%a9-%d8%ba%d9%88%d8%aa%d9%8a%d8%b1%d9%8a%d8%b4-%d9%8a%d8%aa%d8%b9%d9%87%d8%af%d9%88%d9%86-%d8%a8%d8%a5%d8%b5%d9%84%d8%a7%d8%ad,-1,0.0
https://www.aljazeera.net/news/2026/4/23/%d9%84%d9%84%d9%85%d8%b1%d8%a9-%d8%a7%d9%84%d8%ae%d8%a7%d9%85%d8%b3%d8%a9-%d8%a7%d9%84%d8%b4%d9%8a%d9%88%d8%ae-%d8%a7%d9%84%d8%a3%d9%85%d8%b1%d9%8a%d9%83%d9%8a-%d9%8a%d8%b1%d9%81%d8%b6,0,0.9445
https://www.aljazeera.net/news/2026/4/23/%d9%82%d9%85%d8%a9-%d8%a7%d9%84%d8%a7%d8%aa%d8%ad%d8%a7%d8%af-%d8%a7%d9%84%d8%a3%d9%88%d8%b1%d9%88%d8%a8%d9%8a-%d9%81%d9%8a-%d9%82%d8%a8%d8%b1%d8%b5-%d9%82%d8%b1%d8%b6,0,0.8909
https://www.aljazeera.net/news/2026/4/23/%d8%b2%d9%84%d8%b2%d8%a7%d9%84-%d9%81%d9%8a-%d8%a7%d9%84%d8%a8%d9%86%d8%aa%d8%a7%d8%ba%d9%88%d9%86-%d9%87%d9%84-%d8%a3%d8%b7%d8%a7%d8%ad-%d9%87%d8%b1%d9%85%d8%b2-%d8%a8%d9%88%d8%b2%d9%8a%d8%b1,0,0.9328
https://www.aljazeera.net/news/2026/4/23/%d9%87%d8%a2%d8%b1%d8%aa%d8%b3-%d8%ac%d9%86%d9%88%d8%af-%d8%a7%d9%84%d8%a7%d8%ad%d8%aa%d9%84%d8%a7%d9%84-%d9%8a%d9%86%d9%87%d8%a8%d9%88%d9%86-%d9%85%d9%86%d8%a7%d8%b2%d9%84,-1,0.0
https://www.aljazeera.net/news/2026/4/23/%d9%88%d8%b3%d8%b7-%d8%aa%d8%b5%d8%b9%d9%8a%d8%af-%d8%a5%d8%b3%d8%b1%d8%a7%d8%a6%d9%8a%d9%84%d9%8a-%d9%85%d9%8a%d8%af%d8%a7%d9%86%d9%8a-%d8%ac%d9%88%d9%84%d8%a9,8,1.0
https://www.aljazeera.net/news/2026/4/23/%d8%a7%d8%b3%d8%aa%d9%82%d8%a7%d9%84%d8%a9-%d9%88%d8%b2%d9%8a%d8%b1%d9%8a-%d8%a7%d9%84%d8%ae%d8%a7%d8%b1%d8%ac%d9%8a%d8%a9-%d9%88%d8%a7%d9%84%d8%af%d9%81%d8%a7%d8%b9-%d9%81%d9%8a,18,0.922
https://www.aljazeera.net/news/2026/4/23/%d9%87%d9%84-%d8%aa%d9%86%d8%ac%d8%ad-%d8%ad%d9%83%d9%88%d9%85%d8%a9-%d9%84%d8%a8%d9%86%d8%a7%d9%86-%d8%a8%d9%81%d8%b1%d8%b6-%d8%b4%d8%b1%d9%88%d8%b7%d9%87%d8%a7-%d9%81%d9%8a,8,1.0
https://www.aljazeera.net/news/2026/4/23/%d8%b1%d8%ba%d9%85-%d8%a7%d9%84%d8%a3%d8%b6%d8%b1%d8%a7%d8%b1-%d8%a7%d9%84%d9%88%d8%a7%d8%b3%d8%b9%d8%a9-%d8%b9%d9%88%d8%af%d8%a9-%d8%ac%d8%b2%d8%a6%d9%8a%d8%a9-%d9%84%d8%ad%d8%b1%d9%83%d8%a9,1,0.3728
https://www.aljazeera.net/news/2026/4/23/%d8%b9%d9%84%d9%89-%d9%85%d8%aa%d9%86-%d9%82%d9%88%d8%a7%d8%b1%d8%a8-%d9%85%d8%aa%d9%87%d8%a7%d9%84%d9%83%d8%a9-%d8%a5%d9%86%d9%82%d8%a7%d8%b0-%d9%85%d8%a6%d8%a7%d8%aa,-1,0.0
https://www.aljazeera.net/news/2026/4/23/%d8%b4%d9%87%d9%8a%d8%af-%d9%883-%d9%85%d8%b5%d8%a7%d8%a8%d9%8a%d9%86-%d8%a8%d9%82%d8%b5%d9%81-%d8%b9%d9%84%d9%89-%d8%ae%d8%a7%d9%86-%d9%8a%d9%88%d9%86%d8%b3,3,1.0
https://www.aljazeera.net/news/2026/4/23/%d8%a3%d8%b5%d8%a8%d8%ad%d8%aa-%d8%b9%d8%a8%d8%a6%d8%a7-%d9%88%d9%84%d9%8a%d8%b3%d8%aa-%d8%ad%d9%84%d8%a7-%d8%a7%d9%84%d9%86%d9%82%d9%88%d8%af-%d8%a7%d9%84%d9%85%d9%87%d8%aa%d8%b1%d8%a6%d8%a9,3,1.0
https://www.aljazeera.net/news/2026/4/23/%d8%a7%d8%b3%d8%aa%d9%85%d8%b1%d8%a7%d8%b1-%d8%a7%d9%84%d9%85%d8%b4%d8%a7%d9%88%d8%b1%d8%a7%d8%aa-%d8%a8%d9%8a%d9%86-%d8%a7%d9%84%d8%b1%d8%a6%d8%a7%d8%b3%d8%a9,6,1.0
https://www.aljazeera.net/news/2026/4/23/%d8%ae%d8%b1%d8%ac-%d9%88%d9%84%d9%85-%d9%8a%d8%b9%d8%af-%d9%85%d8%a7%d8%b0%d8%a7-%d9%8a%d8%ac%d8%b1%d9%8a-%d8%ae%d9%84%d9%81-%d8%a7%d9%84%d8%ae%d8%b7-%d8%a7%d9%84%d8%a3%d8%b5%d9%81%d8%b1,3,0.7904
https://www.aljazeera.net/news/2026/4/23/%d9%87%d9%84-%d8%a8%d8%a7%d8%aa-%d8%a7%d9%84%d9%88%d9%82%d8%aa-%d8%a3%d9%82%d9%88%d9%89-%d8%a3%d8%b3%d9%84%d8%ad%d8%a9-%d8%a7%d9%84%d8%ad%d8%b1%d8%a8,0,1.0
https://www.aljazeera.net/news/2026/4/23/%d9%83%d9%8a%d9%81-%d8%a3%d8%b9%d8%a7%d8%af%d8%aa-%d8%ad%d8%b1%d8%a8-%d8%a5%d9%8a%d8%b1%d8%a7%d9%86-%d8%b5%d9%8a%d8%a7%d8%ba%d8%a9-%d8%a3%d9%88%d8%b1%d9%88%d8%a8%d8%a7,0,0.8848
https://www.aljazeera.net/news/2026/4/23/%d8%aa%d8%b1%d9%85%d8%a8-%d9%8a%d9%85%d8%af%d8%af-%d8%a7%d9%84%d9%87%d8%af%d9%86%d8%a9-%d8%a8%d9%84%d8%a7-%d8%a3%d9%81%d9%82-%d8%ad%d8%b5%d8%a7%d8%b1-%d8%a5%d9%8a%d8%b1%d8%a7%d9%86,0,1.0
https://www.aljazeera.net/news/2026/4/23/%d8%ad%d8%b2%d8%a8-%d8%a7%d9%84%d9%84%d9%87-%d8%a7%d9%84%d8%aa%d9%81%d8%a7%d9%88%d8%b6-%d9%85%d8%b9-%d8%a5%d8%b3%d8%b1%d8%a7%d8%a6%d9%8a%d9%84-%d8%ae%d8%b7%d8%a3-%d9%83%d8%a8%d9%8a%d8%b1,8,1.0
https://www.aljazeera.net/news/2026/4/23/%d9%85%d8%b3%d8%a4%d9%88%d9%84-%d8%a5%d9%8a%d8%b1%d8%a7%d9%86%d9%8a-%d8%b7%d9%87%d8%b1%d8%a7%d9%86-%d8%a8%d8%af%d8%a3%d8%aa-%d8%aa%d8%ad%d8%b5%d9%8a%d9%84-%d8%b1%d8%b3%d9%88%d9%85-%d8%b9%d9%84%d9%89,0,1.0
https://www.aljazeera.net/news/2026/4/23/%d8%a7%d9%84%d8%ad%d8%b1%d8%b3-%d8%a7%d9%84%d8%ab%d9%88%d8%b1%d9%8a-%d8%aa%d8%b4%d9%83%d9%8a%d9%84-%d9%82%d8%a7%d8%af%d9%87-%d8%b7%d9%84%d8%a7%d8%a8-%d9%85%d9%86%d8%a7%d9%87%d8%b6%d9%88%d9%86,7,1.0
https://www.aljazeera.net/news/2026/4/23/%d8%a8%d8%b3%d8%a8%d8%a8-%d9%87%d8%b1%d9%85%d8%b2-%d9%87%d9%84-%d8%aa%d8%aa%d8%ad%d9%88%d9%84-%d8%a7%d9%84%d8%a3%d8%b3%d9%85%d8%af%d8%a9-%d9%84%d9%82%d9%86%d8%a8%d9%84%d8%a9,0,1.0
https://www.aljazeera.net/news/2026/4/23/%d9%85%d8%a7%d8%b0%d8%a7-%d9%88%d8%b1%d8%a7%d8%a1-%d8%a5%d9%84%d8%ba%d8%a7%d8%a1-%d8%a7%d9%84%d8%b1%d8%a6%d9%8a%d8%b3-%d8%a7%d9%84%d8%aa%d8%a7%d9%8a%d9%88%d8%a7%d9%86%d9%8a,5,0.5807
https://www.aljazeera.net/news/2026/4/23/%d8%aa%d8%ac%d9%88%d9%8a%d8%b9-%d9%88%d8%aa%d9%86%d9%83%d9%8a%d9%84-%d9%86%d8%a7%d8%af%d9%8a-%d8%a7%d9%84%d8%a3%d8%b3%d9%8a%d8%b1-%d8%b9%d8%af%d8%af-%d8%a7%d9%84%d8%a3%d8%b3%d9%8a%d8%b1%d8%a7%d8%aa,14,0.4436
https://www.aljazeera.net/news/2026/4/23/%d8%ae%d8%b7%d9%88%d8%a9-%d9%85%d9%81%d8%a7%d8%ac%d8%a6%d8%a9-%d9%85%d9%86-%d8%ac%d8%a7%d9%83%d8%b1%d8%aa%d8%a7-%d8%b1%d8%b3%d9%88%d9%85-%d9%85%d8%ad%d8%aa%d9%85%d9%84%d8%a9-%d8%b9%d9%84%d9%89,0,1.0
https://www.aljazeera.net/news/2026/4/23/%d8%a8%d9%8a%d9%86-%d8%a7%d9%84%d9%85%d8%b5%d8%a7%d8%af%d8%b1%d8%a9-%d9%88%d8%a7%d9%84%d8%b9%d8%a8%d9%88%d8%b1-%d9%88%d8%a7%d9%84%d8%b2%d9%88%d8%a7%d8%b1%d9%82,0,1.0
https://www.aljazeera.net/news/2026/4/23/%d9%84%d8%a8%d9%86%d8%a7%d9%86-124,2,0.7045
https://www.aljazeera.net/news/2026/4/23/%d8%a3%d9%88%d8%b1%d8%a7%d9%82-%d8%aa%d8%b1%d8%a7%d9%87%d9%86-%d8%b9%d9%84%d9%8a%d9%87%d8%a7-%d8%b7%d9%87%d8%b1%d8%a7%d9%86-%d9%84%d8%a5%d9%81%d8%b4%d8%a7%d9%84-%d8%ad%d8%b5%d8%a7%d8%b1,0,1.0
https://www.aljazeera.net/news/2026/4/23/%d9%87%d9%84-%d9%8a%d9%83%d8%b4%d9%81-%d8%aa%d8%ad%d8%b1%d9%8a%d8%b1-%d8%b1%d9%88%d8%b3%d9%8a%d8%a7-%d9%85%d8%ae%d8%aa%d8%b7%d9%81%d9%8a%d9%86-%d9%81%d9%8a-%d9%85%d8%a7%d9%84%d9%8a,5,0.7951
https://www.aljazeera.net/news/2026/4/23/%d8%af%d8%a8%d9%84%d9%88%d9%85%d8%a7%d8%b3%d9%8a-%d8%a8%d8%a7%d9%83%d8%b3%d8%aa%d8%a7%d9%86%d9%8a-%d9%84%d8%a7-%d8%a7%d8%ae%d8%aa%d8%b1%d8%a7%d9%82,0,1.0
https://www.aljazeera.net/news/2026/4/23/%d8%ad%d9%88%d8%a7%d8%ac%d8%b2-%d8%a7%d9%84%d8%a7%d8%ad%d8%aa%d9%84%d8%a7%d9%84-%d8%a8%d8%a7%d9%84%d8%b6%d9%81%d8%a9-%d8%aa%d8%aa%d8%ad%d9%88%d9%84-%d9%84%d9%83%d9%85%d8%a7%d8%a6%d9%86,15,1.0
https://www.aljazeera.net/news/2026/4/23/%d8%b3%d9%84%d8%a7%d9%85-%d9%84%d8%a8%d9%86%d8%a7%d9%86-%d9%84%d8%a7-%d9%8a%d9%85%d9%83%d9%86%d9%87-%d8%aa%d9%88%d9%82%d9%8a%d8%b9-%d8%a7%d8%aa%d9%81%d8%a7%d9%82-%d9%84%d8%a7,8,1.0
https://www.aljazeera.net/news/2026/4/23/%d8%b1%d8%a7%d9%8a%d8%aa%d8%b3-%d9%88%d9%88%d8%aa%d8%b4-%d8%a8%d9%86%d8%ba%d9%84%d8%a7%d8%af%d9%8a%d8%b4-%d8%aa%d8%b9%d8%aa%d9%82%d9%84-%d9%85%d9%86%d8%aa%d9%82%d8%af%d9%8a%d9%86,5,0.585
https://www.aljazeera.net/news/2026/4/23/%d9%84%d9%85%d8%a7%d8%b0%d8%a7-%d8%aa%d8%ae%d8%b4%d9%89-%d8%a5%d8%b3%d8%b1%d8%a7%d8%a6%d9%8a%d9%84-%d8%a7%d9%84%d8%b1%d9%85%d9%88%d8%b2-%d8%a3%d9%83%d8%ab%d8%b1-%d9%85%d9%85%d8%a7,-1,0.0
https://www.aljazeera.net/news/2026/4/23/%d9%87%d9%84-%d9%8a%d9%86%d8%ac%d8%ad-%d8%a7%d9%84%d8%aa%d8%b5%d8%b9%d9%8a%d8%af-%d8%a7%d9%84%d9%85%d8%ad%d8%b3%d9%88%d8%a8-%d8%a8%d9%8a%d9%86-%d9%88%d8%a7%d8%b4%d9%86%d8%b7%d9%86,0,1.0
https://www.aljazeera.net/news/2026/4/23/%d8%ae%d8%a7%d9%85%d9%86%d8%a6%d9%8a-2,7,0.7811
https://www.aljazeera.net/news/2026/4/23/%d8%b5%d8%b1%d8%a7%d8%b9-%d8%a5%d8%b9%d9%84%d8%a7%d9%86-%d8%a7%d9%84%d8%b3%d9%8a%d8%b7%d8%b1%d8%a9-%d8%b9%d9%84%d9%89-%d9%85%d8%b6%d9%8a%d9%82-%d9%87%d8%b1%d9%85%d8%b2-%d8%aa%d8%b1%d9%85%d8%a8,0,1.0
https://www.aljazeera.net/news/2026/4/23/%d8%a7%d9%84%d8%a8%d9%88%d9%8a%d8%b6%d8%a7%d9%86%d9%8a-%d9%81%d9%88%d8%b1-%d8%b9%d9%88%d8%af%d8%aa%d9%87-%d9%85%d9%86-%d8%a7%d9%84%d8%a5%d9%85%d8%a7%d8%b1%d8%a7%d8%aa-%d9%84%d9%86%d8%b1%d9%81%d8%b9,6,1.0
https://www.aljazeera.net/news/2026/4/23/%d9%87%d9%84-%d8%a3%d9%88%d9%82%d9%81-%d8%aa%d8%b1%d8%a7%d9%85%d8%a8-%d8%a5%d8%b9%d8%af%d8%a7%d9%85-8-%d9%86%d8%b3%d8%a7%d8%a1-%d9%85%d9%86-%d8%a7%d9%84%d8%b0%d9%83%d8%a7%d8%a1,0,0.8675
https://www.aljazeera.net/news/2026/4/23/%d8%aa%d9%82%d8%b1%d9%8a%d8%b1-%d8%a7%d9%84%d8%a5%d9%82%d8%a7%d9%84%d8%a9,0,0.936
https://www.aljazeera.net/news/2026/4/23/%d9%83%d8%a7%d8%aa%d8%b3-%d8%a5%d8%b3%d8%b1%d8%a7%d8%a6%d9%8a%d9%84-%d9%86%d9%86%d8%aa%d8%b8%d8%b1-%d8%a7%d9%84%d8%b6%d9%88%d8%a1-%d8%a7%d9%84%d8%a3%d8%ae%d8%b6%d8%b1,-1,0.0
https://www.aljazeera.net/news/2026/4/23/%d9%85%d9%88%d8%b1%d9%8a%d8%b4%d9%8a%d9%88%d8%b3-%d8%aa%d9%85%d9%87%d9%84-%d8%a8%d8%b1%d9%8a%d8%b7%d8%a7%d9%86%d9%8a%d8%a7-%d8%ad%d8%aa%d9%89-%d9%8a%d9%88%d9%84%d9%8a%d9%88,0,1.0
https://www.aljazeera.net/news/2026/4/23/%d8%a5%d8%b3%d8%b1%d8%a7%d8%a6%d9%8a%d9%84-%d8%aa%d8%ad%d8%a7%d9%88%d9%84-%d8%aa%d8%ad%d8%b3%d9%8a%d9%86-%d8%b5%d9%88%d8%b1%d8%aa%d9%87%d8%a7-%d8%a8%d8%aa%d8%b9%d9%8a%d9%8a%d9%86,16,0.8568
https://www.aljazeera.net/news/2026/4/23/%d8%a7%d8%aa%d9%87%d8%a7%d9%85%d8%a7%d8%aa-%d8%ac%d8%b1%d8%a7%d8%a6%d9%85-%d8%b6%d8%af-%d8%a7%d9%84%d8%a5%d9%86%d8%b3%d8%a7%d9%86%d9%8a%d8%a9-%d8%a8%d8%ad%d9%82-%d8%a7%d9%84%d8%b1%d8%a6%d9%8a%d8%b3,5,0.6301
https://www.aljazeera.net/news/2026/4/23/%d8%a7%d8%b3%d8%aa%d8%b4%d9%87%d8%a7%d8%af-%d8%b7%d9%81%d9%84-%d9%81%d9%8a-%d9%86%d8%a7%d8%a8%d9%84%d8%b3-%d9%88%d8%aa%d8%af%d9%85%d9%8a%d8%b1-%d8%a3%d8%b1%d8%a7%d8%b6-%d9%81%d9%8a,15,1.0
https://www.aljazeera.net/news/2026/4/23/%d8%b9%d8%a7%d8%ac%d9%84-%d8%a7%d9%84%d9%85%d8%b1%d8%b4%d8%af-%d8%a7%d9%84%d8%a5%d9%8a%d8%b1%d8%a7%d9%86%d9%8a-%d9%81%d9%8a-%d9%85%d9%86%d8%b4%d9%88%d8%b1-%d8%ad%d9%85%d9%84%d8%a9,7,0.8634
https://www.aljazeera.net/news/2026/4/23/%d8%b9%d8%a7%d8%ac%d9%84-%d9%88%d8%b3%d8%a7%d8%a6%d9%84-%d8%a5%d8%b9%d9%84%d8%a7%d9%85-%d8%a5%d9%8a%d8%b1%d8%a7%d9%86%d9%8a%d8%a9-%d8%b3%d9%85%d8%a7%d8%b9-%d8%a3%d8%b5%d9%88%d8%a7%d8%aa,-1,0.0
https://www.aljazeera.net/news/2026/4/23/%d8%af%d9%88%d9%86%d8%a7%d9%84%d8%af-%d8%aa%d8%b1%d8%a7%d9%85%d8%a8-%d9%8a%d8%ad%d8%b6%d8%b1-%d9%85%d8%ad%d8%a7%d8%af%d8%ab%d8%a7%d8%aa-%d8%b3%d9%81%d8%b1%d9%8a-%d9%84%d8%a8%d9%86%d8%a7%d9%86,8,1.0
https://www.aljazeera.net/news/2026/4/23/%d8%b1%d9%88%d8%b3%d9%8a%d8%a7-%d8%aa%d8%ad%d8%b0%d8%b1-%d8%a7%d9%84%d8%af%d9%88%d9%84-%d8%a7%d9%84%d8%a3%d9%88%d8%b1%d9%88%d8%a8%d9%8a%d8%a9-%d9%85%d9%86-%d9%86%d8%b4%d8%b1,0,1.0
https://www.aljazeera.net/news/2026/4/23/%d9%84%d8%a8%d9%86%d8%a7%d9%86-125,2,0.6068
https://www.aljazeera.net/news/2026/4/23/%d8%aa%d8%ad%d8%b6%d9%8a%d8%b1%d8%a7%d8%aa-%d9%84%d8%a5%d8%a8%d8%ad%d8%a7%d8%b1-%d8%a3%d8%b3%d8%b7%d9%88%d9%84-%d8%a7%d9%84%d8%b5%d9%85%d9%88%d8%af-%d9%85%d9%86-%d8%b5%d9%82%d9%84%d9%8a%d8%a9,-1,0.0
https://www.aljazeera.net/news/2026/4/23/%d8%aa%d8%b1%d9%85%d8%a8-%d9%8a%d8%a8%d8%b4%d8%b1-%d8%a8%d8%aa%d8%b1%d9%85%d9%8a%d9%85-%d8%a7%d9%84%d8%b9%d9%84%d8%a7%d9%82%d8%a7%d8%aa-%d9%85%d8%b9-%d8%a8%d8%b1%d9%8a%d8%b7%d8%a7%d9%86%d9%8a%d8%a7,-1,0.0
https://www.aljazeera.net/news/2026/4/22/%d8%a8%d8%b9%d8%af-%d9%82%d8%b1%d8%a7%d8%b1-%d8%aa%d8%b1%d9%85%d8%a8-%d8%aa%d9%85%d8%af%d9%8a%d8%af-%d8%a7%d9%84%d9%87%d8%af%d9%86%d8%a9-%d9%87%d9%84-%d8%aa%d9%86%d8%ac%d8%ad,0,1.0
https://www.aljazeera.net/news/2026/4/22/%d8%a7%d8%aa%d9%87%d8%a7%d9%85%d8%a7%d8%aa-%d8%a5%d9%8a%d8%b1%d8%a7%d9%86%d9%8a%d8%a9-%d8%a8%d8%a7%d9%84%d9%85%d9%86%d8%a7%d9%88%d8%b1%d8%a9-%d8%aa%d8%b1%d9%85%d8%a8-%d9%8a%d9%85%d8%af%d8%af,0,1.0
https://www.aljazeera.net/news/2026/4/22/%d8%b7%d8%b1%d9%82-%d8%a7%d9%84%d9%87%d8%ac%d8%b1%d8%a9-%d9%85%d8%b5%d8%b1%d8%b9-%d9%88%d9%81%d9%82%d8%af%d8%a7%d9%86-8-%d8%a2%d9%84%d8%a7%d9%81-%d8%b4%d8%ae%d8%b5-%d9%81%d9%8a-%d8%b9%d8%a7%d9%85,10,0.4525
https://www.aljazeera.net/news/2026/4/22/%d8%a7%d9%84%d8%a8%d9%86%d8%aa%d8%a7%d8%ba%d9%88%d9%86-%d9%8a%d8%b9%d8%aa%d8%b2%d9%85-%d8%a5%d9%86%d9%81%d8%a7%d9%82-%d8%b9%d8%b4%d8%b1%d8%a7%d8%aa,0,0.9494
https://www.aljazeera.net/news/2026/4/22/%d8%a7%d9%84%d8%a3%d9%85%d9%85-%d8%a7%d9%84%d9%85%d8%aa%d8%ad%d8%af%d8%a9-%d8%aa%d8%ad%d8%b0%d8%b1-%d9%85%d9%86-%d8%b5%d8%b9%d9%88%d8%a8%d8%a7%d8%aa-%d8%aa%d8%b9%d8%aa%d8%b1%d8%b6,10,1.0
https://www.aljazeera.net/news/2026/4/22/%d9%85%d8%a7-%d8%ae%d8%b1%d9%8a%d8%b7%d8%a9-%d8%a7%d9%84%d8%b4%d8%b1%d9%88%d8%b7-%d8%a7%d9%84%d8%a3%d9%85%d8%b1%d9%8a%d9%83%d9%8a%d8%a9-%d9%88%d8%a7%d9%84%d8%a5%d9%8a%d8%b1%d8%a7%d9%86%d9%8a%d8%a9,0,1.0
https://www.aljazeera.net/news/2026/4/22/%d8%b3%d8%a3%d8%b8%d9%84-%d9%85%d8%b9%d8%b0%d8%a8%d8%a7-%d8%a8%d8%b3%d8%a8%d8%a8-%d8%b0%d9%84%d9%83-%d8%aa%d8%a7%d9%83%d8%b1-%d9%83%d8%a7%d8%b1%d9%84%d8%b3%d9%88%d9%86,0,1.0
https://www.aljazeera.net/news/2026/4/22/%d8%a7%d9%84%d8%a8%d9%86%d8%aa%d8%a7%d8%ba%d9%88%d9%86-%d9%82%d8%af-%d9%86%d8%ba%d9%8a%d8%b1-%d9%87%d9%86%d8%af%d8%b3%d8%a9-%d9%82%d9%88%d8%a7%d8%b9%d8%af%d9%86%d8%a7,0,0.966
https://www.aljazeera.net/news/2026/4/22/%d9%8a%d8%af%d9%8a%d8%b9%d9%88%d8%aa-%d8%a3%d8%ad%d8%b1%d9%86%d9%88%d8%aa-%d9%85%d9%86-%d8%a7%d9%84%d9%85%d9%82%d9%84%d9%82-%d8%aa%d9%85%d8%af%d9%8a%d8%af-%d8%aa%d8%b1%d9%85%d8%a8,0,0.8501
https://www.aljazeera.net/news/2026/4/22/%d9%85%d8%ad%d8%a7%d8%af%d8%ab%d8%a7%d8%aa-%d8%b9%d8%b3%d9%83%d8%b1%d9%8a%d8%a9-%d9%81%d9%8a-%d9%84%d9%86%d8%af%d9%86-%d9%84%d8%a8%d8%ad%d8%ab-%d8%a5%d8%b9%d8%a7%d8%af%d8%a9-%d9%81%d8%aa%d8%ad,0,1.0
https://www.aljazeera.net/news/2026/4/22/%d8%aa%d9%88%d9%82%d8%b9%d8%a7%d8%aa-%d8%a8%d8%a7%d9%86%d8%b6%d9%85%d8%a7%d9%85-%d8%b1%d9%88%d8%a8%d9%8a%d9%88-%d9%84%d8%ac%d9%88%d9%84%d8%a9-%d8%a7%d9%84%d9%85%d8%ad%d8%a7%d8%af%d8%ab%d8%a7%d8%aa,8,0.9546
https://www.aljazeera.net/news/2026/4/22/%d8%a8%d9%84%d9%88%d9%85%d8%a8%d9%8a%d8%b1%d8%ba-%d8%aa%d8%b1%d8%b5%d8%af-%d8%ad%d8%ac%d9%85-%d8%a7%d9%84%d8%a3%d8%b6%d8%b1%d8%a7%d8%b1-%d9%81%d9%8a-%d8%a5%d9%8a%d8%b1%d8%a7%d9%86-270,1,0.4028
https://www.aljazeera.net/news/2026/4/22/%d9%83%d9%8a%d9%81-%d9%8a%d8%aa%d8%b9%d9%82%d8%a8-%d8%a7%d9%84%d9%85%d9%81%d8%aa%d8%b4%d9%88%d9%86-%d8%a2%d8%ab%d8%a7%d8%b1-%d8%aa%d8%b5%d9%86%d9%8a%d8%b9-%d8%a7%d9%84%d9%82%d9%86%d8%a8%d9%84%d8%a9,-1,0.0
https://www.aljazeera.net/news/2026/4/22/%d8%a7%d9%84%d8%ad%d9%83%d9%88%d9%85%d8%a9-%d8%a7%d9%84%d8%b3%d9%88%d8%b1%d9%8a%d8%a9-%d8%aa%d8%b1%d9%81%d8%b9-%d8%b9%d9%84%d9%85-%d8%a5%d8%b3%d8%b1%d8%a7%d8%a6%d9%8a%d9%84-%d8%b9%d9%84%d9%89,6,0.6357
https://www.aljazeera.net/news/2026/4/22/%d8%aa%d8%b1%d9%85%d8%a8-%d8%a5%d9%8a%d8%b1%d8%a7%d9%86-%d8%aa%d9%86%d9%87%d8%a7%d8%b1-%d9%85%d8%a7%d9%84%d9%8a%d8%a7-%d9%88%d8%aa%d8%b7%d8%a7%d9%84%d8%a8-%d8%a8%d9%81%d8%aa%d8%ad,0,0.9655
https://www.aljazeera.net/news/2026/4/22/%d9%88%d8%a7%d8%b4%d9%86%d8%b7%d9%86-%d8%aa%d9%86%d9%81%d9%8a-%d9%86%d9%82%d9%84-%d9%86%d8%b8%d8%a7%d9%85-%d8%ab%d8%a7%d8%af-%d9%85%d9%86-%d9%83%d9%88%d8%b1%d9%8a%d8%a7,0,0.8162
https://www.aljazeera.net/news/2026/4/22/%d8%a8%d9%8a%d9%86-%d8%a7%d9%84%d9%85%d8%b9%d9%84%d9%88%d9%85%d8%a7%d8%aa-%d8%a7%d9%84%d8%b9%d8%a7%d9%85%d8%a9-%d9%88%d8%a7%d9%84%d8%aa%d8%ad%d8%b1%d9%8a%d8%b6-%d8%aa%d8%b4%d8%a7%d8%aa-%d8%ac%d9%8a,0,0.8716
https://www.aljazeera.net/news/2026/4/22/%d8%a7%d9%84%d8%ad%d8%b1%d8%a8-%d9%81%d9%8a-%d8%a7%d9%84%d9%85%d9%86%d8%b7%d9%82%d8%a9-%d8%aa%d8%b2%d9%8a%d8%af-%d9%86%d9%85%d9%88-%d8%a7%d9%84%d8%b5%d9%86%d8%a7%d8%b9%d8%a9,0,0.966
https://www.aljazeera.net/news/2026/4/22/%d8%aa%d8%b3%d9%8a%d9%84%d9%85-%d8%a7%d9%84%d8%a5%d8%a8%d8%a7%d8%af%d8%a9-%d8%a7%d9%84%d8%ac%d9%85%d8%a7%d8%b9%d9%8a%d8%a9-%d8%a3%d8%b5%d8%a8%d8%ad%d8%aa-%d8%b1%d8%b3%d9%85%d9%8a%d8%a7,14,0.7171
https://www.aljazeera.net/news/2026/4/22/%d8%b5%d8%ad%d9%8a%d9%81%d8%a9-%d8%a3%d9%85%d8%b1%d9%8a%d9%83%d8%a7-%d8%aa%d9%88%d9%82%d9%81-%d8%b4%d8%ad%d9%86%d8%a7%d8%aa-%d8%a7%d9%84%d8%af%d9%88%d9%84%d8%a7%d8%b1,13,0.9385
https://www.aljazeera.net/news/2026/4/22/%d9%85%d8%a7-%d8%b1%d8%b3%d8%a7%d8%a6%d9%84-%d8%b7%d9%87%d8%b1%d8%a7%d9%86-%d9%85%d9%86-%d8%a7%d8%b3%d8%aa%d9%87%d8%af%d8%a7%d9%81-%d8%b3%d9%81%d9%8a%d9%86%d8%a9-%d8%aa%d8%ac%d8%a7%d8%b1%d9%8a%d8%a9,0,1.0
https://www.aljazeera.net/news/2026/4/22/%d8%b4%d8%a7%d9%87%d8%af-%d8%ad%d8%ac%d9%85-%d8%a7%d9%84%d8%af%d9%85%d8%a7%d8%b1-%d9%81%d9%8a-%d8%a5%d9%8a%d8%b1%d8%a7%d9%86-%d8%a8%d8%b9%d8%af-%d8%ad%d8%b1%d8%a8-%d8%a7%d9%84%d9%8040,1,0.4514
https://www.aljazeera.net/news/2026/4/22/%d9%87%d9%8a%d8%a6%d8%a9-%d8%a8%d8%b1%d9%8a%d8%b7%d8%a7%d9%86%d9%8a%d8%a9-%d8%a3%d8%b6%d8%b1%d8%a7%d8%b1-%d8%ac%d8%b3%d9%8a%d9%85%d8%a9-%d8%a8%d8%b3%d9%81%d9%8a%d9%86%d8%a9,0,1.0
https://www.aljazeera.net/news/2026/4/22/%d8%ba%d8%b2%d8%a9-115,3,1.0
https://www.aljazeera.net/news/2026/4/22/%d9%84%d9%85%d8%a7%d8%b0%d8%a7-%d8%aa%d8%b9%d8%aa%d9%85%d8%af-%d8%a5%d9%8a%d8%b1%d8%a7%d9%86-%d8%a3%d8%b3%d8%b7%d9%88%d9%84-%d8%a7%d9%84%d8%a8%d8%b9%d9%88%d8%b6,0,1.0
https://www.aljazeera.net/news/2026/4/22/4-%d8%b3%d9%8a%d9%86%d8%a7%d8%b1%d9%8a%d9%88%d9%87%d8%a7%d8%aa-%d8%aa%d8%b1%d8%b3%d9%85-%d9%85%d8%b3%d8%aa%d9%82%d8%a8%d9%84-%d8%a7%d9%84%d8%b4%d8%b1%d9%82-%d8%a7%d9%84%d8%a3%d9%88%d8%b3%d8%b7,0,1.0
https://www.aljazeera.net/news/2026/4/22/%d8%b1%d8%ba%d9%85-%d8%a7%d9%84%d9%87%d8%af%d9%86%d8%a9-%d8%ba%d8%a7%d8%b1%d8%a9-%d8%a5%d8%b3%d8%b1%d8%a7%d8%a6%d9%8a%d9%84%d9%8a%d8%a9-%d8%aa%d9%82%d8%aa%d9%84-%d8%b4%d8%ae%d8%b5%d8%a7,8,0.4475
https://www.aljazeera.net/news/2026/4/22/%d8%b2%d9%8a%d8%a7%d8%b1%d8%a9-%d8%b1%d9%88%d8%aa%d9%88-%d8%a5%d9%84%d9%89-%d8%b1%d9%88%d9%85%d8%a7-%d8%ab%d9%85%d8%a7%d9%86%d9%8a-%d8%a7%d8%aa%d9%81%d8%a7%d9%82%d9%8a%d8%a7%d8%aa,5,0.7085
https://www.aljazeera.net/news/2026/4/22/%d8%ad%d8%b1%d8%a7%d9%83-%d8%a8%d8%a7%d9%83%d8%b3%d8%aa%d8%a7%d9%86%d9%8a-%d9%84%d9%84%d8%b6%d8%ba%d8%b7-%d8%b9%d9%84%d9%89-%d8%a3%d9%85%d8%b1%d9%8a%d9%83%d8%a7-%d9%88%d8%a5%d9%8a%d8%b1%d8%a7%d9%86,0,1.0
https://www.aljazeera.net/news/2026/4/22/%d8%a8%d9%8a%d8%a7%d9%86%d8%a7%d8%aa-%d9%85%d9%84%d8%a7%d8%ad%d9%8a%d8%a9-%d8%ac%d8%b3%d8%b1-%d8%ac%d9%88%d9%8a-%d8%a3%d9%85%d8%b1%d9%8a%d9%83%d9%8a-%d8%ac%d8%af%d9%8a%d8%af-%d9%85%d9%86,-1,0.0
https://www.aljazeera.net/news/2026/4/22/%d8%b9%d8%a7%d8%ac%d9%84-%d8%aa%d8%b3%d9%86%d9%8a%d9%85-%d8%b9%d9%86-%d8%a7%d9%84%d8%a8%d8%ad%d8%b1%d9%8a%d8%a9-%d8%a7%d9%84%d8%a5%d9%8a%d8%b1%d8%a7%d9%86%d9%8a%d8%a9,0,1.0
https://www.aljazeera.net/news/2026/4/22/%d9%84%d9%85%d8%ad%d8%a7%d8%b5%d8%b1%d8%a9-%d8%b9%d9%85%d9%84%d8%a7%d8%a1-%d8%a7%d9%84%d8%a7%d8%ad%d8%aa%d9%84%d8%a7%d9%84-%d9%81%d8%b5%d8%a7%d8%a6%d9%84-%d9%88%d8%b9%d8%b4%d8%a7%d8%a6%d8%b1,3,0.703
https://www.aljazeera.net/news/2026/4/22/%d8%a7%d9%84%d8%b5%d9%8a%d9%86-%d8%aa%d8%ad%d8%b0%d8%b1-%d9%85%d9%86-%d9%85%d8%b1%d8%ad%d9%84%d8%a9-%d8%ad%d8%b1%d8%ac%d8%a9-%d9%81%d9%8a-%d8%a7%d9%84%d8%b4%d8%b1%d9%82,0,0.7331
https://www.aljazeera.net/news/2026/4/22/%d8%a7%d9%84%d9%82%d9%87%d9%88%d8%a9-%d9%88%d8%a7%d9%84%d8%b3%d8%ac%d8%a7%d8%a6%d8%b1-%d9%88%d8%a7%d9%84%d9%83%d8%a7%d9%85%d9%8a%d8%b1%d8%a7%d8%aa-%d8%a7%d9%84%d8%b0%d9%83%d9%8a%d8%a9,6,0.6704
https://www.aljazeera.net/news/2026/4/22/%d9%82%d8%b1%d9%8a%d8%a8%d9%88%d9%86-%d9%85%d9%86-%d8%a7%d9%84%d8%ae%d8%b7-%d8%a7%d9%84%d8%a3%d8%b5%d9%81%d8%b1-%d9%86%d8%a7%d8%b2%d8%ad%d9%88%d9%86-%d8%a8%d9%85%d8%ae%d9%8a%d9%85,3,1.0
https://www.aljazeera.net/news/2026/4/22/%d8%b1%d8%a7%d9%8a%d8%aa%d8%b3-%d9%88%d9%88%d8%aa%d8%b4-%d8%aa%d8%aa%d9%87%d9%85-%d9%88%d8%a7%d8%b4%d9%86%d8%b7%d9%86-%d8%a8%d8%a7%d9%84%d8%aa%d8%ae%d9%84%d9%8a-%d8%b9%d9%86,10,0.4814
https://www.aljazeera.net/news/2026/4/22/%d8%b9%d8%b4%d8%b1%d8%a7%d8%aa-%d8%a7%d9%84%d9%85%d8%b3%d8%aa%d9%88%d8%b7%d9%86%d9%8a%d9%86-%d9%8a%d9%82%d8%aa%d8%ad%d9%85%d9%88%d9%86-%d8%a7%d9%84%d9%85%d8%b3%d8%ac%d8%af-18,17,0.6973
https://www.aljazeera.net/news/2026/4/22/%d8%b3%d8%a4%d8%a7%d9%84-%d9%88%d8%ac%d9%88%d8%a7%d8%a8-%d9%85%d8%a7-%d8%a2%d8%ae%d8%b1-%d8%aa%d8%b7%d9%88%d8%b1%d8%a7%d8%aa-%d8%a7%d9%84%d9%87%d8%af%d9%86%d8%a9-%d8%a8%d9%8a%d9%86,0,1.0
https://www.aljazeera.net/news/2026/4/22/%d9%88%d8%b2%d9%8a%d8%b1-%d8%ae%d8%a7%d8%b1%d8%ac%d9%8a%d8%a9-%d8%aa%d8%b1%d9%83%d9%8a%d8%a7-%d9%8a%d8%b2%d9%88%d8%b1-%d8%a8%d8%b1%d9%8a%d8%b7%d8%a7%d9%86%d9%8a%d8%a7,-1,0.0
https://www.aljazeera.net/news/2026/4/22/%d8%a3%d9%85%d9%86%d8%b3%d8%aa%d9%8a-%d8%b9%d8%af%d9%85-%d8%aa%d8%b9%d9%84%d9%8a%d9%82-%d8%a7%d8%aa%d9%81%d8%a7%d9%82%d9%8a%d8%a9-%d8%a7%d9%84%d8%b4%d8%b1%d8%a7%d9%83%d8%a9-%d8%a8%d9%8a%d9%86,16,0.9194
https://www.aljazeera.net/news/2026/4/22/%d8%a7%d8%b3%d8%aa%d8%b9%d8%b1%d8%a7%d8%b6-%d8%a5%d9%8a%d8%b1%d8%a7%d9%86%d9%8a-%d9%8a%d8%ab%d9%8a%d8%b1-%d8%b9%d8%a7%d8%b5%d9%81%d8%a9-%d8%ba%d8%b6%d8%a8-%d8%a8%d8%b9%d8%af-%d9%88%d8%b6%d8%b9,4,0.2785
https://www.aljazeera.net/news/2026/4/22/%d9%85%d9%84%d9%8a%d8%a7%d8%b1-%d8%b4%d8%ae%d8%b5-%d9%85%d9%87%d8%af%d8%af%d9%88%d9%86-%d8%aa%d9%82%d8%b1%d9%8a%d8%b1-%d8%a3%d9%85%d9%85%d9%8a-%d9%8a%d8%ad%d8%b0%d8%b1-%d9%85%d9%86,10,0.4452
https://www.aljazeera.net/news/2026/4/22/%d8%a7%d9%84%d9%85%d9%87%d8%a7%d8%ac%d8%b1%d9%8a%d9%86-3,10,0.4295
https://www.aljazeera.net/news/2026/4/22/%d8%a3%d9%85%d9%8a%d8%b1-%d9%82%d8%b7%d8%b1-%d9%88%d8%a7%d9%84%d8%b1%d8%a6%d9%8a%d8%b3-%d8%a7%d9%84%d8%b3%d9%88%d8%b1%d9%8a-%d9%8a%d8%a8%d8%ad%d8%ab%d8%a7%d9%86-2,9,0.8069
https://www.aljazeera.net/news/2026/4/22/%d8%b1%d8%a6%d9%8a%d8%b3-%d8%a8%d9%88%d8%b1%d9%88%d9%86%d8%af%d9%8a-%d9%81%d9%8a-%d9%88%d8%a7%d8%ba%d8%a7%d8%af%d9%88%d8%ba%d9%88-%d9%84%d8%a8%d8%ad%d8%ab-%d8%b9%d9%88%d8%af%d8%a9,5,0.9893
https://www.aljazeera.net/news/2026/4/22/%d8%b5%d9%88%d8%b1-%d9%81%d8%b6%d8%a7%d8%a6%d9%8a%d8%a9-%d8%aa%d9%88%d8%ab%d9%82-%d8%af%d9%85%d8%a7%d8%b1%d8%a7-%d9%88%d8%a7%d8%b3%d8%b9%d8%a7-%d9%81%d9%8a,2,0.7431
https://www.aljazeera.net/news/2026/4/22/%d9%85%d8%a4%d8%aa%d9%85%d8%b1-%d8%a8%d8%a8%d8%b1%d9%88%d9%83%d8%b3%d9%84-%d9%8a%d8%af%d8%b9%d9%88-%d9%84%d9%81%d8%aa%d8%ad-%d9%85%d9%85%d8%b1-%d8%a8%d8%ad%d8%b1%d9%8a-%d8%a5%d9%84%d9%89,-1,0.0
https://www.aljazeera.net/news/2026/4/22/%d8%b9%d8%a8%d8%af-%d8%a7%d9%84%d8%b9%d8%a7%d8%b7%d9%8a-%d9%8a%d8%b4%d8%af%d8%af-%d8%b9%d9%84%d9%89-%d8%ab%d9%88%d8%a7%d8%a8%d8%aa-%d9%85%d8%b5%d8%b1-%d9%85%d9%86-%d8%a7%d9%84%d9%82%d8%b6%d9%8a%d8%a9,-1,0.0
https://www.aljazeera.net/news/2026/4/22/%d8%a7%d9%84%d8%b1%d8%a6%d9%8a%d8%b3-%d8%a7%d9%84%d9%84%d8%a8%d9%86%d8%a7%d9%86%d9%8a-%d9%8a%d8%a4%d9%83%d8%af-%d9%85%d9%88%d8%a7%d8%b5%d9%84%d8%a9-%d9%85%d8%b3%d8%a7%d8%b1,8,1.0
https://www.aljazeera.net/news/2026/4/22/%d8%a3%d9%83%d8%b3%d9%8a%d9%88%d8%b3-%d8%a7%d9%86%d9%82%d8%b3%d8%a7%d9%85-%d8%aa%d8%a7%d9%85-%d8%af%d8%a7%d8%ae%d9%84-%d8%a5%d9%8a%d8%b1%d8%a7%d9%86-%d8%a8%d9%8a%d9%86,0,1.0
https://www.aljazeera.net/news/2026/4/22/%d8%a7%d8%b3%d8%aa%d8%b7%d9%84%d8%a7%d8%b9-%d8%b1%d8%a3%d9%8a-%d9%85%d9%84%d9%81-%d8%a7%d9%84%d9%87%d8%ac%d8%b1%d8%a9-%d9%8a%d8%b6%d8%b9%d9%81-%d9%85%d9%88%d9%82%d8%b9,0,1.0
https://www.aljazeera.net/news/2026/4/22/%d8%a8%d8%b9%d8%af-%d8%ad%d8%b1%d9%8a%d9%82%d9%87%d8%a7-%d9%87%d8%b0%d9%87-%d8%aa%d9%81%d8%a7%d8%b5%d9%8a%d9%84-%d8%b9%d9%88%d8%af%d8%a9-%d8%ad%d8%a7%d9%85%d9%84%d8%a9,-1,0.0
https://www.aljazeera.net/news/2026/4/22/%d9%85%d9%86-%d8%a8%d8%ad%d8%b1-%d8%a7%d9%84%d8%b9%d8%b1%d8%a8-%d8%a5%d9%84%d9%89-%d9%87%d8%b1%d9%85%d8%b2-%d9%87%d8%b0%d9%87-%d8%a7%d9%84%d8%b3%d9%81%d9%86-%d8%a7%d9%84%d8%aa%d9%8a,0,1.0
https://www.aljazeera.net/news/2026/4/22/%d8%b9%d8%a7%d8%ac%d9%84-%d9%85%d8%b5%d8%a7%d8%af%d8%b1-%d9%84%d9%84%d8%ac%d8%b2%d9%8a%d8%b1%d8%a9-%d8%ad%d8%a7%d9%85%d9%84%d8%a9-%d8%a7%d9%84%d8%b7%d8%a7%d8%a6%d8%b1%d8%a7%d8%aa-%d9%8a%d9%88,-1,0.0
https://www.aljazeera.net/news/2026/4/22/%d8%b5%d8%ad%d9%81%d9%8a%d8%aa%d8%a7%d9%86-%d8%aa%d8%ad%d8%aa-%d8%a7%d9%84%d9%86%d8%a7%d8%b1-%d8%ad%d8%b5%d8%a7%d8%b1-%d8%a5%d8%b3%d8%b1%d8%a7%d8%a6%d9%8a%d9%84%d9%8a-%d9%8a%d9%85%d9%86%d8%b9,2,0.8978
https://www.aljazeera.net/news/2026/4/22/%d8%aa%d8%ac%d9%86%d9%8a%d8%af-2024-%d9%85%d8%b9%d8%a7%d8%b1%d9%83-%d9%85%d9%82%d8%a7%d8%aa%d9%84-%d9%82%d8%b3%d8%a7%d9%85%d9%8a-%d9%81%d9%8a-%d8%ba%d8%b2%d8%a9-%d8%aa%d8%ae%d8%b7%d9%81,-1,0.0
https://www.aljazeera.net/news/2026/4/22/%d9%87%d8%ac%d9%85%d8%a7%d8%aa-%d9%85%d8%aa%d8%a8%d8%a7%d8%af%d9%84%d8%a9-%d8%a8%d9%8a%d9%86-%d9%83%d9%8a%d9%8a%d9%81-%d9%88%d9%85%d9%88%d8%b3%d9%83%d9%88-%d9%88%d9%85%d8%b3%d8%a7%d8%b9,12,1.0
https://www.aljazeera.net/news/2026/4/22/%d8%aa%d8%ba%d9%8a%d8%b1-%d8%ac%d8%b0%d8%b1%d9%8a-%d8%a8%d8%b9%d8%af-%d8%ad%d8%b1%d8%a8-%d8%ba%d8%b2%d8%a9-%d8%aa%d9%82%d8%b1%d9%8a%d8%b1-%d9%8a%d8%b1%d8%b5%d8%af-%d8%aa%d8%b6%d8%b1%d8%b1,3,1.0
https://www.aljazeera.net/news/2026/4/22/%d8%ac%d9%8a%d8%b4-%d8%a7%d9%84%d8%a7%d8%ad%d8%aa%d9%84%d8%a7%d9%84-%d9%8a%d8%b9%d9%8a%d8%af-%d9%85%d8%aa%d8%b7%d8%b1%d9%81%d9%8a%d9%86-%d8%aa%d8%b3%d9%84%d9%84%d9%88%d8%a7-%d8%a5%d9%84%d9%89,6,0.5982
https://www.aljazeera.net/news/2026/4/22/%d9%81%d9%8a-%d8%a7%d9%84%d8%ac%d9%88%d9%84%d8%a9-%d8%a7%d9%84%d8%ab%d8%a7%d9%86%d9%8a%d8%a9-%d9%85%d9%86-%d9%85%d8%ad%d8%a7%d8%af%d8%ab%d8%a7%d8%aa-%d9%88%d8%a7%d8%b4%d9%86%d8%b7%d9%86,8,1.0
https://www.aljazeera.net/news/2026/4/22/%d8%b9%d8%b1%d8%a7%d9%82%d8%ac%d9%8a-%d8%a7%d8%b9%d8%aa%d8%af%d8%a7%d8%a1%d8%a7%d8%aa-%d9%88%d8%a7%d8%b4%d9%86%d8%b7%d9%86-%d8%a3%d9%88%d8%b5%d9%84%d8%aa-%d9%85%d8%b6%d9%8a%d9%82,-1,0.0
https://www.aljazeera.net/news/2026/4/22/%d8%b8%d8%a7%d9%87%d8%b1%d8%a9-%d8%a5%d8%a8%d8%a7%d8%af%d8%a9-%d8%a7%d9%84%d9%85%d9%86%d8%a7%d8%b2%d9%84-%d8%aa%d9%82%d8%b1%d9%8a%d8%b1-%d9%8a%d9%83%d8%b4%d9%81-%d8%aa%d8%af%d9%85%d9%8a%d8%b1,2,0.7897
https://www.aljazeera.net/news/2026/4/22/%d9%85%d9%82%d8%aa%d9%84-%d8%b4%d8%a7%d8%a8-%d9%81%d9%84%d8%b3%d8%b7%d9%8a%d9%86%d9%8a-%d9%88%d8%a7%d8%b1%d8%aa%d9%81%d8%a7%d8%b9-%d8%ad%d8%b5%d9%8a%d9%84%d8%a9-%d8%b6%d8%ad%d8%a7%d9%8a%d8%a7,15,1.0
https://www.aljazeera.net/news/2026/4/22/%d8%aa%d9%82%d8%af%d9%8a%d8%b1%d8%a7%d8%aa-%d8%a3%d9%85%d8%b1%d9%8a%d9%83%d9%8a%d8%a9-%d9%82%d8%af%d8%b1%d8%a7%d8%aa-%d8%a5%d9%8a%d8%b1%d8%a7%d9%86-%d8%a7%d9%84%d8%b9%d8%b3%d9%83%d8%b1%d9%8a%d8%a9,0,0.8968
https://www.aljazeera.net/news/2026/4/22/%d8%a7%d9%84%d9%84%d8%a7%d8%ad%d8%b1%d8%a8-%d9%88%d8%a7%d9%84%d9%84%d8%a7%d8%aa%d9%81%d8%a7%d9%82-%d9%87%d9%84-%d8%aa%d9%86%d8%b2%d9%84%d9%82-%d8%a7%d9%84%d9%85%d9%86%d8%b7%d9%82%d8%a9,0,1.0
https://www.aljazeera.net/news/2026/4/22/%d9%88%d8%a7%d8%b4%d9%86%d8%b7%d9%86-%d8%a8%d9%88%d8%b3%d8%aa-%d8%a7%d9%84%d8%a8%d9%86%d8%aa%d8%a7%d8%ba%d9%88%d9%86-%d9%8a%d8%ad%d8%aa%d8%a7%d8%ac-6-%d8%a3%d8%b4%d9%87%d8%b1-%d8%a8%d8%b9%d8%af,0,0.8113
https://www.aljazeera.net/news/2026/4/22/%d8%aa%d9%81%d8%a7%d8%a4%d9%84-%d8%ad%d8%b0%d8%b1-%d9%87%d9%84-%d8%aa%d8%aa%d8%ac%d9%87-%d9%88%d8%a7%d8%b4%d9%86%d8%b7%d9%86-%d9%88%d8%b7%d9%87%d8%b1%d8%a7%d9%86-%d9%84%d8%ac%d9%88%d9%84%d8%a9,0,1.0
https://www.aljazeera.net/news/2026/4/22/%d9%85%d8%b5%d8%b1%d8%b9-24-%d9%88%d8%aa%d8%b6%d8%b1%d8%b1-31-%d8%a3%d9%84%d9%81-%d8%a3%d8%b3%d8%b1%d8%a9-%d8%ad%d8%b5%d9%8a%d9%84%d8%a9-%d8%a7%d9%84%d8%b3%d9%8a%d9%88%d9%84,-1,0.0
https://www.aljazeera.net/news/2026/4/22/%d8%a3%d8%b1%d8%af%d9%88%d8%ba%d8%a7%d9%86-%d9%8a%d8%ad%d8%b0%d8%b1-%d9%85%d9%86-%d8%aa%d8%af%d8%a7%d8%b9%d9%8a%d8%a7%d8%aa-%d8%a7%d9%84%d8%ad%d8%b1%d8%a8-%d9%81%d9%8a-%d8%a7%d9%84%d8%b4%d8%b1%d9%82,-1,0.0
https://www.aljazeera.net/news/2026/4/22/%d9%88%d8%a7%d8%b4%d9%86%d8%b7%d9%86-%d8%aa%d8%ad%d8%ab-%d8%a7%d9%84%d8%a3%d9%85%d8%b1%d9%8a%d9%83%d9%8a%d9%8a%d9%86-%d8%b9%d9%84%d9%89-%d9%85%d8%ba%d8%a7%d8%af%d8%b1%d8%a9,-1,0.0
https://www.aljazeera.net/news/liveblog/2026/4/21/%d8%ad%d8%b1%d8%a8-%d8%a5%d9%8a%d8%b1%d8%a7%d9%86-%d9%85%d8%a8%d8%a7%d8%b4%d8%b1-%d8%aa%d8%b1%d9%85%d8%a8-%d9%8a%d9%81%d8%ae%d8%b1-%d8%a8%d8%a7%d9%84%d9%86%d8%b5%d8%b1,-1,0.0
https://www.aljazeera.net/news/2026/4/21/%d9%85%d8%a8%d8%a7%d8%ad%d8%ab%d8%a7%d8%aa-%d8%b3%d8%b9%d9%88%d8%af%d9%8a%d8%a9-%d8%b3%d9%88%d8%af%d8%a7%d9%86%d9%8a%d8%a9-%d8%ad%d9%88%d9%84-%d8%a3%d8%b2%d9%85%d8%a9,9,0.3688
https://www.aljazeera.net/news/2026/4/21/%d8%a7%d9%84%d8%aa%d9%86%d8%b3%d9%8a%d9%82%d9%8a-%d9%8a%d8%a4%d8%ac%d9%84-%d8%ad%d8%b3%d9%85-%d8%b1%d8%a6%d8%a7%d8%b3%d8%a9-%d9%88%d8%b2%d8%b1%d8%a7%d8%a1-%d8%a7%d9%84%d8%b9%d8%b1%d8%a7%d9%82,-1,0.0
https://www.aljazeera.net/news/2026/4/21/%d8%aa%d9%87%d8%af%d9%8a%d8%af%d8%a7%d8%aa-%d9%88%d8%aa%d8%ac%d8%b3%d8%b3-%d8%a8%d8%b1%d9%84%d9%8a%d9%86-%d8%aa%d8%b3%d8%aa%d8%af%d8%b9%d9%8a-%d8%a7%d9%84%d8%b3%d9%81%d9%8a%d8%b1,12,0.3382
https://www.aljazeera.net/news/2026/4/21/%d8%a5%d9%8a%d9%84%d9%88%d9%86-%d9%85%d8%a7%d8%b3%d9%83-%d9%8a%d8%aa%d8%ba%d9%8a%d8%a8-%d8%b9%d9%86-%d8%a7%d8%b3%d8%aa%d8%ac%d9%88%d8%a7%d8%a8-%d8%a8%d8%a8%d8%a7%d8%b1%d9%8a%d8%b3,0,0.7753
https://www.aljazeera.net/news/2026/4/21/%d8%a7%d9%84%d8%ac%d8%a8%d9%87%d8%a9-%d8%a7%d9%84%d8%b4%d8%b9%d8%a8%d9%8a%d8%a9-%d9%81%d9%8a-%d8%aa%d9%8a%d8%ac%d8%b1%d8%a7%d9%8a-%d8%aa%d9%82%d8%b1%d8%b1-%d8%a7%d8%b3%d8%aa%d8%b9%d8%a7%d8%af%d8%a9,5,0.9684
https://www.aljazeera.net/news/2026/4/21/%d9%85%d9%86-%d8%a7%d9%84%d8%ac%d9%88%d9%84%d8%a7%d9%86-%d8%a5%d9%84%d9%89-%d8%ad%d9%82%d9%84-%d9%82%d8%a7%d9%86%d8%a7-%d9%87%d9%83%d8%b0%d8%a7-%d8%aa%d9%88%d8%b8%d9%81,8,0.4498
https://www.aljazeera.net/news/2026/4/21/%d8%b1%d8%ba%d9%85-%d8%aa%d9%87%d8%af%d9%8a%d8%af%d8%a7%d8%aa-%d8%aa%d8%b1%d9%85%d8%a8-%d9%83%d9%88%d8%a8%d8%a7-%d8%aa%d8%b4%d9%8a%d8%af-%d8%a8%d8%a7%d9%84%d8%a7%d8%ac%d8%aa%d9%85%d8%a7%d8%b9,11,0.6515
https://www.aljazeera.net/news/2026/4/21/%d8%a5%d8%af%d8%a7%d9%86%d8%a7%d8%aa-%d8%af%d9%88%d9%84%d9%8a%d8%a9-%d9%88%d8%a7%d8%b3%d8%b9%d8%a9-%d8%a8%d8%b9%d8%af-%d8%aa%d8%ad%d8%b7%d9%8a%d9%85-%d8%ac%d9%86%d8%af%d9%8a,16,0.8895
https://www.aljazeera.net/news/2026/4/21/%d9%86%d8%b2%d9%8a%d9%81-%d8%a5%d8%af%d8%a7%d8%b1%d8%a9-%d8%aa%d8%b1%d9%85%d8%a8-%d9%8a%d8%aa%d9%88%d8%a7%d8%b5%d9%84-%d9%88%d8%b2%d9%8a%d8%b1%d8%a9-%d8%a7%d9%84%d8%b9%d9%85%d9%84,0,1.0
https://www.aljazeera.net/news/2026/4/21/%d8%b7%d9%84%d8%a8-250-%d9%85%d9%84%d9%8a%d9%88%d9%86-%d8%af%d9%88%d9%84%d8%a7%d8%b1-%d8%aa%d8%b9%d9%88%d9%8a%d8%b6%d8%a7-%d9%85%d8%af%d9%8a%d8%b1-%d8%a5%d9%81-%d8%a8%d9%8a-%d8%a2%d9%8a,0,1.0
https://www.aljazeera.net/news/2026/4/21/5-%d8%b4%d9%87%d8%af%d8%a7%d8%a1-%d9%81%d9%8a-%d8%ba%d8%b2%d8%a9-%d9%88%d8%ad%d9%85%d8%a7%d8%b3-%d8%aa%d8%aa%d8%b9%d9%87%d8%af-%d8%a8%d8%a7%d9%84%d8%b1%d8%af-%d8%b9%d9%84%d9%89,3,0.9854
https://www.aljazeera.net/news/2026/4/21/%d8%aa%d8%b5%d8%b9%d9%8a%d8%af-%d8%a8%d8%ad%d8%b1%d9%8a-%d9%88%d8%b1%d8%b3%d8%a7%d8%a6%d9%84-%d8%aa%d9%81%d8%a7%d9%88%d8%b6-%d9%88%d8%a7%d8%b4%d9%86%d8%b7%d9%86-%d8%aa%d8%b3%d8%aa%d8%b9%d8%b1%d8%b6,0,0.6978
https://www.aljazeera.net/news/2026/4/21/%d9%81%d9%8a-%d8%aa%d8%ad%d9%88%d9%84-%d8%aa%d8%a7%d8%b1%d9%8a%d8%ae%d9%8a-%d8%a7%d9%84%d9%8a%d8%a7%d8%a8%d8%a7%d9%86-%d8%aa%d8%b1%d9%81%d8%b9-%d8%ad%d8%b8%d8%b1-%d8%aa%d8%b5%d8%af%d9%8a%d8%b1,0,1.0
https://www.aljazeera.net/news/2026/4/21/%d8%ad%d8%b1%d8%a8-%d8%a5%d9%8a%d8%b1%d8%a7%d9%86-%d8%b9%d8%b2%d9%84%d8%a9-%d8%a3%d9%85%d8%b1%d9%8a%d9%83%d8%a7-%d8%aa%d8%ad%d8%a7%d9%84%d9%81%d8%a7%d8%aa-%d8%a7%d9%84%d9%86%d8%a7%d8%aa%d9%88,0,1.0
https://www.aljazeera.net/news/2026/4/21/%d8%a3%d9%85%d8%b1%d9%8a%d9%83%d8%a7-%d8%aa%d8%b7%d9%84%d8%a8-%d9%85%d9%86-%d8%a7%d9%84%d9%85%d9%84%d8%ad%d9%82-%d8%a7%d9%84%d8%a3%d9%85%d9%86%d9%8a,11,1.0
https://www.aljazeera.net/news/2026/4/21/%d8%b1%d9%88%d9%8a%d8%aa%d8%b1%d8%b2-%d8%b9%d9%86-%d9%85%d8%b5%d8%af%d8%b1-%d8%a8%d8%a7%d9%83%d8%b3%d8%aa%d8%a7%d9%86%d9%8a-%d8%aa%d8%b1%d9%85%d8%a8-%d9%82%d8%af-%d9%8a%d8%ad%d8%b6%d8%b1,0,1.0
https://www.aljazeera.net/news/2026/4/21/%d8%b7%d9%87%d8%b1%d8%a7%d9%86-%d8%aa%d8%aa%d9%87%d9%85-%d9%88%d8%a7%d8%b4%d9%86%d8%b7%d9%86-%d8%a8%d9%80%d8%a7%d9%84%d9%82%d8%b1%d8%b5%d9%86%d8%a9-%d8%a8%d8%b9%d8%af,0,1.0
https://www.aljazeera.net/news/2026/4/21/%d8%a8%d8%b1%d9%8a%d8%b7%d8%a7%d9%86%d9%8a%d8%a7-%d8%aa%d8%ad%d8%aa%d9%81%d9%84-%d8%a8%d9%85%d8%a6%d9%88%d9%8a%d8%a9-%d9%85%d9%8a%d9%84%d8%a7%d8%af-%d8%a7%d9%84%d9%85%d9%84%d9%83%d8%a9,-1,0.0
https://www.aljazeera.net/news/2026/4/21/%d8%a3%d9%83%d8%b3%d9%8a%d9%88%d8%b3-%d8%a7%d9%84%d9%85%d8%b1%d8%b4%d8%af-%d8%a7%d9%84%d8%a5%d9%8a%d8%b1%d8%a7%d9%86%d9%8a-%d8%a3%d8%b9%d8%b7%d9%89-%d8%a7%d9%84%d8%b6%d9%88%d8%a1-2,0,1.0
https://www.aljazeera.net/news/2026/4/21/%d9%85%d9%82%d8%b1%d8%a8-%d9%85%d9%86-%d8%b1%d9%88%d8%b3%d9%8a%d8%a7-%d9%83%d9%84-%d9%85%d8%a7-%d8%aa%d8%ad%d8%aa%d8%a7%d8%ac-%d9%85%d8%b9%d8%b1%d9%81%d8%aa%d9%87-%d8%b9%d9%86,-1,0.0
https://www.aljazeera.net/news/2026/4/21/%d8%a7%d9%86%d8%b2%d8%b9%d9%8a-%d8%a7%d9%84%d8%ad%d8%ac%d8%a7%d8%a8-%d8%a3%d9%88-%d8%a7%d8%b1%d8%ad%d9%84%d9%8a-%d8%b4%d9%87%d8%a7%d8%af%d8%a7%d8%aa-%d8%b5%d8%a7%d8%af%d9%85%d8%a9,16,1.0
https://www.aljazeera.net/news/2026/4/21/%d9%87%d9%84-%d8%aa%d9%86%d8%ac%d8%ad-%d8%a5%d8%b3%d8%b1%d8%a7%d8%a6%d9%8a%d9%84-%d8%a8%d9%88%d8%a3%d8%af-%d9%81%d8%b1%d8%b5-%d8%a7%d9%84%d8%aa%d9%87%d8%af%d8%a6%d8%a9-%d9%88%d8%aa%d8%af%d9%81%d8%b9,-1,0.0
https://www.aljazeera.net/news/2026/4/21/%d8%ad%d9%88%d8%a7%d8%ac%d8%b2-%d8%a7%d9%84%d8%a7%d8%ad%d8%aa%d9%84%d8%a7%d9%84-%d8%aa%d8%ae%d9%86%d9%82-%d8%a8%d9%84%d8%af%d8%a9-%d8%a7%d9%84%d8%b2%d8%a7%d9%88%d9%8a%d8%a9,15,1.0
https://www.aljazeera.net/news/2026/4/21/%d8%ae%d8%b1%d9%8a%d8%b7%d8%a9-%d8%a5%d8%b3%d8%b1%d8%a7%d8%a6%d9%8a%d9%84%d9%8a%d8%a9-%d8%aa%d8%ab%d9%8a%d8%b1-%d8%a7%d9%84%d8%ac%d8%af%d9%84-%d8%ae%d8%b7-%d8%a7%d9%84%d8%af%d9%81%d8%a7%d8%b9,-1,0.0
https://www.aljazeera.net/news/2026/4/21/%d9%86%d8%a7%d9%82%d9%84%d8%a9-%d9%83%d9%8a%d9%85%d9%8a%d8%a7%d8%a6%d9%8a%d8%a7%d8%aa-%d9%88%d8%b3%d9%81%d9%8a%d9%86%d8%a9-%d8%ad%d8%a7%d9%88%d9%8a%d8%a7%d8%aa-%d8%aa%d9%83%d8%b1%d8%b1%d8%a7%d9%86,0,1.0
https://www.aljazeera.net/news/2026/4/21/%d8%b2%d9%8a%d9%84%d9%8a%d9%86%d8%b3%d9%83%d9%8a-%d9%8a%d9%87%d8%a7%d8%ac%d9%85-%d9%85%d8%a8%d8%b9%d9%88%d8%ab%d9%8a-%d8%aa%d8%b1%d9%85%d8%a8-%d9%88%d9%8a%d8%aa%d8%ae%d9%88%d9%81-%d9%85%d9%86,12,0.4466
https://www.aljazeera.net/news/2026/4/21/%d9%83%d8%a7%d8%aa%d8%b3-4,8,1.0
https://www.aljazeera.net/news/2026/4/21/%d8%a7%d9%84%d8%b6%d9%81%d8%a9-%d8%a7%d9%84%d8%ba%d8%b1%d8%a8%d9%8a%d8%a9-%d9%85%d8%b3%d8%aa%d9%88%d8%b7%d9%86%d9%88%d9%86-%d9%8a%d9%82%d8%aa%d9%84%d9%88%d9%86-%d8%b7%d9%81%d9%84%d8%a7,15,1.0
https://www.aljazeera.net/news/2026/4/21/4-%d8%b4%d9%87%d8%af%d8%a7%d8%a1-%d8%a8%d9%82%d8%b5%d9%81-%d8%a5%d8%b3%d8%b1%d8%a7%d8%a6%d9%8a%d9%84%d9%8a-%d9%88%d8%a5%d8%b7%d9%84%d8%a7%d9%82-%d9%86%d8%a7%d8%b1-%d9%81%d9%8a-%d9%82%d8%b7%d8%a7%d8%b9,3,1.0
https://www.aljazeera.net/news/2026/4/21/%d9%85%d8%a7%d8%b0%d8%a7-%d8%aa%d8%b9%d9%86%d9%8a-%d8%a5%d8%b3%d8%aa%d8%b1%d8%a7%d8%aa%d9%8a%d8%ac%d9%8a%d8%a9-%d8%a7%d9%84%d8%a3%d8%ab%d9%84%d8%a7%d8%ab-%d8%a7%d9%84%d8%a8%d8%ad%d8%b1%d9%8a%d8%a9,0,1.0
https://www.aljazeera.net/news/2026/4/21/%d8%b9%d8%a7%d8%ac%d9%84-%d8%a7%d9%84%d9%85%d8%aa%d8%ad%d8%af%d8%ab-%d8%a8%d8%a7%d8%b3%d9%85-%d8%a7%d9%84%d8%ae%d8%a7%d8%b1%d8%ac%d9%8a%d8%a9-%d8%a7%d9%84%d9%82%d8%b7%d8%b1%d9%8a%d8%a9-24,9,1.0
https://www.aljazeera.net/news/2026/4/21/%d9%85%d8%b3%d9%8a%d8%b1%d8%a7%d8%aa-%d8%b1%d9%88%d8%b3%d9%8a%d8%a9,12,0.887
https://www.aljazeera.net/news/2026/4/21/%d8%ad%d8%b1%d9%8a%d9%82-%d9%8a%d9%84%d8%aa%d9%87%d9%85-142-%d9%85%d8%a3%d9%88%d9%89-%d9%84%d9%84%d9%86%d8%a7%d8%b2%d8%ad%d9%8a%d9%86-%d8%a8%d8%b4%d9%85%d8%a7%d9%84,10,1.0
https://www.aljazeera.net/news/2026/4/21/%d8%b9%d8%a7%d8%ac%d9%84-%d8%a7%d9%84%d8%af%d9%8a%d9%88%d8%a7%d9%86-%d8%a7%d9%84%d8%a3%d9%85%d9%8a%d8%b1%d9%8a-%d8%a7%d9%84%d9%82%d8%b7%d8%b1%d9%8a-%d8%a3%d9%85%d9%8a%d8%b1-%d9%82%d8%b7%d8%b1-11,9,0.9035
https://www.aljazeera.net/news/2026/4/21/%d8%b3%d8%a4%d8%a7%d9%84-%d9%88%d8%ac%d9%88%d8%a7%d8%a8-%d8%a2%d8%ae%d8%b1-%d8%aa%d8%b7%d9%88%d8%b1%d8%a7%d8%aa-%d8%a7%d9%84%d9%85%d9%81%d8%a7%d9%88%d8%b6%d8%a7%d8%aa-%d8%a8%d9%8a%d9%86,0,1.0
https://www.aljazeera.net/news/2026/4/21/%d8%a7%d9%84%d8%ac%d9%8a%d8%b4-%d8%a7%d9%84%d8%a3%d9%85%d8%b1%d9%8a%d9%83%d9%8a-%d9%87%d8%a7%d8%ac%d9%85-%d9%86%d8%a7%d9%82%d9%84%d8%a9-%d9%86%d9%81%d8%b7-%d9%81%d9%8a,0,1.0
https://www.aljazeera.net/news/2026/4/21/%d8%af%d8%a8%d9%84%d9%88%d9%85%d8%a7%d8%b3%d9%8a-%d8%a8%d8%a7%d9%83%d8%b3%d8%aa%d8%a7%d9%86%d9%8a-%d9%8a%d9%83%d8%b4%d9%81-%d9%84%d9%84%d8%ac%d8%b2%d9%8a%d8%b1%d8%a9,0,1.0
https://www.aljazeera.net/news/2026/4/21/%d8%a7%d9%84%d8%b9%d9%81%d9%88-%d8%a7%d9%84%d8%af%d9%88%d9%84%d9%8a%d8%a9-%d9%82%d9%88%d9%89-%d9%85%d8%aa%d9%88%d8%ad%d8%b4%d8%a9-%d8%aa%d9%82%d9%88%d8%af-%d8%a7%d9%84%d8%b9%d8%a7%d9%84%d9%85,-1,0.0
https://www.aljazeera.net/news/2026/4/21/%d8%b9%d8%a7%d8%ac%d9%84-%d8%aa%d8%b1%d9%85%d8%a8-%d9%84%d8%b3%d9%8a-%d8%a5%d9%86-%d8%a8%d9%8a-%d8%b3%d9%8a-%d9%84%d8%a7-%d8%a3%d8%b1%d9%8a%d8%af-%d8%aa%d9%85%d8%af%d9%8a%d8%af-%d9%88%d9%82%d9%81,0,1.0
https://www.aljazeera.net/news/2026/4/21/%d8%a8%d9%86%d8%aa-%d8%ac%d8%a8%d9%8a%d9%84-2,2,0.5919
https://www.aljazeera.net/news/2026/4/21/%d9%84%d8%a7%d9%81%d8%b1%d9%88%d9%81-%d9%85%d8%b3%d8%aa%d8%b9%d8%af%d9%88%d9%86-%d9%84%d9%84%d8%aa%d9%88%d8%b3%d8%b7-%d8%a8%d9%8a%d9%86-%d8%a5%d9%8a%d8%b1%d8%a7%d9%86,-1,0.0
https://www.aljazeera.net/news/2026/4/21/%d8%ae%d9%8a%d9%85%d8%a9-%d9%84%d8%a7-%d8%aa%d9%82%d9%8a-%d8%a7%d9%84%d8%ad%d8%b1-%d9%88%d9%84%d8%a7-%d8%aa%d9%85%d9%86%d8%b9-%d8%a7%d9%84%d9%82%d9%88%d8%a7%d8%b1%d8%b6-%d8%b5%d9%8a%d9%81,3,1.0
https://www.aljazeera.net/news/2026/4/21/%d9%83%d9%88%d8%b1%d9%8a%d8%a7-18,-1,0.0
https://www.aljazeera.net/news/2026/4/21/%d8%a7%d9%84%d8%ac%d9%86%d9%88%d8%af-%d8%a7%d9%84%d9%82%d8%aa%d9%84%d9%89-%d8%b7%d9%82%d9%88%d8%b3-%d8%aa%d9%88%d8%b1%d8%a7%d8%aa%d9%8a%d8%a9-%d8%a7%d9%84%d8%a3%d9%82%d8%b5%d9%89,17,0.5452
https://www.aljazeera.net/news/2026/4/21/%d8%a3%d9%82%d9%86%d8%b9%d8%a9-%d8%aa%d9%86%d9%82%d8%b0-%d8%a7%d9%84%d9%88%d8%ac%d9%87-%d9%81%d9%8a-%d8%ba%d8%b2%d8%a9-%d8%a3%d9%85%d9%84-%d8%b7%d8%a8%d9%8a-%d9%84%d9%84%d8%a3%d8%b7%d9%81%d8%a7%d9%84,3,0.6463
https://www.aljazeera.net/news/2026/4/21/%d8%a7%d9%84%d9%85%d9%82%d8%b1%d8%b1%d8%a9-%d8%a7%d9%84%d8%a3%d9%85%d9%85%d9%8a%d8%a9-%d8%a8%d8%a7%d9%84%d8%a3%d8%b1%d8%a7%d8%b6%d9%8a-%d8%a7%d9%84%d9%81%d9%84%d8%b3%d8%b7%d9%8a%d9%86%d9%8a%d8%a9,14,0.8039
https://www.aljazeera.net/news/2026/4/21/%d8%ba%d8%b1%d9%88%d8%b3%d9%8a-%d8%a7%d9%84%d8%b9%d8%a7%d9%84%d9%85-%d9%8a%d9%88%d8%a7%d8%ac%d9%87-%d8%ae%d8%b7%d8%b1-%d8%b3%d8%a8%d8%a7%d9%82-%d8%aa%d8%b3%d9%84%d8%ad-%d9%86%d9%88%d9%88%d9%8a,-1,0.0
https://www.aljazeera.net/news/2026/4/21/%d8%a8%d9%8a%d9%86%d9%87%d9%85-%d8%b7%d9%81%d9%84%d8%a7%d9%86-4-%d8%b4%d9%87%d8%af%d8%a7%d8%a1-%d8%a8%d8%b1%d8%b5%d8%a7%d8%b5-%d8%a7%d9%84%d8%a7%d8%ad%d8%aa%d9%84%d8%a7%d9%84,15,1.0
https://www.aljazeera.net/news/2026/4/21/%d8%b5%d9%88%d8%b1-%d9%81%d8%b6%d8%a7%d8%a6%d9%8a%d8%a9-%d8%a3%d9%88%d9%83%d8%b1%d8%a7%d9%86%d9%8a%d8%a7-%d8%aa%d8%b9%d9%85%d9%82-%d8%ac%d8%b1%d8%a7%d8%ad-%d9%82%d8%b7%d8%a7%d8%b9,12,1.0
https://www.aljazeera.net/news/2026/4/21/%d8%aa%d8%ad%d8%b4%d9%8a%d8%af-%d9%84%d8%ac%d9%88%d9%84%d8%a9-%d8%aa%d8%b5%d8%b9%d9%8a%d8%af-%d9%85%d8%ad%d8%aa%d9%85%d9%84%d8%a9-%d9%88%d8%a7%d8%b4%d9%86%d8%b7%d9%86,0,1.0
https://www.aljazeera.net/news/2026/4/21/%d9%87%d8%ac%d9%85%d8%a7%d8%aa-%d8%b9%d9%84%d9%89-%d8%a8%d9%88%d8%a7%d8%b1%d8%ac-%d8%a3%d9%85%d8%b1%d9%8a%d9%83%d9%8a%d8%a9-%d9%88%d8%aa%d9%81%d8%ac%d9%8a%d8%b1-%d8%b3%d9%81%d9%86,0,1.0
https://www.aljazeera.net/news/2026/4/21/%d8%b9%d8%a7%d8%ac%d9%84-%d9%85%d8%a7%d9%83%d8%b1%d9%88%d9%86-%d8%a7%d9%84%d8%a7%d8%b3%d8%aa%d9%82%d8%b1%d8%a7%d8%b1-%d9%81%d9%8a-%d9%84%d8%a8%d9%86%d8%a7%d9%86-%d9%84%d9%86,8,0.597
https://www.aljazeera.net/news/2026/4/21/%d9%84%d8%a8%d9%86%d8%a7%d9%86-%d9%82%d8%a8%d9%84-%d8%a7%d9%84%d9%85%d9%81%d8%a7%d9%88%d8%b6%d8%a7%d8%aa-%d8%a7%d9%84%d9%85%d8%a8%d8%a7%d8%b4%d8%b1%d8%a9-%d8%aa%d8%ad%d8%b1%d9%83,8,0.6439
https://www.aljazeera.net/news/2026/4/21/%d8%a7%d9%84%d8%a7%d8%ad%d8%aa%d9%84%d8%a7%d9%84-%d9%8a%d8%b9%d9%84%d9%86-%d8%a7%d8%b3%d8%aa%d9%87%d8%af%d8%a7%d9%81-%d9%85%d9%86%d8%b5%d8%a9-%d8%b5%d9%88%d8%a7%d8%b1%d9%8a%d8%ae,2,0.8961
https://www.aljazeera.net/news/2026/4/21/%d8%a8%d9%8a%d9%86-%d8%a7%d9%84%d8%aa%d8%b5%d8%b9%d9%8a%d8%af-%d9%88%d8%a7%d9%84%d8%aa%d9%87%d8%af%d8%a6%d8%a9-%d9%87%d8%af%d9%86%d8%a9-%d8%b9%d9%84%d9%89-%d8%a7%d9%84%d8%ad%d8%a7%d9%81%d8%a9,0,1.0
https://www.aljazeera.net/news/2026/4/21/%d8%ba%d8%b2%d8%a9-%d8%b9%d9%84%d9%89-%d8%b9%d8%ac%d9%84%d8%aa%d9%8a%d9%86-%d8%a7%d9%84%d8%af%d8%b1%d8%a7%d8%ac%d8%a7%d8%aa-%d8%a7%d9%84%d9%87%d9%88%d8%a7%d8%a6%d9%8a%d8%a9,3,1.0
https://www.aljazeera.net/news/2026/4/21/%d9%85%d9%86-%d8%a7%d9%84%d8%a7%d8%b3%d8%aa%d8%b9%d8%b1%d8%a7%d8%b6-%d8%a5%d9%84%d9%89-%d8%a7%d9%84%d9%81%d8%b1%d8%a7%d8%b1-%d9%83%d9%8a%d9%81-%d8%a7%d8%b5%d8%b7%d8%a7%d8%af-%d9%83%d9%85%d9%8a%d9%86,3,1.0
https://www.aljazeera.net/news/2026/4/21/%d8%a3%d9%85%d9%8a%d8%b1-%d9%82%d8%b7%d8%b1-%d9%8a%d8%ac%d8%af%d8%af-%d8%a7%d9%84%d8%aa%d8%b2%d8%a7%d9%85-%d8%a8%d9%84%d8%a7%d8%af%d9%87-%d8%a8%d8%af%d8%b9%d9%85,9,1.0
https://www.aljazeera.net/news/2026/4/21/%d9%85%d8%aa%d9%89-%d8%aa%d9%86%d8%aa%d9%87%d9%8a-%d8%a7%d9%84%d9%87%d8%af%d9%86%d8%a9-%d8%a8%d9%8a%d9%86-%d8%a5%d9%8a%d8%b1%d8%a7%d9%86-%d9%88%d8%a7%d9%84%d9%88%d9%84%d8%a7%d9%8a%d8%a7%d8%aa,0,1.0
https://www.aljazeera.net/news/2026/4/21/%d8%a8%d8%b3%d8%a8%d8%a8-%d8%a7%d9%84%d8%ad%d8%b1%d8%a8-%d8%a7%d9%84%d8%a5%d9%8a%d8%b1%d8%a7%d9%86%d9%8a%d8%a9-%d8%a7%d8%b3%d8%aa%d9%86%d8%b2%d8%a7%d9%81,0,0.9364
https://www.aljazeera.net/news/2026/4/21/%d9%85%d8%b3%d8%a4%d9%88%d9%84-%d8%a5%d9%8a%d8%b1%d8%a7%d9%86%d9%8a-%d9%84%d9%84%d8%ac%d8%b2%d9%8a%d8%b1%d8%a9-%d9%86%d8%aa-%d8%a7%d8%b9%d8%aa%d8%b1%d8%a7%d8%b6-%d8%a3%d9%85%d8%b1%d9%8a%d9%83%d8%a7,0,0.7994
https://www.aljazeera.net/news/2026/4/21/%d8%a7%d9%84%d8%ac%d9%8a%d8%b4-%d8%a7%d9%84%d8%a5%d8%b3%d8%b1%d8%a7%d8%a6%d9%8a%d9%84%d9%8a-%d9%8a%d8%b9%d8%a7%d9%82%d8%a8-%d8%ac%d9%86%d8%af%d9%8a%d9%8a%d9%86-%d8%a8%d8%b9%d8%af,-1,0.0
https://www.aljazeera.net/news/2026/4/21/%d8%a7%d8%b3%d8%aa%d8%b7%d9%84%d8%a7%d8%b9-%d8%b4%d8%b9%d8%a8%d9%8a%d8%a9-%d8%aa%d8%b1%d9%85%d8%a8-%d8%aa%d9%87%d9%88%d9%8a-%d9%84%d8%a3%d8%af%d9%86%d9%89,0,1.0
https://www.aljazeera.net/news/2026/4/21/%d8%aa%d9%82%d8%a7%d8%b1%d9%8a%d8%b1-%d8%a5%d8%b3%d8%b1%d8%a7%d8%a6%d9%8a%d9%84%d9%8a%d8%a9-%d8%aa%d9%84-%d8%a3%d8%a8%d9%8a%d8%a8-%d9%88%d9%88%d8%a7%d8%b4%d9%86%d8%b7%d9%86,0,0.772
https://www.aljazeera.net/news/2026/4/20/%d9%87%d9%84-%d9%83%d8%b4%d9%81-%d8%a7%d9%84%d8%aa%d8%a8%d8%a7%d9%8a%d9%86-%d8%a8%d9%8a%d9%86-%d8%b9%d8%b1%d8%a7%d9%82%d8%ac%d9%8a-%d9%88%d9%82%d8%a7%d9%84%d9%8a%d8%a8%d8%a7%d9%81,0,0.9457
https://www.aljazeera.net/news/2026/4/20/%d8%aa%d8%b1%d9%85%d8%a8-%d9%8a%d8%b9%d9%84%d9%86-%d9%85%d9%87%d8%a7%d8%ac%d9%85%d8%a9-%d8%b3%d9%81%d9%8a%d9%86%d8%a9-%d8%b4%d8%ad%d9%86-%d8%a5%d9%8a%d8%b1%d8%a7%d9%86%d9%8a%d8%a9,0,1.0
https://www.aljazeera.net/news/2026/4/20/%d8%a3%d9%88%d9%83%d8%b1%d8%a7%d9%86%d9%8a%d8%a7-%d8%aa%d8%b3%d8%b9%d9%89-%d9%84%d8%a7%d9%85%d8%aa%d9%84%d8%a7%d9%83-%d9%85%d8%b8%d9%84%d8%a9-%d8%b5%d8%a7%d8%b1%d9%88%d8%ae%d9%8a%d8%a9,12,0.4622
https://www.aljazeera.net/news/2026/4/20/%d8%a7%d9%84%d8%a8%d8%b1%d9%87%d8%a7%d9%86-%d9%8a%d8%b1%d8%ad%d8%a8-%d8%a8%d8%a5%d9%86%d8%b6%d9%85%d8%a7%d9%85-%d8%a3%d8%ad%d8%af-%d9%85%d8%a4%d8%b3%d8%b3%d9%8a-%d8%a7%d9%84%d8%af%d8%b9%d9%85,10,0.6775
https://www.aljazeera.net/news/2026/4/20/%d8%a5%d8%b3%d8%b1%d8%a7%d8%a6%d9%8a%d9%84-%d8%aa%d8%b9%d9%8a%d8%af-%d8%a5%d8%ad%d9%8a%d8%a7%d8%a1-%d9%85%d8%b3%d8%aa%d9%88%d8%b7%d9%86%d8%a9-%d9%85%d8%ae%d9%84%d8%a7%d8%a9-%d9%85%d9%86%d8%b0,15,0.4084
https://www.aljazeera.net/news/2026/4/20/%d9%85%d8%a7-%d8%a7%d9%84%d8%b0%d9%8a-%d9%86%d8%b9%d8%b1%d9%81%d9%87-%d8%b9%d9%86-%d8%ac%d9%88%d9%84%d8%a9-%d8%a7%d9%84%d9%85%d9%81%d8%a7%d9%88%d8%b6%d8%a7%d8%aa,0,1.0
https://www.aljazeera.net/news/2026/4/20/%d9%84%d9%86%d8%af%d9%86-%d9%88%d8%b3%d9%88%d9%84-%d8%aa%d9%86%d8%af%d8%af%d8%a7%d9%86-%d8%a8%d8%a5%d8%b7%d9%84%d8%a7%d9%82-%d9%83%d9%88%d8%b1%d9%8a%d8%a7,-1,0.0
https://www.aljazeera.net/news/2026/4/20/%d8%b4%d9%87%d9%8a%d8%af-%d9%88%d9%85%d8%b5%d8%a7%d8%a8%d9%88%d9%86-%d8%a8%d8%ba%d8%a7%d8%b1%d8%aa%d9%8a%d9%86-%d8%a5%d8%b3%d8%b1%d8%a7%d8%a6%d9%8a%d9%84%d9%8a%d8%aa%d9%8a%d9%86-%d8%b9%d9%84%d9%89,3,1.0
https://www.aljazeera.net/news/2026/4/20/%d9%85%d8%a7%d8%b0%d8%a7-%d9%8a%d8%b9%d9%86%d9%8a-%d8%a5%d8%b9%d9%84%d8%a7%d9%86-%d9%88%d8%a7%d8%b4%d9%86%d8%b7%d9%86-%d9%81%d8%b1%d8%b6-%d8%ad%d8%b5%d8%a7%d8%b1-%d8%a8%d8%ad%d8%b1%d9%8a,0,1.0
https://www.aljazeera.net/news/2026/4/20/%d8%a7%d9%84%d8%a5%d9%8a%d9%83%d9%88%d9%86%d9%88%d9%85%d9%8a%d8%b3%d8%aa-%d9%83%d9%8a%d9%81-%d8%b9%d9%88%d8%b6%d8%aa-%d8%a7%d9%84%d8%a3%d9%82%d9%85%d8%a7%d8%b1,0,0.691
https://www.aljazeera.net/news/2026/4/20/%d9%81%d9%8a%d8%af%d9%8a%d9%88-%d8%a5%d9%86%d8%b2%d8%a7%d9%84-%d8%a3%d9%85%d8%b1%d9%8a%d9%83%d9%8a-%d8%b9%d9%84%d9%89-%d8%b3%d9%81%d9%8a%d9%86%d8%a9-%d8%a5%d9%8a%d8%b1%d8%a7%d9%86%d9%8a%d8%a9,0,1.0
https://www.aljazeera.net/news/2026/4/20/%d9%83%d8%aa%d9%81%d8%a7-%d9%84%d9%83%d8%aa%d9%81-%d9%85%d9%86%d8%a7%d9%88%d8%b1%d8%a7%d8%aa-%d8%a3%d9%85%d8%b1%d9%8a%d9%83%d9%8a%d8%a9-%d9%81%d9%84%d8%a8%d9%8a%d9%86%d9%8a%d8%a9,-1,0.0
https://www.aljazeera.net/news/2026/4/20/%d9%87%d9%8a%d8%a6%d8%a9-%d9%81%d9%84%d8%b3%d8%b7%d9%8a%d9%86%d9%8a%d8%a9-%d8%a8%d8%ba%d8%b2%d8%a9-%d8%a5%d8%b3%d8%b1%d8%a7%d8%a6%d9%8a%d9%84-%d8%aa%d8%ba%d9%84%d9%82-%d9%85%d8%b9%d8%a8%d8%b1,3,0.7883
https://www.aljazeera.net/news/2026/4/20/%d9%88%d9%88%d9%84-%d8%b3%d8%aa%d8%b1%d9%8a%d8%aa-%d8%ac%d9%88%d8%b1%d9%86%d8%a7%d9%84-%d8%a7%d9%84%d8%ae%d9%84%d8%a7%d9%81-%d8%a8%d9%8a%d9%86-%d9%88%d8%b2%d9%8a%d8%b1-%d8%a7%d9%84%d8%ad%d8%b1%d8%a8,0,0.966
https://www.aljazeera.net/news/2026/4/20/%d8%b9%d8%a7%d8%ac%d9%84-%d8%a7%d9%84%d8%ae%d8%a7%d8%b1%d8%ac%d9%8a%d8%a9-%d8%a7%d9%84%d8%b5%d9%8a%d9%86%d9%8a%d8%a9-%d8%a8%d8%b4%d8%a3%d9%86-%d8%a7%d8%ad%d8%aa%d8%ac%d8%a7%d8%b2,0,1.0
https://www.aljazeera.net/news/2026/4/20/%d8%a7%d9%84%d9%82%d8%b3%d8%a7%d9%85-%d8%aa%d9%86%d8%b4%d8%b1-%d9%84%d9%82%d8%b7%d8%a7%d8%aa-%d8%ac%d8%af%d9%8a%d8%af%d8%a9-%d9%84%d9%84%d8%b3%d9%86%d9%88%d8%a7%d8%b1-%d9%88%d9%82%d8%a7%d8%a6%d8%af,-1,0.0
https://www.aljazeera.net/news/2026/4/20/%d8%a7%d9%84%d8%ae%d8%a7%d8%b1%d8%ac%d9%8a%d8%a9-%d8%a7%d9%84%d8%a5%d9%8a%d8%b1%d8%a7%d9%86%d9%8a%d8%a9-%d9%84%d8%a7-%d8%a8%d8%b1%d9%86%d8%a7%d9%85%d8%ac-%d9%84%d8%af%d9%8a%d9%86%d8%a7,0,1.0
https://www.aljazeera.net/news/2026/4/20/%d8%a3%d8%b3%d8%b1%d8%a7%d8%a8-%d8%a7%d9%84%d8%a8%d8%b9%d9%88%d8%b6-%d8%a7%d9%84%d8%a5%d9%8a%d8%b1%d8%a7%d9%86%d9%8a-%d9%87%d9%84-%d9%8a%d9%86%d8%ac%d8%ad-%d9%81%d9%8a,0,1.0
https://www.aljazeera.net/news/2026/4/20/%d8%a5%d8%ac%d8%b1%d8%a7%d8%a1%d8%a7%d8%aa-%d8%a3%d9%85%d9%86%d9%8a%d8%a9-%d8%a7%d8%b3%d8%aa%d8%ab%d9%86%d8%a7%d8%a6%d9%8a%d8%a9-%d8%a5%d8%b3%d9%84%d8%a7%d9%85-%d8%a2%d8%a8%d8%a7%d8%af,0,1.0
https://www.aljazeera.net/news/2026/4/20/%d8%b1%d8%ba%d9%85-%d8%a7%d9%84%d9%87%d8%af%d9%86%d8%a9-%d8%ad%d8%b2%d8%a8-%d8%a7%d9%84%d9%84%d9%87-%d9%8a%d8%b9%d9%84%d9%86-%d8%aa%d8%af%d9%85%d9%8a%d8%b1-4-%d8%af%d8%a8%d8%a7%d8%a8%d8%a7%d8%aa,2,0.8822
https://www.aljazeera.net/news/2026/4/20/%d9%85%d8%a8%d8%a7%d8%ad%d8%ab%d8%a7%d8%aa-%d9%85%d8%b1%d8%aa%d9%82%d8%a8%d8%a9-%d9%85%d8%a7-%d8%a3%d9%88%d8%b1%d8%a7%d9%82-%d8%a7%d9%84%d9%82%d9%88%d8%a9,0,1.0
https://www.aljazeera.net/news/2026/4/20/%d8%aa%d8%b3%d8%aa%d8%b9%d8%af-%d9%84%d9%84%d8%b3%d9%8a%d9%86%d8%a7%d8%b1%d9%8a%d9%88-%d8%a7%d9%84%d8%a3%d8%b3%d9%88%d8%a3-%d9%85%d8%a7-%d8%a7%d9%84%d8%b0%d9%8a-%d9%8a%d9%82%d9%84%d9%82,0,1.0
https://www.aljazeera.net/news/2026/4/20/%d9%85%d8%b3%d8%aa%d8%b9%d8%af-%d9%84%d9%82%d8%aa%d9%84-%d9%85%d9%84%d9%8a%d9%88%d9%86-%d8%b3%d9%88%d8%b1%d9%8a-%d8%a7%d8%b9%d8%aa%d8%b1%d8%a7%d9%81-%d8%a8%d8%b5%d9%88%d8%aa,6,0.9961
https://www.aljazeera.net/news/2026/4/20/%d9%84%d8%ac%d9%86%d8%a9-%d8%ad%d9%82%d9%88%d9%82%d9%8a%d8%a9-%d9%85%d9%82%d8%aa%d9%84-12-%d9%85%d8%af%d9%86%d9%8a%d8%a7-%d8%a8%d9%8a%d9%86%d9%87%d9%85-%d8%a3%d8%b7%d9%81%d8%a7%d9%84-%d9%81%d9%8a,-1,0.0
https://www.aljazeera.net/news/2026/4/20/%d8%a7%d9%84%d8%a3%d9%85%d9%85-%d8%a7%d9%84%d9%85%d8%aa%d8%ad%d8%af%d8%a9-%d8%ac%d9%86%d9%88%d8%a8-%d8%a7%d9%84%d8%b3%d9%88%d8%af%d8%a7%d9%86-%d8%b9%d9%84%d9%89-%d8%ad%d8%a7%d9%81%d8%a9,10,0.8678
https://www.aljazeera.net/news/2026/4/20/%d9%85%d8%a7-%d8%a7%d9%84%d8%b0%d9%8a-%d9%8a%d8%ab%d9%8a%d8%b1-%d9%82%d9%84%d9%82-%d8%a5%d8%b3%d8%b1%d8%a7%d8%a6%d9%8a%d9%84-%d8%a8%d8%b4%d8%a3%d9%86,-1,0.0
https://www.aljazeera.net/news/2026/4/20/%d9%85%d9%86-%d9%85%d9%84%d8%ad%d9%85%d9%8a-%d8%a5%d9%84%d9%89-%d8%a7%d9%82%d8%aa%d8%b5%d8%a7%d8%af%d9%8a-%d9%87%d9%84-%d9%8a%d9%81%d9%84%d8%ad-%d8%ba%d8%b6%d8%a8,0,1.0
https://www.aljazeera.net/news/2026/4/20/%d8%b5%d8%ad%d9%81%d9%8a%d9%88%d9%86-%d9%88%d8%a3%d8%b7%d8%a8%d8%a7%d8%a1-%d9%81%d9%8a-%d8%ba%d8%b2%d8%a9-%d9%8a%d8%b3%d8%aa%d8%ba%d9%8a%d8%ab%d9%88%d9%86-%d9%84%d9%84%d8%a5%d9%81%d8%b1%d8%a7%d8%ac,14,0.5023
https://www.aljazeera.net/news/2026/4/20/%d8%b5%d9%88%d8%b1-%d9%81%d8%b6%d8%a7%d8%a6%d9%8a%d8%a9-%d8%aa%d9%83%d8%b4%d9%81-%d8%a3%d8%b6%d8%b1%d8%a7%d8%b1%d8%a7-%d9%81%d9%8a-%d8%ac%d8%b3%d9%88%d8%b1-%d9%88%d8%b7%d8%b1%d9%82,1,0.3783
https://www.aljazeera.net/news/2026/4/20/%d8%ae%d9%84%d9%8a%d9%81%d8%a9-%d8%ba%d9%88%d8%aa%d9%8a%d8%b1%d8%b4-%d8%a7%d9%86%d8%b7%d9%84%d8%a7%d9%82-%d8%a7%d9%84%d8%a7%d8%ae%d8%aa%d8%a8%d8%a7%d8%b1%d8%a7%d8%aa,-1,0.0
https://www.aljazeera.net/news/2026/4/20/%d8%b9%d9%88%d9%86-%d8%b3%d9%8a%d9%85%d9%88%d9%86-%d9%83%d8%b1%d9%85-%d9%8a%d8%aa%d8%b1%d8%a3%d8%b3-%d9%88%d9%81%d8%af-%d8%a7%d9%84%d9%85%d9%81%d8%a7%d9%88%d8%b6%d8%a7%d8%aa-%d9%85%d8%b9,8,1.0
https://www.aljazeera.net/news/2026/4/20/%d9%88%d8%b5%d9%81%d8%aa-%d8%a8%d8%a7%d9%84%d9%82%d8%b1%d8%b5%d9%86%d8%a9-%d8%a7%d9%84%d8%a8%d8%ad%d8%b1%d9%8a%d8%a9-%d9%83%d9%8a%d9%81-%d8%b3%d9%8a%d8%b7%d8%b1%d8%aa,0,1.0
https://www.aljazeera.net/news/2026/4/20/%d9%82%d9%88%d8%a7%d8%aa-%d8%a7%d9%84%d8%a7%d8%ad%d8%aa%d9%84%d8%a7%d9%84-%d8%aa%d8%b9%d8%aa%d9%82%d9%84-%d8%a7%d9%84%d9%82%d8%af%d8%b3-%d8%a7%d9%84%d8%b6%d9%81%d8%a9,15,0.5526
https://www.aljazeera.net/news/2026/4/20/%d8%a8%d9%8a%d8%a7%d9%86%d8%a7%d8%aa-%d9%85%d9%84%d8%a7%d8%ad%d9%8a%d8%a9-%d8%b9%d9%8a%d9%86-%d8%a7%d9%84%d9%86%d8%a7%d8%aa%d9%88-%d9%81%d9%88%d9%82-%d8%a7%d9%84%d8%a8%d8%ad%d8%b1,12,0.7433
https://www.aljazeera.net/news/2026/4/20/%d9%88%d8%b2%d9%8a%d8%b1-%d8%a5%d8%b3%d8%b1%d8%a7%d8%a6%d9%8a%d9%84%d9%8a-%d9%86%d8%b7%d8%a8%d9%82-%d8%a7%d9%84%d8%b6%d9%85-%d9%81%d8%b9%d9%84%d9%8a%d8%a7-%d8%a8%d8%a7%d9%84%d8%b6%d9%81%d8%a9,15,0.4397
https://www.aljazeera.net/news/2026/4/20/%d8%aa%d9%82%d9%8a%d9%8a%d9%85-%d9%86%d9%87%d8%a7%d8%a6%d9%8a-%d9%84%d9%84%d8%a3%d9%85%d9%85-%d8%a7%d9%84%d9%85%d8%aa%d8%ad%d8%af%d8%a9-%d8%ba%d8%b2%d8%a9-%d8%aa%d8%ad%d8%aa%d8%a7%d8%ac,3,0.9011
https://www.aljazeera.net/news/2026/4/20/%d8%b9%d8%a7%d8%ac%d9%84-%d9%85%d8%b5%d8%af%d8%b1-%d8%b1%d8%b3%d9%85%d9%8a-%d9%84%d8%a8%d9%86%d8%a7%d9%86%d9%8a-%d9%84%d9%84%d8%ac%d8%b2%d9%8a%d8%b1%d8%a9-%d8%a7%d8%ac%d8%aa%d9%85%d8%a7%d8%b9,8,1.0
https://www.aljazeera.net/news/2026/4/20/%d9%85%d9%82%d8%aa%d9%84-%d8%b9%d8%af%d8%af-%d9%85%d9%86-%d8%b9%d9%85%d9%84%d8%a7%d8%a1-%d8%a7%d9%84%d8%a7%d8%ad%d8%aa%d9%84%d8%a7%d9%84-%d9%81%d9%8a-%d9%83%d9%85%d9%8a%d9%86,3,1.0
https://www.aljazeera.net/news/2026/4/20/%d8%b3%d8%ac%d8%a7%d9%84-%d8%a8%d9%8a%d9%86-%d9%88%d8%b2%d9%8a%d8%b1-%d8%a8%d9%88%d9%84%d9%86%d8%af%d9%8a-%d9%88%d8%a5%d8%b3%d8%b1%d8%a7%d8%a6%d9%8a%d9%84%d9%8a-%d8%a8%d8%b9%d8%af,6,0.5783
https://www.aljazeera.net/news/2026/4/20/%d8%a8%d8%b9%d8%af-13-%d8%b9%d8%a7%d9%85%d8%a7-%d9%85%d9%86-%d8%a7%d9%84%d8%a5%d8%ba%d9%84%d8%a7%d9%82-%d8%a7%d9%84%d8%b9%d8%b1%d8%a7%d9%82-%d9%8a%d8%b9%d9%8a%d8%af-%d9%81%d8%aa%d8%ad,6,1.0
https://www.aljazeera.net/news/2026/4/20/%d8%a5%d9%8a%d8%b1%d8%a7%d9%86-99,0,1.0
https://www.aljazeera.net/news/2026/4/20/%d8%a7%d9%84%d8%a5%d9%85%d8%a7%d8%b1%d8%a7%d8%aa-%d8%aa%d9%81%d9%83%d9%8a%d9%83-%d8%aa%d9%86%d8%b8%d9%8a%d9%85-%d8%a5%d8%b1%d9%87%d8%a7%d8%a8%d9%8a-%d9%85%d8%b1%d8%aa%d8%a8%d8%b7,4,0.5786
https://www.aljazeera.net/news/2026/4/20/%d8%a7%d9%84%d9%82%d9%88%d8%a7%d8%aa-%d8%a7%d9%84%d8%a3%d9%85%d8%b1%d9%8a%d9%83%d9%8a%d8%a9-%d8%aa%d9%85%d9%86%d8%b9-%d8%b3%d9%81%d9%86%d8%a7-%d9%85%d9%86-%d8%af%d8%ae%d9%88%d9%84-%d8%a3%d9%88,0,1.0
https://www.aljazeera.net/news/2026/4/20/%d8%a7%d9%84%d8%b4%d8%b1%d8%b7%d8%a9-%d8%a7%d9%84%d8%aa%d8%b1%d9%83%d9%8a%d8%a9-%d8%aa%d8%b9%d8%aa%d9%82%d9%84-90-%d8%b4%d8%ae%d8%b5%d8%a7-%d9%81%d9%8a-%d8%ad%d9%85%d9%84%d8%a9-%d8%b9%d9%84%d9%89,16,0.9471
https://www.aljazeera.net/news/2026/4/20/%d8%b1%d8%b5%d8%af-%d9%81%d8%b6%d8%a7%d8%a6%d9%8a-%d9%8a%d9%88%d8%ab%d9%82-%d8%a7%d8%b3%d8%aa%d9%87%d8%af%d8%a7%d9%81-%d8%ac%d8%a7%d9%85%d8%b9%d8%a9-%d8%a3%d9%85%d9%8a%d8%b1,1,0.3557
https://www.aljazeera.net/news/2026/4/20/%d9%87%d9%84-%d8%aa%d8%b3%d8%aa%d8%b7%d9%8a%d8%b9-%d8%a5%d8%b3%d8%b1%d8%a7%d8%a6%d9%8a%d9%84-%d8%aa%d8%ab%d8%a8%d9%8a%d8%aa-%d8%a7%d9%84%d8%ad%d8%af%d9%88%d8%af,2,0.6041
https://www.aljazeera.net/news/2026/4/20/%d8%a8%d8%aa%d9%87%d9%85-%d9%81%d8%b3%d8%a7%d8%af-%d8%a7%d9%84%d8%b3%d8%ac%d9%86-%d8%ae%d9%85%d8%b3-%d8%b3%d9%86%d9%88%d8%a7%d8%aa-%d9%84%d9%84%d9%88%d8%b2%d9%8a%d8%b1,5,0.7643
https://www.aljazeera.net/news/2026/4/20/%d8%a8%d8%b1%d9%88%d9%83%d8%b3%d9%84-%d8%aa%d9%82%d8%aa%d8%b1%d8%ad-%d8%a5%d8%b9%d8%a7%d8%af%d8%a9-%d8%aa%d9%81%d8%b9%d9%8a%d9%84-%d8%a7%d8%aa%d9%81%d8%a7%d9%82%d9%8a%d8%a9,6,0.9771
https://www.aljazeera.net/news/2026/4/20/%d9%85%d8%a7%d8%af%d9%8a%d8%a7%d8%b1-%d9%8a%d8%b9%d9%84%d9%86-%d9%88%d9%82%d9%81-%d8%a7%d9%86%d8%b3%d8%ad%d8%a7%d8%a8-%d8%a7%d9%84%d9%85%d8%ac%d8%b1-%d9%85%d9%86,-1,0.0
https://www.aljazeera.net/news/2026/4/20/%d8%b9%d8%a7%d8%ac%d9%84-%d8%aa%d8%b1%d9%85%d8%a8-%d8%a3%d8%ad%d9%82%d9%82-%d9%86%d8%b5%d8%b1%d8%a7-%d8%b3%d8%a7%d8%ad%d9%82%d8%a7-%d9%81%d9%8a-%d8%a7%d9%84%d8%ad%d8%b1%d8%a8-%d8%b9%d9%84%d9%89,0,1.0
https://www.aljazeera.net/news/2026/4/20/%d9%85%d9%81%d8%a7%d9%88%d8%b6%d8%a7%d8%aa-%d8%a5%d8%b3%d9%84%d8%a7%d9%85-%d8%a3%d8%a8%d8%a7%d8%af-%d9%85%d8%ae%d8%a7%d8%b6-%d8%a7%d9%84%d8%ac%d9%88%d9%84%d8%a9,0,1.0
https://www.aljazeera.net/news/2026/4/20/%d9%85%d9%86-%d9%83%d9%85%d8%a8%d8%a7%d9%84%d8%a7-%d8%a5%d9%84%d9%89-%d8%a8%d8%a7%d8%b1%d9%8a%d8%b3-%d9%85%d8%b4%d8%b1%d9%88%d8%b9-%d8%a3%d9%86%d8%a7%d8%a8%d9%8a%d8%a8-%d8%a7%d9%84%d9%86%d9%81%d8%b7,5,0.5285
https://www.aljazeera.net/news/2026/4/20/%d9%85%d8%a7%d9%83%d8%b1%d9%88%d9%86-%d9%88%d8%a7%d8%b4%d9%86%d8%b7%d9%86-%d9%88%d8%b7%d9%87%d8%b1%d8%a7%d9%86-%d8%a7%d8%b1%d8%aa%d9%83%d8%a8%d8%aa%d8%a7-%d8%ae%d8%b7%d8%a3,0,1.0
https://www.aljazeera.net/news/2026/4/20/%d8%aa%d8%b5%d8%af%d8%b1-%d8%aa%d9%83%d8%aa%d9%84-%d9%85%d9%82%d8%b1%d8%a8-%d9%85%d9%86-%d8%b1%d9%88%d8%b3%d9%8a%d8%a7-%d8%a7%d9%84%d8%a7%d9%86%d8%aa%d8%ae%d8%a7%d8%a8%d8%a7%d8%aa,-1,0.0
https://www.aljazeera.net/news/2026/4/20/%d9%85%d8%b3%d8%a4%d9%88%d9%84-%d8%a3%d9%85%d8%b1%d9%8a%d9%83%d9%8a-%d9%84%d9%80%d8%a3%d9%83%d8%b3%d9%8a%d9%88%d8%b3-%d8%aa%d8%b1%d9%85%d8%a8-%d8%b3%d8%a6%d9%85-%d9%88%d9%84%d8%a7,0,1.0
https://www.aljazeera.net/news/2026/4/20/%d9%84%d9%85%d8%a7%d8%b0%d8%a7-%d8%b7%d9%84%d8%a8-%d8%b2%d9%8a%d9%84%d9%8a%d9%86%d8%b3%d9%83%d9%8a-%d9%85%d9%86-%d8%aa%d8%b1%d9%83%d9%8a%d8%a7-%d8%aa%d8%b1%d8%aa%d9%8a%d8%a8-%d9%82%d9%85%d8%a9,12,0.4231
https://www.aljazeera.net/news/2026/4/20/%d9%85%d9%86-%d8%a7%d9%84%d8%a7%d9%86%d9%81%d8%ac%d8%a7%d8%b1-%d8%a7%d9%84%d8%b3%d9%83%d8%a7%d9%86%d9%8a-%d8%a5%d9%84%d9%89-%d8%a7%d9%84%d8%a7%d9%86%d9%83%d9%85%d8%a7%d8%b4-%d8%aa%d8%ad%d9%88%d9%84,10,0.4454
https://www.aljazeera.net/news/2026/4/20/%d8%a8%d9%83%d9%8a%d9%86-%d8%aa%d8%ad%d8%b0%d8%b1-%d9%88%d8%a7%d8%b4%d9%86%d8%b7%d9%86-%d9%88%d9%85%d8%a7%d9%86%d9%8a%d9%84%d8%a7-%d9%88%d8%b7%d9%88%d9%83%d9%8a%d9%88-%d9%85%d9%86,-1,0.0
https://www.aljazeera.net/news/2026/4/20/%d8%b3%d9%84%d9%88%d9%81%d9%8a%d9%86%d9%8a%d8%a7-%d9%81%d8%b4%d9%84-%d8%ba%d9%88%d9%84%d9%88%d8%a8-%d9%81%d9%8a-%d8%aa%d8%b4%d9%83%d9%8a%d9%84-%d8%a7%d9%84%d8%ad%d9%83%d9%88%d9%85%d8%a9,-1,0.0
https://www.aljazeera.net/news/2026/4/19/%d8%aa%d9%82%d8%af%d9%85-%d9%81%d9%8a-%d9%85%d8%b3%d8%a7%d8%b1-%d8%a7%d9%84%d8%af%d9%88%d8%ad%d8%a9-%d9%84%d9%84%d8%b3%d9%84%d8%a7%d9%85-%d8%a8%d8%a7%d9%84%d9%83%d9%88%d9%86%d8%ba%d9%88,9,0.7484
https://www.aljazeera.net/news/liveblog/2026/4/19/%d8%ad%d8%b1%d8%a8-%d8%a5%d9%8a%d8%b1%d8%a7%d9%86-%d9%85%d8%a8%d8%a7%d8%b4%d8%b1-%d8%b7%d9%87%d8%b1%d8%a7%d9%86-%d8%aa%d9%87%d8%af%d8%af-%d8%a8%d8%a7%d8%b3%d8%aa%d9%87%d8%af%d8%a7%d9%81,0,1.0
https://www.aljazeera.net/news/2026/4/19/%d8%b1%d8%a6%d9%8a%d8%b3-%d8%a7%d9%84%d9%88%d8%b2%d8%b1%d8%a7%d8%a1-%d8%a7%d9%84%d8%b3%d9%88%d8%af%d8%a7%d9%86%d9%8a-%d9%84%d9%84%d8%ac%d8%b2%d9%8a%d8%b1%d8%a9-%d9%86%d8%aa-%d8%ad%d9%88%d8%a7%d8%b1,10,0.5983
https://www.aljazeera.net/news/2026/4/19/%d8%b3%d9%88%d8%b1%d9%8a%d8%a7-%d9%82%d9%88%d8%a9-%d8%a5%d8%b3%d8%b1%d8%a7%d8%a6%d9%8a%d9%84%d9%8a%d8%a9-%d8%aa%d8%aa%d9%85%d8%b1%d9%83%d8%b2-%d9%81%d9%8a-%d8%aa%d9%84,6,0.7956
https://www.aljazeera.net/news/2026/4/19/%d9%81%d9%8a-%d8%b3%d8%a7%d8%a8%d9%82%d8%a9-%d9%81%d8%b1%d9%86%d8%b3%d9%8a%d8%a9-%d8%b3%d9%84%d9%8a%d9%84-%d8%b9%d8%a7%d8%a6%d9%84%d8%a9-%d8%aa%d8%ac%d8%a7%d8%b1-%d8%b1%d9%82%d9%8a%d9%82,-1,0.0
https://www.aljazeera.net/news/2026/4/19/%d8%b3%d9%84%d8%a7%d8%ad-%d8%a7%d9%84%d8%ac%d8%ba%d8%b1%d8%a7%d9%81%d9%8a%d8%a7-%d9%8a%d8%ad%d9%85%d9%8a-%d8%b7%d9%87%d8%b1%d8%a7%d9%86-%d9%86%d9%8a%d9%88%d9%8a%d9%88%d8%b1%d9%83,0,0.9463
https://www.aljazeera.net/news/2026/4/19/%d9%83%d9%8a%d9%81-%d9%8a%d9%85%d9%83%d9%86-%d9%84%d8%a5%d9%8a%d8%b1%d8%a7%d9%86-%d8%aa%d8%ac%d8%a7%d9%88%d8%b2-%d8%a7%d9%84%d8%ad%d8%b5%d8%a7%d8%b1-%d8%a7%d9%84%d8%a8%d8%ad%d8%b1%d9%8a,0,1.0
https://www.aljazeera.net/news/2026/4/19/12-%d9%87%d8%ac%d9%88%d9%85%d8%a7-%d8%a5%d8%b3%d8%b1%d8%a7%d8%a6%d9%8a%d9%84%d9%8a%d8%a7-%d8%b9%d9%84%d9%89-%d9%84%d8%a8%d9%86%d8%a7%d9%86-%d9%81%d9%8a-%d8%ab%d8%a7%d9%86%d9%8a,2,0.5789
https://www.aljazeera.net/news/2026/4/19/3693,0,1.0
https://www.aljazeera.net/news/2026/4/19/%d9%85%d9%86-%d8%ba%d8%b2%d8%a9-%d8%a5%d9%84%d9%89-%d9%84%d8%a8%d9%86%d8%a7%d9%86-%d8%a7%d9%84%d8%ae%d8%b7-%d8%a7%d9%84%d8%a3%d8%b5%d9%81%d8%b1-%d9%88%d8%ad%d8%af%d9%88%d8%af,-1,0.0
https://www.aljazeera.net/news/2026/4/19/%d8%a5%d9%8a%d8%b1%d8%a7%d9%86-%d8%aa%d8%a4%d9%83%d8%af-%d8%aa%d8%b7%d9%88%d8%b1-%d8%af%d9%81%d8%a7%d8%b9%d8%a7%d8%aa%d9%87%d8%a7-%d9%88%d8%aa%d8%aa%d9%87%d9%85-%d9%88%d8%a7%d8%b4%d9%86%d8%b7%d9%86,0,0.7491
https://www.aljazeera.net/news/2026/4/19/%d8%a5%d9%8a%d8%b1%d8%a7%d9%86-%d8%aa%d8%b9%d9%8a%d8%af-%d9%81%d8%aa%d8%ad-%d9%85%d8%ac%d8%a7%d9%84%d9%87%d8%a7-%d8%a7%d9%84%d8%ac%d9%88%d9%8a-%d8%aa%d8%af%d8%b1%d9%8a%d8%ac%d9%8a%d8%a7,0,0.9033
https://www.aljazeera.net/news/2026/4/19/%d8%aa%d8%b1%d9%85%d8%a8-%d9%8a%d8%b4%d9%8a%d8%af-%d8%a8%d8%a5%d8%b3%d8%b1%d8%a7%d8%a6%d9%8a%d9%84-%d9%88%d9%87%d8%a7%d8%b1%d9%8a%d8%b3-%d8%aa%d8%aa%d9%87%d9%85%d9%87,0,0.94
https://www.aljazeera.net/news/2026/4/19/%d9%88%d9%88%d9%84-%d8%b3%d8%aa%d8%b1%d9%8a%d8%aa-%d8%ac%d9%88%d8%b1%d9%86%d8%a7%d9%84-%d9%84%d9%87%d8%b0%d8%a7-%d8%a7%d9%84%d8%b3%d8%a8%d8%a8-%d8%b1%d9%81%d8%b6-%d8%aa%d8%b1%d9%85%d8%a8,0,1.0
https://www.aljazeera.net/news/2026/4/19/%d9%84%d9%85%d8%a7%d8%b0%d8%a7-%d8%ae%d9%8a%d9%85-%d8%a7%d9%84%d8%aa%d8%b4%d8%a7%d8%a4%d9%85-%d9%85%d8%ac%d8%af%d8%af%d8%a7-%d8%b9%d9%84%d9%89-%d8%a7%d9%84%d9%85%d9%81%d8%a7%d9%88%d8%b6%d8%a7%d8%aa,0,1.0
https://www.aljazeera.net/news/2026/4/19/%d8%a7%d9%84%d8%a3%d9%85%d9%85-%d8%a7%d9%84%d9%85%d8%aa%d8%ad%d8%af%d8%a9-18-%d9%85%d9%84%d9%8a%d9%88%d9%86-%d9%8a%d9%85%d9%86%d9%8a-%d9%8a%d9%88%d8%a7%d8%ac%d9%87%d9%88%d9%86-%d8%ae%d8%b7%d8%b1,10,0.4991
https://www.aljazeera.net/news/2026/4/19/%d8%a8%d8%a7%d8%a8%d8%a7-%d8%a7%d9%84%d9%81%d8%a7%d8%aa%d9%8a%d9%83%d8%a7%d9%86-%d9%8a%d9%88%d8%b6%d8%ad-%d9%85%d9%88%d9%82%d9%81%d9%87-%d8%a8%d8%b4%d8%a3%d9%86-%d8%a7%d9%84%d8%b3%d8%ac%d8%a7%d9%84,-1,0.0
https://www.aljazeera.net/news/2026/4/19/%d8%ae%d8%b3%d8%b1-30-%d9%83%d9%8a%d9%84%d9%88%d8%ba%d8%b1%d8%a7%d9%85%d8%a7-%d8%b5%d9%88%d8%b1%d8%a9-%d8%a3%d8%b1%d8%b4%d9%8a%d9%81%d9%8a%d8%a9-%d9%84%d8%ad%d8%b0%d9%8a%d9%81%d8%a9,-1,0.0
https://www.aljazeera.net/news/2026/4/19/%d9%83%d9%88%d8%b1%d9%8a%d8%a7-%d8%a7%d9%84%d8%b4%d9%85%d8%a7%d9%84%d9%8a%d8%a9-%d8%aa%d8%b3%d8%aa%d8%b9%d8%b1%d8%b6-%d9%82%d9%88%d8%aa%d9%87%d8%a7-%d9%88%d8%aa%d8%b7%d9%84%d9%82,-1,0.0
https://www.aljazeera.net/news/2026/4/19/%d8%b9%d8%a7%d8%ac%d9%84-%d8%a7%d9%84%d8%b1%d8%a6%d9%8a%d8%b3-%d8%a7%d9%84%d8%a5%d9%8a%d8%b1%d8%a7%d9%86%d9%8a-%d9%84%d8%a7-%d9%8a%d8%ad%d9%82-%d9%84%d8%aa%d8%b1%d9%85%d8%a8-%d9%85%d9%86%d8%b9,0,1.0
https://www.aljazeera.net/news/2026/4/19/%d9%85%d8%b9%d8%a7%d8%b1%d9%8a%d9%81-4,0,0.769
https://www.aljazeera.net/news/2026/4/19/%d9%85%d8%b9%d8%a7%d9%86%d8%a7%d8%a9-%d9%85%d8%b1%d8%b6%d9%89-%d8%a7%d9%84%d8%b9%d9%8a%d9%88%d9%86-%d9%81%d9%8a-%d8%ba%d8%b2%d8%a9-%d8%a8%d9%8a%d9%86-%d9%86%d9%82%d8%b5,3,1.0
https://www.aljazeera.net/news/2026/4/19/%d8%b3%d8%a3%d8%a8%d8%b1%d8%a6-%d8%a7%d8%b3%d9%85%d9%8a-%d8%b6%d8%a7%d8%a8%d8%b7-%d8%a3%d8%b3%d8%aa%d8%b1%d8%a7%d9%84%d9%8a-%d8%b3%d8%a7%d8%a8%d9%82-%d9%8a%d9%86%d9%81%d9%8a,11,0.5971
https://www.aljazeera.net/news/2026/4/19/%d9%85%d8%a7%d8%b0%d8%a7-%d8%aa%d9%83%d8%b4%d9%81-%d8%a7%d9%84%d8%b5%d9%88%d8%b1-%d8%a7%d9%84%d9%81%d8%b6%d8%a7%d8%a6%d9%8a%d8%a9-%d8%b9%d9%86-%d9%82%d9%88%d8%a7%d8%b9%d8%af,1,0.3335
https://www.aljazeera.net/news/2026/4/19/%d9%84%d9%85%d8%a7%d8%b0%d8%a7-%d9%88%d9%83%d9%8a%d9%81-%d8%aa%d8%b3%d8%b9%d9%89-%d8%a5%d8%b3%d8%b1%d8%a7%d8%a6%d9%8a%d9%84-%d9%84%d8%aa%d8%a3%d8%ac%d9%8a%d8%ac-%d8%a7%d9%84%d8%ad%d8%b1%d8%a8,19,1.0
https://www.aljazeera.net/news/2026/4/19/%d8%a5%d8%b5%d8%a7%d8%a8%d8%a9-%d9%81%d8%aa%d9%89-%d9%88%d8%b7%d9%81%d9%84%d8%a9-%d8%a8%d9%86%d9%8a%d8%b1%d8%a7%d9%86-%d8%a7%d9%84%d8%a7%d8%ad%d8%aa%d9%84%d8%a7%d9%84-%d9%81%d9%8a,3,1.0
https://www.aljazeera.net/news/2026/4/19/%d9%85%d8%b9%d8%b1%d9%83%d8%a9-%d8%a3%d8%b3%d8%b7%d9%88%d9%84-%d8%a7%d9%84%d8%b8%d9%84-%d9%88%d8%ad%d8%b5%d8%a7%d8%b1-%d8%a7%d9%84%d9%85%d9%88%d8%a7%d9%86%d8%a6-%d9%87%d9%84,0,1.0
https://www.aljazeera.net/news/2026/4/19/%d9%87%d8%af%d9%86%d8%a9-%d9%87%d8%b4%d8%a9-%d8%aa%d8%aa%d9%87%d8%af%d8%af%d9%87%d8%a7-%d8%a7%d9%84%d9%85%d9%86%d8%b7%d9%82%d8%a9-%d8%a7%d9%84%d8%b9%d8%a7%d8%b2%d9%84%d8%a9,2,0.5079
https://www.aljazeera.net/news/2026/4/19/%d8%a2%d9%84%d8%a7%d9%81-%d8%a7%d9%84%d8%ac%d8%b1%d8%ad%d9%89-%d8%a8%d8%ba%d8%b2%d8%a9-%d9%8a%d9%88%d8%a7%d8%ac%d9%87%d9%88%d9%86-%d8%ae%d8%b7%d8%b1-%d8%a7%d9%84%d9%85%d9%88%d8%aa,3,0.7414
https://www.aljazeera.net/news/2026/4/19/3-%d8%a3%d9%8a%d8%a7%d9%85-%d8%ad%d8%a7%d8%b3%d9%85%d8%a9-%d9%85%d8%a7%d8%b0%d8%a7-%d9%8a%d9%86%d8%aa%d8%b8%d8%b1-%d9%87%d8%af%d9%86%d8%a9-%d9%88%d8%a7%d8%b4%d9%86%d8%b7%d9%86,0,1.0
https://www.aljazeera.net/news/2026/4/19/%d9%82%d9%85%d8%b9-%d8%b9%d8%a7%d8%a8%d8%b1-%d9%84%d9%84%d8%ad%d8%af%d9%88%d8%af-%d8%aa%d9%82%d8%b1%d9%8a%d8%b1-%d8%b1%d8%a8%d8%b9-%d8%ad%d9%83%d9%88%d9%85%d8%a7%d8%aa,-1,0.0
https://www.aljazeera.net/news/2026/4/19/%d8%aa%d8%ac%d8%b1%d9%8a%d9%81-%d9%88%d8%ae%d8%b1%d9%88%d9%82%d8%a7%d8%aa-%d9%88%d8%ae%d8%b7-%d8%a3%d8%b5%d9%81%d8%b1-%d8%a7%d9%84%d8%aa%d9%83%d8%aa%d9%8a%d9%83-%d9%84%d8%ae%d8%af%d9%85%d8%a9,2,0.5464
https://www.aljazeera.net/news/2026/4/19/%d8%b9%d8%af%d8%a9-%d8%a3%d9%88%d8%b1%d8%a7%d9%82-%d9%85%d9%82%d8%a7%d8%a8%d9%84-%d8%a7%d9%84%d8%ba%d8%b6%d8%a8-%d8%a7%d9%84%d8%a7%d9%82%d8%aa%d8%b5%d8%a7%d8%af%d9%8a-%d9%87%d9%84,0,0.8394
https://www.aljazeera.net/news/2026/4/19/%d8%b9%d8%a7%d8%ac%d9%84-%d8%b1%d8%a6%d9%8a%d8%b3-%d8%a7%d9%84%d9%88%d8%b2%d8%b1%d8%a7%d8%a1-%d8%a7%d9%84%d8%a5%d8%b3%d8%a8%d8%a7%d9%86%d9%8a-%d8%b3%d9%86%d9%82%d8%aa%d8%b1%d8%ad-%d8%b9%d9%84%d9%89,16,0.8387
https://www.aljazeera.net/news/2026/4/19/%d8%b9%d8%a8%d9%88%d8%b1-%d9%86%d8%a7%d8%af%d8%b1-%d9%84%d9%805-%d8%b3%d9%81%d9%86-%d8%b3%d9%8a%d8%a7%d8%ad%d9%8a%d8%a9-%d9%88%d8%b3%d8%b7-%d8%a7%d8%b1%d8%aa%d8%a8%d8%a7%d9%83,0,1.0
https://www.aljazeera.net/news/2026/4/19/%d8%b1%d8%a6%d9%8a%d8%b3-%d8%a8%d9%8a%d9%84%d8%a7%d8%b1%d9%88%d8%b3%d9%8a%d8%a7-%d8%a3%d9%86%d8%a7-%d9%84%d8%b3%d8%aa-%d8%b2%d9%8a%d9%84%d9%8a%d9%86%d8%b3%d9%83%d9%8a,12,0.376
https://www.aljazeera.net/news/2026/4/19/%d8%b9%d8%a7%d8%ac%d9%84-%d8%aa%d8%b1%d9%85%d8%a8-%d8%a7%d9%84%d8%a7%d8%aa%d9%81%d8%a7%d9%82-%d9%85%d8%b9-%d8%a5%d9%8a%d8%b1%d8%a7%d9%86-%d8%b3%d9%8a%d8%ad%d8%af%d8%ab,0,1.0
https://www.aljazeera.net/news/2026/4/19/%d8%ac%d9%86%d8%b1%d8%a7%d9%84-%d8%a7%d9%84%d8%aa%d8%ba%d9%8a%d9%8a%d8%b1-%d9%8a%d9%82%d8%aa%d8%b1%d8%a8-%d9%85%d9%86-%d8%b1%d8%a6%d8%a7%d8%b3%d8%a9-%d8%a7%d9%84%d9%88%d8%b2%d8%b1%d8%a7%d8%a1,-1,0.0
https://www.aljazeera.net/news/2026/4/19/%d9%81%d9%8a%d8%af%d9%8a%d9%88-%d9%8a%d9%88%d8%ab%d9%82-%d8%a7%d8%b9%d8%aa%d8%af%d8%a7%d8%a1-%d8%ac%d9%86%d8%af%d9%8a-%d8%a5%d8%b3%d8%b1%d8%a7%d8%a6%d9%8a%d9%84%d9%8a-%d8%b9%d9%84%d9%89,-1,0.0
https://www.aljazeera.net/news/2026/4/19/%d8%a3%d9%85%d9%86%d8%b3%d8%aa%d9%8a-%d8%aa%d8%af%d8%b9%d9%88-%d9%85%d8%af%d8%ba%d8%b4%d9%82%d8%b1-%d9%84%d9%88%d9%82%d9%81-%d9%82%d9%85%d8%b9-%d9%86%d8%b4%d8%b7%d8%a7%d8%a1-%d8%ac%d9%8a%d9%84,5,0.5582
https://www.aljazeera.net/news/2026/4/19/%d8%aa%d9%81%d8%a7%d8%a4%d9%84-%d8%ad%d8%b0%d8%b1-%d9%88%d8%aa%d8%b5%d8%b9%d9%8a%d8%af-%d9%85%d8%ad%d8%aa%d9%85%d9%84-5-%d9%86%d9%82%d8%a7%d8%b7-%d8%b9%d9%86,0,1.0
https://www.aljazeera.net/news/2026/4/19/%d8%b9%d8%b4%d8%b1%d8%a7%d8%aa-%d8%a7%d9%84%d9%85%d8%b3%d8%aa%d9%88%d8%b7%d9%86%d9%8a%d9%86-%d9%8a%d9%82%d8%aa%d8%ad%d9%85%d9%88%d9%86-%d8%a7%d9%84%d8%a3%d9%82%d8%b5%d9%89-18,17,0.9814
https://www.aljazeera.net/news/2026/4/19/%d9%86%d8%a7%d8%af%d9%8a-%d8%a7%d9%84%d8%a3%d8%b3%d9%8a%d8%b1-%d8%a7%d8%b9%d8%aa%d9%82%d8%a7%d9%84-%d8%a5%d8%a8%d8%a7%d8%af%d8%a9-%d9%81%d9%84%d8%b3%d8%b7%d9%8a%d9%86,14,0.4265
https://www.aljazeera.net/news/2026/4/19/%d9%81%d9%8a%d8%af%d8%a7%d9%86-%d9%84%d9%84%d8%ac%d8%b2%d9%8a%d8%b1%d8%a9-%d9%86%d8%aa-%d8%aa%d8%b1%d9%83%d9%8a%d8%a7-%d9%84%d9%8a%d8%b3%d8%aa-%d9%83%d8%a5%d8%b3%d8%b1%d8%a7%d8%a6%d9%8a%d9%84,-1,0.0
https://www.aljazeera.net/news/2026/4/19/%d8%a7%d9%84%d8%ab%d8%a7%d9%86%d9%8a%d8%a9-%d9%81%d9%8a-%d8%a5%d8%b3%d9%84%d8%a7%d9%85-%d8%a2%d8%a8%d8%a7%d8%af-%d8%b9%d9%88%d8%af%d8%a9-%d9%88%d8%a7%d8%b4%d9%86%d8%b7%d9%86,0,1.0
https://www.aljazeera.net/news/2026/4/19/%d8%b5%d9%88%d8%b1-%d9%81%d8%b6%d8%a7%d8%a6%d9%8a%d8%a9-%d8%aa%d9%88%d8%ab%d9%82-%d9%85%d8%ad%d9%88-%d8%a3%d8%ad%d9%8a%d8%a7%d8%a1-%d9%83%d8%a7%d9%85%d9%84%d8%a9-%d9%81%d9%8a-%d8%a8%d9%86%d8%aa,2,0.6148
https://www.aljazeera.net/news/2026/4/19/%d8%b1%d9%81%d8%b6-%d8%b9%d8%b1%d8%a8%d9%8a-%d9%88%d8%a5%d8%b3%d9%84%d8%a7%d9%85%d9%8a-%d9%88%d8%a7%d8%b3%d8%b9-%d9%84%d8%aa%d8%b9%d9%8a%d9%8a%d9%86-%d8%b3%d9%81%d9%8a%d8%b1,-1,0.0
https://www.aljazeera.net/news/2026/4/19/%d8%a5%d8%b9%d9%84%d8%a7%d9%85-%d8%a5%d8%b3%d8%b1%d8%a7%d8%a6%d9%8a%d9%84%d9%8a-%d8%b9%d8%a8%d9%88%d8%a7%d8%aa-%d8%ad%d8%b2%d8%a8-%d8%a7%d9%84%d9%84%d9%87-%d9%81%d9%8a-%d8%ac%d9%86%d9%88%d8%a8,2,0.5467
https://www.aljazeera.net/news/2026/4/19/%d9%85%d8%a7%d9%84%d9%8a%d8%b2%d9%8a%d8%a7-%d8%ad%d8%b1%d9%8a%d9%82-%d9%8a%d9%84%d8%aa%d9%87%d9%85-%d8%a3%d9%84%d9%81-%d9%85%d9%86%d8%b2%d9%84-%d9%88%d9%8a%d8%b4%d8%b1%d8%af-%d8%aa%d8%b3%d8%b9%d8%a9,-1,0.0
https://www.aljazeera.net/news/2026/4/19/%d8%af%d9%85%d8%b4%d9%82-%d8%aa%d8%b9%d9%84%d9%86-%d8%a5%d8%ad%d8%a8%d8%a7%d8%b7-%d9%85%d8%ae%d8%b7%d8%b7-%d9%84%d8%ae%d9%84%d9%8a%d8%a9-%d8%aa%d8%a7%d8%a8%d8%b9%d8%a9-%d9%84%d9%80%d8%ad%d8%b2%d8%a8,6,0.9796
https://www.aljazeera.net/news/2026/4/19/%d9%86%d8%aa%d9%86%d9%8a%d8%a7%d9%87%d9%88-%d9%8a%d8%a4%d9%83%d8%af-%d9%85%d9%88%d8%a7%d8%b5%d9%84%d8%a9-%d8%a7%d9%84%d8%b9%d9%85%d9%84%d9%8a%d8%a7%d8%aa-%d9%81%d9%8a-%d9%84%d8%a8%d9%86%d8%a7%d9%86,-1,0.0
https://www.aljazeera.net/news/2026/4/19/%d8%a7%d9%84%d9%82%d8%af%d8%b3-%d8%aa%d8%b4%d9%8a%d9%8a%d8%b9-%d9%85%d8%a4%d8%b0%d9%86-%d9%88%d9%82%d8%a7%d8%b1%d8%a6-%d8%a7%d9%84%d9%85%d8%b3%d8%ac%d8%af-%d8%a7%d9%84%d8%a3%d9%82%d8%b5%d9%89,17,0.9299
https://www.aljazeera.net/news/2026/4/19/%d8%ac%d8%b3%d8%b1-%d8%ac%d9%88%d9%8a-%d8%a3%d9%85%d8%b1%d9%8a%d9%83%d9%8a-%d8%a5%d9%84%d9%89-%d8%a7%d9%84%d8%b4%d8%b1%d9%82-%d8%a7%d9%84%d8%a3%d9%88%d8%b3%d8%b7,-1,0.0
https://www.aljazeera.net/news/2026/4/19/%d8%a7%d9%84%d8%a3%d8%b1%d8%ac%d9%86%d8%aa%d9%8a%d9%86-%d8%aa%d8%b7%d9%84%d9%82-%d8%a7%d8%aa%d9%81%d8%a7%d9%82%d9%8a%d8%a7%d8%aa-%d8%a5%d8%b3%d8%ad%d8%a7%d9%82-%d9%84%d8%aa%d9%88%d8%b3%d9%8a%d8%b9,-1,0.0
https://www.aljazeera.net/news/2026/4/19/%d8%aa%d8%ad%d8%b1%d9%83%d8%a7%d8%aa-%d8%b9%d8%b3%d9%83%d8%b1%d9%8a%d8%a9-%d8%a3%d9%85%d8%b1%d9%8a%d9%83%d9%8a%d8%a9-%d9%88%d8%a5%d9%8a%d8%b1%d8%a7%d9%86%d9%8a%d8%a9,0,1.0
https://www.aljazeera.net/news/2026/4/19/%d9%85%d9%81%d8%a7%d9%88%d8%b6%d8%a7%d8%aa-%d8%a7%d9%84%d9%81%d8%b1%d8%b5%d8%a9-%d8%a7%d9%84%d8%a3%d8%ae%d9%8a%d8%b1%d8%a9-%d8%aa%d8%b1%d9%82%d8%a8-%d9%88%d8%a3%d8%b3%d8%a6%d9%84%d8%a9,0,1.0
https://www.aljazeera.net/news/2026/4/19/%d8%ad%d9%85%d8%a7%d8%b3-%d8%aa%d8%aa%d9%87%d9%85-%d8%a5%d8%b3%d8%b1%d8%a7%d8%a6%d9%8a%d9%84-%d8%a8%d8%ae%d8%b1%d9%82-%d8%a7%d8%aa%d9%81%d8%a7%d9%82-%d8%a3%d9%83%d8%aa%d9%88%d8%a8%d8%b1,3,0.61
https://www.aljazeera.net/news/2026/4/19/%d8%a8%d8%b1%d9%84%d9%85%d8%a7%d9%86%d9%8a-%d8%a5%d9%8a%d8%b1%d8%a7%d9%86%d9%8a-%d8%a8%d8%a7%d8%b1%d8%b2-%d9%84%d9%84%d8%ac%d8%b2%d9%8a%d8%b1%d8%a9-%d9%87%d8%b0%d9%87,0,0.8888
https://www.aljazeera.net/news/2026/4/19/%d8%a7%d9%84%d8%a8%d8%ad%d8%b1%d9%8a%d9%86-%d8%a5%d8%ac%d8%b1%d8%a7%d8%a1%d8%a7%d8%aa-%d8%b6%d8%af-%d9%85%d9%86-%d8%ae%d8%a7%d9%86%d9%88%d8%a7-%d8%a7%d9%84%d9%88%d8%b7%d9%86-%d8%ae%d9%84%d8%a7%d9%84,4,0.5714
https://www.aljazeera.net/news/2026/4/19/%d9%81%d8%a7%d8%ac%d8%b9%d8%a9-%d9%81%d9%8a-%d9%84%d9%88%d9%8a%d8%b2%d9%8a%d8%a7%d9%86%d8%a7-%d9%85%d9%82%d8%aa%d9%84-8-%d8%a3%d8%b7%d9%81%d8%a7%d9%84-%d9%81%d9%8a-%d8%a5%d8%b7%d9%84%d8%a7%d9%82,-1,0.0
https://www.aljazeera.net/news/2026/4/19/21-%d8%b3%d8%a7%d8%b9%d8%a9-%d9%84%d8%a7-%d8%aa%d9%83%d9%81%d9%8a-%d9%84%d8%b5%d9%86%d8%a7%d8%b9%d8%a9-%d8%a7%d9%84%d8%b3%d9%84%d8%a7%d9%85-%d9%87%d9%84-%d8%aa%d9%82%d8%b9,0,1.0
https://www.aljazeera.net/news/2026/4/19/%d9%88%d8%b2%d9%8a%d8%b1-%d8%b5%d9%88%d9%85%d8%a7%d9%84%d9%8a-%d9%84%d9%84%d8%ac%d8%b2%d9%8a%d8%b1%d8%a9-%d8%a5%d8%b3%d8%b1%d8%a7%d8%a6%d9%8a%d9%84-%d8%aa%d8%b3%d8%b9%d9%89,-1,0.0
https://www.aljazeera.net/news/2026/4/19/%d9%82%d8%b7%d8%b1-%d9%88%d9%87%d9%88%d9%84%d9%86%d8%af%d8%a7-%d8%aa%d8%b3%d8%aa%d8%b9%d8%b1%d8%b6%d8%a7%d9%86-%d8%b9%d9%84%d8%a7%d9%82%d8%a7%d8%aa-%d8%a7%d9%84%d8%aa%d8%b9%d8%a7%d9%88%d9%86,9,1.0
https://www.aljazeera.net/news/2026/4/19/%d8%aa%d8%b8%d8%a7%d9%87%d8%b1%d8%a7%d8%aa-%d8%ad%d8%a7%d8%b4%d8%af%d8%a9-%d9%81%d9%8a-%d8%a7%d9%84%d8%b6%d9%81%d8%a9-%d9%88%d8%a7%d9%84%d9%85%d8%ba%d8%b1%d8%a8,14,1.0
https://www.aljazeera.net/news/2026/4/19/%d8%a5%d8%b3%d8%b1%d8%a7%d8%a6%d9%8a%d9%84-%d8%aa%d8%b3%d8%aa%d8%b9%d8%af-%d9%84%d8%b9%d9%88%d8%af%d8%a9-%d8%a7%d9%84%d8%ad%d8%b1%d8%a8-%d8%b9%d9%84%d9%89-%d8%ba%d8%b2%d8%a9,3,0.5044
https://www.aljazeera.net/news/2026/4/19/%d8%ac%d9%86%d8%af%d9%8a-%d8%a5%d8%b3%d8%b1%d8%a7%d8%a6%d9%8a%d9%84%d9%8a-%d9%8a%d8%ad%d8%b7%d9%85-%d8%aa%d9%85%d8%ab%d8%a7%d9%84-%d8%a7%d9%84%d8%b3%d9%8a%d8%af-%d8%a7%d9%84%d9%85%d8%b3%d9%8a%d8%ad,-1,0.0
https://www.aljazeera.net/news/2026/4/19/%d8%aa%d8%b5%d8%af%d8%b9-%d8%a7%d9%84%d8%b9%d9%84%d8%a7%d9%82%d8%a9-%d8%a7%d9%84%d8%ae%d8%a7%d8%b5%d8%a9-%d8%ad%d8%b1%d8%a8-%d8%a5%d9%8a%d8%b1%d8%a7%d9%86-%d8%aa%d8%af%d9%81%d8%b9,0,0.8784
https://www.aljazeera.net/news/2026/4/18/%d9%88%d8%a7%d8%ac%d9%87%d8%aa-%d8%b9%d9%86%d9%81-%d8%a7%d9%84%d8%af%d9%88%d9%84%d8%a9-%d9%81%d9%8a-%d8%a3%d9%85%d8%b1%d9%8a%d9%83%d8%a7-%d8%b1%d9%85%d9%8a%d8%b3%d8%a7%d8%a1,11,0.946
https://www.aljazeera.net/news/2026/4/18/%d8%a7%d9%84%d9%85%d9%88%d8%aa-%d8%a7%d9%84%d8%b5%d8%a7%d9%85%d8%aa-%d9%87%d9%83%d8%b0%d8%a7-%d9%8a%d9%88%d8%a7%d8%ac%d9%87-%d9%85%d8%b1%d8%b6%d9%89-%d8%a7%d9%84%d9%82%d9%84%d8%a8,3,1.0
https://www.aljazeera.net/news/2026/4/18/3-%d9%82%d8%aa%d9%84%d9%89-%d9%81%d9%8a-%d9%82%d8%b5%d9%81-%d9%85%d9%88%d8%a7%d9%82%d8%b9-%d9%84%d9%84%d9%85%d8%b9%d8%a7%d8%b1%d8%b6%d8%a9-%d8%a7%d9%84%d9%83%d8%b1%d8%af%d9%8a%d8%a9,13,0.6815
https://www.aljazeera.net/news/2026/4/18/%d9%82%d9%88%d8%a7%d8%aa-%d8%a5%d8%b3%d8%b1%d8%a7%d8%a6%d9%8a%d9%84%d9%8a%d8%a9-%d9%85%d8%aa%d9%88%d8%ba%d9%84%d8%a9-%d8%aa%d9%86%d9%82%d9%84-%d9%85%d8%b9%d8%af%d8%a7%d8%aa-%d8%a5%d9%84%d9%89,6,0.7044
https://www.aljazeera.net/news/2026/4/18/%d8%b9%d9%82%d8%af%d8%a9-%d8%a7%d9%84%d9%85%d9%81%d8%a7%d9%88%d8%b6%d8%a7%d8%aa-%d8%b3%d9%8a%d9%86%d8%a7%d8%b1%d9%8a%d9%88%d9%87%d8%a7%d8%aa-%d8%aa%d8%ae%d8%b5%d9%8a%d8%a8,-1,0.0
https://www.aljazeera.net/news/2026/4/18/%d8%a3%d9%85%d9%8a%d8%b1-%d9%82%d8%b7%d8%b1-%d9%8a%d9%84%d8%aa%d9%82%d9%8a-%d8%a3%d8%b1%d8%af%d9%88%d8%ba%d8%a7%d9%86-%d9%88%d8%b1%d8%a6%d9%8a%d8%b3-%d9%88%d8%b2%d8%b1%d8%a7%d8%a1,9,0.8109
https://www.aljazeera.net/news/2026/4/18/%d8%b5%d8%af%d9%85%d8%a9-%d9%81%d9%8a-%d8%a5%d8%b3%d8%b1%d8%a7%d8%a6%d9%8a%d9%84-%d8%a5%d8%ab%d8%b1-%d8%a5%d8%b9%d9%84%d8%a7%d9%86-%d8%aa%d8%b1%d9%85%d8%a8-%d9%85%d9%86%d8%b9-%d9%82%d8%b5%d9%81,8,0.4702
https://www.aljazeera.net/news/2026/4/18/%d9%85%d8%a7-%d8%a7%d9%84%d8%ae%d9%8a%d8%a7%d8%b1%d8%a7%d8%aa-%d8%a7%d9%84%d9%85%d8%b7%d8%b1%d9%88%d8%ad%d8%a9-%d9%84%d9%85%d8%ae%d8%b2%d9%88%d9%86-%d8%a5%d9%8a%d8%b1%d8%a7%d9%86-%d9%85%d9%86,-1,0.0
https://www.aljazeera.net/news/2026/4/18/%d9%87%d9%84-%d8%b3%d8%aa%d9%85%d8%b6%d9%8a-%d8%b7%d9%87%d8%b1%d8%a7%d9%86-%d9%88%d9%88%d8%a7%d8%b4%d9%86%d8%b7%d9%86-%d9%84%d8%ac%d9%88%d9%84%d8%a9-%d8%ab%d8%a7%d9%86%d9%8a%d8%a9-%d9%85%d9%86,0,1.0
https://www.aljazeera.net/news/2026/4/18/%d8%aa%d8%b1%d9%82%d8%a8-%d9%84%d8%ac%d9%88%d9%84%d8%a9-%d8%aa%d9%81%d8%a7%d9%88%d8%b6-%d8%a7%d9%84%d8%a7%d8%ab%d9%86%d9%8a%d9%86-%d8%a8%d9%8a%d9%86-%d9%88%d8%a7%d8%b4%d9%86%d8%b7%d9%86,0,1.0
https://www.aljazeera.net/news/2026/4/18/%d8%b3%d8%a4%d8%a7%d9%84-%d9%88%d8%ac%d9%88%d8%a7%d8%a8-%d8%a3%d9%8a%d9%86-%d9%8a%d8%aa%d9%85%d8%b1%d9%83%d8%b2-%d8%a7%d9%84%d8%ac%d9%8a%d8%b4,2,0.5721
https://www.aljazeera.net/news/2026/4/18/%d8%a7%d9%84%d8%a8%d8%ad%d8%b1%d9%8a%d8%a9-%d8%a7%d9%84%d8%a3%d9%85%d8%b1%d9%8a%d9%83%d9%8a%d8%a9-%d8%aa%d9%86%d9%81%d9%8a-%d9%86%d9%82%d8%b5-%d8%a7%d9%84%d8%ba%d8%b0%d8%a7%d8%a1-%d9%81%d9%88%d9%82,0,0.8697
https://www.aljazeera.net/news/2026/4/18/%d8%a7%d9%86%d8%b7%d8%a7%d9%84%d9%8a%d8%a7-%d8%aa%d8%ad%d8%aa%d8%b6%d9%86-%d8%a7%d9%84%d8%a7%d8%ac%d8%aa%d9%85%d8%a7%d8%b9-%d8%a7%d9%84%d8%ab%d8%a7%d9%84%d8%ab-%d9%84%d9%88%d8%b2%d8%b1%d8%a7%d8%a1,-1,0.0
https://www.aljazeera.net/news/2026/4/18/%d8%a7%d9%84%d8%ae%d8%b2%d8%a7%d9%86%d8%a9-%d8%a7%d9%84%d8%a3%d9%85%d8%b1%d9%8a%d9%83%d9%8a%d8%a9-%d8%aa%d8%b9%d8%a7%d9%82%d8%a8-%d8%b4%d8%a8%d9%83%d8%a9-%d9%85%d8%aa%d9%88%d8%b1%d8%b7%d8%a9,10,0.9731
https://www.aljazeera.net/news/2026/4/18/%d8%b1%d8%ba%d9%85-%d8%aa%d9%87%d8%af%d9%8a%d8%af%d8%a7%d8%aa-%d8%aa%d8%b1%d9%85%d8%a8-%d9%88%d9%81%d8%af-%d8%a3%d9%85%d8%b1%d9%8a%d9%83%d9%8a-%d9%81%d9%8a-%d9%87%d8%a7%d9%81%d8%a7%d9%86%d8%a7,11,0.6436
https://www.aljazeera.net/news/2026/4/18/%d8%aa%d8%b1%d9%85%d8%a8-%d8%b4%d9%8a-%d8%b3%d8%b9%d9%8a%d8%af-%d8%a8%d9%81%d8%aa%d8%ad-%d9%85%d8%b6%d9%8a%d9%82-%d9%87%d8%b1%d9%85%d8%b2-%d9%88%d9%84%d9%82%d8%a7%d8%a4%d9%86%d8%a7,0,0.7432
https://www.aljazeera.net/news/2026/4/18/%d9%86%d8%a7%d8%ae%d8%a8%d9%88-%d8%a8%d8%b1%d9%8a%d8%b7%d8%a7%d9%86%d9%8a%d8%a7-%d9%8a%d8%af%d8%b9%d9%85%d9%88%d9%86-%d8%a5%d8%b9%d8%a7%d8%af%d8%a9-%d8%a7%d9%84%d8%a7%d9%86%d8%b6%d9%85%d8%a7%d9%85,0,0.8169
https://www.aljazeera.net/news/2026/4/18/%d9%83%d9%88%d8%b3%d9%88%d9%81%d9%88-%d9%88%d8%a7%d9%84%d8%a8%d9%88%d8%b3%d9%86%d8%a9-%d8%aa%d8%b9%d8%aa%d8%b2%d9%85%d8%a7%d9%86-%d8%a7%d9%84%d9%85%d8%b4%d8%a7%d8%b1%d9%83%d8%a9-%d9%81%d9%8a,3,0.7007
https://www.aljazeera.net/news/2026/4/18/%d8%a7%d9%84%d8%a8%d9%8a%d8%b1%d9%88-%d8%aa%d8%a8%d8%ad%d8%ab-%d8%b9%d9%86-%d8%a7%d9%84%d8%b1%d8%a6%d9%8a%d8%b3-%d8%a7%d9%84%d8%aa%d8%a7%d8%b3%d8%b9-%d9%81%d9%8a-10-%d8%b3%d9%86%d9%88%d8%a7%d8%aa,5,0.5234
https://www.aljazeera.net/news/2026/4/18/%d9%88%d8%b2%d9%8a%d8%b1-%d8%a7%d9%84%d8%ad%d8%b1%d8%a8-%d9%8a%d8%b2%d9%8a%d9%81-%d8%a2%d9%8a%d8%a9-%d8%a5%d9%86%d8%ac%d9%8a%d9%84%d9%8a%d8%a9-%d8%af%d8%a7%d8%ae%d9%84,0,0.966
https://www.aljazeera.net/news/2026/4/18/%d8%a7%d9%84%d8%a8%d8%a7%d8%a8%d8%a7,-1,0.0
https://www.aljazeera.net/news/2026/4/18/%d9%83%d9%85-%d8%b3%d9%81%d9%8a%d9%86%d8%a9-%d8%b9%d8%a8%d8%b1%d8%aa-%d9%85%d8%b6%d9%8a%d9%82-%d9%87%d8%b1%d9%85%d8%b2-%d9%81%d9%8a-%d9%8a%d9%88%d9%85%d9%87-%d8%a7%d9%84%d8%a3%d9%88%d9%84,0,1.0
https://www.aljazeera.net/news/2026/4/18/%d8%a5%d9%8a%d8%b1%d8%a7%d9%86-%d8%a5%d8%b9%d8%a7%d8%af%d8%a9-%d9%81%d8%aa%d8%ad-%d8%ac%d8%b2%d8%a6%d9%8a-%d9%84%d9%84%d9%85%d8%ac%d8%a7%d9%84-%d8%a7%d9%84%d8%ac%d9%88%d9%8a,0,0.8863
https://www.aljazeera.net/news/2026/4/18/%d9%84%d8%a3%d9%88%d9%84-%d9%85%d8%b1%d8%a9-%d9%85%d9%86%d8%b0-%d8%ad%d8%b1%d8%a8-%d9%81%d9%8a%d8%aa%d9%86%d8%a7%d9%85-%d8%a5%d8%af%d8%a7%d8%b1%d8%a9-%d8%aa%d8%b1%d9%85%d8%a8,11,0.8863
https://www.aljazeera.net/news/2026/4/18/%d8%b1%d8%a6%d9%8a%d8%b3-%d8%a3%d9%86%d8%ab%d8%b1%d9%88%d8%a8%d9%8a%d9%83-%d9%8a%d8%b2%d9%88%d8%b1-%d8%a7%d9%84%d8%a8%d9%8a%d8%aa-%d8%a7%d9%84%d8%a3%d8%a8%d9%8a%d8%b6-%d8%a8%d8%b9%d8%af,0,0.7123
https://www.aljazeera.net/news/2026/4/18/%d9%85%d8%ac%d8%b2%d8%b1%d8%a9-%d9%81%d9%8a-%d8%b5%d9%88%d8%b1-%d8%af%d9%85%d8%a7%d8%b1-%d9%88%d8%a7%d8%b3%d8%b9-%d9%88%d8%b6%d8%ad%d8%a7%d9%8a%d8%a7-%d8%aa%d8%ad%d8%aa,2,0.995
https://www.aljazeera.net/news/2026/4/18/%d8%b9%d8%a7%d8%ac%d9%84-%d9%85%d9%82%d8%b1-%d8%ae%d8%a7%d8%aa%d9%85-%d8%a7%d9%84%d8%a3%d9%86%d8%a8%d9%8a%d8%a7%d8%a1-%d8%b9%d9%88%d8%af%d8%a9-%d8%a7%d9%84%d9%88%d8%b6%d8%b9,0,1.0
https://www.aljazeera.net/news/2026/4/18/%d9%86%d9%8a%d9%88%d8%b2%d9%8a%d9%84%d9%86%d8%af%d8%a7-5,-1,0.0
https://www.aljazeera.net/news/2026/4/18/%d9%87%d8%aa%d9%84%d8%b1,-1,0.0
https://www.aljazeera.net/news/2026/4/18/%d8%a8%d9%8a%d9%86%d9%87%d8%a7-20-%d9%82%d8%b1%d9%8a%d8%a9-%d9%85%d8%af%d9%85%d8%b1%d8%a9-%d8%ae%d8%b1%d9%8a%d8%b7%d8%a9-%d8%a7%d9%84%d8%b3%d9%8a%d8%b7%d8%b1%d8%a9,-1,0.0
https://www.aljazeera.net/news/2026/4/18/%d8%b9%d8%a7%d8%ac%d9%84-%d9%88%d8%b2%d9%8a%d8%b1-%d8%a7%d9%84%d8%ae%d8%a7%d8%b1%d8%ac%d9%8a%d8%a9-%d8%a7%d9%84%d8%a8%d8%a7%d9%83%d8%b3%d8%aa%d8%a7%d9%86%d9%8a-%d9%88%d8%a7%d8%b4%d9%86%d8%b7%d9%86,0,1.0
https://www.aljazeera.net/news/2026/4/18/%d8%b6%d8%ad%d9%8a%d8%a9-%d9%83%d9%84-30-%d8%af%d9%82%d9%8a%d9%82%d8%a9-%d8%b5%d8%af%d9%85%d8%a9-%d9%85%d9%86-%d8%ad%d8%b5%d9%8a%d9%84%d8%a9-%d8%a3%d9%85%d9%85%d9%8a%d8%a9,3,0.8475
https://www.aljazeera.net/news/2026/4/18/%d9%85%d8%a7-%d8%ad%d9%82%d9%8a%d9%82%d8%a9-%d9%85%d8%b4%d9%87%d8%af-%d8%aa%d8%ac%d9%88%d9%84-%d8%a7%d9%84%d8%b1%d8%a6%d9%8a%d8%b3-%d8%a7%d9%84%d8%a5%d9%8a%d8%b1%d8%a7%d9%86%d9%8a,7,0.3891
https://www.aljazeera.net/news/2026/4/18/%d8%b3%d8%a7%d9%86%d8%b4%d9%8a%d8%b2-%d9%87%d9%86%d8%a7%d9%83-%d8%aa%d8%b7%d8%a8%d9%8a%d8%b9-%d8%ae%d8%b7%d9%8a%d8%b1-%d9%85%d8%b9-%d8%a7%d8%b3%d8%aa%d8%ae%d8%af%d8%a7%d9%85,-1,0.0
https://www.aljazeera.net/news/2026/4/18/%d8%b1%d9%88%d8%b3%d9%8a%d8%a7-43,12,1.0
https://www.aljazeera.net/news/2026/4/18/%d8%b5%d8%b1%d8%a7%d8%b9-%d8%a7%d9%84%d9%85%d8%b5%d8%b7%d9%84%d8%ad%d8%a7%d8%aa-%d9%83%d9%8a%d9%81-%d9%8a%d8%a8%d9%8a%d8%b9-%d8%aa%d8%b1%d9%85%d8%a8-%d9%88%d8%a5%d9%8a%d8%b1%d8%a7%d9%86,0,0.9928
https://www.aljazeera.net/news/2026/4/18/%d8%b9%d8%a7%d8%ac%d9%84-%d9%86%d8%a7%d8%a6%d8%a8-%d9%88%d8%b2%d9%8a%d8%b1-%d8%a7%d9%84%d8%ae%d8%a7%d8%b1%d8%ac%d9%8a%d8%a9-%d8%a7%d9%84%d8%a5%d9%8a%d8%b1%d8%a7%d9%86%d9%8a-%d9%84%d8%b3%d9%86%d8%a7,0,1.0
https://www.aljazeera.net/news/2026/4/18/%d8%a3%d8%b9%d8%a7%d8%af%d8%aa-%d8%a5%d8%ba%d9%84%d8%a7%d9%82%d9%87-%d9%83%d9%8a%d9%81-%d8%aa%d8%aa%d8%ad%d9%83%d9%85-%d8%a5%d9%8a%d8%b1%d8%a7%d9%86-%d9%81%d9%8a-%d8%ad%d8%b1%d9%83%d8%a9,0,1.0
https://www.aljazeera.net/news/2026/4/18/%d8%b9%d8%a7%d8%ac%d9%84-%d8%a5%d8%b3%d8%b1%d8%a7%d8%a6%d9%8a%d9%84-%d8%ae%d8%b7-%d8%a3%d8%b5%d9%81%d8%b1-%d9%81%d9%8a-%d8%ac%d9%86%d9%88%d8%a8-%d9%84%d8%a8%d9%86%d8%a7%d9%86,2,0.5539
https://www.aljazeera.net/news/2026/4/18/%d8%b1%d8%a6%d9%8a%d8%b3-%d9%83%d9%88%d9%84%d9%88%d9%85%d8%a8%d9%8a%d8%a7-%d9%8a%d9%84%d9%88%d8%ad-%d8%a8%d8%aa%d9%85%d8%b1%d8%af-%d9%84%d8%a7%d8%aa%d9%8a%d9%86%d9%8a,11,0.6961
https://www.aljazeera.net/news/2026/4/18/%d8%b9%d9%88%d9%86-%d9%88%d8%b3%d9%84%d8%a7%d9%85-%d9%8a%d8%a8%d8%ad%d8%ab%d8%a7%d9%86-%d8%a7%d9%84%d8%ac%d9%87%d9%88%d8%b2%d9%8a%d8%a9-%d8%a7%d9%84%d9%84%d8%a8%d9%86%d8%a7%d9%86%d9%8a%d8%a9,8,1.0
https://www.aljazeera.net/news/2026/4/18/%d8%a7%d9%86%d8%aa%d9%87%d8%a7%d8%a1-%d8%b5%d9%8a%d8%a7%d9%86%d8%a9-%d8%a7%d9%84%d9%83%d8%b9%d8%a8%d8%a9-%d8%a7%d9%84%d9%85%d8%b4%d8%b1%d9%81%d8%a9-%d9%88%d8%b1%d9%81%d8%b9,17,0.7438
https://www.aljazeera.net/news/2026/4/18/%d9%84%d8%a7%d9%81%d8%b1%d9%88%d9%81-%d8%a7%d9%84%d8%ad%d8%b1%d8%a8-%d9%81%d9%8a-%d8%a7%d9%84%d8%ae%d9%84%d9%8a%d8%ac-%d9%87%d8%af%d9%81%d9%87%d8%a7-%d8%a7%d9%84%d8%b3%d9%8a%d8%b7%d8%b1%d8%a9,0,0.6665
https://www.aljazeera.net/news/2026/4/18/%d9%85%d9%82%d8%aa%d9%84-%d8%b9%d8%b3%d9%83%d8%b1%d9%8a-%d9%81%d8%b1%d9%86%d8%b3%d9%8a-%d9%88%d8%a5%d8%b5%d8%a7%d8%a8%d8%a9-3-%d8%a8%d9%87%d8%ac%d9%88%d9%85-%d8%b9%d9%84%d9%89,-1,0.0
https://www.aljazeera.net/news/2026/4/18/%d9%82%d9%8a%d8%a7%d8%af%d9%8a-%d8%a8%d8%ad%d8%b2%d8%a8-%d8%a7%d9%84%d9%84%d9%87-%d9%86%d8%b4%d8%aa%d8%b1%d8%b7-%d8%a7%d9%86%d8%b3%d8%ad%d8%a7%d8%a8%d8%a7,8,0.4856
https://www.aljazeera.net/news/2026/4/18/%d9%87%d9%86%d8%af-%d8%b1%d8%ac%d8%a8-%d8%aa%d9%82%d8%af%d9%85-%d8%b4%d9%83%d9%88%d9%89-%d8%ac%d9%86%d8%a7%d8%a6%d9%8a%d8%a9-%d8%b6%d8%af-%d8%ac%d9%86%d8%af%d9%8a,3,0.6813
https://www.aljazeera.net/news/2026/4/18/%d8%aa%d8%b5%d8%a7%d8%b9%d8%af-%d8%a7%d9%84%d8%aa%d9%88%d8%aa%d8%b1-%d9%81%d9%8a-%d9%85%d8%b6%d9%8a%d9%82-%d9%87%d8%b1%d9%85%d8%b2-%d9%88%d8%a5%d9%8a%d8%b1%d8%a7%d9%86-%d8%aa%d8%b9%d9%84%d9%86,0,1.0
https://www.aljazeera.net/news/2026/4/18/%d8%b9%d8%a8%d8%b1-%d8%a7%d9%84%d8%ae%d8%b1%d9%8a%d8%b7%d8%a9-%d8%a7%d9%84%d8%aa%d9%81%d8%a7%d8%b9%d9%84%d9%8a%d8%a9-%d9%85%d8%a7-%d8%ad%d8%af%d9%88%d8%af-%d8%a7%d9%84%d8%ae%d8%b7,2,0.5191
https://www.aljazeera.net/news/2026/4/18/%d8%b9%d8%a7%d8%ac%d9%84-%d8%aa%d8%b1%d9%85%d8%a8-%d9%86%d8%aa%d8%ad%d8%af%d8%ab-%d9%85%d8%b9-%d8%a7%d9%84%d8%a5%d9%8a%d8%b1%d8%a7%d9%86%d9%8a%d9%8a%d9%86-%d9%88%d9%87%d9%86%d8%a7%d9%83,0,1.0
https://www.aljazeera.net/news/2026/4/18/%d9%85%d8%ac%d8%aa%d8%a8%d9%89-%d8%ae%d8%a7%d9%85%d9%86%d8%a6%d9%8a-%d8%a8%d8%ad%d8%b1%d9%8a%d8%aa%d9%86%d8%a7-%d8%ac%d8%a7%d9%87%d8%b2%d8%a9-%d9%84%d8%a5%d8%b0%d8%a7%d9%82%d8%a9,7,0.5919
https://www.aljazeera.net/news/2026/4/18/%d9%87%d9%84-%d9%8a%d9%88%d8%a7%d8%ac%d9%87-%d8%a7%d9%84%d8%a8%d8%ad%d8%a7%d8%b1%d8%a9-%d8%a7%d9%84%d8%a3%d9%85%d8%b1%d9%8a%d9%83%d9%8a%d9%88%d9%86-%d8%a3%d8%b2%d9%85%d8%a9-%d8%b7%d8%b9%d8%a7%d9%85,0,0.9203
https://www.aljazeera.net/news/2026/4/18/%d9%81%d8%b1%d9%86%d8%b3%d8%a7-%d8%aa%d8%aa%d9%87%d9%85-%d8%ad%d8%b2%d8%a8-%d8%a7%d9%84%d9%84%d9%87-%d8%a8%d9%82%d8%aa%d9%84-%d8%a3%d8%ad%d8%af-%d8%ac%d9%86%d9%88%d8%af%d9%87%d8%a7-%d9%81%d9%8a,-1,0.0
https://www.aljazeera.net/news/2026/4/18/%d8%a7%d9%84%d9%8a%d9%88%d9%86%d9%8a%d8%b3%d9%8a%d9%81-%d8%aa%d8%b9%d9%84%d9%82-%d8%b9%d9%85%d9%84%d9%8a%d8%a7%d8%aa%d9%87%d8%a7-%d8%b4%d8%b1%d9%82-%d8%ba%d8%b2%d8%a9,3,1.0
https://www.aljazeera.net/news/2026/4/18/%d8%a7%d9%84%d8%a8%d8%a7%d8%a8%d8%a7-%d9%84%d9%8a%d9%88-%d9%8a%d8%aa%d8%ac%d8%a7%d9%87%d9%84-%d9%87%d8%ac%d9%85%d8%a7%d8%aa-%d8%aa%d8%b1%d9%85%d8%a8-%d9%88%d9%8a%d8%aa%d8%b3%d9%85%d9%83,-1,0.0
https://www.aljazeera.net/news/2026/4/18/%d8%b9%d8%a7%d8%ac%d9%84-%d8%a3%d9%83%d8%b3%d9%8a%d9%88%d8%b3-%d8%b9%d9%86-%d9%85%d8%b3%d8%a4%d9%88%d9%84-%d8%a3%d9%85%d8%b1%d9%8a%d9%83%d9%8a-%d8%a7%d9%84%d8%ad%d8%b1%d8%a8-%d9%82%d8%af,0,1.0
https://www.aljazeera.net/news/2026/4/18/%d8%aa%d9%87%d8%af%d9%8a%d8%af%d8%a7%d8%aa-%d8%a3%d9%85%d8%b1%d9%8a%d9%83%d9%8a%d8%a9-%d8%a8%d8%a7%d9%84%d8%a7%d8%b3%d8%aa%d9%8a%d9%84%d8%a7%d8%a1-%d8%b9%d9%84%d9%89-%d8%b3%d9%81%d9%86,0,1.0
https://www.aljazeera.net/news/2026/4/18/%d8%b9%d8%a7%d8%ac%d9%84-%d8%a7%d9%84%d8%ac%d9%8a%d8%b4-%d8%a7%d9%84%d8%a5%d8%b3%d8%b1%d8%a7%d8%a6%d9%8a%d9%84%d9%8a-%d9%85%d9%82%d8%aa%d9%84-%d8%ac%d9%86%d8%af%d9%8a-4,2,0.5893
https://www.aljazeera.net/news/2026/4/18/5-%d9%82%d8%aa%d9%84%d9%89-%d8%b9%d9%84%d9%89-%d8%a7%d9%84%d8%a3%d9%82%d9%84-%d9%81%d9%8a-%d8%b9%d9%85%d9%84%d9%8a%d8%a9-%d8%a7%d8%ad%d8%aa%d8%ac%d8%a7%d8%b2-%d8%b1%d9%87%d8%a7%d8%a6%d9%86,12,1.0
https://www.aljazeera.net/news/2026/4/18/%d8%b9%d8%a7%d8%ac%d9%84-%d8%a7%d9%84%d9%82%d9%86%d8%a7%d8%a9-7-%d8%a7%d9%84%d8%a5%d8%b3%d8%b1%d8%a7%d8%a6%d9%8a%d9%84%d9%8a%d8%a9-%d8%a7%d9%84%d8%b4%d8%a7%d8%a8%d8%a7%d9%83,-1,0.0
https://www.aljazeera.net/news/2026/4/18/%d8%a7%d9%84%d8%ad%d8%b1%d8%b3-%d8%a7%d9%84%d8%ab%d9%88%d8%b1%d9%8a-%d9%8a%d8%ad%d8%b0%d8%b1-%d8%a7%d9%84%d8%a7%d9%82%d8%aa%d8%b1%d8%a7%d8%a8-%d9%85%d9%86-%d9%85%d8%b6%d9%8a%d9%82,0,0.95
https://www.aljazeera.net/news/2026/4/18/%d9%86%d8%b9%d9%8a%d9%85-%d9%82%d8%a7%d8%b3%d9%85-5-%d8%b4%d8%b1%d9%88%d8%b7-%d9%84%d9%85%d8%a7-%d8%a8%d8%b9%d8%af-%d9%88%d9%82%d9%81-%d8%a5%d8%b7%d9%84%d8%a7%d9%82-%d8%a7%d9%84%d9%86%d8%a7%d8%b1,8,0.5816
https://www.aljazeera.net/news/2026/4/18/%d8%a7%d9%84%d8%a3%d8%b1%d8%af%d9%86-%d8%ad%d8%b2%d8%a8-%d8%a7%d9%84%d8%a3%d9%85%d8%a9-%d8%a7%d9%84%d8%a5%d8%b3%d9%85-%d8%a7%d9%84%d8%ac%d8%af%d9%8a%d8%af-%d9%84%d9%80%d8%ac%d8%a8%d9%87%d8%a9,14,0.4892
https://www.aljazeera.net/news/liveblog/2026/4/17/%d8%ad%d8%b1%d8%a8-%d8%a5%d9%8a%d8%b1%d8%a7%d9%86-%d9%85%d8%a8%d8%a7%d8%b4%d8%b1-%d8%a8%d8%af%d8%a1-%d8%a7%d9%84%d9%87%d8%af%d9%86%d8%a9-%d9%81%d9%8a-%d9%84%d8%a8%d9%86%d8%a7%d9%86,0,0.752
https://www.aljazeera.net/news/2026/4/17/%d8%b9%d8%a7%d8%ac%d9%84-%d8%a8%d8%af%d8%a1-%d8%a7%d9%84%d9%87%d8%af%d9%86%d8%a9-%d9%81%d9%8a-%d9%84%d8%a8%d9%86%d8%a7%d9%86,8,0.8892
https://www.aljazeera.net/news/2026/4/17/%d9%87%d9%8a%d8%ba%d8%b3%d9%8a%d8%ab-%d9%8a%d8%aa%d9%84%d9%88-%d9%86%d8%b5%d8%a7-%d9%85%d9%86-%d9%81%d9%8a%d9%84%d9%85-%d8%a3%d9%85%d8%b1%d9%8a%d9%83%d9%8a,0,0.9277
https://www.aljazeera.net/news/2026/4/17/%d8%b3%d8%a4%d8%a7%d9%84-%d9%88%d8%ac%d9%88%d8%a7%d8%a8-%d9%87%d8%af%d9%86%d8%a9-%d9%84%d8%a8%d9%86%d8%a7%d9%86-%d9%88%d9%85%d8%a7%d8%b0%d8%a7-%d8%a8%d8%b9%d8%af,8,1.0
https://www.aljazeera.net/news/2026/4/17/%d8%aa%d8%b1%d8%ad%d9%8a%d8%a8-%d8%b9%d8%b1%d8%a8%d9%8a-%d9%88%d8%af%d9%88%d9%84%d9%8a-%d9%88%d8%a7%d8%b3%d8%b9-%d8%a8%d8%a7%d8%aa%d9%81%d8%a7%d9%82-%d8%a7%d9%84%d9%87%d8%af%d9%86%d8%a9-%d9%81%d9%8a,8,0.7246
https://www.aljazeera.net/news/2026/4/17/%d8%a7%d9%84%d8%b4%d8%b1%d8%b9-%d9%8a%d9%84%d8%aa%d9%82%d9%8a-%d8%a7%d9%84%d9%85%d8%a8%d8%b9%d9%88%d8%ab-%d8%a7%d9%84%d8%a3%d9%85%d8%b1%d9%8a%d9%83%d9%8a-%d8%b9%d9%82%d8%a8,6,1.0
https://www.aljazeera.net/news/2026/4/17/%d8%aa%d9%82%d9%8a%d9%8a%d9%85%d8%a7%d8%aa-%d8%a7%d8%b3%d8%aa%d8%ae%d8%a8%d8%a7%d8%b1%d9%8a%d8%a9-%d8%a5%d9%8a%d8%b1%d8%a7%d9%86-%d9%85%d8%aa%d9%85%d8%a7%d8%b3%d9%83%d8%a9-%d8%b1%d8%ba%d9%85,0,0.8144
https://www.aljazeera.net/news/2026/4/17/%d9%84%d9%85%d8%a7%d8%b0%d8%a7-%d8%b3%d9%84%d9%85%d8%aa-%d9%88%d8%a7%d8%b4%d9%86%d8%b7%d9%86-%d9%85%d9%81%d8%aa%d8%a7%d8%ad-%d9%82%d9%88%d8%a7%d8%b9%d8%af%d9%87%d8%a7,6,0.9982
https://www.aljazeera.net/news/2026/4/17/%d8%a7%d9%84%d8%a8%d8%a7%d8%a8%d8%a7-%d9%8a%d8%aa%d9%87%d9%85-%d8%ad%d9%81%d9%86%d8%a9-%d8%b7%d8%ba%d8%a7%d8%a9-%d8%a8%d8%aa%d8%af%d9%85%d9%8a%d8%b1-%d8%a7%d9%84%d8%b9%d8%a7%d9%84%d9%85,-1,0.0
https://www.aljazeera.net/news/2026/4/17/%d8%b9%d8%a7%d8%ac%d9%84-%d8%aa%d8%b1%d9%85%d8%a8-%d8%a7%d9%84%d8%ad%d8%b1%d8%a8-%d9%81%d9%8a-%d8%a5%d9%8a%d8%b1%d8%a7%d9%86-%d8%b3%d8%aa%d9%86%d8%aa%d9%87%d9%8a-%d9%82%d8%b1%d9%8a%d8%a8%d8%a7,0,1.0
https://www.aljazeera.net/news/2026/4/17/%d8%ad%d8%a7%d9%85%d9%84%d8%a9-%d8%a7%d9%84%d8%b7%d8%a7%d8%a6%d8%b1%d8%a7%d8%aa-%d9%84%d9%8a%d9%86%d9%83%d9%88%d9%84%d9%86-%d8%aa%d8%b9%d8%a8%d8%b1-%d8%a8%d8%ad%d8%b1-%d8%a7%d9%84%d8%b9%d8%b1%d8%a8,0,1.0
https://www.aljazeera.net/news/2026/4/17/%d9%85%d8%b9-%d8%a7%d8%b3%d8%aa%d9%86%d8%b2%d8%a7%d9%81-%d8%a7%d9%84%d9%85%d8%ae%d8%b2%d9%88%d9%86-%d9%88%d8%a7%d8%b4%d9%86%d8%b7%d9%86-%d8%aa%d8%a8%d9%84%d8%ba-%d8%af%d9%88%d9%84%d8%a7,0,0.9361
https://www.aljazeera.net/news/2026/4/17/24-%d8%b3%d8%a7%d8%b9%d8%a9-%d9%82%d8%a8%d9%84-%d8%a7%d9%84%d9%87%d8%af%d9%86%d8%a9-%d8%a5%d8%b3%d8%b1%d8%a7%d8%a6%d9%8a%d9%84-%d8%aa%d9%82%d8%b5%d9%81-101-%d9%85%d9%86%d8%b7%d9%82%d8%a9,-1,0.0
https://www.aljazeera.net/news/2026/4/17/%d9%87%d9%84-%d8%aa%d8%b4%d8%a7%d8%b1%d9%83-%d8%a7%d9%84%d9%88%d9%84%d8%a7%d9%8a%d8%a7%d8%aa-%d8%a7%d9%84%d9%85%d8%aa%d8%ad%d8%af%d8%a9-%d9%81%d9%8a-%d9%86%d8%b2%d8%b9-%d8%b3%d9%84%d8%a7%d8%ad,8,0.8829
https://www.aljazeera.net/news/2026/4/17/%d9%85%d9%84%d9%81%d8%a7%d8%aa-%d8%a7%d9%84%d8%ad%d8%af%d9%88%d8%af-%d9%88%d8%a7%d9%84%d8%aa%d9%87%d8%b1%d9%8a%d8%a8-%d9%88%d8%a7%d9%84%d8%aa%d9%86%d8%b3%d9%8a%d9%82-%d8%b9%d9%84%d9%89,6,1.0
https://www.aljazeera.net/news/2026/4/17/%d9%85%d9%81%d8%a7%d9%88%d8%b6%d8%a7%d8%aa-%d8%a8%d9%8a%d9%86-%d8%ba%d9%88%d8%ba%d9%84-%d9%88%d8%a7%d9%84%d8%a8%d9%86%d8%aa%d8%a7%d8%ba%d9%88%d9%86-%d9%84%d8%a7%d8%b3%d8%aa%d8%ae%d8%af%d8%a7%d9%85,0,0.7008
https://www.aljazeera.net/news/2026/4/17/%d8%a7%d9%84%d8%b7%d8%a7%d9%82%d8%a9-%d8%a7%d9%84%d8%af%d9%88%d9%84%d9%8a%d8%a9-%d9%88%d9%82%d9%88%d8%af-%d8%a7%d9%84%d8%b7%d8%a7%d8%a6%d8%b1%d8%a7%d8%aa-%d9%81%d9%8a,0,1.0
https://www.aljazeera.net/news/2026/4/17/%d8%a7%d9%84%d8%b4%d8%b1%d8%b9-%d8%a7%d9%84%d9%85%d9%81%d8%a7%d9%88%d8%b6%d8%a7%d8%aa-%d9%85%d8%b9-%d8%a5%d8%b3%d8%b1%d8%a7%d8%a6%d9%8a%d9%84-%d8%b5%d8%b9%d8%a8%d8%a9,6,1.0
https://www.aljazeera.net/news/2026/4/17/%d8%a8%d8%b1%d9%8a%d8%b7%d8%a7%d9%86%d9%8a%d8%a7-%d8%aa%d8%aa%d8%ad%d8%b3%d8%a8-%d9%84%d9%86%d9%82%d8%b5-%d8%b9%d9%86%d8%a7%d8%b5%d8%b1-%d8%aa%d8%b5%d9%86%d9%8a%d8%b9,0,1.0
https://www.aljazeera.net/news/2026/4/17/40-%d8%af%d9%88%d9%84%d8%a9-%d8%aa%d8%a8%d8%ad%d8%ab-%d9%85%d9%87%d9%85%d8%a9-%d8%b9%d8%b3%d9%83%d8%b1%d9%8a%d8%a9-%d8%a8%d9%85%d8%b6%d9%8a%d9%82-%d9%87%d8%b1%d9%85%d8%b2,0,1.0
https://www.aljazeera.net/news/2026/4/17/%d8%b5%d9%88%d8%b1-%d9%81%d8%b6%d8%a7%d8%a6%d9%8a%d8%a9-%d8%a7%d8%b4%d8%aa%d8%b9%d8%a7%d9%84-%d9%85%d9%86%d8%b4%d8%a3%d8%a9-%d9%86%d9%81%d8%b7,0,0.7994
https://www.aljazeera.net/news/2026/4/17/%d8%a7%d8%b3%d8%aa%d8%b7%d9%84%d8%a7%d8%b9-%d8%ab%d9%84%d8%ab%d8%a7-%d8%a7%d9%84%d8%a5%d8%b3%d8%b1%d8%a7%d8%a6%d9%8a%d9%84%d9%8a%d9%8a%d9%86-%d9%8a%d8%b9%d8%aa%d9%82%d8%af%d9%88%d9%86,19,1.0
https://www.aljazeera.net/news/2026/4/17/%d9%83%d9%88%d8%a8%d8%a7-%d8%aa%d8%aa%d8%a3%d9%87%d8%a8-%d9%84%d9%87%d8%ac%d9%88%d9%85-%d8%a3%d9%85%d8%b1%d9%8a%d9%83%d9%8a-%d9%85%d8%ad%d8%aa%d9%85%d9%84-2,11,0.6501
https://www.aljazeera.net/news/2026/4/17/%d9%84%d8%a8%d9%86%d8%a7%d9%86-%d8%b9%d8%b4%d8%b1%d8%a7%d8%aa-%d8%a2%d9%84%d8%a7%d9%81-%d8%a7%d9%84%d9%86%d8%a7%d8%b2%d8%ad%d9%8a%d9%86-%d9%8a%d8%b9%d9%88%d8%af%d9%88%d9%86,2,0.9239
https://www.aljazeera.net/news/2026/4/17/%d9%84%d8%a8%d9%86%d8%a7%d9%86-%d8%a8%d8%b9%d8%af-%d8%a7%d9%84%d9%87%d8%af%d9%86%d8%a9-%d8%b9%d9%88%d8%af%d8%a9-%d9%85%d8%a4%d8%ac%d9%84%d8%a9-%d9%88%d9%86%d8%a7%d8%b2%d8%ad%d9%88%d9%86,-1,0.0
https://www.aljazeera.net/news/2026/4/17/%d9%85%d9%88%d8%ac%d8%a9-%d9%82%d8%b5%d9%81-%d8%b1%d9%88%d8%b3%d9%8a-%d8%aa%d8%b6%d8%b1%d8%a8-%d9%85%d8%af%d9%86%d8%a7-%d8%a3%d9%88%d9%83%d8%b1%d8%a7%d9%86%d9%8a%d8%a9,12,1.0
https://www.aljazeera.net/news/2026/4/17/%d9%8a%d9%88%d9%85-%d8%a7%d9%84%d8%a3%d8%b3%d9%8a%d8%b1-%d8%a7%d9%84%d9%81%d9%84%d8%b3%d8%b7%d9%8a%d9%86%d9%8a-%d8%a3%d8%b1%d9%82%d8%a7%d9%85-%d9%82%d9%8a%d8%a7%d8%b3%d9%8a%d8%a9-%d8%ae%d9%84%d9%81,14,0.5428
https://www.aljazeera.net/news/2026/4/17/%d8%a5%d8%ae%d9%84%d8%a7%d8%a1-%d8%b3%d8%a8%d9%8a%d9%84-%d8%b9%d8%b3%d9%83%d8%b1%d9%8a-%d8%a3%d8%b3%d8%aa%d8%b1%d8%a7%d9%84%d9%8a-%d8%a8%d9%83%d9%81%d8%a7%d9%84%d8%a9-%d8%b1%d8%ba%d9%85,11,0.616
https://www.aljazeera.net/news/2026/4/17/%d8%a5%d8%b3%d9%84%d8%a7%d9%85-%d9%8a%d8%b9%d8%a7%d9%86%d9%82-%d8%b9%d8%a7%d8%a6%d9%84%d8%aa%d9%87-%d9%86%d9%87%d8%a7%d9%8a%d8%a9-%d9%85%d8%a3%d8%b3%d8%a7%d8%a9-%d8%b6%d8%ad%d9%8a%d8%a9,-1,0.0
https://www.aljazeera.net/news/2026/4/17/%d8%a3%d9%84%d9%85%d8%a7%d9%86%d9%8a%d8%a7-%d8%ad%d8%b2%d8%a8-%d8%a7%d9%84%d8%a8%d8%af%d9%8a%d9%84-%d8%a7%d9%84%d9%8a%d9%85%d9%8a%d9%86%d9%8a-%d9%8a%d8%aa%d8%b5%d8%af%d8%b1,-1,0.0
https://www.aljazeera.net/news/2026/4/17/%d9%85%d8%a7%d8%b0%d8%a7-%d8%ad%d8%af%d8%ab-%d8%af%d8%a7%d8%ae%d9%84-%d9%85%d8%b7%d8%a7%d8%b1-%d8%b4%d9%8a%d8%b1%d8%a7%d8%b2-%d8%a7%d9%84%d8%a5%d9%8a%d8%b1%d8%a7%d9%86%d9%8a-%d8%a8%d8%b9%d8%af,-1,0.0
https://www.aljazeera.net/news/2026/4/17/%d9%85%d9%86-%d9%85%d8%a7%d9%8a-%d9%85%d8%a7%d9%8a-%d8%aa%d8%b4%d9%88-%d9%88%d8%ac%d8%b1%d9%8a%d8%ac-%d8%aa%d9%88%d8%b1%d9%88%d8%af-%d9%88%d8%a3%d9%86%d8%aa%d9%88%d9%86%d9%8a,0,0.7361
https://www.aljazeera.net/news/2026/4/17/%d8%b4%d9%87%d9%8a%d8%af%d8%a7%d9%86,3,1.0
https://www.aljazeera.net/news/2026/4/17/%d8%a7%d9%84%d8%b4%d8%b1%d8%b9-%d8%b3%d9%88%d8%b1%d9%8a%d8%a7-%d8%a3%d9%86%d9%82%d8%b0%d8%aa-%d8%a7%d9%84%d9%85%d9%86%d8%b7%d9%82%d8%a9-%d9%88%d9%86%d8%b3%d8%b9%d9%89,6,1.0
https://www.aljazeera.net/news/2026/4/17/%d8%aa%d8%ad%d8%b0%d9%8a%d8%b1%d8%a7%d8%aa-%d8%a5%d9%8a%d8%b1%d8%a7%d9%86%d9%8a%d8%a9-%d9%88%d8%ac%d9%87%d9%88%d8%af-%d8%ae%d9%84%d9%81-%d8%a7%d9%84%d9%83%d9%88%d8%a7%d9%84%d9%8a%d8%b3-%d9%85%d8%a7,0,1.0
https://www.aljazeera.net/news/2026/4/17/%d8%ac%d9%86%d8%a8%d9%84%d8%a7%d8%b7-%d9%84%d8%a7-%d9%86%d8%b1%d9%8a%d8%af-%d8%a7%d8%aa%d9%81%d8%a7%d9%82%d8%a7%d8%aa-%d9%88%d9%82%d9%81-%d9%86%d8%a7%d8%b1-%d9%85%d8%b9,8,0.8005
https://www.aljazeera.net/news/2026/4/17/%d9%87%d8%b2%d8%a7%d8%a6%d9%85-%d9%85%d8%ae%d8%b2%d9%8a%d8%a9-%d8%ba%d8%b6%d8%a8-%d9%81%d9%8a-%d8%a5%d8%b3%d8%b1%d8%a7%d8%a6%d9%8a%d9%84-%d9%88%d8%a7%d8%aa%d9%87%d8%a7%d9%85%d8%a7%d8%aa,-1,0.0
https://www.aljazeera.net/news/2026/4/17/%d9%88%d8%ab%d9%8a%d9%82%d8%a9-%d8%aa%d9%83%d8%b4%d9%81-%d8%aa%d9%88%d8%ac%d9%87%d8%a7-%d8%a3%d9%88%d8%b1%d9%88%d8%a8%d9%8a%d8%a7-%d9%84%d8%aa%d9%88%d8%b7%d9%8a%d8%af,6,0.9901
https://www.aljazeera.net/news/2026/4/17/%d8%b1%d8%b7%d8%a9-%d8%a7%d9%84%d8%a5%d8%b3%d8%b1%d8%a7%d8%a6%d9%8a%d9%84%d9%8a%d8%a9-%d9%8a%d9%85%d9%86%d8%b9-%d8%ae%d8%b7%d9%8a%d8%a8-%d8%a7%d9%84%d8%a3%d9%82%d8%b5%d9%89,17,1.0
https://www.aljazeera.net/news/2026/4/17/%d8%a7%d9%84%d9%85%d8%b3%d8%aa%d9%88%d8%b7%d9%86%d9%88%d9%86-%d9%88%d9%82%d9%88%d8%a7%d8%aa-%d8%a7%d9%84%d8%a7%d8%ad%d8%aa%d9%84%d8%a7%d9%84-%d9%8a%d9%83%d8%ab%d9%81%d9%88%d9%86,15,1.0
https://www.aljazeera.net/news/2026/4/17/%d8%ac%d9%86%d9%88%d8%a8-%d9%84%d8%a8%d9%86%d8%a7%d9%86-%d8%a8%d8%b9%d8%af-%d8%a7%d9%84%d9%87%d8%af%d9%86%d8%a9-%d9%87%d9%84-%d9%81%d8%b1%d8%b6-%d8%a7%d9%84%d8%a7%d8%ad%d8%aa%d9%84%d8%a7%d9%84,8,0.4872
https://www.aljazeera.net/news/2026/4/17/%d8%b9%d8%a7%d8%ac%d9%84-%d8%b9%d8%b1%d8%a7%d9%82%d8%ac%d9%8a-%d8%aa%d9%85%d8%a7%d8%b4%d9%8a%d8%a7-%d9%85%d8%b9-%d9%88%d9%82%d9%81-%d8%a5%d8%b7%d9%84%d8%a7%d9%82-%d8%a7%d9%84%d9%86%d8%a7%d8%b1,0,1.0
https://www.aljazeera.net/news/2026/4/17/%d8%a8%d9%86%d9%88%d8%af-%d8%a7%d8%aa%d9%81%d8%a7%d9%82-%d9%88%d9%82%d9%81-%d8%a5%d8%b7%d9%84%d8%a7%d9%82-%d8%a7%d9%84%d9%86%d8%a7%d8%b1-%d8%a8%d9%8a%d9%86-%d8%a5%d8%b3%d8%b1%d8%a7%d8%a6%d9%8a%d9%84,8,0.8176
https://www.aljazeera.net/news/2026/4/17/%d8%b9%d9%88%d9%86-%d9%8a%d8%a4%d9%83%d8%af-%d8%af%d9%88%d8%b1-%d8%a7%d9%84%d8%ac%d9%8a%d8%b4-%d8%a7%d9%84%d9%84%d8%a8%d9%86%d8%a7%d9%86%d9%8a-%d8%a8%d8%b9%d8%af,8,1.0
https://www.aljazeera.net/news/2026/4/17/%d8%a7%d9%84%d8%ac%d9%8a%d8%b4-%d8%a7%d9%84%d9%81%d9%84%d8%a8%d9%8a%d9%86%d9%8a-%d9%8a%d8%b9%d9%84%d9%86-%d9%82%d8%aa%d9%84-%d8%b2%d8%b9%d9%8a%d9%85-%d8%af%d9%88%d9%84%d8%a9,5,0.7047
https://www.aljazeera.net/news/2026/4/17/%d8%a7%d9%84%d9%86%d8%a7%d8%b2%d8%ad%d9%88%d9%86-%d9%85%d9%86-%d8%a8%d9%86%d8%aa-%d8%ac%d8%a8%d9%8a%d9%84-%d8%a3%d9%85%d9%84-%d9%81%d9%8a-%d8%b9%d9%88%d8%af%d8%a9,2,0.5443
https://www.aljazeera.net/news/2026/4/17/%d9%85%d8%a7-%d8%a7%d9%84%d8%b0%d9%8a-%d9%86%d8%b9%d8%b1%d9%81%d9%87-%d8%b9%d9%86-%d9%81%d8%aa%d8%ad-%d9%85%d8%b6%d9%8a%d9%82-%d9%87%d8%b1%d9%85%d8%b2-%d8%ad%d8%aa%d9%89-%d8%a7%d9%84%d8%a2%d9%86,0,1.0
https://www.aljazeera.net/news/2026/4/17/%d8%b9%d8%a7%d8%ac%d9%84-%d8%aa%d8%b1%d9%85%d8%a8-%d8%a7%d9%84%d9%88%d9%84%d8%a7%d9%8a%d8%a7%d8%aa-%d8%a7%d9%84%d9%85%d8%aa%d8%ad%d8%af%d8%a9-%d8%aa%d8%ad%d8%b8%d8%b1-%d8%b9%d9%84%d9%89,8,0.6274
https://www.aljazeera.net/news/2026/4/17/%d8%a7%d9%84%d8%a3%d9%82%d9%85%d8%a7%d8%b1-%d8%a7%d9%84%d8%b5%d9%86%d8%a7%d8%b9%d9%8a%d8%a9-%d8%aa%d9%83%d8%b4%d9%81-%d9%85%d9%88%d9%82%d8%b9-%d8%ac%d9%8a%d8%b1%d8%a7%d9%84%d8%af,-1,0.0
https://www.aljazeera.net/news/2026/4/17/%d9%85%d9%85%d8%ab%d9%84-%d8%a3%d9%88%d8%b1%d9%88%d8%a8%d8%a7-%d8%a8%d8%a7%d9%84%d8%ae%d9%84%d9%8a%d8%ac-%d9%86%d8%a3%d9%85%d9%84-%d8%a7%d9%84%d8%aa%d9%88%d8%b5%d9%84-%d9%84%d9%80,0,0.8639
https://www.aljazeera.net/news/2026/4/17/%d9%81%d9%8a%d8%af%d9%8a%d9%88-%d8%aa%d8%b1%d9%85%d8%a8-%d9%8a%d8%b4%d9%83%d9%88-%d9%85%d9%86-%d8%a7%d9%84%d8%aa%d9%87%d8%a7%d8%a8-%d8%ad%d9%86%d8%ac%d8%b1%d8%a9-%d8%a8%d8%b3%d8%a8%d8%a8,0,1.0
https://www.aljazeera.net/news/2026/4/17/%d8%a7%d9%84%d8%a3%d9%85%d9%85-%d8%a7%d9%84%d9%85%d8%aa%d8%ad%d8%af%d8%a9-%d8%b9%d8%af%d8%af-%d9%82%d9%8a%d8%a7%d8%b3%d9%8a-%d9%84%d9%82%d8%aa%d9%84%d9%89,10,0.4434
https://www.aljazeera.net/news/2026/4/17/%d8%a8%d9%88%d8%b1%d9%83%d9%8a%d9%86%d8%a7-%d9%81%d8%a7%d8%b3%d9%88-%d8%aa%d9%82%d8%b1%d8%b1-%d8%ad%d9%84-118-%d8%ac%d9%85%d8%b9%d9%8a%d8%a9-%d9%88%d9%85%d9%86%d8%b8%d9%85%d8%a9,5,0.8091
https://www.aljazeera.net/news/2026/4/17/%d8%a7%d9%84%d9%8a%d9%88%d8%b1%d8%a7%d9%86%d9%8a%d9%88%d9%85-%d9%85%d9%82%d8%a7%d8%a8%d9%84-20-%d9%85%d9%84%d9%8a%d8%a7%d8%b1-%d8%af%d9%88%d9%84%d8%a7%d8%b1,0,1.0
https://www.aljazeera.net/news/2026/4/17/%d9%85%d8%b3%d8%a7%d8%b1%d8%a7%d8%aa-%d9%85%d8%ad%d8%af%d8%af%d8%a9-%d9%84%d8%aa%d9%81%d8%a7%d8%af%d9%8a-%d8%a7%d9%84%d8%a3%d9%84%d8%ba%d8%a7%d9%85-%d9%83%d9%85,0,1.0
https://www.aljazeera.net/news/2026/4/17/%d8%a8%d9%8a%d9%86-%d8%a7%d9%84%d9%82%d8%aa%d9%84-%d9%88%d8%a7%d9%84%d8%a3%d8%b3%d8%b1-%d8%b9%d8%a7%d8%a6%d9%84%d8%a7%d8%aa-%d8%a7%d9%84%d9%85%d9%81%d9%82%d9%88%d8%af%d9%8a%d9%86-%d9%81%d9%8a,14,0.4405
https://www.aljazeera.net/news/2026/4/17/%d8%a3%d9%86%d8%a7-%d8%b5%d8%a7%d8%ad%d8%a8-%d8%a7%d9%84%d8%b3%d9%8a%d8%a7%d8%af%d8%a9-%d9%81%d9%8a%d8%af%d9%8a%d9%88-%d8%ac%d8%af%d9%8a%d8%af-%d9%8a%d9%88%d8%ab%d9%82,16,1.0
https://www.aljazeera.net/news/2026/4/17/%d8%a3%d8%b1%d8%af%d9%88%d8%ba%d8%a7%d9%86-%d9%8a%d8%b1%d9%81%d8%b6-%d8%aa%d9%82%d9%8a%d9%8a%d8%af-%d9%88%d8%b5%d9%88%d9%84-%d8%af%d9%88%d9%84-%d8%a7%d9%84%d8%ae%d9%84%d9%8a%d8%ac-%d8%a5%d9%84%d9%89,-1,0.0
https://www.aljazeera.net/news/2026/4/17/%d8%a7%d9%84%d8%b1%d8%a6%d9%8a%d8%b3-%d8%a7%d9%84%d9%84%d8%a8%d9%86%d8%a7%d9%86%d9%8a-%d9%84%d8%a7-%d8%a7%d8%aa%d9%81%d8%a7%d9%82-%d9%8a%d9%85%d8%b3-%d8%b3%d9%8a%d8%a7%d8%af%d8%aa%d9%86%d8%a7,8,1.0
https://www.aljazeera.net/news/2026/4/17/%d8%a7%d9%84%d8%a3%d9%85%d9%85-%d8%a7%d9%84%d9%85%d8%aa%d8%ad%d8%af%d8%a9-%d8%a5%d8%b3%d8%b1%d8%a7%d8%a6%d9%8a%d9%84-%d9%82%d8%aa%d9%84%d8%aa-47-%d8%a7%d9%85%d8%b1%d8%a3%d8%a9-%d9%81%d9%8a,3,1.0
https://www.aljazeera.net/news/2026/4/17/%d9%81%d8%b6%d9%8a%d8%ad%d8%a9-%d8%a5%d8%a8%d8%b3%d8%aa%d9%8a%d9%86-%d9%85%d8%ac%d8%af%d8%af%d8%a7-%d8%b3%d8%aa%d8%a7%d8%b1%d9%85%d8%b1-%d9%8a%d9%88%d8%a7%d8%ac%d9%87-%d8%af%d8%b9%d9%88%d8%a7%d8%aa,-1,0.0
https://www.aljazeera.net/news/2026/4/17/%d9%84%d9%84%d8%b9%d8%a7%d9%85-%d8%a7%d9%84%d8%ab%d8%a7%d9%84%d8%ab-%d9%83%d9%8a%d9%81-%d8%aa%d8%a8%d8%af%d8%af-%d8%a7%d9%84%d8%ad%d8%b1%d8%a8-%d8%a3%d8%ad%d9%84%d8%a7%d9%85-%d9%85%d8%a6%d8%a7%d8%aa,10,1.0
https://www.aljazeera.net/news/2026/4/17/%d8%a5%d8%b3%d8%b1%d8%a7%d8%a6%d9%8a%d9%84-%d8%aa%d8%b1%d9%81%d8%b9-%d8%a7%d9%84%d9%82%d9%8a%d9%88%d8%af-%d8%a7%d9%84%d9%85%d9%81%d8%b1%d9%88%d8%b6%d8%a9-%d9%85%d9%86%d8%b0-%d8%a8%d8%af%d8%a1,1,0.4479
https://www.aljazeera.net/news/2026/4/17/%d9%85%d8%b5%d8%af%d8%b1-%d8%b9%d8%b1%d8%a7%d9%82%d9%8a-%d9%84%d9%84%d8%ac%d8%b2%d9%8a%d8%b1%d8%a9-%d9%86%d8%aa-%d8%a7%d9%84%d8%aa%d9%86%d8%b3%d9%8a%d9%82%d9%8a-%d9%8a%d8%ae%d8%aa%d8%a7%d8%b1,-1,0.0
https://www.aljazeera.net/news/2026/4/16/%d8%a7%d9%84%d9%85%d8%ac%d8%b1-%d9%85%d8%a7%d8%ac%d8%a7%d8%b1-%d9%8a%d8%b7%d8%a7%d9%84%d8%a8-%d8%a7%d9%84%d8%b1%d8%a6%d9%8a%d8%b3-%d8%a8%d8%a7%d9%84%d8%aa%d9%86%d8%ad%d9%8a-%d8%a8%d8%b9%d8%af,-1,0.0
https://www.aljazeera.net/news/2026/4/16/%d8%a8%d8%b9%d8%af-4-%d8%a3%d8%b4%d9%87%d8%b1-%d9%85%d9%86-%d8%a7%d9%84%d8%a7%d8%b9%d8%aa%d8%b1%d8%a7%d9%81-%d8%a5%d8%b3%d8%b1%d8%a7%d8%a6%d9%8a%d9%84-%d8%aa%d8%b9%d9%8a%d9%86,-1,0.0
https://www.aljazeera.net/news/2026/4/16/%d8%ae%d9%88%d8%a7%d8%b1%d8%b2%d9%85%d9%8a%d8%a7%d8%aa-%d8%a7%d9%84%d8%b1%d8%b5%d8%a7%d8%b5-%d8%aa%d9%8a%d9%83-%d8%aa%d9%88%d9%83-%d9%81%d9%8a-%d8%a7%d9%84%d8%af%d8%a7%d8%ae%d9%84,-1,0.0
https://www.aljazeera.net/news/2026/4/16/%d8%a7%d9%84%d8%b3%d9%88%d8%af%d8%a7%d9%86-%d8%a3%d8%b1%d9%82%d8%a7%d9%85-%d8%b5%d8%a7%d8%af%d9%85%d8%a9-%d8%aa%d9%83%d8%b4%d9%81-%d9%83%d9%84%d9%81%d8%a9-%d8%a7%d9%84%d8%ad%d8%b1%d8%a8,10,1.0
https://www.aljazeera.net/news/2026/4/16/%d8%a7%d9%84%d8%a5%d9%85%d8%a7%d8%b1%d8%a7%d8%aa-%d8%aa%d8%b3%d8%aa%d8%af%d8%b9%d9%8a-%d8%a7%d9%84%d9%82%d8%a7%d8%a6%d9%85-%d8%a8%d8%a7%d9%84%d8%a3%d8%b9%d9%85%d8%a7%d9%84,4,0.3115
https://www.aljazeera.net/news/2026/4/16/%d9%82%d8%a7%d9%84%d9%8a%d8%a8%d8%a7%d9%81-%d8%a3%d9%85%d8%b1%d9%8a%d9%83%d8%a7-%d9%85%d8%b7%d8%a7%d9%84%d8%a8%d8%a9-%d8%a8%d8%aa%d8%b1%d8%b3%d9%8a%d8%ae-%d9%88%d9%82%d9%81,0,0.7037
https://www.aljazeera.net/news/2026/4/16/%d8%a7%d9%84%d8%a8%d8%af%d9%8a%d9%84-%d9%85%d9%86-%d8%a3%d8%ac%d9%84-%d8%a3%d9%84%d9%85%d8%a7%d9%86%d9%8a%d8%a7-%d9%8a%d8%aa%d9%82%d8%af%d9%85-%d8%a8%d8%ab%d8%a8%d8%a7%d8%aa-%d8%a5%d9%84%d9%89,-1,0.0
https://www.aljazeera.net/news/2026/4/16/%d8%a3%d9%85%d9%8a%d8%b1-%d9%82%d8%b7%d8%b1-%d9%8a%d8%aa%d9%84%d9%82%d9%89-%d8%a7%d8%aa%d8%b5%d8%a7%d9%84%d8%a7-%d9%85%d9%86-%d8%aa%d8%b1%d9%85%d8%a8-%d9%88%d9%8a%d8%a4%d9%83%d8%af-%d8%b9%d9%84%d9%89,9,1.0
https://www.aljazeera.net/news/2026/4/16/%d9%88%d8%a7%d8%b4%d9%86%d8%b7%d9%86-%d8%aa%d8%b9%d9%84%d9%86-%d8%aa%d8%b4%d8%af%d9%8a%d8%af-%d8%a7%d9%84%d8%ad%d8%b5%d8%a7%d8%b1-%d8%a7%d9%84%d8%a8%d8%ad%d8%b1%d9%8a-%d8%b9%d9%84%d9%89,0,1.0
https://www.aljazeera.net/news/2026/4/16/%d9%84%d8%a8%d9%86%d8%a7%d9%86-%d8%a5%d8%b5%d8%a7%d8%a8%d8%a9-5-%d8%ac%d9%86%d9%88%d8%af-%d8%a5%d8%b3%d8%b1%d8%a7%d8%a6%d9%8a%d9%84%d9%8a%d9%8a%d9%86-%d9%88%d9%85%d9%82%d8%aa%d9%84-22,2,0.8933
https://www.aljazeera.net/news/2026/4/16/%d9%88%d8%a7%d8%b4%d9%86%d8%b7%d9%86-%d8%aa%d8%b1%d9%81%d8%b6-%d9%85%d8%ac%d8%af%d8%af%d8%a7-%d9%85%d9%82%d8%aa%d8%b1%d8%ad%d8%a7-%d9%84%d8%aa%d8%b3%d9%84%d9%85-%d8%b1%d9%88%d8%b3%d9%8a%d8%a7,-1,0.0
https://www.aljazeera.net/news/2026/4/16/%d8%a8%d9%8a%d9%86-%d8%b1%d9%88%d8%a7%d9%8a%d8%aa%d9%8a%d9%86-%d8%a8%d8%b9%d8%af-%d8%a7%d9%84%d8%ad%d8%b5%d8%a7%d8%b1-%d8%a7%d9%84%d8%a3%d9%85%d8%b1%d9%8a%d9%83%d9%8a-%d9%85%d8%a7,0,1.0
https://www.aljazeera.net/news/2026/4/16/%d8%aa%d9%81%d8%a7%d8%a4%d9%84-%d8%a3%d9%85%d8%b1%d9%8a%d9%83%d9%8a-%d8%a8%d8%a5%d9%86%d9%87%d8%a7%d8%a1-%d8%a7%d9%84%d8%ad%d8%b1%d8%a8-%d9%88%d8%ac%d9%87%d9%88%d8%af,0,1.0
https://www.aljazeera.net/news/2026/4/16/%d8%a7%d9%84%d8%b3%d8%b9%d9%88%d8%af%d9%8a%d8%a9-%d9%88%d8%a8%d8%a7%d9%83%d8%b3%d8%aa%d8%a7%d9%86-%d8%aa%d8%a8%d8%ad%d8%ab%d8%a7%d9%86-%d8%aa%d8%b9%d8%b2%d9%8a%d8%b2,0,1.0
https://www.aljazeera.net/news/2026/4/16/%d9%84%d9%84%d9%85%d8%b1%d8%a9-%d8%a7%d9%84%d9%80-4-%d8%a7%d9%84%d8%ac%d9%85%d9%87%d9%88%d8%b1%d9%8a%d9%88%d9%86-%d8%a8%d9%85%d8%ac%d9%84%d8%b3-%d8%a7%d9%84%d8%b4%d9%8a%d9%88%d8%ae,0,0.9115
https://www.aljazeera.net/news/2026/4/16/%d9%88%d8%b3%d8%b7-%d8%aa%d8%b5%d8%a7%d8%b9%d8%af-%d8%a7%d9%84%d8%aa%d9%88%d8%aa%d8%b1-%d9%85%d8%b9-%d8%a7%d9%84%d9%81%d8%a7%d8%aa%d9%8a%d9%83%d8%a7%d9%86-%d8%aa%d8%b1%d9%85%d8%a8,-1,0.0
https://www.aljazeera.net/news/2026/4/16/%d8%b3%d8%b1%d9%8a%d8%a9-%d8%a3%d9%88%d9%83%d8%b1%d8%a7%d9%86%d9%8a%d8%a9-%d8%aa%d9%83%d8%b4%d9%81-%d8%aa%d9%81%d8%a7%d8%b5%d9%8a%d9%84-%d8%a7%d8%b3%d8%aa%d8%ae%d8%af%d8%a7%d9%85,12,0.5936
https://www.aljazeera.net/news/2026/4/16/%d8%a5%d8%af%d8%a7%d8%b1%d8%a9-%d8%aa%d8%b1%d9%85%d8%a8-%d8%aa%d9%88%d8%b3%d8%b9-%d8%a5%d9%86%d8%aa%d8%a7%d8%ac-%d8%a7%d9%84%d8%b3%d9%84%d8%a7%d8%ad-%d8%b9%d8%a8%d8%b1-%d8%b4%d8%b1%d9%83%d8%a7%d8%aa,0,0.8785
https://www.aljazeera.net/news/2026/4/16/%d8%a7%d8%aa%d9%81%d8%a7%d9%82-%d8%a3%d9%85%d8%b1%d9%8a%d9%83%d9%8a-%d8%a5%d8%b3%d8%b1%d8%a7%d8%a6%d9%8a%d9%84%d9%8a-%d8%b9%d9%84%d9%89-%d8%a7%d9%84%d9%85%d8%b2%d8%a7%d9%85%d9%86%d8%a9,8,0.6789
https://www.aljazeera.net/news/2026/4/16/295-%d9%8a%d9%88%d9%85%d8%a7-%d8%ac%d9%8a%d8%b1%d8%a7%d9%84%d8%af-%d9%81%d9%88%d8%b1%d8%af-%d8%aa%d8%ad%d8%b7%d9%85-%d8%a7%d9%84%d8%b1%d9%82%d9%85-%d8%a7%d9%84%d9%82%d9%8a%d8%a7%d8%b3%d9%8a,-1,0.0
https://www.aljazeera.net/news/2026/4/16/%d8%a3%d8%ba%d9%84%d8%a8%d9%8a%d8%a9-%d8%a7%d9%84%d8%af%d9%8a%d9%85%d9%82%d8%b1%d8%a7%d8%b7%d9%8a%d9%8a%d9%86-%d9%81%d9%8a-%d9%85%d8%ac%d9%84%d8%b3-%d8%a7%d9%84%d8%b4%d9%8a%d9%88%d8%ae,0,0.9382
https://www.aljazeera.net/news/2026/4/16/%d9%81%d9%8a%d8%af%d9%8a%d9%88-%d9%8a%d9%88%d8%ab%d9%82-%d8%a7%d8%b9%d8%aa%d8%af%d8%a7%d8%a1-%d8%b4%d8%b1%d8%b7%d9%8a%d9%8a%d9%86-%d8%b9%d9%84%d9%89-%d8%b1%d8%ac%d9%84-%d8%a3%d8%b3%d9%88%d8%af,16,1.0
https://www.aljazeera.net/news/2026/4/16/%d8%a3%d8%b6%d8%b1%d8%a7%d8%b1-%d9%88%d8%a7%d8%b3%d8%b9%d8%a9-%d9%81%d9%8a-%d9%85%d9%82%d8%b1-%d9%84%d9%84%d8%ad%d8%b1%d8%b3-%d8%a7%d9%84%d8%ab%d9%88%d8%b1%d9%8a-%d9%88%d9%85%d8%ac%d9%85%d8%b9,1,0.3284
https://www.aljazeera.net/news/2026/4/16/%d9%82%d8%a7%d8%a6%d8%af-%d8%a7%d9%84%d9%82%d9%8a%d8%a7%d8%af%d8%a9-%d8%a7%d9%84%d9%85%d8%b1%d9%83%d8%b2%d9%8a%d8%a9-%d8%a7%d9%84%d8%a3%d9%85%d8%b1%d9%8a%d9%83%d9%8a%d8%a9-%d9%8a%d9%86%d9%87%d9%8a,0,1.0
https://www.aljazeera.net/news/2026/4/16/%d8%b9%d8%a7%d8%ac%d9%84-%d8%aa%d8%b1%d9%85%d8%a8-%d9%85%d8%ad%d8%a7%d8%af%d8%ab%d8%a7%d8%aa-%d8%a8%d9%8a%d9%86-%d8%a5%d8%b3%d8%b1%d8%a7%d8%a6%d9%8a%d9%84-%d9%88%d9%84%d8%a8%d9%86%d8%a7%d9%86,8,0.6927
https://www.aljazeera.net/news/2026/4/16/%d9%85%d9%86%d8%b8%d9%85%d8%a9-%d8%a5%d9%86%d8%b3%d8%a7%d9%86%d9%8a%d8%a9-%d8%aa%d8%aa%d9%88%d9%82%d8%b9-%d9%86%d8%b2%d9%88%d8%ad-4-2-%d9%85%d9%84%d9%8a%d9%88%d9%86-%d8%b4%d8%ae%d8%b5,10,0.44
https://www.aljazeera.net/news/2026/4/16/%d8%a8%d9%83%d9%8a%d9%86-%d8%aa%d8%ad%d8%ab-%d8%b7%d9%87%d8%b1%d8%a7%d9%86-%d8%b9%d9%84%d9%89-%d8%aa%d8%a3%d9%85%d9%8a%d9%86-%d8%a7%d9%84%d9%85%d9%84%d8%a7%d8%ad%d8%a9-%d9%81%d9%8a,0,0.666
https://www.aljazeera.net/news/2026/4/16/%d8%a3%d9%84%d8%ba%d8%a7%d9%85-%d8%a5%d9%8a%d8%b1%d8%a7%d9%86%d9%8a%d8%a9-%d8%aa%d9%86%d9%81%d8%ac%d8%b1-%d9%81%d9%8a-%d8%b3%d9%81%d9%86-%d8%a3%d9%85%d8%b1%d9%8a%d9%83%d9%8a%d8%a9-%d9%81%d9%8a,0,1.0
https://www.aljazeera.net/news/2026/4/16/%d8%a7%d9%84%d8%b3%d9%84%d8%b7%d8%a7%d8%aa-%d8%a7%d9%84%d8%a8%d9%86%d8%ba%d8%a7%d9%84%d9%8a%d8%a9-%d8%aa%d8%b1%d8%ac%d8%ad-%d9%85%d9%82%d8%aa%d9%84-250-%d9%85%d9%81%d9%82%d9%88%d8%af,-1,0.0
https://www.aljazeera.net/news/2026/4/16/%d9%85%d8%b4%d9%87%d8%af-%d8%b3%d9%8a%d9%86%d9%85%d8%a7%d8%a6%d9%8a-%d9%85%d8%a7%d8%ac%d8%a7%d8%b1-%d9%88%d8%a3%d9%88%d8%b1%d8%a8%d8%a7%d9%86-%d8%b9%d9%84%d9%89-%d8%b4%d8%b1%d9%81%d8%a9,-1,0.0
https://www.aljazeera.net/news/2026/4/16/%d8%a3%d9%85%d8%b1%d9%8a%d9%83%d9%8a%d8%a7%d9%86-%d9%8a%d9%86%d9%83%d8%b1%d8%a7%d9%86-%d8%aa%d9%87%d9%85%d8%a9-%d9%87%d8%ac%d9%88%d9%85-%d8%a8%d9%82%d9%86%d8%a7%d8%a8%d9%84-%d8%b9%d9%84%d9%89,11,1.0
https://www.aljazeera.net/news/2026/4/16/%d8%a5%d9%8a%d8%b1%d8%a7%d9%86-%d8%aa%d8%b9%d9%84%d9%86-%d8%a7%d8%b9%d8%aa%d9%82%d8%a7%d9%84-4-%d9%85%d9%86-%d8%b9%d9%85%d9%84%d8%a7%d8%a1-%d8%a7%d9%84%d9%85%d9%88%d8%b3%d8%a7%d8%af,-1,0.0
https://www.aljazeera.net/news/2026/4/16/%d8%a8%d8%b0%d8%b1%d9%8a%d8%b9%d8%a9-%d8%a7%d9%84%d8%a5%d8%b1%d9%87%d8%a7%d8%a8-%d8%ba%d8%a7%d8%b1%d8%a7%d8%aa-%d8%a3%d9%85%d8%b1%d9%8a%d9%83%d9%8a%d8%a9-%d8%aa%d8%b3%d8%aa%d9%87%d8%af%d9%81,0,1.0
https://www.aljazeera.net/news/2026/4/16/4-%d8%a3%d9%8a%d8%a7%d9%85-%d9%85%d9%86-%d8%a7%d9%84%d8%ad%d8%b5%d8%a7%d8%b1-%d8%a7%d9%84%d8%a3%d9%85%d8%b1%d9%8a%d9%83%d9%8a-%d9%85%d8%a7-%d9%88%d8%b6%d8%b9,0,1.0
https://www.aljazeera.net/news/2026/4/16/%d8%b3%d8%a8%d8%a7%d9%82-%d9%85%d8%b9-%d8%a7%d9%84%d8%b2%d9%85%d9%86-%d9%84%d8%a5%d9%86%d9%82%d8%a7%d8%b0-%d8%a7%d9%84%d9%87%d8%af%d9%86%d8%a9-%d8%ac%d9%87%d9%88%d8%af,0,1.0
https://www.aljazeera.net/news/2026/4/16/%d8%aa%d8%b9%d8%a7%d9%84%d8%ac-2000-%d8%b4%d8%ae%d8%b5-%d9%8a%d9%88%d9%85%d9%8a%d8%a7-%d9%87%d9%83%d8%b0%d8%a7-%d8%aa%d9%82%d9%8a%d8%af-%d8%a5%d8%b3%d8%b1%d8%a7%d8%a6%d9%8a%d9%84-%d8%b9%d9%85%d9%84,3,1.0
https://www.aljazeera.net/news/2026/4/16/%d8%a8%d8%b1%d9%8a%d8%b7%d8%a7%d9%86%d9%8a%d8%a7-%d8%aa%d8%b9%d8%aa%d9%82%d9%84-%d8%b4%d8%ae%d8%b5%d9%8a%d9%86-%d8%a8%d8%aa%d9%87%d9%85%d8%a9-%d9%85%d8%ad%d8%a7%d9%88%d9%84%d8%a9,16,1.0
https://www.aljazeera.net/news/2026/4/16/%d8%b7%d8%a7%d8%a6%d8%b1%d8%a9-%d8%aa%d8%b1%d9%8a%d8%aa%d9%88%d9%86-%d8%aa%d8%b9%d9%88%d8%af-%d8%a5%d9%84%d9%89-%d9%87%d8%b1%d9%85%d8%b2-%d9%81%d9%8a-%d9%85%d9%87%d9%85%d8%a9,0,0.7238
https://www.aljazeera.net/news/2026/4/16/%d8%ad%d8%b2%d8%a8-%d8%a7%d9%84%d9%84%d9%87-%d9%8a%d8%b9%d9%84%d9%86-%d8%aa%d8%af%d9%85%d9%8a%d8%b1-4-%d8%af%d8%a8%d8%a7%d8%a8%d8%a7%d8%aa-%d9%88%d9%86%d8%aa%d9%86%d9%8a%d8%a7%d9%87%d9%88,2,0.8451
https://www.aljazeera.net/news/2026/4/16/%d8%ad%d9%82%d9%8a%d9%82%d8%a9-%d8%b5%d9%88%d8%b1-%d8%aa%d9%81%d8%aa%d9%8a%d8%b4-%d8%a7%d9%84%d9%85%d8%a7%d8%b1%d9%8a%d9%86%d8%b2-%d8%a7%d9%84%d8%a3%d9%85%d8%b1%d9%8a%d9%83%d9%8a,0,1.0
https://www.aljazeera.net/news/2026/4/16/%d8%aa%d8%b5%d8%b1%d9%8a%d8%ad%d8%a7%d8%aa-%d8%a8%d8%b1%d9%84%d9%85%d8%a7%d9%86%d9%8a-%d8%aa%d9%88%d9%86%d8%b3%d9%8a-%d8%b9%d9%86-%d8%a7%d9%84%d9%85%d9%87%d8%a7%d8%ac%d8%b1%d8%a7%d8%aa,-1,0.0
https://www.aljazeera.net/news/2026/4/16/%d9%86%d9%88%d8%a7%d8%a8-%d9%84%d8%a8%d9%86%d8%a7%d9%86%d9%8a%d9%88%d9%86-%d8%a8%d9%8a%d8%b1%d9%88%d8%aa-%d8%a8%d9%84%d8%a7-%d8%b3%d9%84%d8%a7%d8%ad-%d8%b6%d8%b1%d9%88%d8%b1%d8%a9,8,0.8137
https://www.aljazeera.net/news/2026/4/16/%d9%84%d9%85%d8%a7%d8%b0%d8%a7-%d8%aa%d9%83%d8%ab%d9%81-%d8%a5%d8%b3%d8%b1%d8%a7%d8%a6%d9%8a%d9%84-%d9%87%d8%ac%d9%85%d8%a7%d8%aa%d9%87%d8%a7-%d8%b9%d9%84%d9%89-%d8%ac%d9%86%d9%88%d8%a8,2,0.5363
https://www.aljazeera.net/news/2026/4/16/%d8%b2%d9%8a%d9%86%d8%a8-%d8%b9%d8%a8%d8%af-%d8%a7%d9%84%d9%84%d9%87-%d8%a3%d8%b3%d8%b7%d9%88%d9%84-%d8%a7%d9%84%d8%b5%d9%85%d9%88%d8%af-%d9%8a%d8%b7%d9%84%d9%82-%d8%a3%d8%b6%d8%ae%d9%85,-1,0.0
https://www.aljazeera.net/news/2026/4/16/%d8%a3%d8%b3%d8%b1%d8%a7%d8%a8-%d9%86%d8%ad%d9%84-%d8%aa%d8%ab%d9%8a%d8%b1-%d8%a7%d9%84%d8%b0%d8%b9%d8%b1-%d9%81%d9%8a-%d8%ac%d9%86%d9%88%d8%a8-%d8%a5%d8%b3%d8%b1%d8%a7%d8%a6%d9%8a%d9%84,-1,0.0
https://www.aljazeera.net/news/2026/4/16/350-%d8%b7%d9%81%d9%84%d8%a7-%d9%81%d9%84%d8%b3%d8%b7%d9%8a%d9%86%d9%8a%d8%a7-%d9%8a%d9%82%d8%a8%d8%b9%d9%88%d9%86-%d9%81%d9%8a-%d8%a7%d9%84%d8%b3%d8%ac%d9%88%d9%86,14,0.4524
https://www.aljazeera.net/news/2026/4/16/%d8%ac%d8%b3%d8%b1-%d8%a7%d9%84%d9%82%d8%a7%d8%b3%d9%85%d9%8a%d8%a9-%d8%ae%d8%a7%d8%b1%d8%ac-%d8%a7%d9%84%d8%ae%d8%af%d9%85%d8%a9-%d8%a5%d8%b3%d8%b1%d8%a7%d8%a6%d9%8a%d9%84-%d8%aa%d9%82%d8%b7%d8%b9,-1,0.0
https://www.aljazeera.net/news/2026/4/16/%d8%b3%d9%88%d8%b1%d9%8a%d9%88%d9%86-%d8%a3%d9%83%d8%b1%d8%a7%d8%af-%d9%8a%d8%aa%d8%af%d9%81%d9%82%d9%88%d9%86-%d8%b9%d9%84%d9%89-%d9%85%d8%b1%d8%a7%d9%83%d8%b2,6,1.0
https://www.aljazeera.net/news/2026/4/16/%d8%ac%d9%8a%d8%b4-%d8%a7%d9%84%d8%a7%d8%ad%d8%aa%d9%84%d8%a7%d9%84-%d9%8a%d8%b9%d9%8a%d8%af-%d9%84%d9%84%d8%ae%d8%af%d9%85%d8%a9-%d8%ac%d9%86%d9%88%d8%af%d8%a7-%d9%85%d8%aa%d9%87%d9%85%d9%8a%d9%86,14,0.9723
https://www.aljazeera.net/news/2026/4/16/%d8%b4%d9%87%d9%8a%d8%af%d8%a7%d9%86-%d9%81%d9%8a-%d8%ba%d8%b2%d8%a9-%d9%88%d8%aa%d9%83%d8%b0%d9%8a%d8%a8-%d9%84%d9%85%d8%b2%d8%a7%d8%b9%d9%85-%d9%81%d8%a7%d9%86%d8%b3-%d8%b9%d9%86-%d8%ad%d8%ac%d9%85,3,1.0
https://www.aljazeera.net/news/2026/4/16/%d9%85%d9%81%d8%a7%d9%88%d8%b6-%d8%a5%d9%8a%d8%b1%d8%a7%d9%86%d9%8a-%d8%aa%d8%af%d8%ae%d9%84-%d9%86%d8%aa%d9%86%d9%8a%d8%a7%d9%87%d9%88-%d8%b9%d8%b1%d9%82%d9%84-%d8%a7%d8%aa%d9%81%d8%a7%d9%82%d8%a7,0,1.0
https://www.aljazeera.net/news/2026/4/16/%d8%b4%d8%a7%d9%87%d8%af-%d8%a7%d9%84%d8%ac%d9%8a%d8%b4-%d8%a7%d9%84%d8%a5%d8%b3%d8%b1%d8%a7%d8%a6%d9%8a%d9%84%d9%8a-%d9%8a%d9%86%d8%b3%d9%81-%d8%b9%d8%b4%d8%b1%d8%a7%d8%aa,2,0.6105
https://www.aljazeera.net/news/2026/4/16/%d8%a7%d9%84%d8%b4%d8%b1%d8%b9-%d9%8a%d9%84%d8%aa%d9%82%d9%8a-%d9%85%d8%b9%d8%b5%d9%88%d9%85-%d8%b9%d8%a8%d8%af%d9%8a-%d9%84%d8%a7%d8%b3%d8%aa%d9%83%d9%85%d8%a7%d9%84-%d8%af%d9%85%d8%ac,6,1.0
https://www.aljazeera.net/news/2026/4/16/%d8%a3%d9%85%d9%8a%d8%b1-%d9%82%d8%b7%d8%b1-%d9%8a%d9%84%d8%aa%d9%82%d9%8a-%d8%b1%d8%a6%d9%8a%d8%b3-%d9%88%d8%b2%d8%b1%d8%a7%d8%a1-%d8%a8%d8%a7%d9%83%d8%b3%d8%aa%d8%a7%d9%86-%d9%81%d9%8a,9,0.9854
https://www.aljazeera.net/news/2026/4/16/%d8%b9%d8%a7%d8%ac%d9%84-%d8%a7%d9%84%d8%af%d9%8a%d9%88%d8%a7%d9%86-%d8%a7%d9%84%d8%a3%d9%85%d9%8a%d8%b1%d9%8a-%d8%a7%d9%84%d9%82%d8%b7%d8%b1%d9%8a-%d8%a3%d9%85%d9%8a%d8%b1-%d9%82%d8%b7%d8%b1-10,9,0.8523
https://www.aljazeera.net/news/2026/4/16/%d9%81%d9%8a-%d8%b0%d9%83%d8%b1%d9%89-%d9%8a%d9%88%d9%85-%d8%a7%d9%84%d8%a3%d8%b3%d9%8a%d8%b1-%d9%85%d8%b3%d9%8a%d8%b1%d8%a7%d8%aa-%d8%ae%d9%8a%d8%a7%d8%b1%d9%86%d8%a7,14,0.5335
https://www.aljazeera.net/news/2026/4/16/%d8%b4%d9%87%d9%8a%d8%af-%d8%a7%d8%b9%d8%aa%d9%82%d8%a7%d9%84%d8%a7%d8%aa-%d8%a7%d9%84%d9%82%d8%af%d8%b3-%d8%a7%d8%ad%d8%aa%d9%84%d8%a7%d9%84,15,1.0
https://www.aljazeera.net/news/2026/4/16/%d8%af%d9%85%d8%b4%d9%82-%d8%aa%d8%b9%d9%84%d9%86-%d8%aa%d8%b3%d9%84%d9%85%d9%87%d8%a7-%d9%83%d9%84-%d8%a7%d9%84%d9%82%d9%88%d8%a7%d8%b9%d8%af-%d8%a7%d9%84%d8%a3%d9%85%d9%8a%d8%b1%d9%83%d9%8a%d8%a9,6,1.0
https://www.aljazeera.net/news/2026/4/16/%d9%88%d8%b2%d9%8a%d8%b1-%d8%a7%d9%84%d8%af%d9%81%d8%a7%d8%b9-%d8%a7%d9%84%d8%a3%d9%85%d8%b1%d9%8a%d9%83%d9%8a-%d8%a3%d9%82%d9%88%d9%84-%d9%84%d8%a5%d9%8a%d8%b1%d8%a7%d9%86-%d8%a5%d9%86,0,0.8044
https://www.aljazeera.net/news/2026/4/16/%d9%83%d9%8a%d9%81-%d8%aa%d8%ad%d9%88%d9%84-%d8%a8%d9%8a%d8%af%d8%b1%d9%88-%d8%b3%d8%a7%d9%86%d8%b4%d9%8a%d8%b2-%d8%a5%d9%84%d9%89-%d8%a3%d8%a8%d8%b1%d8%b2-%d8%ae%d8%b5%d9%88%d9%85,-1,0.0
https://www.aljazeera.net/news/2026/4/16/%d9%85%d9%82%d8%af%d9%8a%d8%b4%d9%88-%d8%aa%d8%b1%d9%81%d8%b6-%d8%aa%d8%b9%d9%8a%d9%8a%d9%86-%d8%b3%d9%81%d9%8a%d8%b1-%d8%a5%d8%b3%d8%b1%d8%a7%d8%a6%d9%8a%d9%84%d9%8a-%d9%81%d9%8a-%d8%a3%d8%b1%d8%b6,-1,0.0
https://www.aljazeera.net/news/2026/4/16/%d9%87%d8%af%d9%86%d8%a9-%d9%85%d8%ad%d8%aa%d9%85%d9%84%d8%a9-%d8%a7%d9%84%d9%84%d9%8a%d9%84%d8%a9-%d8%b1%d8%a6%d9%8a%d8%b3-%d9%84%d8%a8%d9%86%d8%a7%d9%86-%d9%8a%d9%87%d8%a7%d8%aa%d9%81,8,0.8488
https://www.aljazeera.net/news/2026/4/16/%d8%a5%d9%8a%d8%b1%d8%a7%d9%86-%d8%aa%d8%a8%d9%84%d8%ba-%d8%a8%d8%a7%d9%83%d8%b3%d8%aa%d8%a7%d9%86-%d8%ac%d8%a7%d9%87%d8%b2%d9%88%d9%86-%d9%84%d8%b1%d8%af-%d9%82%d9%88%d9%8a-%d9%88%d8%a3%d9%8a,0,1.0
https://www.aljazeera.net/news/2026/4/16/%d8%b9%d8%a8%d9%88%d8%b1-%d8%b3%d9%81%d9%8a%d9%86%d8%aa%d9%8a%d9%86-%d9%81%d9%82%d8%b7-%d9%85%d8%b6%d9%8a%d9%82-%d9%87%d8%b1%d9%85%d8%b2-%d9%85%d9%86%d8%b0-%d8%b5%d8%a8%d8%a7%d8%ad,0,1.0
https://www.aljazeera.net/news/2026/4/16/%d9%8a%d8%b3%d8%b1%d8%a7%d8%a6%d9%8a%d9%84-%d9%83%d8%a7%d8%aa%d8%b3-%d9%8a%d8%ad%d8%b0%d8%b1-%d8%b7%d9%87%d8%b1%d8%a7%d9%86-%d9%85%d9%86-%d8%ae%d9%8a%d8%a7%d8%b1%d9%8a%d9%86-%d9%84%d8%a7,-1,0.0
https://www.aljazeera.net/news/2026/4/16/%d8%a7%d9%84%d8%a3%d8%b1%d8%b6-%d8%a7%d9%84%d9%85%d8%ad%d8%b1%d9%88%d9%82%d8%a9-%d8%aa%d8%ad%d9%84%d9%8a%d9%84-%d9%84%d9%84%d8%ac%d8%b2%d9%8a%d8%b1%d8%a9-%d9%8a%d9%88%d8%ab%d9%82,-1,0.0
https://www.aljazeera.net/news/2026/4/16/%d9%84%d8%ba%d9%85-%d9%81%d9%83-%d8%a7%d9%84%d8%aa%d9%85%d8%a7%d8%b3-%d9%87%d9%84-%d8%aa%d8%aa%d8%ad%d9%88%d9%84-%d9%87%d8%af%d9%86%d8%a9-%d9%84%d8%a8%d9%86%d8%a7%d9%86-%d8%a5%d9%84%d9%89,8,0.6269
https://www.aljazeera.net/news/2026/4/16/%d9%87%d9%8a%d8%ba%d8%b3%d9%8a%d8%ab-%d9%85%d8%b3%d8%aa%d8%b9%d8%af%d9%88%d9%86-%d9%84%d8%a7%d8%b3%d8%aa%d8%a6%d9%86%d8%a7%d9%81-%d8%a7%d9%84%d9%82%d8%aa%d8%a7%d9%84-%d9%81%d9%88%d8%b1%d8%a7,0,0.7842
https://www.aljazeera.net/news/2026/4/16/%d9%88%d8%a7%d8%af%d8%a7%d8%ba%d9%86%d9%8a-%d8%b1%d8%a6%d9%8a%d8%b3%d8%a7-%d9%84%d8%a8%d9%86%d9%8a%d9%86-%d9%85%d9%86-%d9%87%d9%88-%d9%83%d9%8a%d9%81-%d9%88%d8%b5%d9%84,5,0.9751
https://www.aljazeera.net/news/2026/4/16/%d8%b3%d8%a7%d8%b9%d8%a7%d8%aa-%d9%82%d8%a8%d9%84-%d8%a7%d9%84%d9%87%d8%af%d9%86%d8%a9-%d8%ad%d8%b2%d8%a8-%d8%a7%d9%84%d9%84%d9%87-%d9%8a%d9%82%d8%b5%d9%81-%d8%ad%d9%8a%d9%81%d8%a7,-1,0.0
https://www.aljazeera.net/news/2026/4/16/%d9%81%d8%b1%d9%86%d8%b3%d8%a7-%d8%a8%d8%b1%d9%8a%d8%b7%d8%a7%d9%86%d9%8a%d8%a7-%d9%85%d8%b6%d9%8a%d9%82-%d9%87%d8%b1%d9%85%d8%b2,0,1.0
https://www.aljazeera.net/news/2026/4/16/%d8%b9%d8%a7%d8%ac%d9%84-%d8%aa%d8%b1%d9%85%d8%a8-%d8%b3%d9%86%d9%82%d9%88%d9%85-%d8%a8%d8%aa%d9%85%d8%af%d9%8a%d8%af-%d8%a7%d8%aa%d9%81%d8%a7%d9%82-%d9%88%d9%82%d9%81-%d8%a5%d8%b7%d9%84%d8%a7%d9%82,0,1.0
https://www.aljazeera.net/news/2026/4/16/%d8%b5%d9%88%d8%b1-%d8%a3%d9%82%d9%85%d8%a7%d8%b1-%d8%b5%d9%86%d8%a7%d8%b9%d9%8a%d8%a9-%d8%aa%d8%b1%d8%b5%d8%af-%d8%a5%d8%b9%d8%a7%d8%af%d8%a9-%d9%81%d8%aa%d8%ad-%d9%85%d8%af%d8%a7%d8%ae%d9%84,1,0.3612
https://www.aljazeera.net/news/2026/4/16/%d8%ac%d8%af%d9%84-%d8%a7%d9%84%d8%aa%d8%ae%d8%b5%d9%8a%d8%a8-%d9%81%d9%8a-%d8%a5%d9%8a%d8%b1%d8%a7%d9%86-%d8%a8%d9%8a%d9%86-%d9%85%d9%86-%d9%8a%d8%b1%d8%a7%d9%87-%d9%88%d8%b1%d9%82%d8%a9,-1,0.0
https://www.aljazeera.net/news/2026/4/16/%d9%8a%d9%88%d9%85-%d8%a7%d9%84%d8%a3%d8%b3%d9%8a%d8%b1-%d8%a7%d9%84%d9%81%d9%84%d8%b3%d8%b7%d9%8a%d9%86%d9%8a-%d8%b5%d8%b1%d8%ae%d8%a9-%d8%ba%d8%b6%d8%a8-%d8%b6%d8%af,14,0.5213
https://www.aljazeera.net/news/2026/4/16/%d8%a7%d9%84%d9%85%d8%ad%d9%83%d9%85%d8%a9-%d8%a7%d9%84%d8%b9%d9%84%d9%8a%d8%a7-%d8%a7%d9%84%d8%a5%d8%b3%d8%b1%d8%a7%d8%a6%d9%8a%d9%84%d9%8a%d8%a9-%d8%aa%d8%ad%d8%af-%d9%85%d9%86,14,0.441
https://www.aljazeera.net/news/2026/4/16/%d8%aa%d8%b9%d8%b1%d9%8a%d9%81-%d8%ac%d8%af%d9%8a%d8%af-%d9%84%d9%80%d9%85%d8%b9%d8%a7%d8%af%d8%a7%d8%a9-%d8%a7%d9%84%d8%b3%d8%a7%d9%85%d9%8a%d8%a9-%d9%85%d8%a7%d8%b0%d8%a7,16,1.0
https://www.aljazeera.net/news/2026/4/16/%d8%a7%d9%84%d8%b3%d9%84%d8%b7%d8%a9-%d8%a7%d9%84%d9%81%d9%84%d8%b3%d8%b7%d9%8a%d9%86%d9%8a%d8%a9-%d8%aa%d8%b3%d9%84%d9%85-%d9%87%d8%b4%d8%a7%d9%85-%d8%ad%d8%b1%d8%a8-%d8%a5%d9%84%d9%89,14,0.4962
https://www.aljazeera.net/news/2026/4/16/%d8%b3%d9%81%d9%8a%d8%b1-%d8%a3%d9%85%d8%b1%d9%8a%d9%83%d9%8a-%d8%b3%d8%a7%d8%a8%d9%82-%d9%84%d9%84%d8%ac%d8%b2%d9%8a%d8%b1%d8%a9-%d9%85%d8%a8%d8%a7%d8%b4%d8%b1-%d9%87%d8%af%d9%86%d8%a9,8,0.8476
https://www.aljazeera.net/news/2026/4/16/%d9%88%d8%a7%d8%b4%d9%86%d8%b7%d9%86-%d8%aa%d9%88%d8%b3%d8%b9-%d9%82%d9%8a%d9%88%d8%af-%d8%a7%d9%84%d8%aa%d8%a3%d8%b4%d9%8a%d8%b1%d8%a7%d8%aa-%d9%81%d9%8a-%d9%86%d8%b5%d9%81,11,1.0
https://www.aljazeera.net/news/2026/4/16/%d8%ac%d9%86%d9%88%d8%a8-%d8%a3%d9%81%d8%b1%d9%8a%d9%82%d9%8a%d8%a7-%d8%aa%d8%ba%d8%a7%d8%b2%d9%84-%d9%88%d8%a7%d8%b4%d9%86%d8%b7%d9%86-%d9%88%d8%aa%d8%b1%d8%b3%d9%84-%d9%84%d9%87%d8%a7,-1,0.0
https://www.aljazeera.net/news/2026/4/16/%d8%b1%d8%b3%d8%a7%d9%84%d8%a9-%d8%a5%d9%84%d9%89-14-%d8%af%d9%88%d9%84%d8%a9-%d9%85%d8%a4%d8%b3%d8%b3%d8%a9-%d8%a7%d9%84%d9%82%d8%af%d8%b3-%d8%aa%d8%af%d8%b9%d9%88-%d9%84%d8%aa%d8%ad%d8%b1%d9%83,17,1.0
https://www.aljazeera.net/news/2026/4/15/%d8%a5%d9%8a%d8%b1%d8%a7%d9%86-%d8%a7%d9%84%d8%ad%d8%b5%d8%a7%d8%b1-%d8%a7%d9%84%d8%a3%d9%85%d8%b1%d9%8a%d9%83%d9%8a-%d8%b9%d9%84%d9%89-%d9%85%d8%b6%d9%8a%d9%82-%d9%87%d8%b1%d9%85%d8%b2,0,1.0
https://www.aljazeera.net/news/2026/4/15/%d8%b4%d8%a7%d9%87%d8%af-%d8%ad%d8%b2%d8%a8-%d8%a7%d9%84%d9%84%d9%87-%d9%8a%d8%b7%d9%84%d9%82-%d8%b5%d8%a7%d8%b1%d9%88%d8%ae-%d9%83%d8%b1%d9%88%d8%b2-%d8%b9%d9%84%d9%89-%d9%85%d9%88%d9%82%d8%b9,2,0.722
https://www.aljazeera.net/news/2026/4/15/%d8%b9%d8%a7%d8%ac%d9%84-%d8%b3%d9%8a-%d8%a5%d9%86-%d8%a5%d9%86-%d8%b9%d9%86-%d9%85%d8%b5%d8%a7%d8%af%d8%b1-%d9%85%d9%86-%d8%a7%d9%84%d9%85%d8%aa%d9%88%d9%82%d8%b9-%d8%a3%d9%86,0,1.0
https://www.aljazeera.net/news/2026/4/15/%d9%82%d9%84%d8%a8-%d8%a7%d9%84%d9%84%d9%87-%d9%84%d9%8a%d8%b3-%d9%85%d8%b9-%d8%a7%d9%84%d9%85%d8%aa%d8%b3%d9%84%d8%b7%d9%8a%d9%86-%d8%a8%d8%a7%d8%a8%d8%a7,-1,0.0
https://www.aljazeera.net/news/2026/4/15/%d8%aa%d8%b5%d8%b9%d9%8a%d8%af-%d8%b6%d8%af-%d8%a8%d9%86-%d8%ba%d9%81%d9%8a%d8%b1-%d8%a7%d9%84%d9%85%d8%ad%d9%83%d9%85%d8%a9-%d8%a7%d9%84%d8%a5%d8%b3%d8%b1%d8%a7%d8%a6%d9%8a%d9%84%d9%8a%d8%a9,-1,0.0
https://www.aljazeera.net/news/2026/4/15/%d8%aa%d8%aa%d8%ae%d8%b0-%d9%85%d8%b3%d8%a7%d8%b1%d8%a7-%d9%85%d8%ae%d8%aa%d9%84%d9%81%d8%a7-%d9%87%d8%b0%d9%87-%d8%a7%d9%84%d9%85%d8%b1%d8%a9-%d8%aa%d8%a7%d8%b1%d9%8a%d8%ae-%d9%85%d9%86,8,1.0
https://www.aljazeera.net/news/2026/4/15/7-%d9%86%d8%aa%d8%a7%d8%a6%d8%ac-%d9%84%d8%a3%d9%88%d9%84-%d9%85%d9%81%d8%a7%d9%88%d8%b6%d8%a7%d8%aa-%d8%a8%d9%8a%d9%86-%d8%a5%d8%b3%d8%b1%d8%a7%d8%a6%d9%8a%d9%84-%d9%88%d9%84%d8%a8%d9%86%d8%a7%d9%86,8,1.0
https://www.aljazeera.net/news/2026/4/15/%d8%b5%d8%ad%d9%81-%d8%a3%d9%85%d8%b1%d9%8a%d9%83%d9%8a%d8%a9-%d8%a3%d9%83%d8%ab%d8%b1-%d9%85%d9%86-20-%d8%b3%d9%81%d9%8a%d9%86%d8%a9-%d8%aa%d8%b9%d8%a8%d8%b1-%d9%87%d8%b1%d9%85%d8%b2,0,1.0
https://www.aljazeera.net/news/2026/4/15/%d9%87%d9%84-%d8%aa%d9%85%d8%ab%d9%84-%d8%a3%d8%b2%d9%85%d8%a9-%d9%87%d8%b1%d9%85%d8%b2-%d8%a8%d8%af%d8%a7%d9%8a%d8%a9-%d8%aa%d8%a2%d9%83%d9%84-%d8%ad%d8%b1%d9%8a%d8%a9,0,1.0
https://www.aljazeera.net/news/2026/4/15/%d9%86%d8%b2%d9%8a%d9%81-%d9%88%d8%a5%d8%b5%d8%a7%d8%a8%d8%a7%d8%aa-%d8%ad%d9%85%d9%84%d8%a9-%d8%a7%d9%84%d8%a8%d8%b1%d8%ba%d9%88%d8%ab%d9%8a-%d8%aa%d9%83%d8%b4%d9%81-%d8%b9%d9%86,14,0.4664
https://www.aljazeera.net/news/2026/4/15/%d8%b3%d9%81%d9%86-%d8%aa%d9%88%d8%a7%d8%b5%d9%84-%d8%b9%d8%a8%d9%88%d8%b1-%d9%85%d8%b6%d9%8a%d9%82-%d9%87%d8%b1%d9%85%d8%b2-%d9%88%d8%aa%d8%ad%d8%b1%d9%83-%d8%b9%d8%b3%d9%83%d8%b1%d9%8a,0,1.0
https://www.aljazeera.net/news/2026/4/15/%d8%aa%d9%88%d9%86%d8%b3-%d8%ad%d9%83%d9%85-%d8%ac%d8%af%d9%8a%d8%af-%d8%a8%d8%b3%d8%ac%d9%86-%d8%a7%d9%84%d8%ba%d9%86%d9%88%d8%b4%d9%8a-%d9%883-%d9%82%d9%8a%d8%a7%d8%af%d9%8a%d9%8a%d9%86,-1,0.0
https://www.aljazeera.net/news/2026/4/15/%d8%aa%d8%b1%d9%85%d8%a8-8,0,1.0
https://www.aljazeera.net/news/2026/4/15/%d9%84%d8%a7%d9%81%d8%b1%d9%88%d9%81-%d9%85%d9%86-%d8%a7%d9%84%d8%b5%d9%8a%d9%86-%d8%a7%d9%84%d9%82%d9%88%d8%a9-%d9%84%d9%86-%d8%aa%d8%ad%d9%84-%d8%a3%d8%b2%d9%85%d8%a9-%d8%a7%d9%84%d8%b4%d8%b1%d9%82,0,0.6819
https://www.aljazeera.net/news/2026/4/15/%d8%a7%d9%84%d8%b6%d9%81%d8%a9-%d8%a7%d9%84%d9%82%d8%af%d8%b3-%d9%85%d8%b3%d8%aa%d9%88%d8%b7%d9%86%d9%88%d9%86-%d9%81%d9%84%d8%b3%d8%b7%d9%8a%d9%86,15,1.0
https://www.aljazeera.net/news/2026/4/15/%d8%b5%d8%b1%d8%a7%d8%b9-%d8%a7%d9%84%d8%a8%d8%a7%d8%a8%d8%a7-%d9%88%d8%a7%d9%84%d8%b1%d8%a6%d9%8a%d8%b3-%d8%aa%d8%b1%d9%85%d8%a8-%d9%8a%d8%ac%d8%af%d8%af-%d9%87%d8%ac%d9%88%d9%85%d9%87,-1,0.0
https://www.aljazeera.net/news/2026/4/15/%d8%aa%d8%ad%d8%b0%d9%8a%d8%b1-%d8%a3%d9%85%d9%85%d9%8a-%d8%ac%d8%af%d9%8a%d8%af-%d9%85%d9%86-%d8%aa%d8%af%d8%a7%d8%b9%d9%8a%d8%a7%d8%aa-%d8%aa%d8%ac%d8%a7%d9%87%d9%84,10,0.86
https://www.aljazeera.net/news/2026/4/15/%d9%81%d8%a7%d9%8a%d9%86%d8%a7%d9%86%d8%b4%d8%a7%d9%84-%d8%aa%d8%a7%d9%8a%d9%85%d8%b2-%d8%a5%d9%8a%d8%b1%d8%a7%d9%86-%d8%a7%d8%b3%d8%aa%d8%ae%d8%af%d9%85%d8%aa-%d9%82%d9%85%d8%b1,-1,0.0
https://www.aljazeera.net/news/2026/4/15/%d9%85%d8%b9-%d8%af%d8%ae%d9%88%d9%84-%d8%a7%d9%84%d8%ad%d8%b1%d8%a8-%d8%b9%d8%a7%d9%85%d9%87%d8%a7-%d8%a7%d9%84%d8%b1%d8%a7%d8%a8%d8%b9-%d9%83%d9%8a%d9%81-%d8%b9%d8%a8%d8%b1,10,1.0
https://www.aljazeera.net/news/2026/4/15/%d8%a7%d9%84%d8%ac%d9%8a%d8%b4-%d8%a7%d9%84%d8%a5%d8%b3%d8%b1%d8%a7%d8%a6%d9%8a%d9%84%d9%8a-%d9%8a%d9%86%d9%82%d9%84-%d8%b3%d9%8a%d9%86%d8%a7%d8%b1%d9%8a%d9%88-%d8%ba%d8%b2%d8%a9-%d8%a5%d9%84%d9%89,2,0.5679
https://www.aljazeera.net/news/2026/4/15/%d8%a7%d9%84%d8%b3%d9%88%d8%af%d8%a7%d9%86-%d9%85%d9%86-%d8%a7%d9%84%d8%b3%d9%85%d8%a7%d8%a1-%d8%ae%d8%b1%d9%8a%d8%b7%d8%a9-%d8%a7%d9%84%d8%aa%d8%b4%d8%b8%d9%8a,10,1.0
https://www.aljazeera.net/news/2026/4/15/20-%d8%a3%d9%84%d9%81-%d8%a8%d8%ad%d8%a7%d8%b1-%d8%b9%d9%84%d9%89-2000-%d8%b3%d9%81%d9%8a%d9%86%d8%a9-%d8%b9%d8%a7%d9%84%d9%82%d8%a9-%d8%a8%d9%85%d8%b6%d9%8a%d9%82-%d9%87%d8%b1%d9%85%d8%b2,0,1.0
https://www.aljazeera.net/news/2026/4/15/%d8%b1%d8%a6%d9%8a%d8%b3-%d9%88%d8%b2%d8%a7%d8%b1%d8%a1-%d8%a8%d8%a7%d9%83%d8%b3%d8%aa%d8%a7%d9%86-%d9%81%d9%8a-%d9%85%d9%87%d9%85%d8%a9-%d8%af%d8%a8%d9%84%d9%88%d9%85%d8%a7%d8%b3%d9%8a%d8%a9,0,1.0
https://www.aljazeera.net/news/2026/4/15/%d8%a7%d9%84%d8%ac%d9%8a%d8%b4-%d8%a7%d9%84%d8%a3%d9%85%d8%b1%d9%8a%d9%83%d9%8a-%d9%85%d8%af%d9%85%d8%b1%d8%a7%d8%aa-%d8%a8%d8%b5%d9%88%d8%a7%d8%b1%d9%8a%d8%ae-%d9%85%d9%88%d8%ac%d9%87%d8%a9,0,1.0
https://www.aljazeera.net/news/2026/4/15/%d8%b5%d9%88%d8%b1-%d8%a3%d9%82%d9%85%d8%a7%d8%b1-%d8%b5%d9%86%d8%a7%d8%b9%d9%8a%d8%a9-%d8%aa%d9%83%d8%b4%d9%81-%d8%a8%d9%82%d8%a7%d9%8a%d8%a7-%d8%b7%d8%a7%d8%a6%d8%b1%d8%a7%d8%aa,18,1.0
https://www.aljazeera.net/news/2026/4/15/%d9%85%d9%88%d8%ac%d8%a9-%d8%ad%d8%b1,0,0.8056
https://www.aljazeera.net/news/2026/4/15/%d9%86%d9%82%d8%b5-%d9%81%d9%8a-%d8%a7%d9%84%d9%85%d8%b3%d8%aa%d9%84%d8%b2%d9%85%d8%a7%d8%aa-%d9%88%d8%aa%d8%b9%d9%82%d9%8a%d8%af%d8%a7%d8%aa-%d9%81%d9%8a-%d8%a7%d9%84%d8%b3%d9%81%d8%b1,3,1.0
https://www.aljazeera.net/news/2026/4/15/%d8%a3%d8%b1%d8%ab%d9%88%d8%b0%d9%83%d8%b3%d9%8a%d8%a9-%d8%a3%d9%88-%d8%a7%d9%84%d9%85%d9%88%d8%aa-%d9%81%d9%8a-%d8%a2%d9%8a%d8%a7-%d8%b5%d9%88%d9%81%d9%8a%d8%a7-%d8%b3%d8%a7%d8%a6%d8%ad%d8%a7%d9%86,16,1.0
https://www.aljazeera.net/news/2026/4/15/%d8%a7%d9%84%d8%ad%d9%83%d9%88%d9%85%d8%a9-%d8%a7%d9%84%d8%b3%d9%88%d8%af%d8%a7%d9%86%d9%8a%d8%a9-%d8%aa%d8%b1%d9%81%d8%b6-%d9%85%d8%a4%d8%aa%d9%85%d8%b1-%d8%a8%d8%b1%d9%84%d9%8a%d9%86,10,0.6522
https://www.aljazeera.net/news/2026/4/15/%d8%a8%d8%b9%d8%af-%d9%87%d8%ac%d9%88%d9%85-%d8%a7%d9%84%d8%b7%d9%88%d8%b1%d8%a8%d9%8a%d8%af-%d8%a7%d9%84%d8%a3%d9%85%d8%b1%d9%8a%d9%83%d9%8a-%d8%b3%d8%b1%d9%8a%d9%84%d8%a7%d9%86%d9%83%d8%a7,0,1.0
https://www.aljazeera.net/news/2026/4/15/%d8%a8%d9%86-%d8%ba%d9%81%d9%8a%d8%b1-8,14,0.4781
https://www.aljazeera.net/news/2026/4/15/%d8%a5%d8%b2%d8%a7%d9%8a-%d8%a3%d9%88%d8%b5%d9%81-%d9%84%d9%83-%d9%8a%d8%a7-%d8%ad%d8%a8%d9%8a%d8%a8%d9%8a-%d8%a7%d9%84%d8%b4%d8%a7%d9%8a-%d8%a3%d8%b7%d9%81%d8%a7%d9%84-%d8%ba%d8%b2%d8%a9,3,0.6685
https://www.aljazeera.net/news/2026/4/15/%d9%86%d8%a7%d8%a6%d8%a8-%d8%b9%d9%86-%d8%ad%d8%b2%d8%a8-%d8%a7%d9%84%d9%84%d9%87-%d8%a7%d9%84%d8%b3%d9%84%d8%b7%d8%a9-%d8%a8%d9%84%d8%a8%d9%86%d8%a7%d9%86-%d9%85%d9%86%d8%ad%d8%aa,8,0.7407
https://www.aljazeera.net/news/2026/4/15/%d8%a5%d8%b9%d9%84%d8%a7%d9%85-%d8%b3%d9%88%d8%b1%d9%8a-%d8%a7%d9%84%d8%b9%d8%ab%d9%88%d8%b1-%d8%a8%d8%ad%d9%85%d8%b5-%d8%b9%d9%84%d9%89-%d9%86%d9%81%d9%82-%d9%8a%d9%85%d8%aa%d8%af-%d8%a5%d9%84%d9%89,6,1.0
https://www.aljazeera.net/news/2026/4/15/%d8%a3%d9%84%d8%a8%d8%a7%d8%b1%d9%8a%d8%b3-3-%d8%a3%d9%87%d8%af%d8%a7%d9%81-%d9%84%d8%a5%d8%b3%d8%a8%d8%a7%d9%86%d9%8a%d8%a7-%d8%ad%d8%a7%d9%84%d9%8a%d8%a7-%d9%81%d9%8a-%d8%a7%d9%84%d8%b4%d8%b1%d9%82,-1,0.0
https://www.aljazeera.net/news/2026/4/15/%d9%83%d9%8a%d9%81-%d9%8a%d8%b3%d8%b9%d9%89-%d8%ad%d8%b2%d8%a8-%d8%a7%d9%84%d9%84%d9%87-%d9%84%d8%aa%d8%b6%d9%84%d9%8a%d9%84-%d8%b7%d9%8a%d8%b1%d8%a7%d9%86,2,0.5411
https://www.aljazeera.net/news/2026/4/15/%d9%85%d9%86%d8%b3%d9%8a%d8%a9-%d8%aa%d8%ad%d8%aa-%d8%a7%d9%84%d9%86%d9%8a%d8%b1%d8%a7%d9%86-%d8%a2%d9%84%d8%a9-%d8%a7%d9%84%d9%85%d9%88%d8%aa,3,0.781
https://www.aljazeera.net/news/2026/4/15/%d9%88%d8%a7%d8%b4%d9%86%d8%b7%d9%86-%d8%a8%d9%88%d8%b3%d8%aa-%d8%a3%d9%85%d8%b1%d9%8a%d9%83%d8%a7-%d8%aa%d8%b1%d8%b3%d9%84-%d8%a2%d9%84%d8%a7%d9%81-%d8%a7%d9%84%d9%82%d9%88%d8%a7%d8%aa,0,1.0
https://www.aljazeera.net/news/2026/4/15/%d8%aa%d9%88%d9%86%d8%b3-%d9%85%d9%86-%d8%b1%d8%a8%d9%8a%d8%b9-%d8%af%d9%8a%d9%85%d9%82%d8%b1%d8%a7%d8%b7%d9%8a-%d8%a5%d9%84%d9%89-%d9%85%d8%b4%d9%87%d8%af-%d9%85%d8%ab%d9%82%d9%84,-1,0.0
https://www.aljazeera.net/news/2026/4/15/%d8%a3%d9%85%d9%8a%d8%b1-%d9%82%d8%b7%d8%b1-%d9%8a%d8%a8%d8%ad%d8%ab-%d9%85%d8%b9-%d8%b1%d8%a6%d9%8a%d8%b3-%d8%a7%d9%84%d9%85%d8%ac%d9%84%d8%b3-%d8%a7%d9%84%d8%a3%d9%88%d8%b1%d9%88%d8%a8%d9%8a,9,0.8096
https://www.aljazeera.net/news/2026/4/15/%d9%88%d8%b3%d8%b7-%d8%a7%d9%86%d8%aa%d9%82%d8%a7%d8%af%d8%a7%d8%aa-%d8%ad%d9%82%d9%88%d9%82%d9%8a%d8%a9-%d9%82%d8%a7%d8%b6-%d8%aa%d9%88%d9%86%d8%b3%d9%8a-%d9%8a%d8%a3%d9%85%d8%b1,-1,0.0
https://www.aljazeera.net/news/2026/4/15/%d9%85%d8%ad%d9%84%d9%84%d9%88%d9%86-%d8%b9%d8%ac%d8%b2-%d9%86%d8%aa%d9%86%d9%8a%d8%a7%d9%87%d9%88-%d8%b9%d9%86-%d8%aa%d8%ad%d9%82%d9%8a%d9%82-%d9%86%d8%b5%d8%b1-%d8%a8%d8%a5%d9%8a%d8%b1%d8%a7%d9%86,19,1.0
https://www.aljazeera.net/news/2026/4/15/%d9%84%d9%85%d8%a7%d8%b0%d8%a7-%d9%8a%d8%b1%d8%b3%d9%84-%d8%aa%d8%b1%d9%85%d8%a8-%d9%82%d9%88%d8%a7%d8%aa-%d8%a5%d8%b6%d8%a7%d9%81%d9%8a%d8%a9-%d9%84%d9%84%d8%b4%d8%b1%d9%82,0,1.0
https://www.aljazeera.net/news/2026/4/15/%d8%ae%d8%b1%d9%8a%d8%b7%d8%a9-%d8%a7%d9%86%d8%aa%d8%b4%d8%a7%d8%b1-%d8%ad%d8%a7%d9%85%d9%84%d8%a7%d8%aa-%d8%a7%d9%84%d8%b7%d8%a7%d8%a6%d8%b1%d8%a7%d8%aa-%d8%a7%d9%84%d8%ba%d8%b1%d8%a8%d9%8a%d8%a9,0,0.7464
https://www.aljazeera.net/news/2026/4/15/%d8%a3%d8%b1%d8%af%d9%88%d8%ba%d8%a7%d9%86-%d9%82%d8%aa%d9%84%d8%a9-%d8%a7%d9%84%d8%a3%d8%b7%d9%81%d8%a7%d9%84-%d9%84%d9%86-%d9%8a%d9%87%d8%af%d8%af%d9%88%d8%a7-%d8%aa%d8%b1%d9%83%d9%8a%d8%a7,-1,0.0
https://www.aljazeera.net/news/2026/4/15/%d8%a3%d9%83%d8%a7%d8%af%d9%8a%d9%85%d9%8a-%d8%b5%d9%8a%d9%86%d9%8a-%d9%88%d8%a7%d8%b1%d8%af%d8%a7%d8%aa%d9%86%d8%a7-%d8%a7%d9%84%d9%86%d9%81%d8%b7%d9%8a%d8%a9-%d9%88%d8%b1%d9%82%d8%a9,0,0.7798
https://www.aljazeera.net/news/2026/4/15/%d9%84%d8%a8%d9%86%d8%a7%d9%86-%d8%ad%d8%b2%d8%a8-%d8%a7%d9%84%d9%84%d9%87-%d9%8a%d9%82%d8%b5%d9%81-%d9%85%d8%b3%d8%aa%d9%88%d8%b7%d9%86%d8%a7%d8%aa-%d8%b9%d8%af%d8%a9,2,0.7771
https://www.aljazeera.net/news/2026/4/15/%d9%83%d8%a7%d8%b2%d8%a7%d8%ae%d8%b3%d8%aa%d8%a7%d9%86-%d8%aa%d8%b3%d8%ac%d9%86-19-%d9%86%d8%a7%d8%b4%d8%b7%d8%a7-%d9%86%d8%af%d8%af%d9%88%d8%a7-%d8%a8%d9%82%d9%85%d8%b9,5,0.5467
https://www.aljazeera.net/news/2026/4/15/%d8%a8%d8%b2%d8%b4%d9%83%d9%8a%d8%a7%d9%86-%d9%84%d8%a7-%d9%86%d8%b3%d8%b9%d9%89-%d9%84%d9%84%d8%ad%d8%b1%d8%a8-%d9%88%d8%a3%d9%8a-%d8%b9%d8%af%d9%88%d8%a7%d9%86-%d8%b9%d9%84%d9%89,7,0.3869
https://www.aljazeera.net/news/2026/4/15/%d8%b9%d8%a7%d8%ac%d9%84-%d8%a7%d9%84%d8%ac%d9%8a%d8%b4-%d8%a7%d9%84%d8%a8%d8%a7%d9%83%d8%b3%d8%aa%d8%a7%d9%86%d9%8a-%d9%82%d8%a7%d8%a6%d8%af-%d8%a7%d9%84%d8%ac%d9%8a%d8%b4,0,1.0
https://www.aljazeera.net/news/2026/4/15/%d8%a8%d9%8a%d9%86-%d8%aa%d8%a3%d8%b4%d9%8a%d8%b1%d8%a9-%d9%88%d8%a7%d8%b4%d9%86%d8%b7%d9%86-%d9%88%d9%85%d9%82%d8%b5-%d8%b7%d9%87%d8%b1%d8%a7%d9%86-%d9%83%d9%8a%d9%81-%d8%aa%d8%ad%d9%88%d9%84,0,1.0
https://www.aljazeera.net/news/2026/4/15/%d8%a5%d8%b9%d9%84%d8%a7%d9%85-%d8%a5%d9%8a%d8%b1%d8%a7%d9%86%d9%8a-3-%d9%86%d8%a7%d9%82%d9%84%d8%a7%d8%aa-%d9%86%d9%81%d8%b7-%d9%83%d8%b3%d8%b1%d8%aa-%d8%a7%d9%84%d8%ad%d8%b5%d8%a7%d8%b1,0,1.0
https://www.aljazeera.net/news/2026/4/15/%d9%86%d8%a7%d8%a6%d8%a8-%d8%a8%d9%88%d9%84%d9%86%d8%af%d9%8a-%d9%8a%d9%81%d8%ac%d8%b1-%d8%ac%d8%af%d9%84%d8%a7-%d8%a8%d8%b1%d9%81%d8%b9-%d8%b9%d9%84%d9%85-%d8%a5%d8%b3%d8%b1%d8%a7%d8%a6%d9%8a%d9%84,16,0.897
https://www.aljazeera.net/news/2026/4/15/%d8%ba%d8%b1%d9%88%d8%b3%d9%8a-%d9%8a%d8%ad%d8%ab-%d8%b9%d9%84%d9%89-%d9%81%d8%b1%d8%b6-%d8%b1%d9%82%d8%a7%d8%a8%d8%a9-%d8%b5%d8%a7%d8%b1%d9%85%d8%a9-%d8%b9%d9%84%d9%89-%d8%a5%d9%8a%d8%b1%d8%a7%d9%86,-1,0.0
https://www.aljazeera.net/news/2026/4/15/13-%d8%b9%d9%85%d9%84%d9%8a%d8%a9-%d9%87%d8%af%d9%85-%d9%81%d9%8a-%d8%a7%d9%84%d9%82%d8%af%d8%b3-%d9%88%d8%a7%d9%84%d9%85%d8%b3%d8%aa%d9%88%d8%b7%d9%86%d9%88%d9%86,-1,0.0
https://www.aljazeera.net/news/2026/4/15/%d8%b1%d8%a6%d9%8a%d8%b3-%d8%aa%d9%86%d9%81%d9%8a%d8%b0%d9%8a-%d8%a7%d9%84%d9%8a%d9%88%d9%86%d8%b3%d9%83%d9%88-273-%d9%85%d9%84%d9%8a%d9%88%d9%86-%d8%b7%d9%81%d9%84-%d8%ae%d8%a7%d8%b1%d8%ac,10,0.4552
https://www.aljazeera.net/news/2026/4/15/%d8%aa%d8%b7%d9%88%d9%8a%d9%82-%d8%a8%d9%84%d8%a7-%d8%a7%d9%82%d8%aa%d8%ad%d8%a7%d9%85-%d8%a5%d8%b3%d8%b1%d8%a7%d8%a6%d9%8a%d9%84-%d8%aa%d8%b9%d8%ac%d8%b2-%d8%b9%d9%86-%d8%ad%d8%b3%d9%85,2,0.5436
https://www.aljazeera.net/news/2026/4/15/%d8%aa%d8%b1%d9%85%d8%a8-%d8%a7%d9%84%d8%b5%d9%8a%d9%86-%d9%88%d8%a7%d9%81%d9%82%d8%aa-%d8%b9%d9%84%d9%89-%d8%b9%d8%af%d9%85-%d8%a5%d8%b1%d8%b3%d8%a7%d9%84-%d8%a3%d8%b3%d9%84%d8%ad%d8%a9-2,0,0.7295
https://www.aljazeera.net/news/2026/4/15/%d9%81%d9%8a%d8%af%d9%8a%d9%88-%d9%85%d8%aa%d8%af%d8%a7%d9%88%d9%84-%d8%b9%d9%86-%d9%86%d8%b4%d8%a7%d8%b7-%d8%a7%d8%b3%d8%aa%d9%8a%d8%b7%d8%a7%d9%86%d9%8a,2,0.5483
https://www.aljazeera.net/news/2026/4/15/%d8%ad%d9%82%d9%88%d9%82%d9%8a%d9%88%d9%86-%d8%a7%d9%84%d8%a7%d8%b9%d8%aa%d8%af%d8%a7%d8%a1%d8%a7%d8%aa-%d8%a7%d9%84%d8%ac%d9%86%d8%b3%d9%8a%d8%a9-%d8%a8%d8%b3%d8%ac%d9%88%d9%86,14,0.5419
https://www.aljazeera.net/news/2026/4/15/%d8%b1%d8%af%d8%a7-%d8%b9%d9%84%d9%89-%d8%a7%d9%84%d8%ad%d8%b5%d8%a7%d8%b1-%d8%a7%d9%84%d8%a3%d9%85%d8%b1%d9%8a%d9%83%d9%8a-%d8%a5%d9%8a%d8%b1%d8%a7%d9%86-%d8%aa%d9%87%d8%af%d8%af,0,1.0
https://www.aljazeera.net/news/2026/4/15/%d9%87%d8%af%d9%86%d8%a9-%d9%85%d9%82%d8%aa%d8%b1%d8%ad%d8%a9-%d9%883-%d8%b4%d8%b1%d9%88%d8%b7-%d9%85%d8%a7%d8%b0%d8%a7-%d8%a8%d8%b9%d8%af-%d8%a7%d9%84%d8%ac%d9%84%d8%b3%d8%a9-%d8%b5%d9%81%d8%b1,8,1.0
https://www.aljazeera.net/news/2026/4/15/%d9%82%d8%a7%d8%a6%d8%af-%d8%a7%d9%84%d8%ac%d9%8a%d8%b4-%d8%a7%d9%84%d8%a8%d8%a7%d9%83%d8%b3%d8%aa%d8%a7%d9%86%d9%8a-%d9%81%d9%8a-%d8%b7%d9%87%d8%b1%d8%a7%d9%86-%d9%85%d8%a7-%d9%85%d8%b5%d9%8a%d8%b1,0,1.0
https://www.aljazeera.net/news/2026/4/15/%d8%b9%d9%84%d9%89-%d9%8a%d8%af-%d8%a3%d8%ad%d8%af-%d8%a7%d9%84%d8%b7%d9%84%d8%a8%d8%a9-%d9%85%d9%82%d8%aa%d9%84-9-%d9%88%d8%a5%d8%b5%d8%a7%d8%a8%d8%a9-13-%d9%81%d9%8a,-1,0.0
https://www.aljazeera.net/news/2026/4/15/%d8%a3%d9%88%d9%84-%d8%aa%d9%88%d8%a7%d8%b5%d9%84-%d9%85%d9%86%d8%b0-%d8%a8%d8%af%d8%a1-%d8%a7%d9%84%d8%ad%d8%b1%d8%a8-%d8%a7%d9%84%d8%a5%d9%85%d8%a7%d8%b1%d8%a7%d8%aa,4,0.3222
https://www.aljazeera.net/news/2026/4/15/%d8%a3%d8%b3%d8%b7%d9%88%d9%84-%d8%a7%d9%84%d8%b5%d9%85%d9%88%d8%af-%d9%8a%d9%86%d8%b7%d9%84%d9%82-%d9%85%d9%86-%d8%a8%d8%b1%d8%b4%d9%84%d9%88%d9%86%d8%a9-%d9%86%d8%ad%d9%88-%d8%ba%d8%b2%d8%a9,-1,0.0
https://www.aljazeera.net/news/2026/4/15/%d8%a7%d9%84%d8%a8%d8%a7%d8%a8%d8%a7-%d9%8a%d8%b5%d9%84-%d8%a5%d9%84%d9%89-%d8%a7%d9%84%d9%83%d8%a7%d9%85%d9%8a%d8%b1%d9%88%d9%86-%d9%82%d8%a7%d8%af%d9%85%d8%a7-%d9%85%d9%86,-1,0.0
https://www.aljazeera.net/news/2026/4/15/%d8%a7%d9%84%d8%af%d8%b9%d9%85-%d8%a7%d9%84%d8%b9%d8%b3%d9%83%d8%b1%d9%8a-%d8%a7%d9%84%d8%b5%d9%8a%d9%86-%d8%a5%d9%8a%d8%b1%d8%a7%d9%86,0,0.7269
https://www.aljazeera.net/news/2026/4/15/%d9%85%d8%a4%d8%aa%d9%85%d8%b1-%d8%a7%d9%84%d8%b3%d9%88%d8%af%d8%a7%d9%86-%d9%81%d9%8a-%d8%a8%d8%b1%d9%84%d9%8a%d9%86-%d8%a7%d8%ad%d8%aa%d8%ac%d8%a7%d8%ac-%d8%b9%d9%84%d9%89,10,0.6572
https://www.aljazeera.net/news/2026/4/15/%d8%b9%d9%82%d9%88%d8%a8%d8%a7%d8%aa-%d8%a3%d9%85%d8%b1%d9%8a%d9%83%d9%8a%d8%a9-%d8%ac%d8%af%d9%8a%d8%af%d8%a9-%d8%b9%d9%84%d9%89-%d9%83%d9%8a%d8%a7%d9%86%d8%a7%d8%aa-%d9%88%d8%b3%d9%81%d9%86,0,1.0
https://www.aljazeera.net/news/liveblog/2026/4/14/%d8%ad%d8%b1%d8%a8-%d8%a5%d9%8a%d8%b1%d8%a7%d9%86-%d9%85%d8%a8%d8%a7%d8%b4%d8%b1-15-%d8%b3%d9%81%d9%8a%d9%86%d8%a9-%d8%a3%d9%85%d8%b1%d9%8a%d9%83%d9%8a%d8%a9-%d8%aa%d8%ad%d8%a7%d8%b5%d8%b1,-1,0.0
https://www.aljazeera.net/news/2026/4/14/%d8%a7%d8%ad%d8%aa%d8%af%d8%a7%d9%85-%d8%a7%d9%84%d9%85%d8%b9%d8%a7%d8%b1%d9%83-%d9%81%d9%8a-%d8%b9%d8%af%d8%af-%d9%85%d9%86-%d8%a7%d9%84%d9%88%d9%84%d8%a7%d9%8a%d8%a7%d8%aa-%d9%87%d9%83%d8%b0%d8%a7,10,1.0
https://www.aljazeera.net/news/2026/4/14/%d8%aa%d9%81%d9%82%d8%af%d9%88%d9%86-%d9%87%d9%88%d9%8a%d8%aa%d9%83%d9%85-%d9%86%d8%aa%d9%86%d9%8a%d8%a7%d9%87%d9%88-%d9%8a%d9%87%d8%a7%d8%ac%d9%85-%d8%a3%d9%88%d8%b1%d9%88%d8%a8%d8%a7,-1,0.0
https://www.aljazeera.net/news/2026/4/14/%d9%82%d8%a8%d9%8a%d9%84-%d8%a7%d9%84%d8%b0%d9%83%d8%b1%d9%89-%d8%a7%d9%84%d8%ab%d8%a7%d9%84%d8%ab%d8%a9-%d9%84%d9%84%d8%ad%d8%b1%d8%a8-%d8%a7%d9%84%d8%a3%d9%85%d9%85,10,1.0
https://www.aljazeera.net/news/2026/4/14/%d8%a7%d8%aa%d8%ad%d8%a7%d8%af-%d8%a8%d9%84%d8%af%d9%8a%d8%a7%d8%aa-%d8%ba%d8%b2%d8%a9-%d8%ad%d8%b5%d8%a7%d8%b1-%d8%a7%d9%84%d8%a7%d8%ad%d8%aa%d9%84%d8%a7%d9%84-%d9%8a%d9%81%d8%a7%d9%82%d9%85,3,1.0
https://www.aljazeera.net/news/2026/4/14/%d9%85%d9%81%d8%a7%d9%88%d8%b6%d8%a7%d8%aa-%d9%88%d8%a7%d8%b4%d9%86%d8%b7%d9%86-%d8%a8%d9%8a%d8%b1%d9%88%d8%aa-%d8%aa%d8%a3%d9%85%d9%84-%d9%88%d9%82%d9%81-%d8%a7%d9%84%d9%86%d8%a7%d8%b1,8,1.0
https://www.aljazeera.net/news/2026/4/14/%d9%85%d9%86-%d8%a7%d9%84%d8%a3%d8%b7%d9%84%d8%b3%d9%8a-%d8%a5%d9%84%d9%89-%d9%87%d8%b1%d9%85%d8%b2-%d9%84%d9%85%d8%a7%d8%b0%d8%a7-%d8%aa%d8%ac%d9%86%d8%a8%d8%aa-%d8%ad%d8%a7%d9%85%d9%84%d8%a9,0,0.7636
https://www.aljazeera.net/news/2026/4/14/%d8%a7%d9%84%d8%b6%d8%ba%d8%b7-%d8%a7%d9%84%d8%ac%d8%b1%d8%a7%d8%ad%d9%8a-%d9%85%d9%82%d8%a7%d8%a8%d9%84-%d8%a7%d9%84%d9%81%d9%88%d8%b6%d9%89-%d9%86%d8%b2%d8%a7%d9%84,0,1.0
https://www.aljazeera.net/news/2026/4/14/%d9%83%d9%85-%d8%b3%d9%81%d9%8a%d9%86%d8%a9-%d8%ad%d8%b1%d8%a8%d9%8a%d8%a9-%d9%86%d8%b4%d8%b1%d8%aa-%d9%88%d8%a7%d8%b4%d9%86%d8%b7%d9%86-%d9%84%d8%ad%d8%b5%d8%a7%d8%b1-%d8%a5%d9%8a%d8%b1%d8%a7%d9%86,0,1.0
https://www.aljazeera.net/news/2026/4/14/%d9%88%d8%a7%d8%b4%d9%86%d8%b7%d9%86-%d8%aa%d8%b4%d8%aa%d8%b1%d8%b7-%d9%84%d8%a5%d8%a8%d8%b1%d8%a7%d9%85-%d8%b5%d9%81%d9%82%d8%a9-%d9%83%d8%a8%d8%b1%d9%89-%d9%85%d8%b9-%d8%a5%d9%8a%d8%b1%d8%a7%d9%86,0,1.0
https://www.aljazeera.net/news/2026/4/14/%d8%a7%d8%b3%d8%aa%d9%82%d8%a7%d9%84%d8%a7%d8%aa-%d9%88%d8%aa%d9%87%d8%af%d9%8a%d8%af-%d8%a8%d8%a7%d9%84%d8%b7%d8%b1%d8%af-%d9%84%d9%86%d9%88%d8%a7%d8%a8,0,1.0
https://www.aljazeera.net/news/2026/4/14/%d9%87%d9%84-%d8%aa%d8%aa%d8%b9%d8%a7%d9%88%d9%86-%d8%b4%d8%b1%d9%83%d8%a9-%d8%a3%d8%a8%d9%84-%d9%85%d8%b9-%d8%a5%d8%b3%d8%b1%d8%a7%d8%a6%d9%8a%d9%84-%d8%b6%d8%af-%d9%84%d8%a8%d9%86%d8%a7%d9%86,2,0.6041
https://www.aljazeera.net/news/2026/4/14/%d8%a7%d9%84%d8%b9%d8%b1%d9%8a%d8%b6%d8%a9-%d8%a7%d9%84%d8%b4%d8%b9%d8%a8%d9%8a%d8%a9-%d8%a7%d9%84%d8%a3%d9%88%d8%b1%d9%88%d8%a8%d9%8a%d8%a9-%d8%aa%d8%aa%d8%ac%d8%a7%d9%88%d8%b2,16,0.9554
https://www.aljazeera.net/news/2026/4/14/%d8%ac%d9%8a%d8%b4-%d8%a7%d9%84%d8%a7%d8%ad%d8%aa%d9%84%d8%a7%d9%84-%d9%8a%d8%b9%d9%84%d9%86-%d9%85%d9%82%d8%aa%d9%84-%d8%ac%d9%86%d8%af%d9%8a-%d9%88%d8%a5%d8%b5%d8%a7%d8%a8%d8%a9,2,0.5749
https://www.aljazeera.net/news/2026/4/14/%d8%b5%d9%88%d8%b1-%d8%a3%d9%82%d9%85%d8%a7%d8%b1-%d8%b5%d9%86%d8%a7%d8%b9%d9%8a%d8%a9-%d8%aa%d8%b1%d8%b5%d8%af-%d8%a7%d8%b3%d8%aa%d9%85%d8%b1%d8%a7%d8%b1-%d8%aa%d8%b5%d8%a7%d8%b9%d8%af,0,0.9218
https://www.aljazeera.net/news/2026/4/14/%d8%a3%d9%85%d8%b1%d9%8a%d9%83%d8%a7-%d8%a5%d9%82%d8%a7%d9%84%d8%a9-%d9%82%d8%b6%d8%a7%d8%a9-%d9%87%d8%ac%d8%b1%d8%a9-%d8%a2%d8%ae%d8%b1%d9%8a%d9%86-%d8%a8%d9%8a%d9%86%d9%87%d9%85,11,1.0
https://www.aljazeera.net/news/2026/4/14/%d8%a5%d8%b3%d8%b1%d8%a7%d8%a6%d9%8a%d9%84%d9%8a%d9%88%d9%86-%d9%87%d8%a7%d9%83%d8%a7%d9%86-%d9%81%d9%8a%d8%af%d8%a7%d9%86-%d9%8a%d9%82%d8%b1%d8%a3-%d8%b3%d9%8a%d8%a7%d8%b3%d8%aa%d9%86%d8%a7,-1,0.0
https://www.aljazeera.net/news/2026/4/14/%d8%b9%d8%a7%d8%ac%d9%84-%d8%b1%d8%a6%d9%8a%d8%b3-%d8%a7%d9%84%d9%88%d8%b2%d8%b1%d8%a7%d8%a1-%d9%8a%d8%aa%d9%84%d9%82%d9%89-%d8%a7%d8%aa%d8%b5%d8%a7%d9%84%d8%a7-%d9%85%d9%86-%d9%88%d8%b2%d9%8a%d8%b1,9,1.0
https://www.aljazeera.net/news/2026/4/14/%d8%ad%d8%b2%d8%a8-%d8%a7%d9%84%d9%84%d9%87-%d9%88%d9%85%d9%81%d8%a7%d9%88%d8%b6%d8%a7%d8%aa-%d9%84%d8%a8%d9%86%d8%a7%d9%86,8,1.0
https://www.aljazeera.net/news/2026/4/14/%d8%a8%d9%83%d9%8a%d9%86-%d9%88%d9%85%d8%af%d8%b1%d9%8a%d8%af-%d8%aa%d8%aa%d8%b9%d9%87%d8%af%d8%a7%d9%86-%d8%a8%d8%aa%d8%b9%d8%b2%d9%8a%d8%b2-%d8%a7%d9%84%d8%aa%d8%b9%d8%a7%d9%88%d9%86,-1,0.0
https://www.aljazeera.net/news/2026/4/14/%d9%85%d8%b3%d8%aa%d9%86%d8%b3%d8%ae%d8%a9-%d8%aa%d8%ac%d8%b1%d8%a8%d8%aa%d9%87%d8%a7-%d8%a8%d8%ba%d8%b2%d8%a9-%d8%b3%d9%8a%d8%a7%d8%b3%d8%a9-%d8%a5%d8%b3%d8%b1%d8%a7%d8%a6%d9%8a%d9%84,2,0.5623
https://www.aljazeera.net/news/2026/4/14/%d8%a8%d9%8a%d9%86%d9%87%d9%85-%d9%86%d8%a8%d9%8a%d9%84-%d8%a7%d9%84%d8%b9%d9%88%d8%b6%d9%8a-%d8%a7%d9%84%d9%83%d9%88%d9%8a%d8%aa-%d8%aa%d8%b3%d8%ad%d8%a8-%d8%a7%d9%84%d8%ac%d9%86%d8%b3%d9%8a%d8%a9,4,0.3859
https://www.aljazeera.net/news/2026/4/14/%d8%aa%d9%87%d8%af%d9%8a%d8%af-%d8%b9%d8%b3%d9%83%d8%b1%d9%8a-%d9%88%d8%b9%d8%b1%d8%b6-%d9%86%d9%87%d8%a7%d8%a6%d9%8a-%d9%85%d8%b3%d8%a7%d8%b1%d8%a7%d9%86-%d9%8a%d8%ad%d8%b3%d9%85%d8%a7%d9%86,0,1.0
https://www.aljazeera.net/news/2026/4/14/%d8%a7%d9%84%d8%b5%d9%8a%d9%86-%d8%a7%d9%84%d8%ad%d8%b5%d8%a7%d8%b1-%d8%a7%d9%84%d8%a3%d9%85%d8%b1%d9%8a%d9%83%d9%8a-%d9%84%d9%85%d9%88%d8%a7%d9%86%d8%a6-%d8%a5%d9%8a%d8%b1%d8%a7%d9%86,-1,0.0
https://www.aljazeera.net/news/2026/4/14/%d9%85%d9%81%d8%a7%d9%88%d8%b6%d8%a7%d8%aa-%d8%a3%d9%85%d8%b1%d9%8a%d9%83%d8%a7-%d9%88%d8%a5%d9%8a%d8%b1%d8%a7%d9%86,0,1.0
https://www.aljazeera.net/news/2026/4/14/%d9%83%d9%8a%d9%85-%d9%8a%d8%b4%d8%b1%d9%81-%d8%b9%d9%84%d9%89-%d8%aa%d8%ac%d8%a7%d8%b1%d8%a8-%d9%84%d8%b5%d9%88%d8%a7%d8%b1%d9%8a%d8%ae-%d9%83%d8%b1%d9%88%d8%b2-%d9%88%d8%a3%d8%ae%d8%b1%d9%89,-1,0.0
https://www.aljazeera.net/news/2026/4/14/%d8%b5%d9%88%d8%b1-%d9%81%d8%b6%d8%a7%d8%a6%d9%8a%d8%a9-%d8%aa%d9%83%d8%b4%d9%81-%d8%a3%d8%b6%d8%b1%d8%a7%d8%b1%d8%a7-%d9%88%d8%a7%d8%b3%d8%b9%d8%a9-%d9%81%d9%8a,1,0.3435
https://www.aljazeera.net/news/2026/4/14/%d8%b9%d8%a7%d8%ac%d9%84-%d9%88%d9%83%d8%a7%d9%84%d8%a9-%d8%a7%d9%84%d8%b5%d8%ad%d8%a7%d9%81%d8%a9-%d8%a7%d9%84%d9%81%d8%b1%d9%86%d8%b3%d9%8a%d8%a9-%d8%b1%d8%a6%d9%8a%d8%b3%d8%a9,-1,0.0
https://www.aljazeera.net/news/2026/4/14/%d8%b6%d9%85%d9%86-%d8%a7%d8%aa%d9%81%d8%a7%d9%82-%d9%85%d8%b9-%d8%af%d9%85%d8%b4%d9%82-%d8%a7%d9%84%d8%a5%d9%81%d8%b1%d8%a7%d8%ac-%d8%b9%d9%86-1500-%d9%85%d8%b9%d8%aa%d9%82%d9%84-%d9%85%d9%86,6,1.0
https://www.aljazeera.net/news/2026/4/14/3-%d9%85%d9%86%d8%a7%d8%b7%d9%82-%d8%a3%d9%85%d9%86%d9%8a%d8%a9-%d8%ae%d8%b7%d8%a9-%d8%a5%d8%b3%d8%b1%d8%a7%d8%a6%d9%8a%d9%84%d9%8a%d8%a9-%d8%b9%d9%84%d9%89-%d8%b7%d8%a7%d9%88%d9%84%d8%a9,8,0.816
https://www.aljazeera.net/news/2026/4/14/5-%d9%85%d8%ad%d8%b7%d8%a7%d8%aa-%d8%aa%d8%b4%d8%b1%d8%ad-%d8%b2%d9%8a%d8%a7%d8%b1%d8%a9-%d8%a7%d9%84%d8%a8%d8%a7%d8%a8%d8%a7-%d9%84%d8%a3%d9%81%d8%b1%d9%8a%d9%82%d9%8a%d8%a7-%d8%a7%d9%84%d8%aa%d9%8a,-1,0.0
https://www.aljazeera.net/news/2026/4/14/100-%d8%af%d9%88%d9%84%d8%a7%d8%b1-%d9%88%d8%a7%d8%a8%d8%aa%d8%b3%d8%a7%d9%85%d8%a9-%d9%87%d9%84-%d8%a7%d8%b3%d8%aa%d8%ba%d9%84-%d8%aa%d8%b1%d9%85%d8%a8-%d8%b9%d8%a7%d9%85%d9%84%d8%a9,0,0.9412
https://www.aljazeera.net/news/2026/4/14/14-%d8%b4%d9%87%d9%8a%d8%af%d8%a7-%d9%88%d8%ac%d8%b1%d9%8a%d8%ad%d8%a7-%d8%a8%d8%ba%d8%b2%d8%a9-%d9%882400-%d8%ae%d8%b1%d9%82-%d8%a5%d8%b3%d8%b1%d8%a7%d8%a6%d9%8a%d9%84%d9%8a-%d8%ae%d9%84%d8%a7%d9%84,3,1.0
https://www.aljazeera.net/news/2026/4/14/%d8%a8%d8%a7%d9%84%d8%b5%d9%88%d8%b1-%d8%a3%d8%b3%d8%b7%d9%88%d9%84-%d8%a7%d9%84%d8%b5%d9%85%d9%88%d8%af-%d9%8a%d8%a8%d8%ad%d8%b1-%d9%85%d8%ac%d8%af%d8%af%d8%a7-%d9%85%d9%86,-1,0.0
https://www.aljazeera.net/news/2026/4/14/%d8%a3%d9%85%d9%8a%d8%b1-%d8%af%d9%88%d9%84%d8%a9-%d9%82%d8%b7%d8%b1-%d9%8a%d8%a8%d8%ad%d8%ab-%d9%85%d8%b9-%d9%88%d8%b2%d9%8a%d8%b1-%d8%a7%d9%84%d8%af%d9%81%d8%a7%d8%b9,9,0.8605
https://www.aljazeera.net/news/2026/4/14/%d9%82%d8%b7%d8%b1-%d9%86%d8%b1%d9%81%d8%b6-%d9%83%d9%84-%d8%a7%d9%84%d8%a7%d8%af%d8%b9%d8%a7%d8%a1%d8%a7%d8%aa-%d8%a8%d8%b4%d8%a3%d9%86-%d9%88%d8%ac%d9%88%d8%af-%d8%a7%d8%aa%d9%81%d8%a7%d9%82,9,0.9705
https://www.aljazeera.net/news/2026/4/14/%d9%81%d9%8a-%d8%a7%d9%84%d8%b0%d9%83%d8%b1%d9%89-%d8%a7%d9%84%d8%ab%d8%a7%d9%84%d8%ab%d8%a9-%d9%84%d9%84%d8%ad%d8%b1%d8%a8-%d8%a2%d9%85%d8%a7%d9%84-%d8%a7%d9%84%d8%aa%d9%83%d8%a7%d8%aa%d9%81,10,1.0
https://www.aljazeera.net/news/2026/4/14/%d8%ad%d8%b4%d8%af-%d9%84%d9%8a%d9%88%d9%85-%d8%a7%d9%84%d8%a3%d8%b3%d9%8a%d8%b1-%d8%a7%d9%84%d8%a7%d8%ad%d8%aa%d9%84%d8%a7%d9%84-%d9%8a%d8%b4%d9%86-%d8%ad%d9%85%d9%84%d8%a9,-1,0.0
https://www.aljazeera.net/news/2026/4/14/%d9%85%d9%81%d8%a7%d9%88%d8%b6%d8%a7%d8%aa-%d8%a5%d8%b3%d8%b1%d8%a7%d8%a6%d9%8a%d9%84-%d9%88%d9%84%d8%a8%d9%86%d8%a7%d9%86,8,1.0
https://www.aljazeera.net/news/2026/4/14/%d8%a7%d9%84%d9%85%d9%81%d9%88%d8%b6-%d8%a7%d9%84%d8%a3%d9%85%d9%85%d9%8a-%d9%84%d9%84%d8%a7%d8%ac%d8%a6%d9%8a%d9%86-%d9%85%d8%a3%d8%b3%d8%a7%d8%a9-%d8%a5%d9%86%d8%b3%d8%a7%d9%86%d9%8a%d8%a9,-1,0.0
https://www.aljazeera.net/news/2026/4/14/%d8%b1%d9%88%d8%b3%d9%8a%d8%a7-%d8%aa%d8%ad%d8%b0%d8%b1-%d8%a5%d8%b3%d8%b1%d8%a7%d8%a6%d9%8a%d9%84-%d8%a8%d8%b3%d8%a8%d8%a8-%d9%87%d8%ac%d9%85%d8%a7%d8%aa%d9%87%d8%a7-%d8%b9%d9%84%d9%89,-1,0.0
https://www.aljazeera.net/news/2026/4/14/%d8%b1%d8%a7%d9%8a%d8%aa%d8%b3-%d9%88%d9%88%d8%aa%d8%b4-%d9%82%d8%b5%d9%81-%d8%a5%d8%b3%d8%b1%d8%a7%d8%a6%d9%8a%d9%84-%d9%85%d8%b3%d8%aa%d9%88%d8%af%d8%b9%d8%a7%d8%aa-%d9%86%d9%81%d8%b7,1,0.3928
https://www.aljazeera.net/news/2026/4/14/%d8%a7%d8%ad%d8%aa%d9%84%d8%a7%d9%84-%d8%a5%d8%b3%d9%84%d8%a7%d9%85%d9%8a-%d8%a3%d9%85-%d8%aa%d8%b6%d9%84%d9%8a%d9%84-%d9%82%d8%b5%d8%a9-%d9%85%d8%b3%d8%ac%d8%af-%d9%8a%d8%b4%d8%b9%d9%84,16,1.0
https://www.aljazeera.net/news/2026/4/14/%d8%b9%d8%a7%d8%ac%d9%84-%d9%88%d8%b3%d8%a7%d8%a6%d9%84-%d8%a5%d8%b9%d9%84%d8%a7%d9%85-%d8%a5%d8%b3%d8%b1%d8%a7%d8%a6%d9%8a%d9%84%d9%8a%d8%a9-%d8%b3%d9%82%d9%88%d8%b7-%d9%85%d8%b3%d9%8a%d8%b1%d8%a9-2,2,1.0
https://www.aljazeera.net/news/2026/4/14/%d8%a3%d9%85%d9%8a%d8%b1-%d9%82%d8%b7%d8%b1-%d9%8a%d8%a8%d8%ad%d8%ab-%d9%85%d8%b9-%d8%b3%d9%84%d8%b7%d8%a7%d9%86-%d8%b9%d9%85%d8%a7%d9%86-%d8%a7%d9%84%d8%aa%d8%b7%d9%88%d8%b1%d8%a7%d8%aa,9,0.7635
https://www.aljazeera.net/news/2026/4/14/%d8%b6%d8%b1%d8%a8%d8%aa-%d8%a7%d9%84%d9%85%d9%86%d8%b4%d8%a2%d8%aa-%d9%88%d8%a8%d9%82%d9%8a-%d8%a7%d9%84%d9%8a%d9%88%d8%b1%d8%a7%d9%86%d9%8a%d9%88%d9%85-%d9%87%d9%84,-1,0.0
https://www.aljazeera.net/news/2026/4/14/%d8%af%d8%b9%d9%88%d8%a7%d8%aa-%d9%84%d8%a7%d8%b3%d8%aa%d8%a6%d9%86%d8%a7%d9%81-%d8%a7%d9%84%d9%85%d9%81%d8%a7%d9%88%d8%b6%d8%a7%d8%aa-%d8%a8%d9%8a%d9%86-%d9%88%d8%a7%d8%b4%d9%86%d8%b7%d9%86,0,1.0
https://www.aljazeera.net/news/2026/4/14/%d8%aa%d9%88%d9%86%d8%b3-91,-1,0.0
https://www.aljazeera.net/news/2026/4/14/%d9%87%d9%84-%d9%81%d8%b4%d9%84-%d8%a7%d9%84%d8%ad%d8%b5%d8%a7%d8%b1-%d8%a7%d9%84%d8%a3%d9%85%d8%b1%d9%8a%d9%83%d9%8a-%d9%85%d8%a8%d9%83%d8%b1%d8%a7,0,1.0
https://www.aljazeera.net/news/2026/4/14/%d8%b9%d8%a7%d8%ac%d9%84-%d9%85%d8%b3%d8%a4%d9%88%d9%84-%d9%81%d9%8a-%d8%a7%d9%84%d8%ae%d8%a7%d8%b1%d8%ac%d9%8a%d8%a9-%d8%a7%d9%84%d8%a3%d9%85%d8%b1%d9%8a%d9%83%d9%8a%d8%a9-2,8,1.0
https://www.aljazeera.net/news/2026/4/14/%d8%b5%d9%88%d8%b1-%d8%a3%d9%82%d9%85%d8%a7%d8%b1-%d8%b5%d9%86%d8%a7%d8%b9%d9%8a%d8%a9-%d8%aa%d8%b1%d8%b5%d8%af-%d8%a3%d8%b6%d8%b1%d8%a7%d8%b1%d8%a7-%d9%81%d9%8a-%d9%85%d9%82%d8%b1,1,0.3544
https://www.aljazeera.net/news/2026/4/14/%d9%87%d8%b1%d9%85%d8%b2-4,0,1.0
https://www.aljazeera.net/news/2026/4/14/%d8%ba%d9%88%d8%aa%d9%8a%d8%b1%d9%8a%d8%b4-%d9%84%d8%a7-%d8%ad%d9%84-%d8%b9%d8%b3%d9%83%d8%b1%d9%8a%d8%a7-%d9%84%d9%84%d8%a3%d8%b2%d9%85%d8%a9-%d9%81%d9%8a-%d8%a7%d9%84%d8%b4%d8%b1%d9%82,0,0.7056
https://www.aljazeera.net/news/2026/4/14/%d9%85%d8%a7%d8%b0%d8%a7-%d9%8a%d8%b9%d9%86%d9%8a-%d9%82%d8%b1%d8%a7%d8%b1-%d8%a5%d9%8a%d8%b7%d8%a7%d9%84%d9%8a%d8%a7-%d8%aa%d8%b9%d9%84%d9%8a%d9%82-%d8%aa%d8%b9%d8%a7%d9%88%d9%86%d9%87%d8%a7,-1,0.0
https://www.aljazeera.net/news/2026/4/14/%d8%a7%d8%b3%d8%aa%d9%87%d8%af%d8%a7%d9%81-%d8%ac%d8%b1%d9%8a%d8%ad-%d8%a8%d9%85%d8%b3%d9%8a%d8%b1%d8%a9-%d8%a7%d9%86%d8%aa%d8%ad%d8%a7%d8%b1%d9%8a%d8%a9,-1,0.0
https://www.aljazeera.net/news/2026/4/14/%d8%a7%d9%84%d8%ba%d8%a7%d8%a8%d9%88%d9%86-%d9%85%d8%b1%d8%b3%d9%88%d9%85-%d8%aa%d9%86%d8%b8%d9%8a%d9%85-%d8%a7%d9%84%d8%b4%d8%a8%d9%83%d8%a7%d8%aa,5,1.0
https://www.aljazeera.net/news/2026/4/14/%d8%a5%d9%8a%d9%83%d9%88%d9%86%d9%88%d9%85%d9%8a%d8%b3%d8%aa-%d8%b5%d9%85%d9%88%d8%af-%d8%ad%d8%b2%d8%a8-%d8%a7%d9%84%d9%84%d9%87-%d9%8a%d9%81%d8%a7%d8%ac%d8%a6,-1,0.0
https://www.aljazeera.net/news/2026/4/14/%d8%aa%d8%af%d8%b1%d9%8a%d8%a8%d8%a7%d8%aa-%d8%b9%d8%b3%d9%83%d8%b1%d9%8a%d8%a9-%d8%a3%d9%85%d8%b1%d9%8a%d9%83%d9%8a%d8%a9-%d8%aa%d8%ac%d9%85%d8%b9-%d9%81%d8%b1%d9%82%d8%a7%d8%a1,0,0.6782
https://www.aljazeera.net/news/2026/4/14/%d9%81%d8%a7%d9%86%d8%b3-%d9%8a%d8%a4%d8%a7%d8%b2-%d8%aa%d8%b1%d9%85%d8%a8-%d9%81%d9%8a-%d9%87%d8%ac%d9%88%d9%85%d9%87-%d8%b9%d9%84%d9%89-%d8%a7%d9%84%d8%a8%d8%a7%d8%a8%d8%a7,-1,0.0
https://www.aljazeera.net/news/2026/4/14/%d8%a7%d9%84%d9%85%d9%86%d8%b5%d8%a7%d8%aa-%d8%aa%d8%b4%d9%8a%d8%af-%d8%a8%d8%aa%d8%ad%d8%b1%d9%83-%d8%a3%d8%b3%d8%b7%d9%88%d9%84-%d8%a7%d9%84%d8%b5%d9%85%d9%88%d8%af-%d9%85%d8%ac%d8%af%d8%af%d8%a7,-1,0.0
https://www.aljazeera.net/news/2026/4/14/11-%d8%a3%d9%84%d9%81-%d9%85%d9%81%d9%82%d9%88%d8%af-%d8%ae%d9%84%d8%a7%d9%84-3-%d8%b3%d9%86%d9%88%d8%a7%d8%aa-%d9%85%d9%86-%d8%a7%d9%84%d8%ad%d8%b1%d8%a8-%d9%81%d9%8a,10,1.0
https://www.aljazeera.net/news/2026/4/14/%d9%85%d9%86-%d9%81%d8%b4%d9%84-%d8%a7%d9%84%d9%85%d9%81%d8%a7%d9%88%d8%b6%d8%a7%d8%aa-%d8%a5%d9%84%d9%89-%d8%ad%d8%af%d9%8a%d8%ab-%d8%aa%d8%b1%d9%85%d8%a8-%d8%b9%d9%86,0,1.0
https://www.aljazeera.net/news/2026/4/14/%d9%87%d8%af%d9%86%d8%a9-%d9%85%d8%aa%d8%b5%d8%af%d8%b9%d8%a9-%d9%87%d9%84-%d9%85%d8%a7-%d8%b2%d8%a7%d9%84-%d8%a7%d8%aa%d9%81%d8%a7%d9%82-%d9%88%d9%82%d9%81-%d8%a5%d8%b7%d9%84%d8%a7%d9%82,3,1.0
https://www.aljazeera.net/news/2026/4/14/%d9%87%d9%83%d8%b0%d8%a7-%d9%85%d9%86%d8%ad%d8%aa-%d8%a3%d9%85%d8%b1%d9%8a%d9%83%d8%a7-%d9%82%d8%a7%d8%af%d8%a9-%d8%a5%d9%8a%d8%b1%d8%a7%d9%86-%d9%85%d9%84%d8%a7%d8%b0%d8%a7-%d8%a2%d9%85%d9%86%d8%a7,0,1.0
https://www.aljazeera.net/news/2026/4/14/%d8%ba%d8%b1%d9%88%d8%b3%d9%8a-%d9%84%d8%a7-%d9%86%d8%b9%d9%84%d9%85-%d9%85%d9%83%d8%a7%d9%86-440-%d9%83%d9%8a%d9%84%d9%88%d8%ba%d8%b1%d8%a7%d9%85%d8%a7-%d9%85%d9%86,-1,0.0
https://www.aljazeera.net/news/2026/4/14/%d8%af%d9%88%d9%86-%d9%85%d8%b4%d8%a7%d8%b1%d9%83%d8%a9-%d8%a3%d9%85%d8%b1%d9%8a%d9%83%d9%8a%d8%a9-%d8%ae%d8%b7%d8%a9-%d8%a3%d9%88%d8%b1%d9%88%d8%a8%d9%8a%d8%a9-%d9%84%d8%aa%d8%a3%d9%85%d9%8a%d9%86,0,1.0
https://www.aljazeera.net/news/2026/4/14/%d8%ba%d8%b2%d8%a9-10-%d8%b4%d9%87%d8%af%d8%a7%d8%a1-%d8%a8%d9%86%d9%8a%d8%b1%d8%a7%d9%86-%d8%a5%d8%b3%d8%b1%d8%a7%d8%a6%d9%8a%d9%84%d9%8a%d8%a9-%d9%85%d9%86%d8%b0,3,1.0
https://www.aljazeera.net/news/2026/4/13/%d8%b9%d8%a7%d8%ac%d9%84-%d8%a7%d9%84%d9%82%d9%8a%d8%a7%d8%af%d8%a9-%d8%a7%d9%84%d9%85%d8%b1%d9%83%d8%b2%d9%8a%d8%a9-%d8%a7%d9%84%d8%a3%d9%85%d8%b1%d9%8a%d9%83%d9%8a%d8%a9-3,0,1.0
https://www.aljazeera.net/news/2026/4/13/21-%d8%b3%d8%a7%d8%b9%d8%a9-%d8%aa%d9%81%d8%a7%d9%88%d8%b6-%d8%a8%d9%84%d8%a7-%d8%a7%d8%aa%d9%81%d8%a7%d9%82-%d9%87%d9%84-%d9%8a%d8%b9%d9%88%d8%af-%d8%a7%d9%84%d8%ae%d8%b5%d9%85%d8%a7%d9%86,0,1.0
https://www.aljazeera.net/news/2026/4/13/%d9%84%d9%85%d8%a7%d8%b0%d8%a7-%d9%8a%d8%ae%d8%aa%d9%84%d9%81-%d9%86%d9%85%d9%88%d8%b0%d8%ac-%d8%a5%d9%8a%d8%b1%d8%a7%d9%86-%d8%b9%d9%86-%d8%b3%d9%8a%d9%86%d8%a7%d8%b1%d9%8a%d9%88,0,1.0
https://www.aljazeera.net/news/2026/4/13/%d8%a7%d9%84%d8%ac%d9%86%d8%b1%d8%a7%d9%84-%d8%b1%d9%88%d9%85%d8%a7%d9%86-%d8%ba%d9%88%d9%81%d9%85%d8%a7%d9%86-%d8%b1%d8%a6%d9%8a%d8%b3%d8%a7-%d8%ac%d8%af%d9%8a%d8%af%d8%a7,19,1.0
https://www.aljazeera.net/news/2026/4/13/%d8%a3%d9%88%d8%b1%d9%88%d8%a8%d8%a7-%d8%aa%d8%ad%d8%aa%d9%81%d9%8a-%d8%a8%d9%80-%d8%b9%d9%88%d8%af%d8%a9-%d8%a7%d9%84%d9%85%d8%ac%d8%b1-%d8%a5%d9%84%d9%8a%d9%87%d8%a7-%d8%a8%d8%b9%d8%af,-1,0.0
https://www.aljazeera.net/news/2026/4/13/%d8%aa%d8%a8%d8%a7%d8%af%d9%84-%d8%a7%d9%84%d8%a7%d8%aa%d9%87%d8%a7%d9%85%d8%a7%d8%aa-%d8%a8%d9%8a%d9%86-%d8%a5%d9%8a%d8%b1%d8%a7%d9%86-%d9%88%d8%a3%d9%85%d8%b1%d9%8a%d9%83%d8%a7-%d8%a8%d8%b9%d8%af,0,1.0
https://www.aljazeera.net/news/2026/4/13/3-%d8%b4%d9%87%d8%af%d8%a7%d8%a1-%d9%88%d9%82%d8%b5%d9%81-%d9%85%d8%af%d9%81%d8%b9%d9%8a-%d8%a5%d8%b3%d8%b1%d8%a7%d8%a6%d9%8a%d9%84%d9%8a-%d9%84%d9%85%d9%86%d8%a7%d8%b7%d9%82,3,1.0
https://www.aljazeera.net/news/2026/4/13/%d9%85%d8%b1%d8%a7%d9%82%d8%a8-%d9%84%d8%ad%d8%b1%d9%83%d8%a9-%d8%a7%d9%84%d8%b4%d8%ad%d9%86-%d8%a7%d9%84%d8%a8%d8%ad%d8%b1%d9%8a-%d8%a5%d9%8a%d8%b1%d8%a7%d9%86-%d8%aa%d8%ae%d8%b2%d9%86-21,0,1.0
https://www.aljazeera.net/news/2026/4/13/%d8%aa%d8%b1%d8%a7%d9%85%d8%a8-%d9%8a%d8%b5%d8%b9%d8%af-%d8%b6%d8%af-%d8%a7%d9%84%d9%86%d8%a7%d8%aa%d9%88-%d9%88%d9%8a%d8%a4%d9%83%d8%af-%d8%aa%d8%af%d9%85%d9%8a%d8%b1,0,1.0
https://www.aljazeera.net/news/2026/4/13/%d8%aa%d8%b1%d9%85%d8%a8-%d9%8a%d8%b5%d8%b9%d8%af-%d9%87%d8%ac%d9%85%d8%a7%d8%aa%d9%87-%d8%b6%d8%af-%d8%a8%d8%a7%d8%a8%d8%a7-%d8%a7%d9%84%d9%83%d9%86%d9%8a%d8%b3%d8%a9,-1,0.0
https://www.aljazeera.net/news/2026/4/13/%d8%ac%d9%8a%d8%b1%d8%a7%d9%84%d8%af-%d9%81%d9%88%d8%b1%d8%af-%d8%b4%d8%b1%d9%82-%d8%a7%d9%84%d9%85%d8%aa%d9%88%d8%b3%d8%b7-%d9%88%d8%a3%d8%b6%d8%b1%d8%a7%d8%b1-%d8%a8%d8%b7%d8%a7%d8%a6%d8%b1%d8%a9,-1,0.0
https://www.aljazeera.net/news/2026/4/13/%d8%a7%d9%84%d8%aa%d8%a7%d8%b1%d9%8a%d8%ae-%d8%ae%d9%8a%d8%b1-%d8%b4%d8%a7%d9%87%d8%af-%d8%a7%d9%84%d8%af%d9%81%d8%a7%d8%b9-%d8%a7%d9%84%d8%aa%d8%b1%d9%83%d9%8a%d8%a9-%d8%aa%d8%af%d8%ae%d9%84,16,1.0
https://www.aljazeera.net/news/2026/4/13/%d8%aa%d8%b7%d9%88%d8%b1%d8%a7%d8%aa-%d9%84%d8%a8%d9%86%d8%a7%d9%86-12,8,0.5297
https://www.aljazeera.net/news/2026/4/13/%d8%a7%d9%84%d8%a8%d9%8a%d8%b1%d9%88-%d8%a5%d8%b9%d8%a7%d8%af%d8%a9-%d9%81%d8%aa%d8%ad-%d9%85%d8%b1%d8%a7%d9%83%d8%b2-%d8%a7%d9%84%d8%a7%d9%82%d8%aa%d8%b1%d8%a7%d8%b9-%d8%a8%d8%b9%d8%af,5,0.6155
https://www.aljazeera.net/news/2026/4/13/%d8%a8%d8%a7%d8%a8%d8%a7-%d8%a7%d9%84%d9%81%d8%a7%d8%aa%d9%8a%d9%83%d8%a7%d9%86-%d9%8a%d8%a8%d8%af%d8%a3-%d8%b2%d9%8a%d8%a7%d8%b1%d8%a9-%d8%aa%d8%a7%d8%b1%d9%8a%d8%ae%d9%8a%d8%a9,-1,0.0
https://www.aljazeera.net/news/2026/4/13/%d8%a7%d9%84%d8%b3%d9%88%d8%af%d8%a7%d9%86-106,10,1.0
https://www.aljazeera.net/news/2026/4/13/%d8%aa%d8%ad%d8%b0%d9%8a%d8%b1%d8%a7%d8%aa-%d9%85%d8%aa%d8%b5%d8%a7%d8%b9%d8%af%d8%a9-%d9%85%d9%86-%d8%af%d8%ae%d9%88%d9%84-%d8%ba%d8%b2%d8%a9-%d9%85%d8%b1%d8%ad%d9%84%d8%a9,3,1.0
https://www.aljazeera.net/news/2026/4/13/%d9%84%d8%a7-%d8%aa%d8%b5%d8%af%d8%b1-%d8%b5%d9%88%d8%aa-%d8%a8%d8%b7%d8%a9-%d9%85%d8%b3%d8%a4%d9%88%d9%84-%d8%a5%d8%b3%d8%b1%d8%a7%d8%a6%d9%8a%d9%84%d9%8a-%d9%8a%d9%87%d8%a7%d8%ac%d9%85,0,1.0
https://www.aljazeera.net/news/2026/4/13/%d8%ad%d8%b1%d9%82-%d8%af%d9%85%d9%8a%d8%a9-%d9%86%d8%aa%d9%86%d9%8a%d8%a7%d9%87%d9%88-%d9%81%d9%8a-%d8%a5%d8%b3%d8%a8%d8%a7%d9%86%d9%8a%d8%a7-%d9%85%d9%86-%d8%aa%d9%82%d9%84%d9%8a%d8%af,16,1.0
https://www.aljazeera.net/news/2026/4/13/%d8%b1%d8%ad%d9%84%d8%a9-%d8%a7%d9%84%d9%80-21-%d8%b3%d8%a7%d8%b9%d8%a9-%d8%a7%d9%84%d8%aa%d9%8a-%d8%ae%d8%b0%d9%84%d8%aa-%d8%ac%d9%8a-%d8%af%d9%8a-%d9%81%d8%a7%d9%86%d8%b3-%d9%81%d9%8a,0,1.0
https://www.aljazeera.net/news/2026/4/13/%d8%a7%d9%84%d8%ad%d8%ac-4,17,0.4338
https://www.aljazeera.net/news/2026/4/13/%d8%a2%d8%b3%d9%8a%d8%a7%d9%86-%d8%aa%d8%af%d8%b9%d9%88-%d9%88%d8%a7%d8%b4%d9%86%d8%b7%d9%86-%d9%88%d8%b7%d9%87%d8%b1%d8%a7%d9%86-%d9%84%d9%84%d8%aa%d9%81%d8%a7%d9%88%d8%b6,0,1.0
https://www.aljazeera.net/news/2026/4/13/%d8%b9%d8%a7%d8%b5%d9%81%d8%a9-%d9%85%d8%b7%d8%b1%d9%8a%d8%a9-%d8%aa%d8%ac%d8%aa%d8%a7%d8%ad-%d8%ad%d9%85%d8%b5-%d9%88%d8%aa%d8%aa%d8%b3%d8%a8%d8%a8-%d8%a8%d8%ba%d8%b1%d9%82,6,0.8881
https://www.aljazeera.net/news/2026/4/13/%d9%85%d8%b6%d9%8a%d9%82,0,1.0
https://www.aljazeera.net/news/2026/4/13/%d8%a7%d9%84%d9%85%d8%aa%d8%ad%d8%af%d8%ab-%d8%a8%d8%a7%d8%b3%d9%85-%d8%a7%d9%84%d8%ae%d8%a7%d8%b1%d8%ac%d9%8a%d8%a9-%d8%a7%d9%84%d8%b5%d9%8a%d9%86-%d9%8a%d8%ac%d8%a8-%d8%b6%d9%85%d8%a7%d9%86,0,0.6448
https://www.aljazeera.net/news/2026/4/13/%d8%a7%d8%aa%d9%81%d8%a7%d9%82-%d8%a7%d9%84%d8%a5%d9%86%d9%81%d8%a7%d9%82-%d8%a7%d9%84%d9%88%d8%a7%d8%ad%d8%af-%d8%ae%d8%b7%d9%88%d8%a9-%d8%a3%d9%85%d9%85%d9%8a%d8%a9,-1,0.0
https://www.aljazeera.net/news/2026/4/13/%d9%81%d9%8a%d8%af%d8%a7%d9%86-%d9%86%d8%aa%d9%86%d9%8a%d8%a7%d9%87%d9%88-%d9%8a%d8%b3%d8%b9%d9%89-%d9%84%d8%a5%d8%b9%d9%84%d8%a7%d9%86-%d8%aa%d8%b1%d9%83%d9%8a%d8%a7-%d8%b9%d8%af%d9%88%d8%a7,-1,0.0
https://www.aljazeera.net/news/2026/4/13/%d9%84%d9%85%d8%a7%d8%b0%d8%a7-%d8%ac%d9%85%d8%af%d8%aa-%d8%a8%d8%b1%d9%8a%d8%b7%d8%a7%d9%86%d9%8a%d8%a7-%d8%a7%d8%aa%d9%81%d8%a7%d9%82%d9%8a%d8%a9-%d8%aa%d8%b4%d8%a7%d8%ba%d9%88%d8%b3-%d9%85%d8%b9,0,1.0
https://www.aljazeera.net/news/2026/4/13/%d9%82%d8%a7%d9%84%d9%8a%d8%a8%d8%a7%d9%81-%d9%8a%d9%86%d8%a7%d9%88%d8%b1-%d8%aa%d8%b1%d9%85%d8%a8-%d9%87%d9%84-%d8%aa%d8%af%d8%a7%d8%b1-%d8%aa%d8%ba%d8%b1%d9%8a%d8%af%d8%a7%d8%aa%d9%87,0,0.9529
https://www.aljazeera.net/news/2026/4/13/%d8%a7%d9%84%d8%b9%d9%81%d9%88-%d8%a7%d9%84%d8%af%d9%88%d9%84%d9%8a%d8%a9-100-%d9%82%d8%aa%d9%8a%d9%84-%d9%81%d9%8a-%d9%85%d8%ac%d8%b2%d8%b1%d8%a9-%d9%86%d9%81%d8%b0%d8%aa%d9%87%d8%a7,-1,0.0
https://www.aljazeera.net/news/2026/4/13/%d8%ba%d9%84%d8%a7%d9%81-%d9%85%d8%ac%d9%84%d8%a9-%d8%a5%d9%8a%d8%b7%d8%a7%d9%84%d9%8a%d8%a9-%d9%8a%d8%ab%d9%8a%d8%b1-%d8%ba%d8%b6%d8%a8,16,1.0
https://www.aljazeera.net/news/2026/4/13/%d8%b9%d8%a7%d8%ac%d9%84-%d8%a7%d9%84%d8%ae%d8%a7%d8%b1%d8%ac%d9%8a%d8%a9-%d8%a7%d9%84%d9%82%d8%b7%d8%b1%d9%8a%d8%a9-%d8%b1%d8%a6%d9%8a%d8%b3-%d8%a7%d9%84%d9%88%d8%b2%d8%b1%d8%a7%d8%a1-6,9,1.0
https://www.aljazeera.net/news/2026/4/13/%d9%85%d8%b1%d9%8a%d8%b6-%d8%a8%d8%a7%d9%84%d9%82%d9%84%d8%a8-%d9%88%d9%8a%d8%aa%d9%85%d9%86%d9%89-%d8%a7%d9%84%d8%b9%d9%88%d8%af%d8%a9-%d9%84%d9%84%d8%b9%d8%a8-%d8%b9%d8%a7%d8%a6%d9%84%d8%a9,3,1.0
https://www.aljazeera.net/news/2026/4/13/%d8%aa%d9%87%d8%af%d9%8a%d8%af-%d8%aa%d8%b1%d9%85%d8%a8-%d8%a8%d8%ad%d8%b5%d8%a7%d8%b1-%d8%a7%d9%84%d9%85%d9%88%d8%a7%d9%86%d8%a6-%d8%a7%d9%84%d8%a5%d9%8a%d8%b1%d8%a7%d9%86%d9%8a%d8%a9,0,1.0
https://www.aljazeera.net/news/2026/4/13/%d8%b1%d8%a7%d9%8a%d8%aa%d8%b3-%d9%88%d9%88%d8%aa%d8%b4-%d8%a3%d9%88%d8%a7%d9%85%d8%b1-%d8%a5%d8%ae%d9%84%d8%a7%d8%a1-%d8%aa%d8%b9%d8%b3%d9%81%d9%8a%d8%a9-%d9%81%d9%8a-%d8%ac%d9%86%d9%88%d8%a8,10,0.6919
https://www.aljazeera.net/news/2026/4/13/%d9%8a%d8%ac%d8%aa%d8%b1%d8%ad-%d8%a7%d9%84%d9%85%d8%b9%d8%ac%d8%b2%d8%a7%d8%aa-%d8%aa%d8%b1%d9%85%d8%a8-%d9%8a%d8%b5%d9%88%d8%b1-%d9%86%d9%81%d8%b3%d9%87-%d9%81%d9%8a-%d9%87%d9%8a%d8%a6%d8%a9,-1,0.0
https://www.aljazeera.net/news/2026/4/13/%d8%ae%d9%8a%d8%a7%d9%85-%d8%a7%d9%84%d9%86%d8%b2%d9%88%d8%ad-%d9%81%d9%8a-%d8%ba%d8%b2%d8%a9-%d8%a8%d8%a4%d8%b1-%d9%84%d9%84%d8%ad%d8%b4%d8%b1%d8%a7%d8%aa,3,1.0
https://www.aljazeera.net/news/2026/4/13/%d9%85%d8%a7-%d8%a8%d8%af%d8%a7%d8%a6%d9%84-%d8%a5%d9%8a%d8%b1%d8%a7%d9%86-%d9%84%d9%85%d9%88%d8%a7%d8%ac%d9%87%d8%a9-%d8%a7%d9%84%d8%ad%d8%b5%d8%a7%d8%b1-%d8%a7%d9%84%d8%a8%d8%ad%d8%b1%d9%8a,0,1.0
https://www.aljazeera.net/news/2026/4/13/%d8%a8%d8%a7%d8%a8%d8%a7-%d8%a7%d9%84%d9%81%d8%a7%d8%aa%d9%8a%d9%83%d8%a7%d9%86-%d9%8a%d8%aa%d8%ad%d8%af%d9%89-%d8%aa%d8%b1%d9%85%d8%a8-%d9%88%d9%8a%d9%86%d8%af%d8%af,-1,0.0
https://www.aljazeera.net/news/2026/4/13/%d9%87%d8%b1%d9%85%d8%b2-3,0,1.0
https://www.aljazeera.net/news/2026/4/13/%d8%b9%d8%a7%d8%ac%d9%84-%d8%a3%d9%83%d8%b3%d9%8a%d9%88%d8%b3-%d8%b9%d9%86-%d9%85%d8%b3%d8%a4%d9%88%d9%84-%d8%a3%d9%85%d8%b1%d9%8a%d9%83%d9%8a-%d8%aa%d9%88%d8%a7%d8%b5%d9%84,0,1.0
https://www.aljazeera.net/news/2026/4/13/%d8%ae%d8%b3%d8%a7%d8%b1%d8%a9-%d8%a3%d9%88%d8%b1%d8%a8%d8%a7%d9%86-%d8%aa%d8%aa%d8%ac%d8%a7%d9%88%d8%b2-%d8%ad%d8%af%d9%88%d8%af-%d8%a7%d9%84%d9%85%d8%ac%d8%b1-%d9%85%d8%a7%d8%b0%d8%a7,-1,0.0
https://www.aljazeera.net/news/2026/4/13/%d8%aa%d9%81%d8%a7%d8%b9%d9%84-%d9%88%d8%a7%d8%b3%d8%b9-%d9%85%d8%b9-%d8%a7%d9%86%d8%aa%d9%82%d8%a7%d8%af%d8%a7%d8%aa-%d8%b1%d8%a6%d9%8a%d8%b3-%d9%83%d9%88%d8%b1%d9%8a%d8%a7,-1,0.0
https://www.aljazeera.net/news/2026/4/13/%d9%87%d9%84-%d8%b9%d8%a8%d8%b1%d8%aa-%d8%a7%d9%84%d8%b3%d9%81%d9%86-%d8%a7%d9%84%d8%a5%d9%8a%d8%b1%d8%a7%d9%86%d9%8a%d8%a9-%d9%85%d8%b6%d9%8a%d9%82-%d9%87%d8%b1%d9%85%d8%b2-%d8%b9%d9%82%d8%a8,0,1.0
https://www.aljazeera.net/news/2026/4/13/%d8%aa%d8%a3%d8%ac%d9%8a%d9%84-%d8%a7%d9%84%d8%a7%d9%86%d8%aa%d8%ae%d8%a7%d8%a8%d8%a7%d8%aa-%d9%81%d9%8a-%d8%ba%d9%8a%d9%86%d9%8a%d8%a7-%d8%ae%d8%b7%d9%88%d8%a9,5,1.0
https://www.aljazeera.net/news/2026/4/13/%d8%b9%d8%a7%d8%ac%d9%84-%d8%a7%d9%84%d9%85%d8%aa%d8%ad%d8%af%d8%ab-%d8%a8%d8%a7%d8%b3%d9%85-%d8%a7%d9%84%d8%ad%d8%b1%d8%b3-%d8%a7%d9%84%d8%ab%d9%88%d8%b1%d9%8a,0,0.9094
https://www.aljazeera.net/news/2026/4/13/%d8%b4%d8%a8%d8%ad-%d8%a8%d9%8a%d8%aa-%d8%ad%d8%a7%d9%86%d9%88%d9%86-%d9%81%d9%8a%d8%af%d9%8a%d9%88-%d8%ac%d8%af%d9%8a%d8%af-%d9%84%d9%84%d9%82%d8%b3%d8%a7%d9%85-%d9%8a%d8%b9%d9%8a%d8%af,-1,0.0
https://www.aljazeera.net/news/2026/4/13/%d8%a7%d9%84%d8%a8%d8%ad%d8%b1%d9%8a%d9%86-%d8%aa%d8%b3%d8%aa%d8%af%d8%b9%d9%8a-%d8%a7%d9%84%d9%82%d8%a7%d8%a6%d9%85-%d8%a8%d8%a7%d9%84%d8%a3%d8%b9%d9%85%d8%a7%d9%84-2,4,0.3095
https://www.aljazeera.net/news/2026/4/13/%d8%a7%d9%84%d9%82%d8%b6%d8%a7%d8%a1-%d8%a7%d9%84%d9%81%d8%b1%d9%86%d8%b3%d9%8a-%d9%8a%d8%af%d9%8a%d9%86-%d8%b4%d8%b1%d9%83%d8%a9-%d9%84%d8%a7%d9%81%d8%a7%d8%b1%d8%ac,6,0.9366
https://www.aljazeera.net/news/2026/4/13/%d9%84%d8%a8%d9%86%d8%a7%d9%86-%d8%a5%d8%b3%d8%b1%d8%a7%d8%a6%d9%8a%d9%84-%d8%aa%d9%88%d8%a7%d8%b5%d9%84-%d8%ba%d8%a7%d8%b1%d8%a7%d8%aa%d9%87%d8%a7-%d9%88%d8%aa%d8%b9%d9%84%d9%86,2,0.8584
https://www.aljazeera.net/news/2026/4/13/%d8%aa%d8%b6%d8%a7%d9%85%d9%86-%d8%a5%d9%8a%d8%b7%d8%a7%d9%84%d9%8a-%d9%85%d8%b9-%d8%a8%d8%a7%d8%a8%d8%a7-%d8%a7%d9%84%d9%81%d8%a7%d8%aa%d9%8a%d9%83%d8%a7%d9%86-%d9%81%d9%8a,-1,0.0
https://www.aljazeera.net/news/2026/4/12/%d9%87%d8%ac%d9%88%d9%85-%d8%a5%d8%b3%d8%b1%d8%a7%d8%a6%d9%8a%d9%84%d9%8a-%d8%b9%d9%84%d9%89-%d8%a3%d8%b1%d8%af%d9%88%d8%ba%d8%a7%d9%86-%d9%88%d8%aa%d8%b1%d9%83%d9%8a%d8%a7-%d8%aa%d8%b5%d9%81,16,0.9954
https://www.aljazeera.net/news/2026/4/12/%d9%85%d8%a7%d8%b1%d8%a7%d8%ab%d9%88%d9%86-%d8%aa%d9%81%d8%a7%d9%88%d8%b6%d9%8a-%d9%85%d8%a7-%d8%a3%d8%a8%d8%b1%d8%b2-%d8%aa%d8%b7%d9%88%d8%b1%d8%a7%d8%aa,0,1.0
https://www.aljazeera.net/news/2026/4/12/%d8%aa%d9%88%d8%aa%d8%b1-%d8%a8%d9%8a%d9%86-%d8%a5%d8%b3%d8%b1%d8%a7%d8%a6%d9%8a%d9%84-%d9%88%d8%a5%d8%b3%d8%a8%d8%a7%d9%86%d9%8a%d8%a7-%d8%a8%d8%b9%d8%af-%d8%aa%d9%81%d8%ac%d9%8a%d8%b1,16,0.9401
https://www.aljazeera.net/news/2026/4/12/%d9%85%d8%af%d9%8a%d8%b1%d9%88-%d9%88%d9%83%d8%a7%d9%84%d8%a7%d8%aa-%d9%81%d9%8a-%d8%a7%d9%84%d8%a3%d9%85%d9%85-%d8%a7%d9%84%d9%85%d8%aa%d8%ad%d8%af%d8%a9-%d9%8a%d8%af%d8%b9%d9%88%d9%86,1,0.3268
https://www.aljazeera.net/news/2026/4/12/%d8%aa%d8%b1%d9%85%d8%a8-%d9%8a%d9%87%d8%af%d8%af-%d8%a7%d9%84%d8%b5%d9%8a%d9%86-%d8%a8%d9%85%d9%88%d8%a7%d8%ac%d9%87%d8%a9-%d9%85%d8%b4%d9%83%d9%84%d8%a7%d8%aa-%d9%83%d8%a8%d9%8a%d8%b1%d8%a9,0,0.7798
https://www.aljazeera.net/news/2026/4/12/%d8%a7%d9%84%d8%ac%d9%8a%d8%b4-%d8%a7%d9%84%d8%a5%d9%8a%d8%b1%d8%a7%d9%86%d9%8a-%d9%88%d8%a7%d9%84%d8%ad%d8%b1%d8%b3-%d8%a7%d9%84%d8%ab%d9%88%d8%b1%d9%8a-%d9%8a%d9%86%d9%81%d9%8a%d8%a7%d9%86,0,1.0
https://www.aljazeera.net/news/2026/4/12/%d8%b9%d8%a7%d8%ac%d9%84-%d9%86%d8%a7%d8%a6%d8%a8-%d8%a7%d9%84%d8%b1%d8%a6%d9%8a%d8%b3-%d8%a7%d9%84%d8%a3%d9%85%d8%b1%d9%8a%d9%83%d9%8a-%d8%aa%d9%81%d8%a7%d9%88%d8%b6%d9%86%d8%a7,0,1.0
https://www.aljazeera.net/news/2026/4/12/%d8%aa%d8%b9%d9%86%d8%aa-%d8%a3%d9%85%d8%b1%d9%8a%d9%83%d9%8a-%d9%88%d8%a8%d8%ad%d8%ab-%d8%b9%d9%86-%d8%b0%d8%b1%d9%8a%d8%b9%d8%a9-%d8%b1%d9%88%d8%a7%d9%8a%d8%a9,0,1.0
https://www.aljazeera.net/news/2026/4/12/3604,-1,0.0
https://www.aljazeera.net/news/2026/4/12/%d8%a2%d9%84%d8%a7%d9%81-%d8%a7%d9%84%d8%a5%d8%b3%d8%b1%d8%a7%d8%a6%d9%8a%d9%84%d9%8a%d9%8a%d9%86-%d9%8a%d8%aa%d8%b8%d8%a7%d9%87%d8%b1%d9%88%d9%86-%d9%81%d9%8a-%d8%aa%d9%84-%d8%a3%d8%a8%d9%8a%d8%a8-2,1,0.3569
https://www.aljazeera.net/news/2026/4/12/%d9%87%d9%84-%d8%a8%d8%a5%d9%85%d9%83%d8%a7%d9%86-%d9%88%d8%a7%d8%b4%d9%86%d8%b7%d9%86-%d9%81%d8%aa%d8%ad-%d9%85%d9%85%d8%b1-%d8%a2%d9%85%d9%86-%d8%a8%d9%85%d8%b6%d9%8a%d9%82,0,1.0
https://www.aljazeera.net/news/2026/4/12/%d9%85%d8%b7%d8%a7%d9%84%d8%a8-%d9%85%d8%b3%d8%aa%d8%ad%d9%8a%d9%84%d8%a9-%d8%ad%d8%a7%d9%84%d8%aa-%d8%af%d9%88%d9%86-%d8%a7%d9%84%d8%aa%d9%88%d8%b5%d9%84-%d9%84%d8%a7%d8%aa%d9%81%d8%a7%d9%82,0,1.0
https://www.aljazeera.net/news/2026/4/12/%d8%b9%d8%a8%d9%88%d8%b1-19-%d8%b3%d9%81%d9%8a%d9%86%d8%a9-%d9%81%d9%8a-%d9%87%d8%b1%d9%85%d8%b2-%d8%a3%d8%b9%d9%84%d9%89-%d8%ad%d8%b5%d9%8a%d9%84%d8%a9-%d9%85%d9%86%d8%b0-%d8%a8%d8%af%d8%a1,0,1.0
https://www.aljazeera.net/news/2026/4/12/%d8%b3%d8%ac%d8%a7%d9%84-%d8%ad%d8%a7%d8%af-%d8%a8%d9%8a%d9%86-%d9%88%d8%a7%d8%b4%d9%86%d8%b7%d9%86-%d9%88%d8%b7%d9%87%d8%b1%d8%a7%d9%86-%d8%a8%d8%b4%d8%a3%d9%86-%d9%87%d8%b1%d9%85%d8%b2,0,1.0
https://www.aljazeera.net/news/2026/4/12/%d9%87%d9%84-%d8%aa%d8%ad%d9%88%d9%84-%d8%a5%d9%8a%d8%b1%d8%a7%d9%86-%d9%82%d8%af%d8%b1%d8%a7%d8%aa%d9%87%d8%a7-%d8%a7%d9%84%d9%86%d9%88%d9%88%d9%8a%d8%a9-%d8%a5%d9%84%d9%89,-1,0.0
https://www.aljazeera.net/news/2026/4/12/%d9%88%d9%88%d9%84-%d8%b3%d8%aa%d8%b1%d9%8a%d8%aa-%d8%ac%d9%88%d8%b1%d9%86%d8%a7%d9%84-60-%d9%85%d9%86-%d8%b2%d9%88%d8%a7%d8%b1%d9%82-%d8%a5%d9%8a%d8%b1%d8%a7%d9%86,0,1.0
https://www.aljazeera.net/news/2026/4/12/%d8%a7%d9%86%d8%aa%d8%ae%d8%a7%d8%a8%d8%a7%d8%aa-%d8%ad%d8%a7%d8%b3%d9%85%d8%a9-%d8%a8%d8%a7%d9%84%d9%85%d8%ac%d8%b1-%d8%aa%d9%87%d8%af%d8%af-%d8%ad%d9%84%d9%8a%d9%81-%d8%aa%d8%b1%d9%85%d8%a8,-1,0.0
https://www.aljazeera.net/news/2026/4/12/%d9%85%d8%a7-%d9%85%d9%88%d9%82%d9%81-%d8%a5%d8%b3%d8%b1%d8%a7%d8%a6%d9%8a%d9%84-%d9%85%d9%86-%d8%aa%d8%b9%d8%ab%d8%b1-%d8%a7%d9%84%d9%85%d9%81%d8%a7%d9%88%d8%b6%d8%a7%d8%aa,0,1.0
https://www.aljazeera.net/news/2026/4/12/%d9%82%d8%a7%d8%b9%d8%a9-%d8%a7%d8%ad%d8%aa%d9%81%d8%a7%d9%84%d8%a7%d8%aa-%d8%a7%d9%84%d8%a8%d9%8a%d8%aa-%d8%a7%d9%84%d8%a3%d8%a8%d9%8a%d8%b6,-1,0.0
https://www.aljazeera.net/news/2026/4/12/%d9%85%d9%86-%d9%83%d8%b3%d8%b1-%d8%b7%d8%a7%d9%88%d9%84%d8%a9-%d8%a7%d9%84%d9%85%d9%81%d8%a7%d9%88%d8%b6%d8%a7%d8%aa-%d9%88%d8%a7%d8%b4%d9%86%d8%b7%d9%86-%d8%a3%d9%85,0,1.0
https://www.aljazeera.net/news/2026/4/12/%d8%aa%d9%85%d9%86%d9%8a%d8%a7%d8%aa,0,1.0
https://www.aljazeera.net/news/2026/4/12/%d8%a7%d9%84%d8%ac%d8%b2%d9%8a%d8%b1%d8%a9-%d9%86%d8%aa-%d8%aa%d9%83%d8%b4%d9%81-%d8%aa%d9%81%d8%a7%d8%b5%d9%8a%d9%84-%d9%85%d8%b3%d9%88%d8%af%d8%a9-%d9%88%d8%ab%d9%8a%d9%82%d8%a9,10,0.6719
https://www.aljazeera.net/news/2026/4/12/%d8%a8%d8%b9%d8%af-%d9%85%d8%ba%d8%a7%d8%af%d8%b1%d8%a9-%d9%81%d8%a7%d9%86%d8%b3-%d8%a7%d9%84%d9%85%d9%86%d8%b5%d8%a7%d8%aa-%d8%aa%d8%aa%d8%b3%d8%a7%d8%a1%d9%84-%d9%85%d8%a7%d8%b0%d8%a7,0,1.0
https://www.aljazeera.net/news/2026/4/12/%d9%85%d9%86-%d8%a3%d8%b5%d9%88%d9%84-%d8%aa%d9%88%d9%86%d8%b3%d9%8a%d8%a9-%d8%b1%d8%a6%d9%8a%d8%b3%d8%a9-%d8%a8%d9%84%d8%af%d9%8a%d8%a9-%d8%a3%d9%88%d8%b1%d9%84%d9%8a,16,0.9807
https://www.aljazeera.net/news/2026/4/12/%d8%b5%d9%88%d8%b1-%d9%81%d8%b6%d8%a7%d8%a6%d9%8a%d8%a9-%d8%aa%d8%b1%d8%b5%d8%af-%d8%a3%d8%b6%d8%b1%d8%a7%d8%b1%d8%a7-%d9%88%d8%a7%d8%b3%d8%b9%d8%a9-%d8%a8%d8%a7%d9%84%d9%85%d9%86%d8%b4%d8%a2%d8%aa,1,0.4232
https://www.aljazeera.net/news/2026/4/12/%d9%83%d9%88%d8%b1%d9%8a%d8%a7-17,-1,0.0
https://www.aljazeera.net/news/2026/4/12/%d9%88%d8%a7%d8%b4%d9%86%d8%b7%d9%86-%d8%aa%d9%81%d8%b9%d9%84-%d8%b3%d9%84%d8%a7%d8%ad-%d8%a7%d9%84%d8%aa%d8%a3%d8%b4%d9%8a%d8%b1%d8%a7%d8%aa-%d9%84%d9%85%d9%84%d8%a7%d8%ad%d9%82%d8%a9,11,1.0
https://www.aljazeera.net/news/2026/4/12/%d8%b4%d8%b1%d8%b7%d8%a9-%d9%84%d9%86%d8%af%d9%86-%d8%aa%d9%88%d9%82%d9%81-%d9%86%d8%ad%d9%88-500-%d8%b4%d8%ae%d8%b5-%d8%a8%d9%85%d8%b8%d8%a7%d9%87%d8%b1%d8%a9-%d8%af%d8%a7%d8%b9%d9%85%d8%a9,16,1.0
https://www.aljazeera.net/news/2026/4/12/%d8%a7%d9%84%d9%88%d9%84%d8%a7%d9%8a%d8%a7%d8%aa-%d8%a7%d9%84%d9%85%d8%aa%d8%ad%d8%af%d8%a9-%d8%a5%d9%82%d8%a7%d9%84%d8%a9-%d9%82%d8%b6%d8%a7%d8%a9-%d8%a8%d8%b9%d8%af,11,1.0
https://www.aljazeera.net/news/2026/4/12/%d9%85%d8%ae%d8%a7%d8%b7%d8%b1-%d8%aa%d9%87%d8%af%d8%af-%d9%85%d8%a6%d8%a7%d8%aa-%d8%a7%d9%84%d8%b9%d8%a7%d8%a6%d9%84%d8%a7%d8%aa-%d9%81%d9%8a-%d9%85%d9%86%d8%a7%d8%b2%d9%84-%d8%a2%d9%8a%d9%84%d8%a9,3,1.0
https://www.aljazeera.net/news/2026/4/12/%d8%b5%d9%88%d8%b1-%d9%85%d8%ad%d8%b0%d9%88%d9%81%d8%a9-%d8%a7%d9%84%d8%ac%d9%8a%d8%b4-%d8%a7%d9%84%d8%a5%d8%b3%d8%b1%d8%a7%d8%a6%d9%8a%d9%84%d9%8a-%d9%8a%d8%af%d9%8a%d9%86-%d9%86%d9%81%d8%b3%d9%87,-1,0.0
https://www.aljazeera.net/news/2026/4/12/%d8%a8%d9%86-%d8%ba%d9%81%d9%8a%d8%b1-%d9%8a%d9%82%d8%aa%d8%ad%d9%85-%d8%a7%d9%84%d8%a3%d9%82%d8%b5%d9%89-%d9%88%d8%a5%d8%b5%d8%a7%d8%a8%d8%a9-7-%d9%81%d9%84%d8%b3%d8%b7%d9%8a%d9%86%d9%8a%d9%8a%d9%86,17,0.4546
https://www.aljazeera.net/news/2026/4/12/%d8%b1%d9%88%d8%b3%d9%8a%d8%a7-%d9%88%d8%a3%d9%88%d9%83%d8%b1%d8%a7%d9%86%d9%8a%d8%a7-%d8%aa%d8%aa%d8%a8%d8%a7%d8%af%d9%84%d8%a7%d9%86-%d8%a7%d9%84%d8%a7%d8%aa%d9%87%d8%a7%d9%85%d8%a7%d8%aa-3,12,1.0
https://www.aljazeera.net/news/2026/4/12/%d8%ad%d8%b2%d8%a8-%d8%a7%d9%84%d9%84%d9%87-%d9%8a%d9%86%d9%81%d9%8a-%d8%b9%d9%84%d8%a7%d9%82%d8%aa%d9%87-%d8%a8%d8%ae%d9%84%d9%8a%d8%a9-%d8%ae%d8%b7%d8%b7%d8%aa,6,0.7664
https://www.aljazeera.net/news/2026/4/12/%d8%a7%d9%84%d8%a3%d9%85%d9%85-%d8%a7%d9%84%d9%85%d8%aa%d8%ad%d8%af%d8%a9-%d8%a7%d9%84%d8%b3%d9%88%d8%af%d8%a7%d9%86-%d9%8a%d9%88%d8%a7%d8%ac%d9%87-%d8%a3%d9%83%d8%a8%d8%b1-%d8%a3%d8%b2%d9%85%d8%a9,10,1.0
https://www.aljazeera.net/news/2026/4/12/%d8%a8%d9%8a%d9%86-%d8%a7%d9%84%d9%83%d8%a7%d8%b1%d8%ab%d8%a9-%d8%a7%d9%84%d8%a5%d9%86%d8%b3%d8%a7%d9%86%d9%8a%d8%a9-%d9%88%d8%a7%d9%84%d8%a8%d9%8a%d8%a6%d9%8a%d8%a9-%d9%84%d9%85%d8%a7%d8%b0%d8%a7,-1,0.0
https://www.aljazeera.net/news/2026/4/12/%d8%aa%d8%b1%d8%a7%d8%ac%d8%b9-%d9%86%d8%a7%d9%82%d9%84%d8%aa%d9%8a%d9%86-%d8%a8%d8%a7%d9%83%d8%b3%d8%aa%d8%a7%d9%86%d9%8a%d8%aa%d9%8a%d9%86-%d8%b9%d9%86-%d8%b9%d8%a8%d9%88%d8%b1,0,1.0
https://www.aljazeera.net/news/2026/4/12/%d9%87%d9%84-%d8%a3%d9%85%d8%b1%d9%8a%d9%83%d8%a7-%d9%82%d8%a7%d8%af%d8%b1%d8%a9-%d8%b9%d9%84%d9%89-%d9%81%d8%b1%d8%b6-%d8%ad%d8%b5%d8%a7%d8%b1-%d8%a8%d8%ad%d8%b1%d9%8a-%d8%b9%d9%84%d9%89,0,1.0
https://www.aljazeera.net/news/2026/4/12/%d9%84%d8%a8%d9%86%d8%a7%d9%86-14-%d9%82%d8%aa%d9%8a%d9%84%d8%a7-%d8%a8%d8%ba%d8%a7%d8%b1%d8%a7%d8%aa-%d8%a5%d8%b3%d8%b1%d8%a7%d8%a6%d9%8a%d9%84%d9%8a%d8%a9-%d9%88%d8%ad%d8%b2%d8%a8,2,1.0
https://www.aljazeera.net/news/2026/4/12/%d8%a5%d8%b6%d8%b1%d8%a7%d8%a8-%d9%81%d9%8a-%d9%85%d8%b5%d9%86%d8%b9-%d8%b0%d8%ae%d9%8a%d8%b1%d8%a9-%d9%82%d8%af-%d9%8a%d8%aa%d8%b1%d9%83-%d8%a7%d9%84%d8%ac%d9%86%d9%88%d8%af,0,0.9344
https://www.aljazeera.net/news/2026/4/12/%d9%86%d8%aa%d9%86%d9%8a%d8%a7%d9%87%d9%88-%d9%8a%d8%ad%d8%af%d8%af-%d8%ae%d8%b5%d9%88%d9%85%d9%87-%d8%b9%d9%84%d9%89-%d8%ae%d8%b1%d9%8a%d8%b7%d8%a9-%d8%a7%d9%84%d8%b4%d8%b1%d9%82,19,1.0
https://www.aljazeera.net/news/2026/4/12/%d8%a7%d9%86%d8%aa%d8%b5%d8%a7%d8%b1%d8%a7%d8%aa-%d8%af%d9%8a%d9%85%d9%82%d8%b1%d8%a7%d8%b7%d9%8a%d8%a9-%d8%aa%d9%86%d8%b9%d8%b4-%d8%a2%d9%85%d8%a7%d9%84-%d8%a7%d9%84%d9%85%d9%88%d8%ac%d8%a9,0,0.9965
https://www.aljazeera.net/news/2026/4/12/4-%d8%a3%d8%b3%d8%a6%d9%84%d8%a9-%d9%84%d9%81%d9%87%d9%85-%d8%a7%d9%84%d8%a7%d9%86%d8%aa%d8%ae%d8%a7%d8%a8%d8%a7%d8%aa-%d8%a7%d9%84%d8%b1%d8%a6%d8%a7%d8%b3%d9%8a%d8%a9-%d9%81%d9%8a,5,1.0
https://www.aljazeera.net/news/2026/4/12/%d8%b9%d8%a7%d8%ac%d9%84-%d8%aa%d8%b1%d9%85%d8%a8-%d8%a5%d9%8a%d8%b1%d8%a7%d9%86-%d9%88%d8%b9%d8%af%d8%aa-%d8%a8%d9%81%d8%aa%d8%ad-%d9%85%d8%b6%d9%8a%d9%82-%d9%87%d8%b1%d9%85%d8%b2,0,0.9332
https://www.aljazeera.net/news/2026/4/12/%d9%85%d9%81%d8%a7%d9%88%d8%b6%d8%a7%d8%aa-%d8%a5%d8%b3%d9%84%d8%a7%d9%85-%d8%a2%d8%a8%d8%a7%d8%af-%d9%85%d8%a7-%d9%86%d8%b9%d8%b1%d9%81%d9%87-%d8%b9%d9%86,0,1.0
https://www.aljazeera.net/news/2026/4/12/%d9%81%d9%8a-%d8%b9%d9%8a%d8%af-%d8%a7%d9%84%d8%b4%d9%87%d8%af%d8%a7%d8%a1-%d9%85%d8%b8%d8%a7%d9%87%d8%b1%d8%a9-%d9%81%d9%8a-%d8%aa%d9%88%d9%86%d8%b3-%d9%84%d9%84%d9%85%d8%b7%d8%a7%d9%84%d8%a8%d8%a9,-1,0.0
https://www.aljazeera.net/news/2026/4/12/%d8%a7%d9%84%d8%b6%d9%81%d8%a9-%d8%a7%d9%84%d8%ba%d8%b1%d8%a8%d9%8a%d8%a9-%d8%ad%d9%8a%d8%a7%d8%a9-%d9%85%d8%b9%d9%84%d9%82%d8%a9-%d8%b9%d9%84%d9%89-%d8%a7%d9%84%d8%ad%d9%88%d8%a7%d8%ac%d8%b2,15,0.5689
https://www.aljazeera.net/news/2026/4/12/%d8%a7%d9%84%d9%85%d8%ac%d8%b1-%d8%b3%d8%a7%d8%ad%d8%a9-%d8%b5%d8%b1%d8%a7%d8%b9-%d8%aa%d8%aa%d9%82%d8%a7%d8%b7%d8%b9-%d9%81%d9%8a%d9%87%d8%a7-%d9%85%d8%b5%d8%a7%d9%84%d8%ad,-1,0.0
https://www.aljazeera.net/news/2026/4/12/%d8%b7%d9%88%d8%a7%d8%a8%d9%8a%d8%b1-%d8%a7%d9%84%d8%ac%d9%88%d8%b9-%d9%81%d9%8a-%d8%ba%d8%b2%d8%a9-%d8%b1%d8%ba%d9%8a%d9%81-%d8%a7%d9%84%d8%ae%d8%a8%d8%b2-%d9%8a%d8%aa%d8%ad%d9%88%d9%84,3,1.0
https://www.aljazeera.net/news/2026/4/12/%d8%a7%d9%84%d8%ac%d8%b2%d9%8a%d8%b1%d8%a9-2-%d8%ae%d8%af%d9%85%d8%a9-%d8%a5%d8%ae%d8%a8%d8%a7%d8%b1%d9%8a%d8%a9-%d8%ac%d8%af%d9%8a%d8%af%d8%a9-%d9%84%d8%ac%d9%85%d9%87%d9%88%d8%b1,-1,0.0
https://www.aljazeera.net/news/2026/4/12/%d8%a5%d8%b3%d8%b1%d8%a7%d8%a6%d9%8a%d9%84-%d8%aa%d8%ad%d8%af%d8%ab-%d8%a8%d9%86%d9%83-%d8%a7%d9%84%d8%a3%d9%87%d8%af%d8%a7%d9%81-%d8%a7%d8%b3%d8%aa%d8%b9%d8%af%d8%a7%d8%af%d8%a7,-1,0.0
https://www.aljazeera.net/news/2026/4/12/%d8%b9%d9%85%d8%a7%d9%86-%d8%aa%d8%af%d8%b9%d9%88-%d9%88%d8%a7%d8%b4%d9%86%d8%b7%d9%86-%d9%88%d8%b7%d9%87%d8%b1%d8%a7%d9%86-%d8%a5%d9%84%d9%89-%d8%aa%d9%82%d8%af%d9%8a%d9%85,0,1.0
https://www.aljazeera.net/news/2026/4/12/%d8%ac%d8%b1%d8%a7%d8%ad%d8%a9-%d9%81%d9%88%d9%82-%d8%ad%d9%82%d9%84-%d8%a3%d9%84%d8%ba%d8%a7%d9%85-%d9%83%d9%8a%d9%81-%d8%aa%d8%ae%d8%b7%d8%b7-%d9%88%d8%a7%d8%b4%d9%86%d8%b7%d9%86,0,1.0
https://www.aljazeera.net/news/2026/4/12/%d9%81%d9%8a-%d8%a3%d9%8a%d8%b1%d9%84%d9%86%d8%af%d8%a7-%d9%85%d8%aa%d8%b8%d8%a7%d9%87%d8%b1-%d9%8a%d8%b9%d8%aa%d9%84%d9%8a-%d8%ac%d9%86%d8%a7%d8%ad-%d8%b7%d8%a7%d8%a6%d8%b1%d8%a9,18,0.9333
https://www.aljazeera.net/news/2026/4/12/%d9%84%d8%a7%d8%a6%d8%ad%d8%a9-%d8%a7%d8%aa%d9%87%d8%a7%d9%85-%d8%aa%d8%b1%d9%83%d9%8a%d8%a9-%d8%aa%d8%b4%d8%b9%d9%84-%d9%85%d9%88%d8%a7%d8%ac%d9%87%d8%a9-%d8%b3%d9%8a%d8%a7%d8%b3%d9%8a%d8%a9,16,1.0
https://www.aljazeera.net/news/2026/4/12/%d8%a7%d8%ad%d8%aa%d8%ac%d8%a7%d8%ac%d8%a7-%d8%b9%d9%84%d9%89-%d9%87%d8%ac%d9%85%d8%a7%d8%aa-%d8%a7%d9%84%d9%85%d8%b3%d9%8a%d8%b1%d8%a7%d8%aa-%d8%a7%d9%84%d8%ae%d8%a7%d8%b1%d8%ac%d9%8a%d8%a9,4,0.2705
https://www.aljazeera.net/news/2026/4/12/%d8%a7%d9%84%d8%b1%d8%a6%d8%a7%d8%b3%d8%a9-%d8%a7%d9%84%d9%81%d9%84%d8%b3%d8%b7%d9%8a%d9%86%d9%8a%d8%a9-%d8%aa%d8%af%d9%8a%d9%86-%d8%a7%d9%82%d8%aa%d8%ad%d8%a7%d9%85-%d8%a8%d9%86,17,0.6747
https://www.aljazeera.net/news/2026/4/12/%d9%82%d8%a7%d8%b1%d8%a8-%d9%8a%d8%ad%d9%85%d9%84-%d9%85%d8%b3%d9%84%d8%ad%d9%8a%d9%86-%d9%8a%d8%af%d9%86%d9%88-%d9%85%d9%86-%d8%b3%d9%81%d9%8a%d9%86%d8%a9-%d9%82%d8%a8%d8%a7%d9%84%d8%a9,0,1.0
https://www.aljazeera.net/news/2026/4/12/%d8%a7%d9%84%d8%ad%d8%b1%d8%b3-%d8%a7%d9%84%d8%ab%d9%88%d8%b1%d9%8a-%d8%af%d9%88%d8%a7%d9%85%d8%a9-%d9%82%d8%a7%d8%aa%d9%84%d8%a9-%d8%aa%d9%86%d8%aa%d8%b8%d8%b1,0,0.9164
https://www.aljazeera.net/news/2026/4/12/%d9%87%d9%84-%d8%b9%d8%a8%d8%b1%d8%aa-%d9%85%d8%af%d9%85%d8%b1%d8%a7%d8%aa-%d8%a3%d9%85%d8%b1%d9%8a%d9%83%d9%8a%d8%a9-%d9%85%d8%b6%d9%8a%d9%82-%d9%87%d8%b1%d9%85%d8%b2,0,1.0
https://www.aljazeera.net/news/2026/4/12/%d9%86%d9%88%d8%a7%d9%81-%d8%b3%d9%84%d8%a7%d9%85-%d8%af%d9%88%d9%84%d8%a9-%d9%88%d8%a7%d8%ad%d8%af%d8%a9-%d9%82%d9%88%d9%8a%d8%a9-%d9%87%d9%8a-%d8%a7%d9%84%d8%ad%d9%85%d8%a7%d9%8a%d8%a9,8,0.5941
https://www.aljazeera.net/news/2026/4/12/%d8%a8%d8%b3%d8%aa%d8%b1%d8%a9-%d9%88%d8%a7%d9%82%d9%8a%d8%a9-%d9%88%d9%88%d8%b3%d8%b7-%d8%ac%d9%86%d9%88%d8%af%d9%87-%d9%86%d8%aa%d9%86%d9%8a%d8%a7%d9%87%d9%88-%d9%8a%d8%b2%d8%b9%d9%85-%d9%85%d9%86,-1,0.0
https://www.aljazeera.net/news/2026/4/12/%d9%87%d9%84-%d8%b4%d9%87%d8%af-%d9%87%d8%b1%d9%85%d8%b2-%d9%85%d9%88%d8%a7%d8%ac%d9%87%d8%a9-%d8%b9%d8%b3%d9%83%d8%b1%d9%8a%d8%a9-%d8%a8%d9%8a%d9%86-%d9%88%d8%a7%d8%b4%d9%86%d8%b7%d9%86,0,1.0
https://www.aljazeera.net/news/2026/4/12/%d8%aa%d9%87%d8%af%d9%8a%d8%af%d8%a7%d8%aa-%d8%ac%d8%af%d9%8a%d8%af%d8%a9-%d9%88%d8%aa%d8%a3%d9%87%d8%a8-%d8%a8%d9%85%d8%b6%d9%8a%d9%82-%d9%87%d8%b1%d9%85%d8%b2-%d9%87%d9%84,0,0.8807
https://www.aljazeera.net/news/2026/4/12/%d8%b9%d8%a7%d8%ac%d9%84-%d8%b1%d8%a6%d9%8a%d8%b3-%d8%a7%d9%84%d9%88%d8%b2%d8%b1%d8%a7%d8%a1-%d8%a7%d9%84%d9%85%d8%ac%d8%b1%d9%8a-%d8%a3%d9%88%d8%b1%d8%a8%d8%a7%d9%86-%d9%86%d8%aa%d9%8a%d8%ac%d8%a9,-1,0.0
https://www.aljazeera.net/news/2026/4/12/%d9%85%d8%b7%d9%85%d8%b9-%d9%86%d8%aa%d9%86%d9%8a%d8%a7%d9%87%d9%88-%d9%88%d8%b9%d9%82%d8%af%d8%a9-2006-%d9%85%d8%a7%d8%b0%d8%a7-%d9%8a%d8%ac%d8%b1%d9%8a-%d9%81%d9%8a-%d8%a8%d9%86%d8%aa,8,0.4582
https://www.aljazeera.net/news/2026/4/12/%d8%b5%d8%af%d9%85%d8%aa%d9%87%d8%a7-%d9%85%d9%8a%d8%b1%d9%83%d8%a7%d9%81%d8%a7-%d8%a7%d9%84%d9%8a%d9%88%d9%86%d9%8a%d9%81%d9%8a%d9%84-%d8%aa%d8%aa%d9%87%d9%85,-1,0.0
https://www.aljazeera.net/news/2026/4/12/6-%d9%86%d9%82%d8%a7%d8%b7-%d8%b4%d8%a7%d8%a6%d9%83%d8%a9-%d9%84%d9%85%d8%a7%d8%b0%d8%a7-%d9%81%d8%b4%d9%84%d8%aa-%d8%a7%d9%84%d9%85%d9%81%d8%a7%d9%88%d8%b6%d8%a7%d8%aa,0,1.0
https://www.aljazeera.net/news/2026/4/11/%d9%85%d8%a7-%d8%a7%d9%84%d8%b0%d9%8a-%d9%86%d8%b9%d8%b1%d9%81%d9%87-%d8%b9%d9%86-%d8%a7%d9%84%d9%85%d9%81%d8%a7%d9%88%d8%b6%d8%a7%d8%aa-%d8%a8%d9%8a%d9%86,0,1.0
https://www.aljazeera.net/news/liveblog/2026/4/11/%d8%ad%d8%b1%d8%a8-%d8%a5%d9%8a%d8%b1%d8%a7%d9%86-%d8%aa%d8%b1%d9%85%d8%a8-%d9%8a%d9%87%d8%af%d8%af-%d8%a8%d8%a7%d8%b3%d8%aa%d8%a6%d9%86%d8%a7%d9%81-%d8%a7%d9%84%d8%b6%d8%b1%d8%a8%d8%a7%d8%aa,-1,0.0
https://www.aljazeera.net/news/2026/4/11/%d9%84%d8%aa%d8%ad%d9%82%d9%8a%d9%82-%d8%a5%d9%86%d8%ac%d8%a7%d8%b2-%d9%84%d9%86%d8%aa%d9%86%d9%8a%d8%a7%d9%87%d9%88-%d8%a7%d9%84%d8%ac%d9%8a%d8%b4,-1,0.0
https://www.aljazeera.net/news/2026/4/11/%d9%88%d9%81%d8%af-%d8%a5%d9%8a%d8%b1%d8%a7%d9%86-%d8%a7%d9%84%d9%85%d9%81%d8%a7%d9%88%d8%b6-%d9%8a%d8%b5%d9%84-%d8%a5%d8%b3%d9%84%d8%a7%d9%85-%d8%a2%d8%a8%d8%a7%d8%af-%d8%b7%d9%87%d8%b1%d8%a7%d9%86,0,1.0
https://www.aljazeera.net/news/2026/4/11/%d8%aa%d8%b1%d9%85%d8%a8-%d9%8a%d8%aa%d9%88%d8%b9%d8%af-%d8%a5%d9%8a%d8%b1%d8%a7%d9%86-%d9%84%d8%a7-%d8%aa%d9%87%d8%af%d9%8a%d8%af-%d9%84%d9%84%d9%85%d9%84%d8%a7%d8%ad%d8%a9,0,0.9971
https://www.aljazeera.net/news/2026/4/11/%d9%85%d8%a4%d8%b3%d8%b3%d8%a9-%d8%a7%d9%84%d9%82%d8%af%d8%b3-%d8%aa%d8%ad%d8%b0%d8%b1-%d9%85%d9%86-%d8%ae%d8%b7%d9%88%d8%a9-%d8%aa%d8%ad%d9%83%d9%85-%d8%a5%d8%b3%d8%b1%d8%a7%d8%a6%d9%8a%d9%84,17,1.0
https://www.aljazeera.net/news/2026/4/11/%d9%84%d8%a8%d9%86%d8%a7%d9%86-%d9%8a%d8%ac%d8%b1%d9%8a-%d8%a3%d9%88%d9%84-%d8%a7%d8%aa%d8%b5%d8%a7%d9%84-%d9%85%d8%a8%d8%a7%d8%b4%d8%b1-%d9%85%d8%b9-%d8%a5%d8%b3%d8%b1%d8%a7%d8%a6%d9%8a%d9%84,8,1.0
https://www.aljazeera.net/news/2026/4/11/%d8%b4%d8%a7%d9%87%d8%af-%d8%ad%d8%b7%d8%a7%d9%85-%d9%85%d9%82%d8%a7%d8%aa%d9%84%d8%aa%d9%8a%d9%86-%d8%a5%d9%8a%d8%b1%d8%a7%d9%86%d9%8a%d8%aa%d9%8a%d9%86-%d8%a3%d8%b3%d9%82%d8%b7%d9%87%d9%85%d8%a7,-1,0.0
https://www.aljazeera.net/news/2026/4/11/%d9%88%d9%88%d9%84-%d8%b3%d8%aa%d8%b1%d9%8a%d8%aa-%d8%ac%d9%88%d8%b1%d9%86%d8%a7%d9%84-%d8%a5%d9%8a%d8%b1%d8%a7%d9%86-%d8%aa%d8%ad%d8%aa%d9%81%d8%b8-%d8%a8%d9%82%d8%af%d8%b1%d8%a7%d8%aa,0,0.9091
https://www.aljazeera.net/news/2026/4/11/%d9%85%d8%ac%d9%84%d8%b3-%d8%a7%d9%84%d8%b3%d9%84%d8%a7%d9%85-%d8%a8%d8%b1%d8%a6%d8%a7%d8%b3%d8%a9-%d8%aa%d8%b1%d8%a7%d9%85%d8%a8-%d8%a7%d9%84%d8%aa%d9%85%d9%88%d9%8a%d9%84-%d9%84%d8%a7,0,0.8701
https://www.aljazeera.net/news/2026/4/11/%d9%83%d9%8a%d9%81-%d8%aa%d9%81%d8%a7%d8%b9%d9%84-%d8%a7%d9%84%d9%85%d8%ba%d8%b1%d8%af%d9%88%d9%86-%d9%85%d8%b9-%d9%83%d8%b4%d9%81-%d8%a7%d9%84%d9%87%d8%ac%d9%85%d8%a7%d8%aa-%d8%b9%d9%84%d9%89,-1,0.0
https://www.aljazeera.net/news/2026/4/11/%d8%b4%d8%a7%d9%87%d8%af-%d8%b1%d9%81%d8%a7%d9%82-%d8%b1%d8%ad%d9%84%d8%a9-%d9%82%d8%a7%d9%84%d9%8a%d8%a8%d8%a7%d9%81-%d8%a5%d9%84%d9%89-%d8%a5%d8%b3%d9%84%d8%a7%d9%85-%d8%a2%d8%a8%d8%a7%d8%af,0,1.0
https://www.aljazeera.net/news/2026/4/11/%d9%85%d8%b3%d8%a4%d9%88%d9%84%d9%88%d9%86-%d8%a3%d9%85%d8%b1%d9%8a%d9%83%d9%8a%d9%88%d9%86-%d9%8a%d9%83%d8%b4%d9%81%d9%88%d9%86-%d8%b3%d8%a8%d8%a8-%d8%b9%d8%af%d9%85-%d9%81%d8%aa%d8%ad,0,1.0
https://www.aljazeera.net/news/2026/4/11/%d8%b7%d8%a7%d9%82%d9%85-%d8%a3%d8%b1%d8%aa%d9%85%d9%8a%d8%b3-2-%d9%8a%d8%b9%d9%88%d8%af-%d8%a8%d8%b3%d9%84%d8%a7%d9%85-%d8%a8%d8%b9%d8%af-%d8%a3%d9%88%d9%84-%d8%aa%d8%ad%d9%84%d9%8a%d9%82,0,0.7607
https://www.aljazeera.net/news/2026/4/11/8-%d8%b4%d9%87%d8%af%d8%a7%d8%a1-%d9%81%d9%8a-%d9%82%d8%b5%d9%81-%d8%b9%d9%84%d9%89-%d9%88%d8%b3%d8%b7-%d8%ba%d8%b2%d8%a9-%d9%88%d8%a7%d9%84%d8%a3%d9%85%d9%85,3,1.0
https://www.aljazeera.net/news/2026/4/11/%d9%85%d8%a7-%d9%85%d9%88%d9%82%d9%81-%d8%a5%d8%b3%d8%b1%d8%a7%d8%a6%d9%8a%d9%84-%d9%85%d9%86-%d8%a7%d9%84%d9%85%d9%81%d8%a7%d9%88%d8%b6%d8%a7%d8%aa-%d8%a7%d9%84%d9%85%d8%b1%d8%aa%d9%82%d8%a8%d8%a9,19,1.0
https://www.aljazeera.net/news/2026/4/11/%d8%ba%d9%88%d8%aa%d9%8a%d8%b1%d9%8a%d8%b4-%d9%8a%d8%af%d8%b9%d9%88-%d9%88%d8%a7%d8%b4%d9%86%d8%b7%d9%86-%d9%88%d8%b7%d9%87%d8%b1%d8%a7%d9%86-%d9%84%d8%a7%d8%ba%d8%aa%d9%86%d8%a7%d9%85,0,1.0
https://www.aljazeera.net/news/2026/4/11/%d8%b4%d8%a7%d9%87%d8%af-%d8%a3%d8%b6%d8%b1%d8%a7%d8%b1-%d8%ac%d8%b3%d9%8a%d9%85%d8%a9-%d8%a3%d9%84%d8%ad%d9%82%d8%aa%d9%87%d8%a7-%d8%a5%d9%8a%d8%b1%d8%a7%d9%86-%d8%a8%d9%82%d8%a7%d8%b9%d8%af%d8%a9,-1,0.0
https://www.aljazeera.net/news/2026/4/11/%d9%88%d9%84%d8%a7%d9%8a%d8%a9-%d8%b3%d8%a7%d8%af%d8%b3%d8%a9-%d8%a5%d8%b9%d8%a7%d8%af%d8%a9-%d8%a7%d9%86%d8%aa%d8%ae%d8%a7%d8%a8-%d8%a5%d8%b3%d9%85%d8%a7%d8%b9%d9%8a%d9%84-%d8%b9%d9%85%d8%b1,5,0.7293
https://www.aljazeera.net/news/2026/4/11/%d8%a7%d8%b3%d8%aa%d8%ae%d8%a8%d8%a7%d8%b1%d8%a7%d8%aa-%d8%a3%d9%85%d8%b1%d9%8a%d9%83%d9%8a%d8%a9-%d8%a7%d9%84%d8%b5%d9%8a%d9%86-%d8%aa%d8%b3%d8%aa%d8%b9%d8%af-%d9%84%d8%a5%d8%b1%d8%b3%d8%a7%d9%84,0,0.7684
https://www.aljazeera.net/news/2026/4/11/%d8%a8%d9%8a%d9%86-%d8%b1%d8%af%d9%85-%d8%a7%d9%84%d8%ad%d9%81%d8%b1-%d9%88%d8%a7%d9%84%d8%a5%d9%86%d8%ac%d8%a7%d8%b2%d8%a7%d8%aa-100-%d9%8a%d9%88%d9%85-%d9%84%d8%b2%d9%87%d8%b1%d8%a7%d9%86,0,0.8553
https://www.aljazeera.net/news/2026/4/11/%d8%a8%d8%a7%d8%b1%d8%aa%d9%81%d8%a7%d8%b9-76-%d9%85%d8%aa%d8%b1%d8%a7-%d9%88%d9%85%d8%b2%d9%8a%d9%86-%d8%a8%d8%a7%d9%84%d8%b0%d9%87%d8%a8-%d8%a5%d8%af%d8%a7%d8%b1%d8%a9-%d8%aa%d8%b1%d9%85%d8%a8,0,0.8975
https://www.aljazeera.net/news/2026/4/11/%d8%aa%d8%b1%d9%85%d8%a8-%d9%8a%d9%84%d9%82%d9%8a-%d8%a8%d8%ab%d9%82%d9%84%d9%87-%d8%a7%d9%84%d8%a7%d9%82%d8%aa%d8%b5%d8%a7%d8%af%d9%8a-%d8%ae%d9%84%d9%81-%d8%a3%d9%88%d8%b1%d8%a8%d8%a7%d9%86,-1,0.0
https://www.aljazeera.net/news/2026/4/11/%d8%aa%d8%b1%d8%ac%d9%8a%d8%ad-%d8%a8%d8%a7%d9%83%d8%b3%d8%aa%d8%a7%d9%86%d9%8a-%d8%a8%d9%85%d9%81%d8%a7%d9%88%d8%b6%d8%a7%d8%aa-%d9%85%d8%a8%d8%a7%d8%b4%d8%b1%d8%a9-%d8%a8%d9%8a%d9%86,0,1.0
https://www.aljazeera.net/news/2026/4/11/%d8%a8%d9%85%d9%86%d8%a7%d8%b3%d8%a8%d8%a9-%d8%b9%d9%8a%d8%af-%d8%a7%d9%84%d9%81%d8%b5%d8%ad-%d9%87%d8%af%d9%86%d8%a9-%d9%84%d9%80-32-%d8%b3%d8%a7%d8%b9%d8%a9-%d8%a8%d9%8a%d9%86,12,1.0
https://www.aljazeera.net/news/2026/4/11/%d8%b2%d8%b9%d9%8a%d9%85-%d9%85%d8%a7%d9%81%d9%8a%d8%a7-%d9%88%d8%aa%d9%82%d9%84%d9%8a%d8%af-%d8%b3%d8%a7%d8%ae%d8%b1-%d9%83%d9%8a%d9%81-%d8%a3%d8%b4%d8%b9%d9%84%d8%aa,0,1.0
https://www.aljazeera.net/news/2026/4/11/%d8%ba%d8%a7%d8%b1%d8%a7%d8%aa-%d8%a5%d8%b3%d8%b1%d8%a7%d8%a6%d9%8a%d9%84%d9%8a%d8%a9-%d8%af%d8%a7%d9%85%d9%8a%d8%a9-%d8%b9%d9%84%d9%89-%d8%a7%d9%84%d9%86%d8%a8%d8%b7%d9%8a%d8%a9,2,1.0
https://www.aljazeera.net/news/2026/4/11/%d8%b9%d9%84%d9%89-%d8%ad%d8%a7%d9%81%d8%a9-%d8%a7%d9%84%d8%a7%d9%86%d9%81%d8%ac%d8%a7%d8%b1-%d8%a5%d8%b3%d9%84%d8%a7%d9%85-%d8%a3%d8%a8%d8%a7%d8%af-%d8%aa%d8%b3%d8%aa%d8%b6%d9%8a%d9%81,0,1.0
https://www.aljazeera.net/news/2026/4/11/%d9%87%d9%84-%d8%aa%d9%81%d8%aa%d8%ad-%d9%86%d8%a7%d9%85%d9%8a%d8%a8%d9%8a%d8%a7-%d8%a8%d8%a7%d8%a8-%d8%a7%d9%84%d8%b9%d8%af%d8%a7%d9%84%d8%a9,5,0.5593
https://www.aljazeera.net/news/2026/4/11/%d9%82%d9%88%d8%a7%d8%aa-%d8%a5%d8%b3%d8%b1%d8%a7%d8%a6%d9%8a%d9%84%d9%8a%d8%a9-%d8%aa%d8%aa%d9%88%d8%ba%d9%84-%d9%81%d9%8a-%d8%af%d8%b1%d8%b9%d8%a7,6,0.6735
https://www.aljazeera.net/news/2026/4/11/%d9%82%d8%a7%d9%86%d9%88%d9%86-%d8%a5%d8%b9%d8%af%d8%a7%d9%85-%d8%a7%d9%84%d8%a3%d8%b3%d8%b1%d9%89-%d9%8a%d8%b9%d9%8a%d8%af-%d8%aa%d8%b4%d9%83%d9%8a%d9%84-%d8%b9%d9%84%d8%a7%d9%82%d8%a9,14,1.0
https://www.aljazeera.net/news/2026/4/11/%d8%b1%d9%88%d9%8a%d8%aa%d8%b1%d8%b2-%d8%a7%d9%84%d9%85%d8%b1%d8%b4%d8%af-%d8%a7%d9%84%d8%a3%d8%b9%d9%84%d9%89-%d8%a7%d9%84%d8%a5%d9%8a%d8%b1%d8%a7%d9%86%d9%8a-%d8%a7%d9%84%d8%ac%d8%af%d9%8a%d8%af,7,0.7962
https://www.aljazeera.net/news/2026/4/11/%d9%84%d8%a8%d9%86%d8%a7%d9%86-%d9%8a%d8%b4%d9%8a%d8%b9-13-%d9%85%d9%86-%d8%b9%d9%86%d8%a7%d8%b5%d8%b1-%d8%a7%d9%84%d8%a3%d9%85%d9%86-%d9%82%d8%aa%d9%84%d9%88%d8%a7,2,0.797
https://www.aljazeera.net/news/2026/4/11/%d8%b3%d9%81%d9%86-%d8%aa%d8%aa%d8%ac%d9%87-%d9%86%d8%ad%d9%88-%d9%85%d8%b6%d9%8a%d9%82-%d9%87%d8%b1%d9%85%d8%b2-%d9%82%d8%a8%d9%8a%d9%84-%d8%a7%d9%86%d8%b7%d9%84%d8%a7%d9%82,0,1.0
https://www.aljazeera.net/news/2026/4/11/%d9%84%d9%85%d8%a7%d8%b0%d8%a7-%d8%aa%d8%b3%d8%aa%d9%85%d9%8a%d8%aa-%d8%a5%d8%b3%d8%b1%d8%a7%d8%a6%d9%8a%d9%84-%d9%84%d9%84%d8%b3%d9%8a%d8%b7%d8%b1%d8%a9-%d8%b9%d9%84%d9%89-%d8%a8%d9%86%d8%aa,2,0.6041
https://www.aljazeera.net/news/2026/4/11/750-%d8%a3%d8%b3%d8%b1%d8%a9-%d9%81%d9%8a-%d9%85%d8%ae%d9%8a%d9%85-%d8%a7%d9%84%d8%a8%d8%b1%d8%ac-%d8%aa%d9%88%d8%a7%d8%ac%d9%87-%d8%a7%d9%84%d8%b9%d8%b7%d8%b4,3,1.0
https://www.aljazeera.net/news/2026/4/11/%d9%82%d9%88%d8%a9-%d8%a8%d8%a7%d9%83%d8%b3%d8%aa%d8%a7%d9%86%d9%8a%d8%a9-%d8%aa%d8%b6%d9%85-%d9%85%d9%82%d8%a7%d8%aa%d9%84%d8%a7%d8%aa-%d8%aa%d8%b5%d9%84-%d8%a5%d9%84%d9%89,0,1.0
https://www.aljazeera.net/news/2026/4/11/%d8%a7%d9%84%d8%a8%d8%a7%d8%a8%d8%a7-%d9%84%d8%a7%d9%88%d9%88%d9%86-%d9%8a%d8%a8%d8%af%d8%a3-%d8%a7%d9%84%d8%a7%d8%ab%d9%86%d9%8a%d9%86-%d9%85%d9%86-%d8%a7%d9%84%d8%ac%d8%b2%d8%a7%d8%a6%d8%b1,-1,0.0
https://www.aljazeera.net/news/2026/4/11/%d9%85%d9%86-%d8%af%d8%a7%d9%81%d9%88%d8%b3-%d8%a5%d9%84%d9%89-%d8%a5%d8%b3%d9%84%d8%a7%d9%85-%d8%a2%d8%a8%d8%a7%d8%af-%d9%82%d8%a7%d9%84%d9%8a%d8%a8%d8%a7%d9%81-%d9%85%d9%86,0,1.0
https://www.aljazeera.net/news/2026/4/11/%d8%a8%d8%b9%d8%af-%d8%a7%d9%86%d8%aa%d9%82%d8%a7%d8%af%d8%a7%d8%aa-%d8%aa%d8%b1%d8%a7%d9%85%d8%a8-%d8%a8%d8%b1%d9%8a%d8%b7%d8%a7%d9%86%d9%8a%d8%a7-%d8%aa%d8%b9%d9%84%d9%82,0,1.0
https://www.aljazeera.net/news/2026/4/11/%d8%a7%d9%84%d8%af%d8%ae%d9%88%d9%84-%d9%84%d8%a3%d8%b5%d8%ad%d8%a7%d8%a8-%d8%a7%d9%84%d8%a3%d8%b3%d8%a7%d9%88%d8%b1-%d9%81%d9%82%d8%b7-%d9%87%d9%83%d8%b0%d8%a7-%d9%86%d8%ba%d8%b5,17,1.0
https://www.aljazeera.net/news/2026/4/11/%d8%b1%d8%a6%d9%8a%d8%b3-%d9%83%d9%88%d8%b1%d9%8a%d8%a7-%d8%a7%d9%84%d8%ac%d9%86%d9%88%d8%a8%d9%8a%d8%a9-%d9%8a%d8%b9%d9%8a%d8%af-%d9%86%d8%b4%d8%b1-%d9%81%d9%8a%d8%af%d9%8a%d9%88,-1,0.0
https://www.aljazeera.net/news/2026/4/11/%d8%b4%d8%a7%d9%87%d8%af-%d8%aa%d9%81%d8%a7%d8%b5%d9%8a%d9%84-%d8%b6%d8%a8%d8%b7-%d8%ae%d9%84%d9%8a%d8%aa%d9%8a%d9%86-%d8%aa%d8%a7%d8%a8%d8%b9%d8%aa%d9%8a%d9%86-%d9%84%d9%84%d8%ad%d8%b1%d8%b3,-1,0.0
https://www.aljazeera.net/news/2026/4/11/%d8%b9%d8%a7%d8%ac%d9%84-%d8%aa%d8%b1%d9%85%d8%a8-%d8%a8%d8%af%d8%a3%d9%86%d8%a7-%d8%a7%d9%84%d8%a2%d9%86-%d8%aa%d8%b7%d9%87%d9%8a%d8%b1-%d9%85%d8%b6%d9%8a%d9%82-%d9%87%d8%b1%d9%85%d8%b2,0,0.9842
https://www.aljazeera.net/news/2026/4/11/%d8%b3%d8%ad%d9%82%d8%aa%d9%87%d8%a7-%d8%a7%d9%84%d8%af%d8%a8%d8%a7%d8%a8%d8%a7%d8%aa-%d8%af%d9%85%d8%a7%d8%b1-%d9%8a%d8%b7%d8%a7%d9%84-%d9%86%d8%ad%d9%88-80-%d9%85%d9%86,3,1.0
https://www.aljazeera.net/news/2026/4/11/%d9%85%d9%86-%d8%a8%d9%88%d8%b4-%d8%a5%d9%84%d9%89-%d8%a8%d8%a7%d8%aa%d8%b1%d9%8a%d9%88%d8%aa-%d8%b1%d8%b3%d8%a7%d8%a6%d9%84-%d9%88%d8%a7%d8%b4%d9%86%d8%b7%d9%86,0,0.72
https://www.aljazeera.net/news/2026/4/11/%d9%88%d8%ac%d9%87%d8%a7-%d9%84%d9%88%d8%ac%d9%87-%d8%a8%d8%af%d8%a1-%d8%a7%d9%84%d9%85%d8%ad%d8%a7%d8%af%d8%ab%d8%a7%d8%aa-%d8%a7%d9%84%d8%ab%d9%84%d8%a7%d8%ab%d9%8a%d8%a9-%d8%a8%d9%8a%d9%86,0,1.0
https://www.aljazeera.net/news/2026/4/11/%d9%85%d8%b3%d8%a4%d9%88%d9%84-%d8%a5%d9%8a%d8%b1%d8%a7%d9%86%d9%8a-%d9%85%d8%b3%d8%aa%d9%88%d9%89-%d9%88%d9%81%d8%af%d9%86%d8%a7-%d9%81%d9%8a-%d9%85%d8%ad%d8%a7%d8%af%d8%ab%d8%a7%d8%aa,0,1.0
https://www.aljazeera.net/news/2026/4/11/%d8%a8%d8%b9%d8%af-%d8%aa%d8%a3%d8%ac%d9%8a%d9%84-%d9%84%d9%85%d8%b1%d8%aa%d9%8a%d9%86-%d8%a7%d9%84%d9%86%d9%88%d8%a7%d8%a8-%d8%a7%d9%84%d8%b9%d8%b1%d8%a7%d9%82%d9%8a-%d9%8a%d8%b9%d9%82%d8%af,-1,0.0
https://www.aljazeera.net/news/2026/4/11/%d9%83%d9%8a%d9%85-%d9%8a%d8%b9%d9%84%d9%86-%d8%af%d8%b9%d9%85%d9%87-%d9%85%d8%b3%d8%a7%d8%b9%d9%8a-%d8%a7%d9%84%d8%b5%d9%8a%d9%86-%d9%86%d8%ad%d9%88-%d8%b9%d8%a7%d9%84%d9%85,-1,0.0
https://www.aljazeera.net/news/2026/4/11/%d9%84%d8%a8%d9%86%d8%a7%d9%86-%d9%86%d9%8a%d8%b1%d8%a7%d9%86-%d9%81%d9%8a-%d8%a7%d9%84%d8%ac%d9%86%d9%88%d8%a8-%d9%88%d8%ad%d9%88%d8%a7%d8%b1-%d9%81%d9%8a-%d9%88%d8%a7%d8%b4%d9%86%d8%b7%d9%86,2,0.5654
https://www.aljazeera.net/news/2026/4/11/%d8%b4%d8%a7%d9%87%d8%af-%d8%ad%d8%b2%d8%a8-%d8%a7%d9%84%d9%84%d9%87-%d9%8a%d8%b3%d8%aa%d9%87%d8%af%d9%81-%d9%85%d9%86%d8%b2%d9%84%d8%a7-%d9%8a%d8%aa%d8%ad%d8%b5%d9%86-%d8%a8%d9%87,2,0.7193
https://www.aljazeera.net/news/2026/4/11/%d8%b4%d8%a7%d9%87%d8%af-%d9%83%d9%8a%d9%81-%d8%ad%d8%a7%d9%88%d9%84%d8%aa-%d8%a5%d9%8a%d8%b1%d8%a7%d9%86-%d8%a7%d8%ae%d8%aa%d8%b1%d8%a7%d9%82-%d8%b3%d9%85%d8%a7%d8%a1-%d9%82%d8%b7%d8%b1,-1,0.0
https://www.aljazeera.net/news/2026/4/11/%d9%84%d9%85%d8%a7%d8%b0%d8%a7-%d8%aa%d8%ae%d8%b4%d9%89-%d8%a5%d8%b3%d8%b1%d8%a7%d8%a6%d9%8a%d9%84-%d8%ae%d8%b3%d8%a7%d8%b1%d8%a9-%d8%a3%d9%88%d8%b1%d8%a8%d8%a7%d9%86,-1,0.0
https://www.aljazeera.net/news/2026/4/11/%d9%85%d8%b3%d8%a4%d9%88%d9%84-%d8%a5%d9%8a%d8%b1%d8%a7%d9%86%d9%8a-%d8%a7%d9%84%d9%85%d9%81%d8%a7%d9%88%d8%b6%d8%a7%d8%aa-%d8%a7%d9%84%d8%ab%d9%84%d8%a7%d8%ab%d9%8a%d8%a9,0,1.0
https://www.aljazeera.net/news/2026/4/11/%d8%a8%d8%a7%d8%b1%d9%8a-%d8%b1%d9%88%d8%b2%d9%8a%d9%86-%d9%85%d9%86-%d8%b3%d8%ac%d9%8a%d9%86-%d9%84%d8%af%d9%89-%d8%b7%d9%87%d8%b1%d8%a7%d9%86-%d8%a5%d9%84%d9%89-%d8%b7%d8%a7%d9%88%d9%84%d8%a9,0,1.0
https://www.aljazeera.net/news/2026/4/11/%d8%a8%d8%a7%d9%83%d8%b3%d8%aa%d8%a7%d9%86-%d8%aa%d8%b3%d8%aa%d8%b6%d9%8a%d9%81-%d8%a7%d9%84%d9%85%d9%81%d8%a7%d9%88%d8%b6%d8%a7%d8%aa-%d9%81%d9%83%d9%8a%d9%81-%d8%b9%d9%84%d9%82,0,1.0
https://www.aljazeera.net/news/2026/4/11/%d8%b3%d9%88%d8%b1%d9%8a%d8%a7-%d8%a5%d8%b5%d8%a7%d8%a8%d8%a7%d8%aa-%d8%a8%d8%a7%d9%86%d9%81%d8%ac%d8%a7%d8%b1-%d9%82%d9%86%d8%a8%d9%84%d8%a9-%d9%81%d9%8a-%d8%ad%d9%84%d8%a8-%d9%88%d8%b6%d8%a8%d8%b7,6,1.0
https://www.aljazeera.net/news/2026/4/11/%d9%86%d9%8a%d9%88%d9%8a%d9%88%d8%b1%d9%83-%d8%aa%d8%a7%d9%8a%d9%85%d8%b2-%d8%aa%d9%83%d8%b4%d9%81-%d8%a3%d8%af%d9%88%d8%a7%d8%b1-%d8%b3%d8%b1%d9%8a%d8%a9-%d9%84%d9%84%d8%b5%d9%8a%d9%86,0,0.7344
https://www.aljazeera.net/news/2026/4/11/%d8%b4%d8%a7%d9%87%d8%af-%d9%85%d9%86%d8%b4%d8%a2%d8%aa-%d9%88%d8%a3%d8%ad%d9%8a%d8%a7%d8%a1-%d9%85%d8%af%d9%86%d9%8a%d8%a9-%d9%82%d8%b7%d8%b1%d9%8a%d8%a9,-1,0.0
https://www.aljazeera.net/news/2026/4/11/%d8%aa%d8%b8%d8%a7%d9%87%d8%b1%d8%a9-%d9%81%d9%8a-%d8%a7%d9%84%d8%b3%d9%88%d9%8a%d8%af%d8%a7%d8%a1-%d8%aa%d8%b1%d9%81%d8%b9-%d8%b5%d9%88%d8%b1%d8%a9-%d9%86%d8%aa%d9%86%d9%8a%d8%a7%d9%87%d9%88,6,0.6149
https://www.aljazeera.net/news/2026/4/11/%d8%a7%d8%b9%d8%aa%d9%82%d8%a7%d9%84-92-%d8%b4%d8%ae%d8%b5%d8%a7-%d8%a8%d8%a7%d8%ad%d8%aa%d8%ac%d8%a7%d8%ac-%d8%af%d8%a7%d8%b9%d9%85-%d9%84%d9%80%d9%81%d9%84%d8%b3%d8%b7%d9%8a%d9%86,16,1.0
https://www.aljazeera.net/news/2026/4/11/%d8%b9%d9%84%d9%89-%d8%ae%d9%84%d9%81%d9%8a%d8%a9-%d8%ad%d8%b1%d8%a8-%d8%a5%d9%8a%d8%b1%d8%a7%d9%86-%d9%87%d9%84-%d8%a8%d8%af%d8%a3-%d8%a7%d9%84%d8%a7%d9%86%d9%82%d9%84%d8%a7%d8%a8,0,0.9104
https://www.aljazeera.net/news/2026/4/11/8-%d8%b4%d9%87%d8%af%d8%a7%d8%a1-%d8%a8%d8%ba%d8%b2%d8%a9-%d9%88%d8%a7%d9%84%d8%b6%d9%81%d8%a9-%d8%a7%d9%84%d9%8a%d9%88%d9%85-%d9%88%d8%ad%d9%85%d8%a7%d8%b3-%d8%aa%d8%af%d8%b9%d9%88,15,1.0
https://www.aljazeera.net/news/2026/4/11/%d8%a8%d8%a7%d8%a8%d8%a7-%d8%a7%d9%84%d9%81%d8%a7%d8%aa%d9%8a%d9%83%d8%a7%d9%86-%d9%84%d9%82%d8%a7%d8%af%d8%a9-%d8%a7%d9%84%d8%b9%d8%a7%d9%84%d9%85-%d9%83%d9%81%d9%89,-1,0.0
https://www.aljazeera.net/news/2026/4/11/%d8%ad%d8%b2%d8%a8-%d8%a7%d9%84%d9%84%d9%87-%d9%88%d8%a3%d9%85%d9%84-%d9%8a%d8%af%d8%b9%d9%88%d8%a7%d9%86-%d9%84%d9%88%d9%82%d9%81-%d8%a7%d9%84%d8%aa%d8%b8%d8%a7%d9%87%d8%b1%d8%a7%d8%aa,8,1.0
https://www.aljazeera.net/news/2026/4/10/%d8%b9%d8%a7%d8%ac%d9%84-%d9%88%da%a9%d8%a7%d9%84%d8%a9-%d8%a5%d8%b1%d9%86%d8%a7-%d9%88%d9%81%d8%a7%d8%a9-%d9%83%d9%85%d8%a7%d9%84-%d8%ae%d8%b1%d8%a7%d8%b2%d9%8a-%d8%b1%d8%a6%d9%8a%d8%b3,7,0.7986
https://www.aljazeera.net/news/2026/4/10/%d8%a7%d9%84%d9%88%d9%81%d9%88%d8%af-%d8%a7%d9%84%d9%85%d8%b4%d8%a7%d8%b1%d9%83%d8%a9-%d9%81%d9%8a-%d9%85%d9%81%d8%a7%d9%88%d8%b6%d8%a7%d8%aa-%d8%a5%d8%b3%d9%84%d8%a7%d9%85-%d8%a2%d8%a8%d8%a7%d8%af,0,1.0
https://www.aljazeera.net/news/2026/4/10/%d8%a7%d9%84%d8%ac%d8%b2%d9%8a%d8%b1%d8%a9-%d8%aa%d9%83%d8%b4%d9%81-%d8%aa%d9%81%d8%a7%d8%b5%d9%8a%d9%84-%d8%a7%d8%ba%d8%aa%d8%b5%d8%a7%d8%a8-%d9%85%d8%ac%d9%86%d8%af%d8%a7%d8%aa,-1,0.0
https://www.aljazeera.net/news/2026/4/10/%d8%aa%d8%ad%d8%b0%d9%8a%d8%b1-%d8%a5%d9%8a%d8%b1%d8%a7%d9%86%d9%8a-%d9%88%d8%aa%d8%b4%d9%83%d9%8a%d9%83-%d8%a5%d8%b3%d8%b1%d8%a7%d8%a6%d9%8a%d9%84%d9%8a-%d9%82%d8%a8%d9%84,0,1.0
https://www.aljazeera.net/news/2026/4/10/%d8%aa%d8%b1%d9%85%d8%a8-%d9%8a%d8%ad%d8%b0%d8%b1-%d8%a5%d9%8a%d8%b1%d8%a7%d9%86-%d9%85%d9%86-%d9%81%d8%b1%d8%b6-%d8%b1%d8%b3%d9%88%d9%85-%d8%a8%d9%85%d8%b6%d9%8a%d9%82-%d9%87%d8%b1%d9%85%d8%b2,0,1.0
https://www.aljazeera.net/news/2026/4/10/%d8%a8%d9%88%d8%aa%d9%8a%d9%86-%d9%8a%d8%b9%d9%84%d9%86-%d9%87%d8%af%d9%86%d8%a9-%d9%85%d8%a4%d9%82%d8%aa%d8%a9-%d9%81%d9%8a-%d8%a3%d9%88%d9%83%d8%b1%d8%a7%d9%86%d9%8a%d8%a7,12,1.0
https://www.aljazeera.net/news/2026/4/10/%d8%ba%d8%b2%d8%a9-%d8%aa%d8%aa%d9%87%d9%85-%d9%85%d9%84%d8%a7%d8%af%d9%8a%d9%86%d9%88%d9%81-%d8%a8%d8%a7%d9%84%d8%aa%d8%b6%d9%84%d9%8a%d9%84-%d8%ad%d9%88%d9%84-%d8%a3%d8%b1%d9%82%d8%a7%d9%85,3,0.5219
https://www.aljazeera.net/news/2026/4/10/%d8%a5%d8%b3%d8%b1%d8%a7%d8%a6%d9%8a%d9%84-%d8%aa%d9%88%d8%a7%d8%b5%d9%84-%d9%82%d8%b5%d9%81-%d9%84%d8%a8%d9%86%d8%a7%d9%86-%d9%88%d8%b3%d8%b7-%d8%a3%d9%86%d8%a8%d8%a7%d8%a1-%d8%b9%d9%86,2,1.0
https://www.aljazeera.net/news/2026/4/10/%d8%b1%d9%81%d8%b6%d8%a7-%d9%84%d9%85%d9%88%d8%a7%d8%ac%d9%87%d8%a9-%d8%a5%d8%b3%d8%b1%d8%a7%d8%a6%d9%8a%d9%84%d9%8a-%d9%84%d8%a7%d8%b9%d8%a8-%d8%a3%d8%b1%d8%af%d9%86%d9%8a,16,1.0
https://www.aljazeera.net/news/2026/4/10/%d9%85%d9%8a%d9%84%d8%a7%d9%86%d9%8a%d8%a7-%d8%aa%d8%b1%d8%a7%d9%85%d8%a8-%d8%aa%d9%86%d9%81%d9%8a-%d8%b5%d9%84%d8%aa%d9%87%d8%a7-%d8%a8%d8%ac%d9%8a%d9%81%d8%b1%d9%8a,0,0.8807
https://www.aljazeera.net/news/2026/4/10/%d8%aa%d8%b1%d9%85%d8%a8-%d9%8a%d8%aa%d9%87%d9%85-%d8%a5%d8%b9%d9%84%d8%a7%d9%85%d9%8a%d9%8a%d9%86-%d9%88%d9%85%d8%a4%d8%ab%d8%b1%d9%8a%d9%86-%d8%a8%d9%82%d9%84%d8%a9,0,0.8756
https://www.aljazeera.net/news/2026/4/10/%d8%aa%d8%ad%d8%b0%d9%8a%d8%b1-%d9%84%d9%85%d9%88%d8%b8%d9%81%d9%8a-%d8%a7%d9%84%d8%a8%d9%8a%d8%aa-%d8%a7%d9%84%d8%a3%d8%a8%d9%8a%d8%b6-%d9%85%d9%86-%d8%aa%d8%af%d8%a7%d9%88%d9%84%d8%a7%d8%aa,0,1.0
https://www.aljazeera.net/news/2026/4/10/%d8%a7%d8%b3%d8%aa%d8%b7%d9%84%d8%a7%d8%b9-%d9%84%d9%85%d8%b9%d8%a7%d8%b1%d9%8a%d9%81-77-%d9%85%d9%86-%d8%a7%d9%84%d8%a5%d8%b3%d8%b1%d8%a7%d8%a6%d9%8a%d9%84%d9%8a%d9%8a%d9%86,8,0.6137
https://www.aljazeera.net/news/2026/4/10/%d8%a5%d8%b9%d9%84%d8%a7%d9%85-%d8%a3%d9%85%d8%b1%d9%8a%d9%83%d9%8a-%d9%88%d8%a5%d8%b3%d8%b1%d8%a7%d8%a6%d9%8a%d9%84%d9%8a-%d9%8a%d9%82%d9%8a%d9%85-%d9%81%d8%b4%d9%84,0,0.8841
https://www.aljazeera.net/news/2026/4/10/%d8%aa%d8%b1%d9%85%d8%a8-%d9%8a%d8%af%d8%b9%d9%85-%d8%a3%d9%88%d8%b1%d8%a8%d8%a7%d9%86-%d9%82%d8%a8%d9%8a%d9%84-%d8%a7%d9%86%d8%aa%d8%ae%d8%a7%d8%a8%d8%a7%d8%aa-%d8%ad%d8%a7%d8%b3%d9%85%d8%a9,-1,0.0
https://www.aljazeera.net/news/2026/4/10/%d9%88%d8%b2%d9%8a%d8%b1-%d8%a7%d9%84%d8%ae%d8%a7%d8%b1%d8%ac%d9%8a%d8%a9-%d8%a7%d9%84%d8%b5%d9%8a%d9%86%d9%8a-%d9%8a%d8%b4%d9%8a%d8%af-%d8%a8%d9%80%d9%86%d8%ac%d8%a7%d8%ad%d8%a7%d8%aa,-1,0.0
https://www.aljazeera.net/news/2026/4/10/%d8%a7%d9%84%d8%ad%d8%b1%d8%b3-%d8%a7%d9%84%d8%ab%d9%88%d8%b1%d9%8a-%d9%8a%d9%86%d9%81%d9%8a-%d9%85%d9%87%d8%a7%d8%ac%d9%85%d8%a9-%d8%af%d9%88%d9%84-%d8%a7%d9%84%d8%ae%d9%84%d9%8a%d8%ac-%d9%81%d9%8a,4,0.7587
https://www.aljazeera.net/news/2026/4/10/%d9%85%d8%b5%d8%b1-%d8%aa%d8%b7%d8%a7%d9%84%d8%a8-%d8%a8%d9%85%d8%b1%d8%a7%d8%b9%d8%a7%d8%a9-%d8%a3%d9%85%d9%86-%d8%a7%d9%84%d8%af%d9%88%d9%84-%d8%a7%d9%84%d8%b9%d8%b1%d8%a8%d9%8a%d8%a9-%d9%81%d9%8a,-1,0.0
https://www.aljazeera.net/news/2026/4/10/%d8%ae%d9%84%d8%a7%d9%81%d8%a7%d8%aa-%d8%aa%d8%b6%d8%b1%d8%a8-%d8%a5%d8%b3%d8%b1%d8%a7%d8%a6%d9%8a%d9%84-%d9%85%d9%86-%d8%a7%d9%84%d8%af%d8%a7%d8%ae%d9%84-%d9%87%d9%84-%d8%aa%d9%81%d8%b4%d9%84,-1,0.0
https://www.aljazeera.net/news/2026/4/10/%d8%b3%d8%a8%d8%a7%d9%82-%d8%a7%d9%84%d8%a3%d9%8a%d8%a7%d9%85-%d8%a7%d9%84%d9%805-%d9%87%d9%84-%d9%8a%d9%82%d9%8a%d8%af-%d8%aa%d8%b1%d9%85%d8%a8-%d8%a7%d9%84%d8%a7%d9%86%d9%81%d8%b1%d8%a7%d8%af,-1,0.0
https://www.aljazeera.net/news/2026/4/10/%d9%85%d9%81%d8%a7%d9%88%d8%b6%d8%a7%d8%aa-%d9%85%d8%b1%d8%aa%d9%82%d8%a8%d8%a9-%d8%a8%d9%8a%d9%86-%d8%a5%d8%b3%d8%b1%d8%a7%d8%a6%d9%8a%d9%84-%d9%84%d8%a8%d9%86%d8%a7%d9%86-%d8%b9%d9%84%d9%89,8,0.5895
https://www.aljazeera.net/news/2026/4/10/%d8%a7%d9%84%d8%b5%d8%ad%d9%81%d9%8a%d8%a9-%d9%85%d9%8a%d8%ba%d9%8a%d9%86-%d9%83%d9%8a%d9%84%d9%8a-%d8%aa%d8%ab%d9%8a%d8%b1-%d8%aa%d9%81%d8%a7%d8%b9%d9%84%d8%a7,0,0.9748
https://www.aljazeera.net/news/2026/4/10/%d8%a7%d9%86%d8%aa%d8%ae%d8%a7%d8%a8%d8%a7%d8%aa-%d8%b1%d8%a6%d8%a7%d8%b3%d9%8a%d8%a9-%d9%81%d9%8a-%d8%ac%d9%8a%d8%a8%d9%88%d8%aa%d9%8a-%d9%88%d8%aa%d9%88%d9%82%d8%b9%d8%a7%d8%aa,5,0.7143
https://www.aljazeera.net/news/2026/4/10/%d8%ab%d9%82%d8%a9-%d8%aa%d8%a7%d9%85%d8%a9-%d8%a8%d8%a7%d9%84%d9%88%d8%ad%d8%af%d8%a9-%d8%a7%d9%84%d8%b1%d8%a6%d9%8a%d8%b3-%d8%a7%d9%84%d8%b5%d9%8a%d9%86%d9%8a,0,0.6575
https://www.aljazeera.net/news/2026/4/10/%d9%85%d9%87%d9%85%d8%a9-%d9%85%d8%b3%d8%aa%d8%ad%d9%8a%d9%84%d8%a9-%d9%87%d9%84-%d8%aa%d9%86%d8%ac%d8%ad-%d8%a8%d8%a7%d9%83%d8%b3%d8%aa%d8%a7%d9%86-%d9%81%d9%8a-%d8%a5%d8%a8%d8%b1%d8%a7%d9%85,0,1.0
https://www.aljazeera.net/news/2026/4/10/%d9%88%d8%b1%d9%82%d8%aa%d8%a7%d9%86-%d9%85%d8%aa%d8%b5%d8%a7%d8%af%d9%85%d8%aa%d8%a7%d9%86-%d8%b9%d9%84%d9%89-%d8%b7%d8%a7%d9%88%d9%84%d8%a9-%d8%a5%d8%b3%d9%84%d8%a7%d9%85-%d8%a2%d8%a8%d8%a7%d8%af,0,1.0
https://www.aljazeera.net/news/2026/4/10/%d8%af%d8%b9%d9%88%d8%a7%d8%aa-%d9%84%d8%b4%d8%af-%d8%a7%d9%84%d8%b1%d8%ad%d8%a7%d9%84-%d9%84%d9%84%d8%a3%d9%82%d8%b5%d9%89-%d9%81%d9%8a-%d8%a3%d9%88%d9%84-%d8%ac%d9%85%d8%b9%d8%a9-%d8%a8%d8%b9%d8%af,17,1.0
https://www.aljazeera.net/news/2026/4/10/%d8%a7%d9%84%d8%af%d9%8a%d9%88%d8%a7%d9%86-%d8%a7%d9%84%d8%a3%d9%85%d9%8a%d8%b1%d9%8a-%d8%a7%d9%84%d9%82%d8%b7%d8%b1%d9%8a-%d8%a3%d9%85%d9%8a%d8%b1-%d8%af%d9%88%d9%84%d8%a9-%d9%82%d8%b7%d8%b1-2,9,0.8045
https://www.aljazeera.net/news/2026/4/10/%d8%a7%d8%b3%d8%b7%d9%86%d8%a8%d9%88%d9%84-%d9%84%d8%a7%d8%a6%d8%ad%d8%a9-%d8%a7%d8%aa%d9%87%d8%a7%d9%85-%d9%84%d9%8035-%d8%a5%d8%b3%d8%b1%d8%a7%d8%a6%d9%8a%d9%84%d9%8a%d8%a7,-1,0.0
https://www.aljazeera.net/news/2026/4/10/%d8%aa%d8%b9%d8%aa%d9%8a%d9%85-%d8%a3%d9%85%d9%86%d9%8a-%d9%88%d8%a5%d8%b9%d9%84%d8%a7%d9%85%d9%8a-%d8%a8%d8%a7%d9%83%d8%b3%d8%aa%d8%a7%d9%86%d9%8a-%d9%8a%d9%84%d9%81,0,1.0
https://www.aljazeera.net/news/2026/4/10/%d8%b2%d9%8a%d9%84%d9%8a%d9%86%d8%b3%d9%83%d9%8a-%d9%8a%d8%b4%d9%8a%d8%af-%d8%a8%d9%82%d8%af%d8%b1%d8%a7%d8%aa-%d8%a3%d9%88%d9%83%d8%b1%d8%a7%d9%86%d9%8a%d8%a7-%d8%b6%d8%af,12,0.4991
https://www.aljazeera.net/news/2026/4/10/%d8%b3%d8%aa%d8%a7%d8%b1%d9%85%d8%b1-%d8%aa%d9%87%d8%af%d9%8a%d8%af%d8%a7%d8%aa-%d8%aa%d8%b1%d9%85%d8%a8-%d9%84%d8%a5%d9%8a%d8%b1%d8%a7%d9%86-%d8%aa%d8%aa%d8%b9%d8%a7%d8%b1%d8%b6-%d9%85%d8%b9,0,1.0
https://www.aljazeera.net/news/2026/4/10/%d9%85%d8%a7-%d8%ae%d9%81%d9%8a-%d8%a3%d8%b9%d8%b8%d9%85-%d9%8a%d8%b9%d8%b1%d8%b6-%d9%85%d8%b4%d8%a7%d9%87%d8%af-%d9%88%d8%aa%d9%81%d8%a7%d8%b5%d9%8a%d9%84-%d8%ad%d8%b5%d8%b1%d9%8a%d8%a9,-1,0.0
https://www.aljazeera.net/news/2026/4/10/%d8%ad%d8%b5%d9%8a%d9%84%d8%a9-%d9%87%d8%ac%d9%85%d8%a7%d8%aa-%d8%a5%d9%8a%d8%b1%d8%a7%d9%86,4,0.9207
https://www.aljazeera.net/news/2026/4/10/%d9%85%d8%b4%d9%87%d8%af-%d9%8a%d8%b4%d8%a8%d9%87-%d8%a7%d9%84%d8%b9%d9%8a%d8%af-%d8%aa%d9%81%d8%a7%d8%b9%d9%84-%d9%88%d8%a7%d8%b3%d8%b9-%d9%85%d8%b9-%d8%b9%d9%88%d8%af%d8%a9,17,1.0
https://www.aljazeera.net/news/2026/4/10/%d9%87%d9%84-%d9%8a%d9%86%d8%ac%d8%ad-%d8%aa%d8%ad%d8%a7%d9%84%d9%81-%d8%af%d9%8a%d9%85%d9%82%d8%b1%d8%a7%d8%b7%d9%8a%d9%8a-%d8%a7%d9%84%d8%b3%d8%a7%d8%ad%d9%84-%d9%81%d9%8a,5,1.0
https://www.aljazeera.net/news/2026/4/10/%d9%83%d9%81%d8%b1-%d8%b4%d9%85%d9%88%d9%86%d8%a9-%d8%aa%d8%aa%d8%b5%d8%af%d8%b1-%d8%a7%d9%84%d9%85%d8%b4%d9%87%d8%af-%d9%85%d8%a7%d8%b0%d8%a7-%d8%aa%d9%83%d8%b4%d9%81,1,0.4697
https://www.aljazeera.net/news/2026/4/10/%d9%85%d9%86-%d8%a7%d9%84%d8%a3%d8%ba%d9%84%d8%a7%d9%84-%d8%a5%d9%84%d9%89-%d8%a7%d9%84%d8%a3%d8%b7%d9%84%d8%a7%d9%84-%d8%ad%d8%b1%d9%8a%d8%a9-%d9%85%d9%86%d9%82%d9%88%d8%b5%d8%a9,14,0.4491
https://www.aljazeera.net/news/2026/4/10/%d9%83%d9%8a%d9%81-%d8%a7%d8%b6%d8%b7%d9%84%d8%b9%d8%aa-%d8%a7%d9%84%d8%b5%d9%8a%d9%86-%d8%a8%d8%af%d9%88%d8%b1-%d8%ad%d8%a7%d8%b3%d9%85-%d9%81%d9%8a-%d8%a7%d9%84%d9%87%d8%af%d9%86%d8%a9,0,0.9566
https://www.aljazeera.net/news/2026/4/10/%d8%a7%d9%84%d8%ac%d9%8a%d8%b4-%d8%a7%d9%84%d8%a5%d8%b3%d8%b1%d8%a7%d8%a6%d9%8a%d9%84%d9%8a-%d9%84%d8%a8%d9%86%d8%a7%d9%86-%d8%ac%d8%a8%d9%87%d8%a9-%d9%82%d8%aa%d8%a7%d9%84%d9%86%d8%a7,2,0.5853
https://www.aljazeera.net/news/2026/4/10/%d8%b9%d8%a7%d8%ac%d9%84-%d9%85%d8%b5%d8%a7%d8%af%d8%b1-%d9%84%d9%84%d8%ac%d8%b2%d9%8a%d8%b1%d8%a9-10-%d8%b4%d9%87%d8%af%d8%a7%d8%a1-%d9%85%d9%86-%d8%ac%d9%87%d8%a7%d8%b2-%d8%a3%d9%85%d9%86,2,0.515
https://www.aljazeera.net/news/2026/4/10/%d9%85%d8%b3%d9%8a%d8%b1%d8%a9-%d8%ad%d8%a7%d8%b4%d8%af%d8%a9-%d9%81%d9%8a-%d8%a7%d9%84%d8%a3%d8%b1%d8%af%d9%86-%d8%aa%d9%86%d8%af%d9%8a%d8%af%d8%a7-%d8%a8%d8%a5%d8%ba%d9%84%d8%a7%d9%82,14,0.9638
https://www.aljazeera.net/news/2026/4/10/%d8%a8%d8%b9%d8%af-%d8%a7%d9%84%d8%a3%d8%b1%d8%a8%d8%b9%d8%a7%d8%a1-%d8%a7%d9%84%d8%a3%d8%b3%d9%88%d8%af-%d8%b6%d8%ba%d9%88%d8%b7-%d8%b9%d8%b1%d8%a8%d9%8a%d8%a9,2,1.0
https://www.aljazeera.net/news/2026/4/10/%d9%85%d9%86%d8%b4%d9%88%d8%b1-%d9%86%d8%ac%d9%84-%d8%a8%d8%b2%d8%b4%d9%83%d9%8a%d8%a7%d9%86-%d8%b9%d9%86-%d9%84%d9%8a%d9%84%d8%a9-%d8%a7%d9%84%d8%ae%d9%88%d9%81-%d9%85%d9%86,7,0.3855
https://www.aljazeera.net/news/2026/4/10/%d8%ad%d8%b4%d9%88%d8%af-%d9%83%d8%a8%d9%8a%d8%b1%d8%a9-%d9%81%d9%8a-%d8%b7%d9%87%d8%b1%d8%a7%d9%86-%d8%aa%d8%ad%d9%8a%d9%8a-%d8%a3%d8%b1%d8%a8%d8%b9%d9%8a%d9%86%d9%8a%d8%a9-%d8%b9%d9%84%d9%8a,7,0.8971
https://www.aljazeera.net/news/2026/4/10/%d8%b9%d8%b4%d9%8a%d8%a9-%d8%a7%d9%84%d9%85%d9%81%d8%a7%d9%88%d8%b6%d8%a7%d8%aa-%d8%a7%d9%84%d9%85%d8%b1%d8%aa%d9%82%d8%a8%d8%a9-%d9%87%d8%b1%d9%85%d8%b2-%d9%85%d8%a7-%d8%b2%d8%a7%d9%84,0,1.0
https://www.aljazeera.net/news/2026/4/10/%d8%b3%d9%84%d8%a7%d9%85-%d8%a3%d9%85-%d8%a7%d8%b3%d8%aa%d8%b3%d9%84%d8%a7%d9%85-%d8%a7%d9%86%d9%82%d8%b3%d8%a7%d9%85-%d9%84%d8%a8%d9%86%d8%a7%d9%86%d9%8a-%d8%ad%d8%a7%d8%af-%d8%a8%d8%b9%d8%af,8,1.0
https://www.aljazeera.net/news/2026/4/10/%d8%aa%d9%81%d8%a7%d8%b9%d9%84-%d9%86%d8%a7%d8%b1%d9%8a-%d9%85%d8%b9-%d9%85%d9%88%d9%82%d9%81-%d8%a5%d8%b3%d8%a8%d8%a7%d9%86%d9%8a%d8%a7-%d9%87%d9%84-%d8%aa%d8%a8%d8%af%d8%a3,16,0.9451
https://www.aljazeera.net/news/2026/4/10/%d8%b9%d8%a7%d8%ac%d9%84-%d8%aa%d8%b1%d9%85%d8%a8-%d8%b3%d9%86%d8%b9%d8%b1%d9%81-%d9%81%d8%b1%d8%b5-%d9%86%d8%ac%d8%a7%d8%ad-%d8%a7%d9%84%d9%85%d8%ad%d8%a7%d8%af%d8%ab%d8%a7%d8%aa-%d9%85%d8%b9,0,1.0
https://www.aljazeera.net/news/2026/4/10/%d9%87%d8%ac%d9%85%d8%a7%d8%aa-%d9%85%d8%a7-%d8%a8%d8%b9%d8%af-%d8%a7%d9%84%d9%87%d8%af%d9%86%d8%a9-%d8%a7%d9%84%d8%a5%d9%8a%d8%b1%d8%a7%d9%86%d9%8a%d8%a9-%d8%aa%d9%83%d8%aa%d9%8a%d9%83,2,0.5345
https://www.aljazeera.net/news/2026/4/10/%d8%a8%d8%a7%d8%a8%d8%a7-%d8%a7%d9%84%d9%81%d8%a7%d8%aa%d9%8a%d9%83%d8%a7%d9%86-%d9%85%d9%86-%d9%8a%d8%aa%d8%a8%d8%b9-%d8%a7%d9%84%d9%85%d8%b3%d9%8a%d8%ad-%d9%84%d8%a7-%d9%8a%d8%b3%d9%82%d8%b7,-1,0.0
https://www.aljazeera.net/news/2026/4/10/%d9%86%d8%b5%d9%81-%d8%b9%d8%a7%d9%85-%d8%b9%d9%84%d9%89-%d8%a7%d8%aa%d9%81%d8%a7%d9%82-%d8%ba%d8%b2%d8%a9-%d8%ae%d8%b1%d9%88%d9%82%d8%a7%d8%aa-%d8%a5%d8%b3%d8%b1%d8%a7%d8%a6%d9%8a%d9%84%d9%8a%d8%a9,3,1.0
https://www.aljazeera.net/news/2026/4/10/%d9%82%d8%a7%d9%84%d9%8a%d8%a8%d8%a7%d9%81-%d9%88%d9%82%d9%81-%d8%a5%d8%b7%d9%84%d8%a7%d9%82-%d8%a7%d9%84%d9%86%d8%a7%d8%b1-%d8%a8%d9%84%d8%a8%d9%86%d8%a7%d9%86,0,0.7506
https://www.aljazeera.net/news/2026/4/10/%d9%84%d9%88%d9%82%d9%88%d9%81%d9%87%d8%a7-%d8%b6%d8%af-%d8%a5%d8%b3%d8%b1%d8%a7%d8%a6%d9%8a%d9%84-%d9%86%d8%aa%d9%86%d9%8a%d8%a7%d9%87%d9%88-%d9%8a%d8%b5%d8%af%d8%b1,16,0.8648
https://www.aljazeera.net/news/2026/4/10/%d9%84%d9%82%d8%a7%d8%a1-%d9%85%d8%b1%d8%aa%d9%82%d8%a8-%d9%81%d9%8a-%d9%88%d8%a7%d8%b4%d9%86%d8%b7%d9%86-%d8%a8%d9%8a%d9%86-%d8%a5%d8%b3%d8%b1%d8%a7%d8%a6%d9%8a%d9%84,8,1.0
https://www.aljazeera.net/news/2026/4/10/%d8%aa%d8%b8%d8%a7%d9%87%d8%b1%d8%a7%d8%aa-%d9%81%d9%8a-%d8%a7%d9%84%d9%8a%d9%85%d9%86-%d8%b1%d9%81%d8%b6%d8%a7-%d9%84%d9%85%d8%ae%d8%b7%d8%b7-%d8%a5%d8%b3%d8%b1%d8%a7%d8%a6%d9%8a%d9%84,-1,0.0
https://www.aljazeera.net/news/2026/4/10/%d8%a7%d9%84%d9%83%d9%88%d9%86%d8%ba%d9%88-%d8%a7%d9%84%d8%af%d9%8a%d9%85%d9%82%d8%b1%d8%a7%d8%b7%d9%8a%d8%a9-%d9%85%d9%84%d9%81-%d8%a7%d9%84%d8%ac%d9%86%d9%88%d8%af,5,0.9778
https://www.aljazeera.net/news/2026/4/10/3-%d8%b3%d9%8a%d9%86%d8%a7%d8%b1%d9%8a%d9%88%d9%87%d8%a7%d8%aa-%d8%a3%d9%85%d8%a7%d9%85-%d9%85%d9%81%d8%a7%d9%88%d8%b6%d8%a7%d8%aa-%d8%a5%d8%b3%d9%84%d8%a7%d9%85-%d8%a3%d8%a8%d8%a7%d8%af,0,1.0
https://www.aljazeera.net/news/2026/4/10/%d9%85%d9%82%d8%aa%d9%84-%d8%b9%d8%b4%d8%b1%d8%a7%d8%aa-%d8%a7%d9%84%d8%a3%d8%b7%d9%81%d8%a7%d9%84-%d9%81%d9%8a-%d9%84%d8%a8%d9%86%d8%a7%d9%86-%d9%88%d9%82%d8%b5%d9%81,-1,0.0
https://www.aljazeera.net/news/2026/4/10/%d8%ad%d8%ac%d9%85-%d8%a7%d9%84%d8%af%d9%85%d8%a7%d8%b1-%d8%a7%d9%84%d9%87%d8%a7%d8%a6%d9%84-%d9%8a%d8%b9%d8%b1%d9%82%d9%84-%d8%b9%d9%85%d9%84-%d9%81%d8%b1%d9%82,2,0.6122
https://www.aljazeera.net/news/2026/4/10/%d8%b9%d8%a7%d8%ac%d9%84-%d9%85%d8%a7-%d8%ae%d9%81%d9%8a-%d8%a3%d8%b9%d8%b8%d9%85-%d9%8a%d9%83%d8%b4%d9%81-%d9%84%d9%82%d8%b7%d8%a7%d8%aa-%d8%ad%d8%b5%d8%b1%d9%8a%d8%a9-2,-1,0.0
https://www.aljazeera.net/news/2026/4/10/%d8%a8%d9%8a%d9%86%d9%87%d9%85-13-%d9%85%d9%86-%d8%a7%d9%84%d8%a3%d9%85%d9%86-%d8%a7%d9%84%d8%ad%d9%83%d9%88%d9%85%d9%8a-357-%d9%82%d8%aa%d9%8a%d9%84%d8%a7-%d8%a5%d8%ab%d8%b1,2,0.5869
https://www.aljazeera.net/news/2026/4/10/%d9%87%d8%a7%d8%b1%d9%8a%d8%b3-%d8%aa%d9%81%d9%83%d8%b1-%d9%81%d9%8a-%d8%ae%d9%88%d8%b6-%d8%b3%d8%a8%d8%a7%d9%82-%d8%a7%d9%84%d8%a7%d9%86%d8%aa%d8%ae%d8%a7%d8%a8%d8%a7%d8%aa,0,0.9458
https://www.aljazeera.net/news/2026/4/10/%d8%a5%d9%8a%d8%b1%d8%a7%d9%86-%d8%aa%d9%83%d8%b4%d9%81-%d9%84%d9%84%d8%ac%d8%b2%d9%8a%d8%b1%d8%a9-%d9%86%d8%aa-%d8%a3%d9%83%d8%ab%d8%b1-%d9%85%d9%86-100-%d8%b3%d9%81%d9%8a%d9%86%d8%a9,0,1.0
https://www.aljazeera.net/news/2026/4/10/%d8%a7%d9%84%d8%b3%d9%84%d8%b7%d8%a7%d8%aa-%d8%a7%d9%84%d8%b3%d9%88%d8%b1%d9%8a%d8%a9-%d8%aa%d8%b9%d9%8a%d8%af-194-%d8%b7%d9%81%d9%84%d8%a7-%d9%85%d9%86-%d8%a3%d8%a8%d9%86%d8%a7%d8%a1,6,1.0
https://www.aljazeera.net/news/2026/4/10/%d8%a8%d8%b9%d8%af-3-%d8%a3%d8%b4%d9%87%d8%b1-%d9%85%d9%86-%d8%a7%d8%b9%d8%aa%d9%82%d8%a7%d9%84-%d9%85%d8%a7%d8%af%d9%88%d8%b1%d9%88-%d8%a7%d9%84%d9%85%d8%b9%d8%a7%d8%b1%d8%b6%d8%a9,11,0.8792
https://www.aljazeera.net/news/2026/4/10/%d9%86%d8%aa%d9%86%d9%8a%d8%a7%d9%87%d9%88-%d9%8a%d8%b7%d9%84%d8%a8-%d8%aa%d8%a3%d8%ac%d9%8a%d9%84-%d9%85%d8%ad%d8%a7%d9%83%d9%85%d8%aa%d9%87-%d9%81%d9%8a-%d9%82%d8%b6%d8%a7%d9%8a%d8%a7,19,1.0
https://www.aljazeera.net/news/2026/4/9/%d8%a7%d9%84%d9%82%d8%b5%d9%81-%d8%a7%d9%84%d8%a5%d8%b3%d8%b1%d8%a7%d8%a6%d9%8a%d9%84%d9%8a-%d9%8a%d8%b7%d8%a7%d9%84-%d9%83%d8%a7%d9%85%d9%84-%d8%a7%d9%84%d8%ac%d8%ba%d8%b1%d8%a7%d9%81%d9%8a%d8%a7,2,1.0
https://www.aljazeera.net/news/2026/4/9/%d9%87%d9%84-%d8%a7%d9%83%d8%aa%d8%b4%d9%81%d8%aa-%d8%a5%d8%b3%d8%b1%d8%a7%d8%a6%d9%8a%d9%84-100-%d9%87%d8%af%d9%81-%d9%81%d9%8a-%d9%84%d8%a8%d9%86%d8%a7%d9%86,2,0.5738
https://www.aljazeera.net/news/2026/4/9/%d9%85%d8%a7%d9%83%d8%b1%d9%88%d9%86-%d9%88%d9%82%d9%81-%d8%a5%d8%b7%d9%84%d8%a7%d9%82-%d8%a7%d9%84%d9%86%d8%a7%d8%b1-%d9%8a%d8%ac%d8%a8-%d8%a3%d9%86-%d9%8a%d8%b4%d9%85%d9%84-2,-1,0.0
https://www.aljazeera.net/news/2026/4/9/%d8%aa%d9%82%d8%b1%d9%8a%d8%b1-5,0,1.0
https://www.aljazeera.net/news/2026/4/9/%d8%b9%d8%a7%d8%ac%d9%84-%d8%a7%d9%84%d8%ac%d8%a8%d9%87%d8%a9-%d8%a7%d9%84%d8%af%d8%a7%d8%ae%d9%84%d9%8a%d8%a9-%d8%a7%d9%84%d8%a5%d8%b3%d8%b1%d8%a7%d8%a6%d9%8a%d9%84%d9%8a%d8%a9-19,-1,0.0
https://www.aljazeera.net/news/2026/4/9/%d9%87%d8%af%d9%88%d8%a1-%d9%81%d9%8a-%d8%a5%d9%8a%d8%b1%d8%a7%d9%86-%d9%88%d8%af%d9%85%d8%a7%d8%a1-%d9%81%d9%8a-%d9%84%d8%a8%d9%86%d8%a7%d9%86-%d9%88%d8%ad%d8%af%d8%a9,0,0.696
https://www.aljazeera.net/news/2026/4/9/%d9%8a%d9%88%d9%85-%d9%85%d9%86-%d9%88%d9%82%d9%81-%d8%a5%d8%b7%d9%84%d8%a7%d9%82-%d8%a7%d9%84%d9%86%d8%a7%d8%b1-%d9%85%d8%a7-%d8%a3%d8%a8%d8%b1%d8%b2-%d8%aa%d8%b7%d9%88%d8%b1%d8%a7%d8%aa,0,1.0
https://www.aljazeera.net/news/2026/4/9/%d9%83%d9%8a%d9%81-%d8%aa%d9%88%d8%b5%d9%84%d8%aa-%d8%a8%d8%a7%d9%83%d8%b3%d8%aa%d8%a7%d9%86-%d8%a5%d9%84%d9%89-%d9%87%d8%af%d9%86%d8%a9-%d8%a8%d9%8a%d9%86-%d9%88%d8%a7%d8%b4%d9%86%d8%b7%d9%86,0,1.0
https://www.aljazeera.net/news/2026/4/9/%d8%a3%d9%85%d8%b1%d9%8a%d9%83%d8%a7-%d9%88%d8%a5%d8%b3%d8%b1%d8%a7%d8%a6%d9%8a%d9%84-%d8%aa%d9%83%d8%b4%d9%81%d8%a7%d9%86-%d8%ad%d8%b5%d9%8a%d9%84%d8%a9-%d8%a7%d9%84%d9%82%d8%aa%d9%84%d9%89,1,0.4225
https://www.aljazeera.net/news/2026/4/9/%d8%a5%d8%b3%d8%b1%d8%a7%d8%a6%d9%8a%d9%84-%d8%aa%d8%ac%d8%af%d8%af-%d9%82%d8%b5%d9%81-%d8%a7%d9%84%d8%b6%d8%a7%d8%ad%d9%8a%d8%a9-%d9%88%d8%ac%d9%86%d9%88%d8%a8-%d9%84%d8%a8%d9%86%d8%a7%d9%86,2,0.6528
https://www.aljazeera.net/news/2026/4/9/%d8%a8%d8%b9%d8%af-40-%d9%8a%d9%88%d9%85%d8%a7-%d9%85%d9%86-%d8%a7%d9%84%d8%a5%d8%ba%d9%84%d8%a7%d9%82-%d9%81%d8%aa%d8%ad-%d8%a3%d8%a8%d9%88%d8%a7%d8%a8-%d8%a7%d9%84%d9%85%d8%b3%d8%ac%d8%af,17,1.0
https://www.aljazeera.net/news/2026/4/9/%d9%81%d9%8a-%d9%84%d9%82%d8%a7%d8%a1-%d9%85%d8%b9-%d8%aa%d8%b1%d9%85%d8%a8-%d8%a7%d9%84%d8%a3%d9%85%d9%8a%d9%86-%d8%a7%d9%84%d8%b9%d8%a7%d9%85-%d9%84%d9%84%d9%86%d8%a7%d8%aa%d9%88,0,1.0
https://www.aljazeera.net/news/2026/4/9/%d9%85%d8%a6%d8%a7%d8%aa-%d8%a7%d9%84%d8%b3%d9%81%d9%86-%d8%b9%d8%a7%d9%84%d9%82%d8%a9-%d9%81%d9%8a-%d9%87%d8%b1%d9%85%d8%b2-%d9%88%d8%a3%d9%85%d8%b1%d9%8a%d9%83%d8%a7-%d8%aa%d8%af%d8%b9%d9%88,0,1.0
https://www.aljazeera.net/news/2026/4/9/%d8%a8%d9%8a%d8%a7%d9%86%d8%a7%d8%aa-%d9%85%d9%84%d8%a7%d8%ad%d9%8a%d8%a9-%d8%aa%d9%83%d8%b4%d9%81-%d9%86%d8%b4%d8%a7%d8%b7%d8%a7-%d9%85%d9%83%d8%ab%d9%81%d8%a7,-1,0.0
https://www.aljazeera.net/news/2026/4/9/%d8%a8%d9%8a%d9%86%d9%87%d8%a7-%d8%b4%d9%85%d9%88%d9%84-%d9%84%d8%a8%d9%86%d8%a7%d9%86-%d9%82%d8%a7%d9%84%d9%8a%d8%a8%d8%a7%d9%81-%d8%ae%d8%b1%d9%82-3-%d8%a8%d9%86%d9%88%d8%af,0,0.7347
https://www.aljazeera.net/news/2026/4/9/%d8%af%d8%b9%d9%88%d8%a7%d8%aa-%d8%af%d9%88%d9%84%d9%8a%d8%a9-%d9%84%d9%84%d8%aa%d9%87%d8%af%d8%a6%d8%a9-%d9%81%d9%8a-%d9%84%d8%a8%d9%86%d8%a7%d9%86-%d9%88%d8%aa%d9%81%d8%a7%d9%87%d9%85%d8%a7%d8%aa,8,0.4677
https://www.aljazeera.net/news/2026/4/9/%d8%ac%d8%b3%d8%af-%d9%84%d8%a7-%d9%8a%d9%86%d8%b3%d9%89-%d9%85%d8%a6%d8%a7%d8%aa-%d9%85%d9%86-%d9%85%d8%a8%d8%aa%d9%88%d8%b1%d9%8a-%d8%a7%d9%84%d8%a3%d8%b7%d8%b1%d8%a7%d9%81,3,0.705
https://www.aljazeera.net/news/2026/4/9/%d8%a7%d9%84%d8%b6%d9%81%d8%a9-%d8%a7%d9%84%d8%ba%d8%b1%d8%a8%d9%8a%d8%a9-%d8%b4%d9%87%d9%8a%d8%af-%d9%81%d9%8a-%d8%b7%d9%88%d8%a8%d8%a7%d8%b3-%d9%88%d8%a7%d8%b9%d8%aa%d9%82%d8%a7%d9%84%d8%a7%d8%aa,15,1.0
https://www.aljazeera.net/news/2026/4/9/%d8%aa%d9%83%d8%a8%d9%8a%d8%b1%d8%a7%d8%aa-%d9%88%d8%b3%d8%ac%d9%88%d8%af-%d9%81%d9%8a-%d8%a7%d9%84%d8%a3%d9%82%d8%b5%d9%89-%d9%85%d8%b4%d8%a7%d9%87%d8%af-%d8%aa%d9%81%d9%8a%d8%b6,17,1.0
https://www.aljazeera.net/news/2026/4/9/%d8%aa%d8%b4%d9%8a%d9%8a%d8%b9-%d8%ac%d8%ab%d9%85%d8%a7%d9%86-%d8%b5%d8%ad%d9%81%d9%8a-%d8%a7%d9%84%d8%ac%d8%b2%d9%8a%d8%b1%d8%a9-%d9%85%d8%ad%d9%85%d8%af-%d9%88%d8%b4%d8%a7%d8%ad-%d9%81%d9%8a,-1,0.0
https://www.aljazeera.net/news/2026/4/9/%d8%a8%d9%8a%d9%86%d9%85%d8%a7-%d8%aa%d8%aa%d9%87%d9%8a%d8%a3-%d8%a8%d8%a7%d9%83%d8%b3%d8%aa%d8%a7%d9%86-%d9%84%d9%84%d9%85%d9%81%d8%a7%d9%88%d8%b6%d8%a7%d8%aa-%d8%aa%d8%b5%d8%a7%d8%b9%d8%af,0,1.0
https://www.aljazeera.net/news/2026/4/9/%d8%b5%d9%88%d8%b1-%d9%81%d8%b6%d8%a7%d8%a6%d9%8a%d8%a9-%d8%aa%d9%83%d8%b4%d9%81-%d8%a3%d8%b6%d8%b1%d8%a7%d8%b1%d8%a7-%d8%a8%d9%85%d8%b5%d9%86%d8%b9-%d8%a7%d9%84%d8%a5%d8%b3%d9%85%d9%86%d8%aa,1,0.3376
https://www.aljazeera.net/news/2026/4/9/%d9%87%d9%84-%d8%aa%d8%aa%d8%b1%d9%83-%d8%a5%d9%8a%d8%b1%d8%a7%d9%86-%d9%84%d8%a8%d9%86%d8%a7%d9%86-%d9%88%d8%ad%d9%8a%d8%af%d8%a7-%d8%a8%d9%85%d9%88%d8%a7%d8%ac%d9%87%d8%a9,-1,0.0
https://www.aljazeera.net/news/2026/4/9/%d8%a5%d9%86%d9%82%d8%a7%d8%b0-%d9%81%d8%aa%d8%a7%d8%a9-%d9%85%d9%86-%d8%a7%d9%84%d8%ba%d8%b1%d9%82-%d8%a8%d8%a7%d9%84%d8%b5%d9%8a%d9%86-%d9%8a%d8%ad%d9%88%d9%84,-1,0.0
https://www.aljazeera.net/news/2026/4/9/%d8%a5%d8%b9%d9%84%d8%a7%d9%85-%d8%a5%d8%b3%d8%b1%d8%a7%d8%a6%d9%8a%d9%84%d9%8a-%d8%a7%d9%84%d9%83%d8%a7%d8%a8%d9%8a%d9%86%d8%aa-%d8%b5%d8%a7%d8%af%d9%82-%d8%b3%d8%b1%d8%a7-%d8%b9%d9%84%d9%89,15,0.4103
https://www.aljazeera.net/news/2026/4/9/%d9%82%d8%b7%d8%b1-%d8%aa%d8%af%d9%8a%d9%86-%d8%a7%d9%84%d8%a7%d8%b9%d8%aa%d8%af%d8%a7%d8%a1%d8%a7%d8%aa-%d8%a7%d9%84%d8%a5%d8%b3%d8%b1%d8%a7%d8%a6%d9%8a%d9%84%d9%8a%d8%a9-%d8%b9%d9%84%d9%89-2,9,1.0
https://www.aljazeera.net/news/2026/4/9/%d8%ad%d8%b1%d8%a7%d9%83-%d8%af%d8%a8%d9%84%d9%88%d9%85%d8%a7%d8%b3%d9%8a-%d9%85%d9%83%d8%ab%d9%81-%d8%ba%d8%af%d8%a7%d8%a9-%d9%85%d9%81%d8%a7%d9%88%d8%b6%d8%a7%d8%aa-%d8%a5%d8%b3%d9%84%d8%a7%d9%85,0,0.9764
https://www.aljazeera.net/news/2026/4/9/%d8%a7%d9%84%d9%85%d8%b3%d8%ac%d8%af-%d8%a7%d9%84%d8%a3%d9%82%d8%b5%d9%89,17,0.9253
https://www.aljazeera.net/news/2026/4/9/%d8%a3%d9%85%d9%86%d8%b3%d8%aa%d9%8a-%d8%aa%d8%b7%d9%84%d9%82-%d9%86%d8%af%d8%a7%d8%a1-%d8%b9%d8%a7%d8%ac%d9%84%d8%a7-%d9%84%d8%ad%d9%85%d8%a7%d9%8a%d8%a9,-1,0.0
https://www.aljazeera.net/news/2026/4/9/%d8%a7%d9%84%d8%af%d9%88%d9%8a%d8%b1%d9%8a-%d8%ad%d8%b2%d8%a8-%d8%a7%d9%84%d9%84%d9%87-%d8%a3%d8%b9%d8%ac%d8%b2-%d8%a5%d8%b3%d8%b1%d8%a7%d8%a6%d9%8a%d9%84-%d9%88%d9%84%d8%a7-%d8%a3%d8%ad%d8%af,-1,0.0
https://www.aljazeera.net/news/2026/4/9/%d9%83%d8%a7%d8%b0%d8%a8-%d9%88%d9%81%d8%a7%d8%b4%d9%84-%d8%a7%d9%86%d8%aa%d9%82%d8%a7%d8%af%d8%a7%d8%aa-%d8%a5%d8%b3%d8%b1%d8%a7%d8%a6%d9%8a%d9%84%d9%8a%d8%a9,19,1.0
https://www.aljazeera.net/news/2026/4/9/%d9%84%d8%a8%d9%86%d8%a7%d9%86-%d9%8a%d8%a4%d9%83%d8%af-%d8%a3%d9%86-%d8%a7%d9%84%d8%af%d9%88%d9%84%d8%a9-%d9%88%d8%ad%d8%af%d9%87%d8%a7-%d8%a7%d9%84%d9%85%d8%ae%d9%88%d9%84%d8%a9,8,0.7708
https://www.aljazeera.net/news/2026/4/9/%d8%b9%d8%a7%d8%ac%d9%84-%d9%88%d9%83%d8%a7%d9%84%d8%a9-%d9%81%d8%a7%d8%b1%d8%b3-%d8%b9%d9%86-%d9%86%d8%a7%d8%a6%d8%a8-%d9%88%d8%b2%d9%8a%d8%b1-%d8%a7%d9%84%d8%ae%d8%a7%d8%b1%d8%ac%d9%8a%d8%a9,0,0.98
https://www.aljazeera.net/news/2026/4/9/%d8%b1%d8%b9%d8%a8-%d8%a7%d9%84%d8%af%d9%82%d8%a7%d8%a6%d9%82-%d8%a7%d9%84%d8%b9%d8%b4%d8%b1-%d8%ba%d8%a7%d8%b1%d8%a7%d8%aa-%d8%a5%d8%b3%d8%b1%d8%a7%d8%a6%d9%8a%d9%84%d9%8a%d8%a9,2,0.6215
https://www.aljazeera.net/news/2026/4/9/%d8%b9%d8%a7%d8%ac%d9%84-%d8%b2%d8%b9%d9%8a%d9%85-%d8%a3%d9%86%d8%b5%d8%a7%d8%b1-%d8%a7%d9%84%d9%84%d9%87-%d8%a8%d8%a7%d9%84%d9%8a%d9%85%d9%86-%d8%b9%d9%85%d9%84%d9%8a%d8%a7%d8%aa%d9%86%d8%a7,-1,0.0
https://www.aljazeera.net/news/2026/4/9/%d8%a8%d8%b9%d8%af-%d8%aa%d9%88%d9%82%d9%81-%d8%a7%d9%84%d8%ad%d8%b1%d8%a8-%d8%a7%d8%b3%d8%aa%d8%a6%d9%86%d8%a7%d9%81-%d9%85%d8%ad%d8%a7%d9%83%d9%85%d8%a9-%d9%86%d8%aa%d9%86%d9%8a%d8%a7%d9%87%d9%88,19,1.0
https://www.aljazeera.net/news/2026/4/9/%d9%81%d9%8a-%d8%aa%d8%b5%d8%a7%d8%b9%d8%af-%d8%b5%d8%a7%d8%af%d9%85-%d8%aa%d9%82%d8%b1%d9%8a%d8%b1-%d9%84%d9%84%d9%8a%d9%88%d9%86%d8%b3%d9%83%d9%88-273-%d9%85%d9%84%d9%8a%d9%88%d9%86,10,0.4891
https://www.aljazeera.net/news/2026/4/9/%d8%a7%d9%84%d8%a3%d8%b5%d8%a7%d8%a8%d8%b9-%d8%b9%d9%84%d9%89-%d8%a7%d9%84%d8%b2%d9%86%d8%a7%d8%af-%d9%81%d9%8a-%d9%87%d8%b1%d9%85%d8%b2-%d9%87%d9%84-%d8%aa%d9%86%d8%b3%d9%81,0,1.0
https://www.aljazeera.net/news/2026/4/9/%d8%a5%d8%b3%d8%b1%d8%a7%d8%a6%d9%8a%d9%84-%d8%aa%d9%82%d8%aa%d9%84-%d8%b7%d9%81%d9%84%d8%a9-%d8%a3%d9%85%d8%a7%d9%85-%d8%b2%d9%85%d9%8a%d9%84%d8%a7%d8%aa%d9%87%d8%a7,3,1.0
https://www.aljazeera.net/news/2026/4/9/%d9%81%d8%b1%d9%86%d8%b3%d8%a7-%d8%aa%d9%86%d8%af%d8%af-%d8%a8%d9%80%d8%ae%d9%8a%d8%a7%d9%86%d8%a9-%d8%a7%d9%84%d9%85%d8%ac%d8%b1-%d9%84%d9%85%d8%b4%d8%a7%d8%b1%d9%83%d8%aa%d9%87%d8%a7,-1,0.0
https://www.aljazeera.net/news/2026/4/9/%d8%b9%d8%a7%d8%ac%d9%84-%d9%86%d8%aa%d9%86%d9%8a%d8%a7%d9%87%d9%88-%d8%a3%d8%b5%d8%af%d8%b1%d8%aa-%d8%aa%d8%b9%d9%84%d9%8a%d9%85%d8%a7%d8%aa-%d8%a8%d8%a8%d8%af%d8%a1,8,1.0
https://www.aljazeera.net/news/2026/4/9/%d9%85%d8%b4%d8%a7%d9%87%d8%af-%d8%ad%d8%b2%d8%a8-%d8%a7%d9%84%d9%84%d9%87-%d9%84%d8%b6%d8%b1%d8%a8-%d8%a8%d8%a7%d8%b1%d8%ac%d8%a9-%d8%a5%d8%b3%d8%b1%d8%a7%d8%a6%d9%8a%d9%84%d9%8a%d8%a9,2,0.7134
https://www.aljazeera.net/news/2026/4/9/%d9%87%d9%84-%d8%b3%d8%aa%d8%b3%d9%85%d8%ad-%d8%a5%d9%8a%d8%b1%d8%a7%d9%86-%d9%84%d8%a5%d8%b3%d8%b1%d8%a7%d8%a6%d9%8a%d9%84-%d8%a7%d9%84%d8%a7%d8%b3%d8%aa%d9%81%d8%b1%d8%a7%d8%af,-1,0.0
https://www.aljazeera.net/news/2026/4/9/%d8%a7%d9%84%d8%ac%d8%b2%d9%8a%d8%b1%d8%a9-%d8%aa%d9%86%d8%b8%d9%85-%d9%88%d9%82%d9%81%d8%a9-%d9%84%d9%84%d8%aa%d9%86%d8%af%d9%8a%d8%af-%d8%a8%d8%a7%d8%ba%d8%aa%d9%8a%d8%a7%d9%84,-1,0.0
https://www.aljazeera.net/news/2026/4/9/%d9%87%d9%84-%d9%8a%d8%b3%d8%a7%d8%a8%d9%82-%d9%86%d8%aa%d9%86%d9%8a%d8%a7%d9%87%d9%88-%d8%a7%d9%84%d8%b2%d9%85%d9%86-%d9%81%d9%8a-%d9%84%d8%a8%d9%86%d8%a7%d9%86-%d8%a8%d8%ad%d8%ab%d8%a7-%d8%b9%d9%86,-1,0.0
https://www.aljazeera.net/news/2026/4/9/%d8%b9%d8%a7%d8%ac%d9%84-%d8%a3%d9%85%d9%8a%d8%b1-%d9%82%d8%b7%d8%b1-%d9%88%d8%b1%d8%a6%d9%8a%d8%b3-%d9%88%d8%b2%d8%b1%d8%a7%d8%a1-%d8%a8%d8%a7%d9%83%d8%b3%d8%aa%d8%a7%d9%86-%d8%a8%d8%ad%d8%ab%d8%a7,9,1.0
https://www.aljazeera.net/news/2026/4/9/%d8%aa%d8%b1%d9%83%d9%8a%d8%a7-%d8%a5%d8%b3%d8%b1%d8%a7%d8%a6%d9%8a%d9%84-%d8%aa%d8%b3%d8%b9%d9%89-%d9%84%d8%aa%d8%ae%d8%b1%d9%8a%d8%a8-%d8%a7%d9%84%d8%aa%d9%87%d8%af%d8%a6%d8%a9,-1,0.0
https://www.aljazeera.net/news/2026/4/9/%d8%b9%d8%a7%d8%ac%d9%84-%d8%aa%d8%b1%d9%85%d8%a8-%d9%84%d8%a5%d9%86-%d8%a8%d9%8a-%d8%b3%d9%8a-%d9%85%d8%aa%d9%81%d8%a7%d8%a6%d9%84-%d8%a8%d8%a3%d9%86-%d8%a7%d8%aa%d9%81%d8%a7%d9%82,0,1.0
https://www.aljazeera.net/news/2026/4/9/%d8%b9%d8%a7%d8%ac%d9%84-%d8%a7%d9%84%d9%85%d8%b1%d8%b4%d8%af-%d8%a7%d9%84%d8%a5%d9%8a%d8%b1%d8%a7%d9%86%d9%8a-%d9%85%d8%ac%d8%aa%d8%a8%d9%89-%d8%ae%d8%a7%d9%85%d9%86%d8%a6%d9%8a,7,0.8563
https://www.aljazeera.net/news/2026/4/9/%d8%b7%d9%87%d8%b1%d8%a7%d9%86-3-%d8%a2%d9%84%d8%a7%d9%81-%d9%82%d8%aa%d9%8a%d9%84-%d8%ac%d8%b1%d8%a7%d8%a1-%d8%a7%d9%84%d9%87%d8%ac%d9%85%d8%a7%d8%aa,1,0.4194
https://www.aljazeera.net/news/2026/4/9/%d8%b9%d8%a8%d9%88%d8%b1-%d9%85%d8%ad%d8%af%d9%88%d8%af-%d9%85%d9%86-%d9%87%d8%b1%d9%85%d8%b2-%d9%85%d8%a7%d8%b0%d8%a7-%d8%aa%d9%83%d8%b4%d9%81-%d8%a3%d9%84%d9%88%d8%a7%d9%86,0,1.0
https://www.aljazeera.net/news/2026/4/9/%d9%82%d8%a7%d9%84%d9%8a%d8%a8%d8%a7%d9%81-%d9%88%d9%81%d8%a7%d9%86%d8%b3-%d9%81%d9%8a-%d8%ad%d8%b3%d8%a7%d8%a8%d8%a7%d8%aa-%d9%88%d8%a7%d8%b4%d9%86%d8%b7%d9%86-%d9%88%d8%b7%d9%87%d8%b1%d8%a7%d9%86,0,1.0
https://www.aljazeera.net/news/2026/4/9/%d9%85%d9%82%d8%aa%d9%84-222-%d8%b4%d8%ae%d8%b5%d8%a7-%d9%81%d9%8a-%d9%81%d9%8a%d8%b6%d8%a7%d9%86%d8%a7%d8%aa-%d8%a3%d9%81%d8%ba%d8%a7%d9%86%d8%b3%d8%aa%d8%a7%d9%86,-1,0.0
https://www.aljazeera.net/news/2026/4/9/%d8%aa%d8%b5%d8%b9%d9%8a%d8%af-%d9%88%d8%a7%d8%ba%d8%aa%d9%8a%d8%a7%d9%84%d8%a7%d8%aa-%d8%ab%d9%85-%d8%af%d8%b9%d9%88%d8%a9-%d9%84%d9%84%d8%aa%d9%81%d8%a7%d9%88%d8%b6-%d9%85%d8%a7,2,0.9375
https://www.aljazeera.net/news/2026/4/9/%d8%a7%d9%84%d9%85%d9%88%d9%82%d9%81-%d8%a7%d9%84%d8%a3%d9%88%d8%b1%d9%88%d8%a8%d9%8a,-1,0.0
https://www.aljazeera.net/news/2026/4/9/%d8%a7%d9%84%d9%83%d9%88%d9%8a%d8%aa-%d8%aa%d8%aa%d8%b5%d8%af%d9%89-%d9%84%d9%85%d8%b3%d9%8a%d8%b1%d8%a7%d8%aa-%d8%a8%d8%ab%d8%a7%d9%86%d9%8a-%d8%a3%d9%8a%d8%a7%d9%85,4,0.8239
https://www.aljazeera.net/news/2026/4/9/%d9%88%d8%b2%d9%8a%d8%b1-%d8%a7%d9%84%d8%af%d9%81%d8%a7%d8%b9-%d8%a7%d9%84%d8%a8%d8%a7%d9%83%d8%b3%d8%aa%d8%a7%d9%86%d9%8a-%d8%a5%d8%b3%d8%b1%d8%a7%d8%a6%d9%8a%d9%84-%d8%b4%d8%b1-2,0,0.9657
https://www.aljazeera.net/news/2026/4/9/%d8%aa%d8%b1%d9%85%d8%a8-%d9%8a%d8%af%d8%b1%d8%b3-%d8%b3%d8%ad%d8%a8-%d8%a8%d8%b9%d8%b6-%d8%a7%d9%84%d9%82%d9%88%d8%a7%d8%aa-%d8%a7%d9%84%d8%a3%d9%85%d8%b1%d9%8a%d9%83%d9%8a%d8%a9-%d9%85%d9%86,0,1.0
https://www.aljazeera.net/news/2026/4/8/%d8%aa%d8%ba%d9%8a%d8%b1-%d8%a7%d9%84%d8%a3%d9%87%d8%af%d8%a7%d9%81-%d9%81%d9%8a-%d8%a7%d9%84%d8%ad%d8%b1%d8%a8-%d8%a7%d9%84%d8%a3%d9%85%d8%b1%d9%8a%d9%83%d9%8a%d8%a9,-1,0.0
https://www.aljazeera.net/news/2026/4/8/%d8%a7%d9%84%d8%a8%d8%b1%d9%84%d9%85%d8%a7%d9%86-%d8%a7%d9%84%d8%a5%d9%8a%d8%b1%d8%a7%d9%86%d9%8a-%d9%8a%d8%af%d8%b1%d8%b3-%d9%82%d8%a7%d9%86%d9%88%d9%86%d8%a7,0,1.0
https://www.aljazeera.net/news/2026/4/8/%d8%b9%d8%a7%d8%ac%d9%84-%d8%aa%d8%b1%d9%85%d8%a8-%d8%b3%d9%8a%d9%83%d9%88%d9%86-%d9%87%d9%86%d8%a7%d9%83-%d9%88%d9%82%d9%81-%d9%84%d8%a5%d8%b7%d9%84%d8%a7%d9%82-%d8%a7%d9%84%d9%86%d8%a7%d8%b1,0,1.0
https://www.aljazeera.net/news/2026/4/8/%d9%85%d8%a7-%d9%87%d9%8a-%d8%a7%d9%84%d8%a8%d9%86%d9%88%d8%af-%d8%a7%d9%84%d8%b9%d8%b4%d8%b1%d8%a9-%d8%a7%d9%84%d8%a5%d9%8a%d8%b1%d8%a7%d9%86%d9%8a%d8%a9-%d9%81%d9%8a-%d8%a7%d9%84%d8%ae%d8%b7%d8%a9,0,1.0
https://www.aljazeera.net/news/2026/4/8/%d8%af%d9%88%d9%8a-%d8%b5%d9%81%d8%a7%d8%b1%d8%a7%d8%aa-%d8%a7%d9%84%d8%a5%d9%86%d8%b0%d8%a7%d8%b1-%d8%a8%d8%a5%d8%b3%d8%b1%d8%a7%d8%a6%d9%8a%d9%84-%d8%a8%d8%b9%d8%af,1,0.8523
https://www.aljazeera.net/news/2026/4/8/%d8%a7%d9%84%d9%83%d9%88%d9%8a%d8%aa-%d8%aa%d8%af%d9%8a%d9%86-%d8%a7%d9%82%d8%aa%d8%ad%d8%a7%d9%85-%d9%82%d9%86%d8%b5%d9%84%d9%8a%d8%aa%d9%87%d8%a7-%d9%81%d9%8a-%d8%a7%d9%84%d8%a8%d8%b5%d8%b1%d8%a9,4,0.271
https://www.aljazeera.net/news/2026/4/8/%d8%a8%d8%b9%d8%af-%d8%a5%d8%b9%d9%84%d8%a7%d9%86-%d9%88%d9%82%d9%81-%d8%a5%d8%b7%d9%84%d8%a7%d9%82-%d8%a7%d9%84%d9%86%d8%a7%d8%b1-%d8%b0%d9%87%d9%88%d9%84-%d9%81%d9%8a,0,1.0
https://www.aljazeera.net/news/2026/4/8/14-%d9%8a%d9%88%d9%85%d8%a7-%d9%85%d9%86-%d8%a7%d9%84%d9%87%d8%af%d9%88%d8%a1-%d8%a7%d9%84%d9%85%d9%84%d8%ba%d9%88%d9%85-%d9%87%d9%84-%d8%b9%d9%84%d9%82-%d8%aa%d8%b1%d9%85%d8%a8,0,1.0
https://www.aljazeera.net/news/2026/4/8/%d8%aa%d8%ad%d8%b0%d9%8a%d8%b1-%d8%a7%d8%b3%d8%aa%d8%ae%d8%a8%d8%a7%d8%b1%d8%a7%d8%aa%d9%8a-%d8%a3%d9%85%d8%b1%d9%8a%d9%83%d9%8a-%d9%85%d9%86-%d8%aa%d9%87%d8%af%d9%8a%d8%af,0,0.7214
https://www.aljazeera.net/news/2026/4/8/%d9%85%d8%aa%d9%89-%d9%8a%d8%a8%d8%af%d8%a3-%d8%b3%d8%b1%d9%8a%d8%a7%d9%86-%d9%88%d9%82%d9%81-%d8%a5%d8%b7%d9%84%d8%a7%d9%82-%d8%a7%d9%84%d9%86%d8%a7%d8%b1-%d8%ba%d9%85%d9%88%d8%b6-2,0,1.0
https://www.aljazeera.net/news/2026/4/8/%d9%85%d8%a7-%d8%a7%d9%84%d8%b0%d9%8a-%d8%b3%d9%8a%d9%88%d8%a7%d8%ac%d9%87%d9%87-%d9%86%d8%aa%d9%86%d9%8a%d8%a7%d9%87%d9%88-%d8%a8%d8%b9%d8%af-%d9%88%d9%82%d9%81-%d8%a7%d9%84%d8%ad%d8%b1%d8%a8,19,0.9947
https://www.aljazeera.net/news/2026/4/8/8-%d9%82%d8%aa%d9%84%d9%89-%d9%81%d9%8a-%d8%a7%d8%b3%d8%aa%d9%87%d8%af%d8%a7%d9%81-%d8%a5%d8%b3%d8%b1%d8%a7%d8%a6%d9%8a%d9%84%d9%8a-%d9%84%d9%85%d8%af%d9%8a%d9%86%d8%a9-%d8%b5%d9%8a%d8%af%d8%a7,2,1.0
https://www.aljazeera.net/news/2026/4/8/%d8%a7%d9%84%d8%ae%d8%a7%d8%b1%d8%ac%d9%8a%d8%a9-%d8%a7%d9%84%d8%a5%d8%b3%d8%b1%d8%a7%d8%a6%d9%8a%d9%84%d9%8a%d8%a9-%d8%aa%d8%af%d8%b9%d9%8a-%d8%a7%d8%b3%d8%aa%d9%87%d8%af%d8%a7%d9%81,1,0.6522
https://www.aljazeera.net/news/2026/4/8/%d9%86%d8%aa%d9%86%d9%8a%d8%a7%d9%87%d9%88-%d9%8a%d9%88%d8%a7%d9%81%d9%82-%d8%b9%d9%84%d9%89-%d9%88%d9%82%d9%81-%d8%a5%d8%b7%d9%84%d8%a7%d9%82-%d8%a7%d9%84%d9%86%d8%a7%d8%b1-%d9%81%d9%8a,-1,0.0
https://www.aljazeera.net/news/2026/4/8/%d8%a7%d9%84%d8%b9%d8%b1%d8%a7%d9%82-%d9%82%d8%aa%d9%84%d9%89-%d9%88%d8%ac%d8%b1%d8%ad%d9%89-%d8%a8%d9%87%d8%ac%d9%85%d8%a7%d8%aa-%d8%b9%d9%84%d9%89-%d8%a8%d8%ba%d8%af%d8%a7%d8%af,13,1.0
https://www.aljazeera.net/news/2026/4/8/53-%d8%a7%d9%86%d8%aa%d9%87%d8%a7%d9%83%d8%a7-%d9%84%d9%84%d8%a7%d8%ad%d8%aa%d9%84%d8%a7%d9%84-%d8%a8%d8%ad%d9%82-%d8%a7%d9%84%d8%b5%d8%ad%d9%81%d9%8a%d9%8a%d9%86,-1,0.0
https://www.aljazeera.net/news/2026/4/8/%d8%aa%d8%b1%d8%ad%d9%8a%d8%a8-%d8%a8%d8%a7%d8%aa%d9%81%d8%a7%d9%82-%d8%a7%d9%84%d8%a3%d9%86%d9%81%d8%a7%d8%b3-%d8%a7%d9%84%d8%a3%d8%ae%d9%8a%d8%b1%d8%a9-%d8%a8%d9%8a%d9%86,0,1.0
https://www.aljazeera.net/news/2026/4/8/%d8%b1%d8%a6%d9%8a%d8%b3-%d9%83%d9%88%d8%a8%d8%a7-%d9%8a%d8%aa%d8%b9%d9%87%d8%af-%d8%a8%d9%80%d8%ad%d8%b1%d8%a8-%d8%b9%d8%b5%d8%a7%d8%a8%d8%a7%d8%aa-%d8%b1%d8%af%d8%a7-%d8%b9%d9%84%d9%89,11,0.6598
https://www.aljazeera.net/news/2026/4/8/%d8%aa%d8%b1%d9%85%d8%a8-7,0,1.0
https://www.aljazeera.net/news/2026/4/8/%d9%85%d8%a7%d9%83%d8%b1%d9%88%d9%86-%d8%a7%d8%aa%d9%81%d8%a7%d9%82-%d9%88%d9%82%d9%81-%d8%a5%d8%b7%d9%84%d8%a7%d9%82-%d8%a7%d9%84%d9%86%d8%a7%d8%b1-%d9%8a%d8%ac%d8%a8-%d8%a3%d9%86,-1,0.0
https://www.aljazeera.net/news/2026/4/8/%d8%a7%d8%ad%d8%aa%d8%ac%d8%a7%d8%ac%d8%a7%d8%aa-%d9%81%d9%84%d8%b3%d8%b7%d9%8a%d9%86%d9%8a%d8%a9-%d9%88%d8%af%d9%88%d9%84%d9%8a%d8%a9-%d8%b9%d9%84%d9%89-%d9%82%d8%a7%d9%86%d9%88%d9%86,14,1.0
https://www.aljazeera.net/news/2026/4/8/%d8%a8%d9%8a%d9%86-%d8%af%d8%a8%d8%a7%d8%a8%d8%a7%d8%aa-%d8%a5%d8%b3%d8%b1%d8%a7%d8%a6%d9%8a%d9%84-%d9%88%d8%b9%d8%a8%d9%88%d8%a7%d8%aa-%d8%ad%d8%b2%d8%a8-%d8%a7%d9%84%d9%84%d9%87,-1,0.0
https://www.aljazeera.net/news/2026/4/8/%d8%b5%d9%88%d8%b1-%d9%81%d8%b6%d8%a7%d8%a6%d9%8a%d8%a9-%d8%aa%d8%b1%d8%b5%d8%af-%d8%a3%d8%b6%d8%b1%d8%a7%d8%b1%d8%a7-%d9%88%d8%a7%d8%b3%d8%b9%d8%a9-%d9%81%d9%8a-%d9%85%d9%88%d8%a7%d9%82%d8%b9,1,0.3333
https://www.aljazeera.net/news/2026/4/8/%d8%b7%d8%a7%d8%a6%d8%b1%d8%a9-%d8%a7%d8%b3%d8%aa%d8%b7%d9%84%d8%a7%d8%b9-%d8%a3%d9%85%d8%b1%d9%8a%d9%83%d9%8a%d8%a9-%d9%81%d9%88%d9%82-%d9%87%d8%b1%d9%85%d8%b2-%d8%a8%d8%b9%d8%af,0,0.9704
https://www.aljazeera.net/news/2026/4/8/%d8%a7%d9%84%d8%b5%d9%8a%d9%86-%d8%aa%d8%b1%d8%ad%d8%a8-%d8%a8%d8%a7%d8%aa%d9%81%d8%a7%d9%82-%d9%88%d9%82%d9%81-%d8%a5%d8%b7%d9%84%d8%a7%d9%82-%d8%a7%d9%84%d9%86%d8%a7%d8%b1,0,0.6633
https://www.aljazeera.net/news/2026/4/8/%d9%83%d9%88%d8%a7%d9%84%d9%8a%d8%b3-%d8%a7%d9%84%d9%87%d8%af%d9%86%d8%a9-%d9%85%d9%86-3-%d8%b9%d9%88%d8%a7%d8%b5%d9%85-%d8%a3%d8%b3%d8%b1%d8%a7%d8%b1-%d8%a7%d9%84%d9%84%d8%ad%d8%b8%d8%a7%d8%aa,0,1.0
https://www.aljazeera.net/news/2026/4/8/%d8%a5%d8%b3%d8%b1%d8%a7%d8%a6%d9%8a%d9%84-%d8%aa%d9%86%d8%b0%d8%b1-%d9%85%d9%86%d8%a7%d8%b7%d9%82-%d8%a8%d8%a7%d9%84%d8%a5%d8%ae%d9%84%d8%a7%d8%a1-%d9%88%d8%aa%d9%83%d8%ab%d9%81,2,0.8009
https://www.aljazeera.net/news/2026/4/8/%d9%8a%d9%88%d9%86%d8%a7%d9%86%d9%8a%d8%a9-%d8%a3%d9%88%d9%84-%d8%b3%d9%81%d9%8a%d9%86%d8%a9-%d8%aa%d8%b9%d8%a8%d8%b1-%d9%87%d8%b1%d9%85%d8%b2-%d8%a8%d8%b9%d8%af-%d9%88%d9%82%d9%81,0,1.0
https://www.aljazeera.net/news/2026/4/8/%d9%85%d8%a7-%d9%85%d9%82%d8%a7%d8%b1%d8%a8%d8%a9-%d8%ad%d8%b2%d8%a8-%d8%a7%d9%84%d9%84%d9%87-%d9%84%d9%85%d8%b1%d8%ad%d9%84%d8%a9-%d9%85%d8%a7-%d8%a8%d8%b9%d8%af-%d9%88%d9%82%d9%81,8,1.0
https://www.aljazeera.net/news/2026/4/8/%d9%87%d8%ac%d9%85%d8%a7%d8%aa-%d8%b9%d9%84%d9%89-5-%d8%af%d9%88%d9%84-%d8%ae%d9%84%d9%8a%d8%ac%d9%8a%d8%a9-%d8%b1%d8%ba%d9%85-%d8%a5%d8%b9%d9%84%d8%a7%d9%86,4,0.811
https://www.aljazeera.net/news/2026/4/8/%d9%82%d8%b7%d8%b1-%d8%aa%d8%b1%d8%ad%d8%a8-%d8%a8%d9%88%d9%82%d9%81-%d8%a5%d8%b7%d9%84%d8%a7%d9%82-%d8%a7%d9%84%d9%86%d8%a7%d8%b1-%d8%a8%d9%8a%d9%86-%d9%88%d8%a7%d8%b4%d9%86%d8%b7%d9%86,9,1.0
https://www.aljazeera.net/news/2026/4/8/6-%d8%a3%d8%b3%d8%a6%d9%84%d8%a9-%d8%aa%d8%b4%d8%b1%d8%ad-%d9%84%d8%ba%d8%b2-%d8%a7%d8%aa%d9%81%d8%a7%d9%82-%d9%88%d8%a7%d8%b4%d9%86%d8%b7%d9%86-%d9%88%d8%b7%d9%87%d8%b1%d8%a7%d9%86,0,1.0
https://www.aljazeera.net/news/2026/4/8/%d9%88%d8%b5%d9%81-%d8%a7%d9%84%d8%a7%d8%aa%d9%81%d8%a7%d9%82-%d8%a8%d8%a3%d9%86%d9%87-%d9%87%d8%af%d9%86%d8%a9-%d9%87%d8%b4%d8%a9-%d9%86%d8%a7%d8%a6%d8%a8-%d8%aa%d8%b1%d9%85%d8%a8,0,1.0
https://www.aljazeera.net/news/2026/4/8/%d8%a7%d9%84%d9%83%d9%88%d9%86%d8%ba%d9%88-%d8%a7%d9%84%d8%af%d9%8a%d9%85%d9%82%d8%b1%d8%a7%d8%b7%d9%8a%d8%a9-%d8%aa%d9%88%d8%a7%d9%81%d9%82-%d8%b9%d9%84%d9%89,-1,0.0
https://www.aljazeera.net/news/2026/4/8/%d9%85%d8%b3%d9%88%d8%af%d8%a9-%d8%b1%d8%b3%d8%a7%d9%84%d8%a9-%d8%b1%d8%a6%d9%8a%d8%b3-%d9%88%d8%b2%d8%b1%d8%a7%d8%a1-%d8%a8%d8%a7%d9%83%d8%b3%d8%aa%d8%a7%d9%86-%d8%b9%d9%84%d9%89-2,0,1.0
https://www.aljazeera.net/news/2026/4/8/%d8%b9%d8%a7%d8%ac%d9%84-%d9%88%d8%b2%d9%8a%d8%b1-%d8%a7%d9%84%d8%ad%d8%b1%d8%a8-%d8%a7%d9%84%d8%a3%d9%85%d8%b1%d9%8a%d9%83%d9%8a-%d8%a5%d9%8a%d8%b1%d8%a7%d9%86-%d8%aa%d9%88%d8%b3%d9%84%d8%aa,0,0.8771
https://www.aljazeera.net/news/2026/4/8/%d8%a8%d8%b2%d9%8a%d8%a7%d8%b1%d8%a9-%d8%aa%d8%a8%d8%af%d8%a3-%d8%a7%d9%84%d9%8a%d9%88%d9%85-%d8%b3%d8%aa%d8%a7%d9%85%d8%b1-%d9%8a%d9%84%d8%aa%d9%82%d9%8a-%d9%82%d8%a7%d8%af%d8%a9,0,0.9598
https://www.aljazeera.net/news/2026/4/8/%d8%aa%d9%88%d9%82%d9%8a%d9%81-10-%d8%a8%d8%b9%d8%af-%d9%87%d8%ac%d9%88%d9%85-%d8%b9%d9%84%d9%89-%d9%82%d9%86%d8%b5%d9%84%d9%8a%d8%a9-%d8%a5%d8%b3%d8%b1%d8%a7%d8%a6%d9%8a%d9%84,16,0.9591
https://www.aljazeera.net/news/2026/4/8/%d8%a7%d9%86%d9%81%d8%b1%d8%a7%d8%ac-%d8%a8%d9%87%d8%b1%d9%85%d8%b2-%d8%ad%d8%b1%d9%83%d8%a9-%d9%85%d8%ad%d8%af%d9%88%d8%af%d8%a9-%d9%88%d8%a3%d9%83%d8%ab%d8%b1-%d9%85%d9%86-450,0,1.0
https://www.aljazeera.net/news/2026/4/8/%d8%b9%d8%a7%d8%ac%d9%84-%d9%85%d8%b3%d8%a4%d9%88%d9%84-%d8%a5%d9%8a%d8%b1%d8%a7%d9%86%d9%8a-%d8%b1%d9%81%d9%8a%d8%b9-%d9%84%d9%84%d8%ac%d8%b2%d9%8a%d8%b1%d8%a9-%d8%b3%d9%86%d8%b9%d8%a7%d9%82%d8%a8,0,0.9583
https://www.aljazeera.net/news/2026/4/8/%d9%87%d8%af%d9%88%d8%a1-%d9%85%d8%a7-%d8%a8%d8%b9%d8%af-%d9%88%d9%82%d9%81-%d8%a7%d9%84%d8%ac%d8%a8%d9%87%d8%a7%d8%aa-%d8%aa%d9%83%d8%aa%d9%8a%d9%83-%d8%ad%d8%b2%d8%a8-%d8%a7%d9%84%d9%84%d9%87,-1,0.0
https://www.aljazeera.net/news/2026/4/8/%d8%b9%d8%a7%d8%ac%d9%84-%d8%a8%d9%8a-%d8%a8%d9%8a-%d8%a5%d8%b3-%d8%b9%d9%86-%d8%aa%d8%b1%d9%85%d8%a8-%d9%84%d8%a8%d9%86%d8%a7%d9%86-%d9%84%d9%85-%d9%8a%d8%af%d8%b1%d8%ac-%d8%b6%d9%85%d9%86,0,0.72
https://www.aljazeera.net/news/2026/4/8/%d8%b1%d8%af%d9%88%d8%ba%d8%a7%d9%86-%d9%8a%d8%ad%d8%b0%d8%b1-%d9%85%d9%86-%d8%a7%d8%b3%d8%aa%d9%81%d8%b2%d8%a7%d8%b2%d8%a7%d8%aa-%d9%85%d8%a7%d8%a8%d8%b9%d8%af-%d9%88%d9%82%d9%81,-1,0.0
https://www.aljazeera.net/news/2026/4/8/%d9%88%d8%b2%d9%8a%d8%b1-%d8%ae%d8%a7%d8%b1%d8%ac%d9%8a%d8%a9-%d8%a5%d8%b3%d8%a8%d8%a7%d9%86%d9%8a%d8%a7-%d8%b9%d9%84%d9%89-%d8%a5%d8%b3%d8%b1%d8%a7%d8%a6%d9%8a%d9%84-%d9%88%d9%82%d9%81,16,0.8234
https://www.aljazeera.net/news/2026/4/8/%d8%aa%d8%b1%d8%a7%d9%85%d8%a8-%d9%8a%d8%b9%d9%84%d9%86-%d8%aa%d9%82%d8%a7%d8%b1%d8%a8%d8%a7-%d9%85%d8%b9-%d8%a5%d9%8a%d8%b1%d8%a7%d9%86-%d8%a7%d9%84%d8%ac%d8%af%d9%8a%d8%af%d8%a9,0,1.0
https://www.aljazeera.net/news/2026/4/8/%d9%81%d8%b5%d8%a7%d8%a6%d9%84-%d8%b9%d8%b1%d8%a7%d9%82%d9%8a%d8%a9-%d8%aa%d8%b9%d9%84%d9%86-%d9%88%d9%82%d9%81-%d8%b9%d9%85%d9%84%d9%8a%d8%a7%d8%aa%d9%87%d8%a7-%d9%81%d9%8a,13,1.0
https://www.aljazeera.net/news/2026/4/8/%d8%a7%d9%84%d8%b9%d9%81%d9%88-%d8%a7%d9%84%d8%af%d9%88%d9%84%d9%8a%d8%a9-%d9%88%d8%a7%d8%b4%d9%86%d8%b7%d9%86-%d8%aa%d9%84%d8%a7%d8%ad%d9%82-%d8%b5%d8%ad%d9%81%d9%8a%d9%8a%d9%86,11,1.0
https://www.aljazeera.net/news/2026/4/8/%d8%a7%d9%84%d8%b5%d9%8a%d9%86-%d8%aa%d8%b9%d9%84%d9%86-%d8%a7%d8%aa%d9%81%d8%a7%d9%82-%d8%a8%d8%a7%d9%83%d8%b3%d8%aa%d8%a7%d9%86-%d9%88%d8%a3%d9%81%d8%ba%d8%a7%d9%86%d8%b3%d8%aa%d8%a7%d9%86,0,0.649
https://www.aljazeera.net/news/2026/4/8/%d9%84%d8%a8%d9%86%d8%a7%d9%86-%d9%8a%d9%86%d8%b2%d9%81-%d8%a8%d8%b5%d8%ae%d8%a8-%d8%a7%d9%84%d8%ac%d8%b2%d9%8a%d8%b1%d8%a9-%d8%aa%d8%b1%d8%b5%d8%af-%d8%b5%d8%b1%d8%ae%d8%a7%d8%aa-%d8%aa%d8%ad%d8%aa,2,0.8148
https://www.aljazeera.net/news/2026/4/8/%d9%88%d8%b2%d9%8a%d8%b1-%d8%a7%d9%84%d8%aa%d8%ae%d8%b7%d9%8a%d8%b7-%d8%a7%d9%84%d8%a8%d8%a7%d9%83%d8%b3%d8%aa%d8%a7%d9%86%d9%8a-%d9%84%d9%84%d8%ac%d8%b2%d9%8a%d8%b1%d8%a9,0,1.0
https://www.aljazeera.net/news/2026/4/8/%d9%87%d9%84-%d8%aa%d9%86%d8%ac%d8%ad-%d9%85%d9%81%d8%a7%d9%88%d8%b6%d8%a7%d8%aa-%d8%a8%d8%a7%d9%83%d8%b3%d8%aa%d8%a7%d9%86-%d8%a8%d8%aa%d8%b1%d9%85%d9%8a%d9%85-%d8%a7%d9%84%d9%87%d8%af%d9%86%d8%a9,0,1.0
https://www.aljazeera.net/news/2026/4/8/%d9%84%d8%a7-%d8%b9%d9%87%d8%af-%d9%84%d9%87%d9%85-%d8%ba%d8%b6%d8%a8-%d9%8a%d8%ac%d8%aa%d8%a7%d8%ad-%d8%a7%d9%84%d9%85%d9%86%d8%b5%d8%a7%d8%aa-%d8%a5%d8%ab%d8%b1,2,0.6365
https://www.aljazeera.net/news/2026/4/8/%d9%87%d9%84-%d8%b9%d8%a7%d8%af%d8%aa-%d9%82%d8%a7%d8%b0%d9%81%d8%a7%d8%aa-%d8%a8%d9%8a-52-%d8%b9%d9%86-%d9%82%d8%b5%d9%81-%d8%a5%d9%8a%d8%b1%d8%a7%d9%86-%d8%a8%d8%b9%d8%af-%d9%82%d8%b1%d8%a7%d8%b1,-1,0.0
https://www.aljazeera.net/news/2026/4/8/%d9%85%d8%a7%d8%b0%d8%a7-%d8%a3%d8%b1%d8%a7%d8%af%d8%aa-%d8%a5%d8%b3%d8%b1%d8%a7%d8%a6%d9%8a%d9%84-%d9%85%d9%86-%d8%ba%d8%a7%d8%b1%d8%a7%d8%aa%d9%87%d8%a7-%d8%a7%d9%84%d8%a3%d8%b9%d9%86%d9%81,2,0.5736
https://www.aljazeera.net/news/2026/4/8/%d9%85%d8%ac%d8%b2%d8%b1%d8%a9-%d9%81%d9%8a-%d8%aa%d9%84%d8%a9-%d8%a7%d9%84%d8%ae%d9%8a%d8%a7%d8%b7-%d8%ba%d8%a7%d8%b1%d8%a9-%d8%a5%d8%b3%d8%b1%d8%a7%d8%a6%d9%8a%d9%84%d9%8a%d8%a9-%d8%aa%d9%87%d8%b2,2,1.0
https://www.aljazeera.net/news/2026/4/8/%d9%86%d8%aa%d9%86%d9%8a%d8%a7%d9%87%d9%88-%d8%ad%d9%82%d9%82%d9%86%d8%a7-%d8%a5%d9%86%d8%ac%d8%a7%d8%b2%d8%a7%d8%aa-%d9%87%d8%a7%d8%a6%d9%84%d8%a9-%d8%b6%d8%af-%d8%a5%d9%8a%d8%b1%d8%a7%d9%86,19,1.0
https://www.aljazeera.net/news/2026/4/8/%d9%81%d9%8a%d8%af%d9%8a%d9%88%d9%87%d8%a7%d8%aa-%d9%85%d8%b6%d9%84%d9%84%d8%a9-%d8%aa%d8%ac%d8%aa%d8%a7%d8%ad-%d8%a7%d9%84%d9%85%d9%86%d8%b5%d8%a7%d8%aa-%d8%b9%d9%86-%d8%a7%d9%84%d8%ad%d8%b1%d8%a8,-1,0.0
https://www.aljazeera.net/news/2026/4/8/%d8%a3%d9%85%d9%8a%d8%b1-%d9%82%d8%b7%d8%b1-%d9%88%d8%a7%d9%84%d8%b1%d8%a6%d9%8a%d8%b3-%d8%a7%d9%84%d8%aa%d8%b1%d9%83%d9%8a-%d9%8a%d8%a8%d8%ad%d8%ab%d8%a7%d9%86-%d8%aa%d8%b7%d9%88%d8%b1%d8%a7%d8%aa,9,1.0
https://www.aljazeera.net/news/2026/4/8/%d9%87%d9%84-%d8%aa%d9%81%d8%a7%d9%88%d8%b6%d8%aa-%d9%88%d8%a7%d8%b4%d9%86%d8%b7%d9%86-%d9%88%d8%b7%d9%87%d8%b1%d8%a7%d9%86-%d8%b9%d9%84%d9%89-%d8%a7%d8%aa%d9%81%d8%a7%d9%82%d9%8a%d9%86,0,1.0
https://www.aljazeera.net/news/2026/4/8/%d8%a8%d8%af%d8%a1-%d9%85%d8%ad%d8%a7%d9%83%d9%85%d8%a9-%d8%a3%d8%ad%d8%af-%d8%ac%d9%84%d8%a7%d8%af%d9%8a-%d8%a7%d9%84%d8%a3%d8%b3%d8%af-%d9%81%d9%8a-%d9%87%d9%88%d9%84%d9%86%d8%af%d8%a7,6,0.9509
https://www.aljazeera.net/news/2026/4/8/%d8%b9%d8%a7%d8%ac%d9%84-%d9%86%d8%a7%d8%a6%d8%a8-%d8%a7%d9%84%d8%b1%d8%a6%d9%8a%d8%b3-%d8%a7%d9%84%d8%a3%d9%85%d8%b1%d9%8a%d9%83%d9%8a,0,0.9887
https://www.aljazeera.net/news/2026/4/8/%d8%a5%d9%8a%d8%b7%d8%a7%d9%84%d9%8a%d8%a7-%d8%aa%d8%ad%d8%aa%d8%ac-%d8%b9%d9%84%d9%89-%d8%a5%d8%b7%d9%84%d8%a7%d9%82-%d8%a5%d8%b3%d8%b1%d8%a7%d8%a6%d9%8a%d9%84-%d8%a7%d9%84%d9%86%d8%a7%d8%b1,-1,0.0
https://www.aljazeera.net/news/liveblog/2026/4/8/%d8%ad%d8%b1%d8%a8-%d8%a5%d9%8a%d8%b1%d8%a7%d9%86-%d9%85%d8%a8%d8%a7%d8%b4%d8%b1-%d8%ac%d8%af%d9%84-%d8%a3%d9%85%d8%b1%d9%8a%d9%83%d9%8a-%d8%a5%d9%8a%d8%b1%d8%a7%d9%86%d9%8a-%d8%a8%d8%b4%d8%a3%d9%86,-1,0.0
https://www.aljazeera.net/news/2026/4/8/%d8%a7%d9%84%d8%a7%d8%ad%d8%aa%d9%84%d8%a7%d9%84-%d9%8a%d8%b9%d9%84%d9%86-%d9%81%d8%aa%d8%ad-%d8%a7%d9%84%d9%85%d8%b3%d8%ac%d8%af-%d8%a7%d9%84%d8%a3%d9%82%d8%b5%d9%89,17,1.0
https://www.aljazeera.net/news/2026/4/8/%d9%82%d8%b7%d8%b1-%d8%aa%d8%af%d9%8a%d9%86-%d8%a7%d9%84%d8%ba%d8%a7%d8%b1%d8%a7%d8%aa-%d8%a7%d9%84%d8%a5%d8%b3%d8%b1%d8%a7%d8%a6%d9%8a%d9%84%d9%8a%d8%a9-%d8%b9%d9%84%d9%89,9,1.0
https://www.aljazeera.net/news/2026/4/7/%d8%a8%d8%a7%d8%ad%d8%ab-%d8%ae%d9%84%d9%8a%d8%ac%d9%8a-%d9%82%d8%b5%d9%81-%d8%a7%d9%84%d9%85%d9%81%d8%a7%d8%b9%d9%84%d8%a7%d8%aa-%d8%a7%d9%84%d8%a5%d9%8a%d8%b1%d8%a7%d9%86%d9%8a%d8%a9,0,1.0
https://www.aljazeera.net/news/liveblog/2026/4/7/%d8%ad%d8%b1%d8%a8-%d8%a5%d9%8a%d8%b1%d8%a7%d9%86-%d8%aa%d8%b1%d9%85%d8%a8-%d9%8a%d8%ac%d8%af%d8%af-%d8%aa%d9%87%d8%af%d9%8a%d8%af-%d8%a5%d9%8a%d8%b1%d8%a7%d9%86-%d9%88%d8%a7%d9%84%d9%82%d8%b5%d9%81,-1,0.0
https://www.aljazeera.net/news/2026/4/7/%d8%aa%d8%b1%d9%85%d8%a8-%d9%8a%d8%aa%d9%88%d8%b9%d8%af-%d8%a8%d8%b3%d8%ac%d9%86-%d8%b5%d8%ad%d9%81%d9%8a-%d8%b3%d8%b1%d8%a8-%d8%ae%d8%a8%d8%b1-%d9%81%d9%82%d8%af%d8%a7%d9%86,18,1.0
https://www.aljazeera.net/news/2026/4/7/%d9%86%d8%aa%d9%86%d9%8a%d8%a7%d9%87%d9%88-%d8%ba%d8%a7%d8%b6%d8%a8-%d9%85%d9%86-%d8%aa%d8%b5%d8%b1%d9%8a%d8%ad%d8%a7%d8%aa-%d9%84%d8%ac%d9%86%d8%b1%d8%a7%d9%84,19,0.9644
https://www.aljazeera.net/news/2026/4/7/%d8%a7%d9%84%d8%aa%d8%a7%d9%8a%d9%85%d8%b2-%d8%a7%d9%84%d8%a8%d8%b1%d9%8a%d8%b7%d8%a7%d9%86%d9%8a%d8%a9-%d8%ba%d9%85%d9%88%d8%b6-%d9%8a%d9%84%d9%81-%d9%88%d8%b6%d8%b9-%d9%85%d8%ac%d8%aa%d8%a8%d9%89,7,0.7825
https://www.aljazeera.net/news/2026/4/7/%d9%85%d9%86-%d8%a7%d9%84%d8%ad%d8%b4%d8%af-%d8%a5%d9%84%d9%89-%d8%a7%d9%84%d8%aa%d9%86%d9%81%d9%8a%d8%b0-%d9%85%d8%a7%d8%b0%d8%a7-%d9%8a%d9%86%d8%aa%d8%b8%d8%b1-%d8%a5%d9%8a%d8%b1%d8%a7%d9%86,0,0.8291
https://www.aljazeera.net/news/2026/4/7/%d9%85%d9%81%d8%a7%d9%88%d8%b6%d8%a7%d8%aa-%d8%a7%d9%84%d9%84%d8%ad%d8%b8%d8%a9-%d8%a7%d9%84%d8%a3%d8%ae%d9%8a%d8%b1%d8%a9-%d9%88%d8%b3%d8%a7%d8%a6%d9%84-%d8%a5%d8%b9%d9%84%d8%a7%d9%85,0,1.0
https://www.aljazeera.net/news/2026/4/7/%d8%a7%d9%84%d8%ad%d8%b1%d8%a8-%d8%b9%d9%84%d9%89-%d8%a5%d9%8a%d8%b1%d8%a7%d9%86-%d8%aa%d8%b1%d8%a7%d9%85%d8%a8-%d9%81%d8%a7%d9%86%d8%b3-%d8%b1%d9%88%d8%a8%d9%8a%d9%88-%d9%87%d8%ba%d8%b3%d9%8a%d8%ab,0,1.0
https://www.aljazeera.net/news/2026/4/7/%d8%a7%d9%84%d8%b5%d8%ad%d8%a9-%d8%a7%d9%84%d8%b9%d8%a7%d9%84%d9%85%d9%8a%d8%a9-%d8%aa%d8%b9%d9%84%d9%82-%d8%a7%d9%84%d8%a5%d8%ac%d9%84%d8%a7%d8%a1-%d8%a7%d9%84%d8%b7%d8%a8%d9%8a-%d9%85%d9%86,3,0.6612
https://www.aljazeera.net/news/2026/4/7/%d8%ac%d9%86%d9%88%d8%af-%d8%a3%d9%85%d8%b1%d9%8a%d9%83%d9%8a%d9%88%d9%86-%d8%b9%d9%84%d9%89-%d8%a7%d9%84%d8%a3%d8%b1%d8%b6-%d9%87%d9%84-%d8%a8%d8%af%d8%a1-%d8%a7%d9%84%d8%ba%d8%b2%d9%88,-1,0.0
https://www.aljazeera.net/news/2026/4/7/%d9%87%d8%ac%d9%85%d8%a7%d8%aa-%d8%ac%d8%af%d9%8a%d8%af%d8%a9-%d8%b9%d9%84%d9%89-%d8%a7%d9%84%d8%ae%d9%84%d9%8a%d8%ac-%d8%a7%d9%84%d8%b3%d8%b9%d9%88%d8%af%d9%8a%d8%a9-%d8%aa%d8%b9%d8%aa%d8%b1%d8%b6,4,0.8234
https://www.aljazeera.net/news/2026/4/7/%d9%85%d9%81%d8%a7%d8%b1%d9%82%d8%a9-%d8%a7%d9%84%d8%b1%d8%af%d8%b9-%d8%aa%d9%81%d8%a7%d8%ae%d8%b1-%d9%87%d9%86%d8%af%d9%8a-%d8%a8%d8%aa%d9%82%d8%af%d9%85-%d9%86%d9%88%d9%88%d9%8a,-1,0.0
https://www.aljazeera.net/news/2026/4/7/%d8%a3%d8%a8%d8%b1%d9%8a%d9%84-%d8%a3%d8%b3%d9%88%d8%af-%d8%a7%d9%84%d9%88%d9%83%d8%a7%d9%84%d8%a9-%d8%a7%d9%84%d8%af%d9%88%d9%84%d9%8a%d8%a9-%d9%84%d9%84%d8%b7%d8%a7%d9%82%d8%a9,0,1.0
https://www.aljazeera.net/news/2026/4/7/4-%d8%ac%d9%86%d9%88%d8%af-%d8%a5%d8%b3%d8%b1%d8%a7%d8%a6%d9%8a%d9%84%d9%8a%d9%8a%d9%86-%d9%85%d8%b9%d8%aa%d9%82%d9%84%d9%88%d9%86-%d8%a8%d8%b4%d8%a8%d9%87%d8%a9-%d8%a7%d9%84%d8%aa%d8%ac%d8%b3%d8%b3,-1,0.0
https://www.aljazeera.net/news/2026/4/7/%d8%aa%d8%ad%d8%b1%d9%83-%d9%81%d9%8a-%d8%a7%d9%84%d9%83%d9%88%d9%86%d8%ba%d8%b1%d8%b3-%d9%84%d8%b9%d8%b2%d9%84-%d9%88%d8%b2%d9%8a%d8%b1-%d8%a7%d9%84%d8%ad%d8%b1%d8%a8,0,0.9731
https://www.aljazeera.net/news/2026/4/7/%d8%a7%d8%b9%d8%aa%d9%82%d8%a7%d9%84-%d8%a8%d8%b7%d9%84-%d8%a7%d9%84%d8%ad%d8%b1%d8%a8-%d8%a7%d9%84%d8%a3%d8%b3%d8%aa%d8%b1%d8%a7%d9%84%d9%8a-%d8%a8%d8%aa%d9%87%d9%85,11,0.5997
https://www.aljazeera.net/news/2026/4/7/%d8%a7%d8%b3%d8%aa%d8%ad%d8%af%d8%a7%d8%ab-%d9%85%d9%86%d8%b5%d8%a8-%d9%86%d8%a7%d8%a6%d8%a8-%d8%a7%d9%84%d8%b1%d8%a6%d9%8a%d8%b3-%d9%81%d9%8a-%d8%a7%d9%84%d9%83%d8%a7%d9%85%d9%8a%d8%b1%d9%88%d9%86,5,0.997
https://www.aljazeera.net/news/2026/4/7/%d8%a8%d9%8a%d9%86-%d8%a7%d9%84%d8%aa%d9%85%d8%af%d9%8a%d8%af-%d9%88%d8%a7%d9%84%d8%aa%d8%b5%d8%b9%d9%8a%d8%af-%d8%a7%d9%84%d8%b9%d8%a7%d9%84%d9%85-%d9%8a%d8%aa%d8%b1%d9%82%d8%a8,0,1.0
https://www.aljazeera.net/news/2026/4/7/%d8%b2%d8%b9%d9%8a%d9%85%d8%a9-%d8%a7%d9%84%d9%85%d8%b9%d8%a7%d8%b1%d8%b6%d8%a9-%d9%81%d9%8a-%d8%aa%d8%a7%d9%8a%d9%88%d8%a7%d9%86-%d8%aa%d9%82%d9%88%d9%85-%d8%a8%d8%b2%d9%8a%d8%a7%d8%b1%d8%a9,0,0.6592
https://www.aljazeera.net/news/2026/4/7/%d9%85%d8%ac%d9%84%d8%b3-%d8%a7%d9%84%d8%a3%d9%85%d9%86-%d9%8a%d8%b5%d9%88%d8%aa-%d8%a7%d9%84%d9%8a%d9%88%d9%85-%d8%b9%d9%84%d9%89-%d9%85%d8%b3%d9%88%d8%af%d8%a9-%d9%85%d8%ae%d9%81%d9%81%d8%a9,0,1.0
https://www.aljazeera.net/news/2026/4/7/%d8%a5%d9%86%d9%87%d9%85-%d8%ad%d9%8a%d9%88%d8%a7%d9%86%d8%a7%d8%aa-%d8%aa%d8%b1%d9%85%d8%a8-%d9%8a%d8%b1%d8%af-%d8%b9%d9%84%d9%89-%d8%b3%d8%a4%d8%a7%d9%84-%d8%ad%d9%88%d9%84,0,1.0
https://www.aljazeera.net/news/2026/4/7/%d8%b5%d9%88%d8%b1-%d9%81%d8%b6%d8%a7%d8%a6%d9%8a%d8%a9-%d8%aa%d8%b1%d8%b5%d8%af-%d8%aa%d8%b5%d8%a7%d8%b9%d8%af-%d8%a7%d9%84%d8%af%d8%ae%d8%a7%d9%86-%d9%88%d8%a3%d8%b6%d8%b1%d8%a7%d8%b1%d8%a7,1,0.3476
https://www.aljazeera.net/news/2026/4/7/%d8%b5%d9%88%d8%a7%d8%b1%d9%8a%d8%ae-%d8%aa%d8%b3%d8%aa%d9%87%d8%af%d9%81-%d8%aa%d9%84-%d8%a3%d8%a8%d9%8a%d8%a8-%d9%88%d8%aa%d8%ad%d8%b0%d9%8a%d8%b1-%d8%a5%d8%b3%d8%b1%d8%a7%d8%a6%d9%8a%d9%84%d9%8a,1,0.9752
https://www.aljazeera.net/news/2026/4/7/%d9%86%d8%a7%d8%a6%d8%a8-%d8%a7%d9%84%d8%b1%d8%a6%d9%8a%d8%b3-%d8%a7%d9%84%d8%a3%d9%85%d9%8a%d8%b1%d9%83%d9%8a-%d9%8a%d8%b2%d9%88%d8%b1-%d8%a7%d9%84%d9%85%d8%ac%d8%b1-%d9%84%d8%af%d8%b9%d9%85,-1,0.0
https://www.aljazeera.net/news/2026/4/7/%d9%82%d8%aa%d9%8a%d9%84%d8%a7%d9%86-%d9%81%d9%8a-%d8%a3%d8%b1%d8%a8%d9%8a%d9%84-%d9%88%d8%ba%d8%a7%d8%b1%d8%a7%d8%aa-%d8%aa%d8%b3%d8%aa%d9%87%d8%af%d9%81-%d9%85%d9%82%d8%a7%d8%b1,13,0.8413
https://www.aljazeera.net/news/2026/4/7/%d8%b9%d8%a7%d8%a6%d9%84%d8%a9-%d8%ad%d8%b3%d8%a7%d9%85-%d8%a3%d8%a8%d9%88-%d8%b5%d9%81%d9%8a%d8%a9-%d8%aa%d8%ae%d8%b4%d9%89-%d8%aa%d8%b5%d9%81%d9%8a%d8%aa%d9%87-%d8%a8%d9%85%d9%88%d8%ac%d8%a8,14,0.7182
https://www.aljazeera.net/news/2026/4/7/%d8%b3%d9%84%d8%a7%d8%ad-%d8%a7%d9%84%d9%85%d9%87%d9%84-%d8%a7%d9%84%d8%a3%d9%85%d8%b1%d9%8a%d9%83%d9%8a%d8%a9-%d8%ad%d8%b1%d8%a8-%d9%86%d9%81%d8%b3%d9%8a%d8%a9-%d8%a3%d9%85,0,1.0
https://www.aljazeera.net/news/2026/4/7/%d8%a7%d9%84%d8%ae%d8%a7%d8%b1%d8%ac%d9%8a%d8%a9-%d8%a7%d9%84%d8%b5%d9%8a%d9%86%d9%8a%d8%a9-%d9%86%d8%af%d8%b9%d9%85-%d9%88%d8%b3%d8%a7%d8%b7%d8%a9-%d8%a8%d8%a7%d9%83%d8%b3%d8%aa%d8%a7%d9%86,0,0.9653
https://www.aljazeera.net/news/2026/4/7/%d8%ad%d9%85%d9%84%d8%a9-%d9%86%d8%ac%d9%84-%d8%b1%d8%a6%d9%8a%d8%b3-%d8%a3%d9%88%d8%ba%d9%86%d8%af%d8%a7-%d8%b9%d9%84%d9%89-%d8%a7%d9%84%d8%ac%d9%8a%d8%b4-%d8%aa%d8%ab%d9%8a%d8%b1,5,1.0
https://www.aljazeera.net/news/2026/4/7/%d9%84%d8%a8%d9%86%d8%a7%d9%86-%d8%a5%d8%b3%d8%b1%d8%a7%d8%a6%d9%8a%d9%84-%d8%aa%d8%af%d9%81%d8%b9-%d8%a8%d9%81%d8%b1%d9%82%d8%a9-%d8%ae%d8%a7%d9%85%d8%b3%d8%a9,2,0.7334
https://www.aljazeera.net/news/2026/4/7/%d8%aa%d9%82%d9%8a%d9%8a%d9%85-%d8%a3%d9%88%d9%83%d8%b1%d8%a7%d9%86%d9%8a-%d8%b1%d9%88%d8%b3%d9%8a%d8%a7-%d9%82%d8%af%d9%85%d8%aa-%d8%a8%d9%8a%d8%a7%d9%86%d8%a7%d8%aa,0,0.6513
https://www.aljazeera.net/news/2026/4/7/%d8%b9%d8%a7%d8%ac%d9%84-%d8%b1%d9%88%d9%8a%d8%aa%d8%b1%d8%b2-%d8%a5%d8%b7%d9%84%d8%a7%d9%82-%d9%86%d8%a7%d8%b1-%d9%82%d8%b1%d8%a8-%d8%a7%d9%84%d9%82%d9%86%d8%b5%d9%84%d9%8a%d8%a9,16,0.9519
https://www.aljazeera.net/news/2026/4/7/%d8%a7%d9%84%d8%b5%d9%8a%d9%86-%d8%aa%d8%aa%d8%b5%d8%af%d8%b1-%d8%b9%d8%a8%d9%88%d8%b1-29-%d8%b3%d9%81%d9%8a%d9%86%d8%a9-%d9%85%d8%b6%d9%8a%d9%82-%d9%87%d8%b1%d9%85%d8%b2-%d8%ae%d9%84%d8%a7%d9%84,0,1.0
https://www.aljazeera.net/news/2026/4/7/%d8%a3%d9%85%d8%a7%d9%85-%d8%a7%d9%84%d9%86%d8%a7%d8%a6%d8%a8-%d8%a7%d9%84%d8%b9%d8%a7%d9%85-%d8%a7%d9%84%d8%a5%d9%86%d8%af%d9%88%d9%86%d9%8a%d8%b3%d9%8a-%d9%85%d9%86%d8%b8%d9%85%d8%a9,10,0.4213
https://www.aljazeera.net/news/2026/4/7/%d8%a5%d8%b0%d8%a7-%d9%86%d9%81%d8%b0-%d8%aa%d8%b1%d9%85%d8%a8-%d9%88%d8%b9%d9%8a%d8%af%d9%87-%d9%87%d8%b0%d9%87-%d8%a3%d9%87%d9%85-%d8%a7%d9%84%d8%a8%d9%86%d9%89,0,0.9659
https://www.aljazeera.net/news/2026/4/7/%d8%b9%d8%a7%d8%ac%d9%84-%d9%88%d9%83%d8%a7%d9%84%d8%a9-%d9%85%d9%87%d8%b1-%d8%af%d9%88%d9%8a-%d8%a7%d9%86%d9%81%d8%ac%d8%a7%d8%b1%d8%a7%d8%aa-%d9%81%d9%8a-%d8%ac%d8%b2%d9%8a%d8%b1%d8%a9,0,1.0
https://www.aljazeera.net/news/2026/4/7/%d8%ae%d8%a8%d9%8a%d8%b1-%d8%b9%d8%b3%d9%83%d8%b1%d9%8a-%d9%87%d8%b0%d9%87-%d8%a7%d9%84%d9%85%d8%a4%d8%b4%d8%b1%d8%a7%d8%aa-%d8%aa%d9%88%d8%ad%d9%8a-%d8%a8%d8%aa%d8%b5%d8%b9%d9%8a%d8%af,0,0.93
https://www.aljazeera.net/news/2026/4/7/%d8%b9%d8%a7%d8%ac%d9%84-%d8%a7%d9%84%d8%ae%d8%a7%d8%b1%d8%ac%d9%8a%d8%a9-%d8%a7%d9%84%d9%82%d8%b7%d8%b1%d9%8a%d8%a9-%d9%86%d8%af%d9%8a%d9%86-%d8%a3%d9%8a,9,1.0
https://www.aljazeera.net/news/2026/4/7/%d8%a7%d8%b3%d8%aa%d8%b4%d9%87%d8%a7%d8%af-%d9%85%d8%b3%d9%86%d8%a9-%d8%a8%d9%82%d9%84%d9%82%d9%8a%d9%84%d9%8a%d8%a9-%d9%88%d8%ad%d9%85%d9%84%d8%a9,15,0.614
https://www.aljazeera.net/news/2026/4/7/%d9%83%d9%8a%d9%81-%d9%8a%d8%aa%d8%ad%d8%b1%d9%83-%d8%ad%d9%84%d9%81%d8%a7%d8%a1-%d8%a5%d9%8a%d8%b1%d8%a7%d9%86-%d9%85%d8%b9-%d8%a7%d9%82%d8%aa%d8%b1%d8%a7%d8%a8-%d9%86%d9%87%d8%a7%d9%8a%d8%a9,0,1.0
https://www.aljazeera.net/news/2026/4/7/%d8%a5%d9%8a%d8%b1%d8%a7%d9%86-%d8%aa%d9%88%d8%a7%d8%b5%d9%84-%d9%87%d8%ac%d9%85%d8%a7%d8%aa%d9%87%d8%a7-%d8%b9%d9%84%d9%89-%d8%af%d9%88%d9%84-%d8%a7%d9%84%d8%ae%d9%84%d9%8a%d8%ac-%d9%81%d9%8a,4,0.8453
https://www.aljazeera.net/news/2026/4/7/%d8%aa%d8%ad%d8%b0%d9%8a%d8%b1%d8%a7%d8%aa-%d8%a3%d9%88%d8%b1%d9%88%d8%a8%d9%8a%d8%a9-%d9%85%d9%86-%d8%ac%d9%86%d9%88%d9%86-%d8%a7%d9%84%d8%aa%d8%b5%d8%b9%d9%8a%d8%af-%d9%85%d8%b9,0,1.0
https://www.aljazeera.net/news/2026/4/7/%d9%85%d8%a4%d8%b3%d8%b3%d8%a7%d8%aa-%d9%81%d9%84%d8%b3%d8%b7%d9%8a%d9%86%d9%8a%d8%a9-9600-%d8%a3%d8%b3%d9%8a%d8%b1-%d8%a8%d8%b3%d8%ac%d9%88%d9%86-%d8%a5%d8%b3%d8%b1%d8%a7%d8%a6%d9%8a%d9%84,14,0.6073
https://www.aljazeera.net/news/2026/4/7/%d8%b9%d8%a7%d8%ac%d9%84-%d8%aa%d8%b1%d9%85%d8%a8-%d8%a5%d9%8a%d8%b1%d8%a7%d9%86-%d8%ad%d8%b6%d8%a7%d8%b1%d8%a9-%d8%a8%d8%a3%d9%83%d9%85%d9%84%d9%87%d8%a7-%d8%b3%d8%aa%d9%85%d9%88%d8%aa,0,1.0
https://www.aljazeera.net/news/2026/4/7/%d8%a5%d9%8a%d8%b1%d8%a7%d9%86-%d8%aa%d8%b1%d9%81%d8%b6-%d9%87%d8%af%d9%86%d8%a9-%d9%85%d8%a4%d9%82%d8%aa%d8%a9-%d9%88%d8%aa%d8%b6%d8%b9-%d8%b4%d8%b1%d9%88%d8%b7%d8%a7,0,1.0
https://www.aljazeera.net/news/2026/4/7/%d8%a8%d8%b6%d8%ba%d8%b7-%d8%af%d8%a8%d9%84%d9%88%d9%85%d8%a7%d8%b3%d9%8a-%d8%a5%d8%b3%d8%b1%d8%a7%d8%a6%d9%8a%d9%84-%d8%aa%d8%aa%d8%b1%d8%a7%d8%ac%d8%b9-%d8%b9%d9%86,8,0.7703
https://www.aljazeera.net/news/2026/4/7/%d8%a5%d8%b3%d8%b1%d8%a7%d8%a6%d9%8a%d9%84%d9%8a%d8%a9-%d8%aa%d8%aa%d9%85%d9%86%d9%89-%d8%b3%d9%82%d9%88%d8%b7-%d8%b5%d8%a7%d8%b1%d9%88%d8%ae-%d8%a5%d9%8a%d8%b1%d8%a7%d9%86%d9%8a-%d8%b9%d9%84%d9%89,1,0.7213
https://www.aljazeera.net/news/2026/4/7/%d9%85%d9%86%d8%b8%d9%85%d8%a9-%d8%ad%d9%82%d9%88%d9%82%d9%8a%d8%a9-%d8%aa%d8%b1%d8%b3%d9%85-%d8%b5%d9%88%d8%b1%d8%a9-%d8%b5%d8%a7%d8%af%d9%85%d8%a9-%d9%84%d9%85%d8%ac%d8%a7%d8%b2%d8%b1,-1,0.0
https://www.aljazeera.net/news/2026/4/7/%d8%a5%d9%8a%d8%b1%d8%a7%d9%86-%d8%aa%d9%81%d8%b1%d8%ac-%d8%b9%d9%86-%d9%81%d8%b1%d9%86%d8%b3%d9%8a%d9%8a%d9%86-%d8%a8%d8%b9%d8%af-%d8%a7%d8%b9%d8%aa%d9%82%d8%a7%d9%84-%d8%af%d8%a7%d9%85-3,0,1.0
https://www.aljazeera.net/news/2026/4/7/%d9%83%d9%8a%d9%81-%d8%aa%d9%81%d8%a7%d8%b9%d9%84%d8%aa-%d8%a7%d9%84%d9%85%d9%86%d8%b5%d8%a7%d8%aa-%d9%85%d8%b9-%d8%a7%d9%84%d9%87%d8%ac%d9%88%d9%85-%d9%82%d8%b1%d8%a8,16,0.9651
https://www.aljazeera.net/news/2026/4/7/%d8%a3%d8%b1%d8%af%d9%88%d8%ba%d8%a7%d9%86-%d9%86%d8%b3%d8%b1%d8%b9-%d8%a7%d9%84%d8%a5%d9%86%d8%aa%d8%a7%d8%ac-%d8%a7%d9%84%d8%b9%d8%b3%d9%83%d8%b1%d9%8a-%d9%88%d9%86%d8%b3%d8%b9%d9%89,-1,0.0
https://www.aljazeera.net/news/2026/4/7/%d8%a7%d9%84%d9%85%d8%aa%d8%b6%d8%b1%d8%b1-%d9%87%d9%88-%d8%a7%d9%84%d8%b4%d8%b9%d9%88%d8%a8-%d9%85%d8%ba%d8%b1%d8%af%d9%88%d9%86-%d9%8a%d8%ad%d8%b0%d8%b1%d9%88%d9%86-%d9%85%d9%86,-1,0.0
https://www.aljazeera.net/news/2026/4/7/%d8%b9%d8%a7%d8%ac%d9%84-%d9%85%d8%ac%d9%84%d8%b3-%d8%a7%d9%84%d8%a3%d9%85%d9%86-%d8%a7%d9%84%d8%af%d9%88%d9%84%d9%8a-%d9%8a%d8%ae%d9%81%d9%82-%d9%81%d9%8a-%d8%a5%d9%82%d8%b1%d8%a7%d8%b1,0,1.0
https://www.aljazeera.net/news/2026/4/7/%d8%af%d9%88%d9%84-%d8%b9%d8%b1%d8%a8%d9%8a%d8%a9-%d8%aa%d8%af%d9%8a%d9%86-%d8%a7%d9%82%d8%aa%d8%ad%d8%a7%d9%85-%d9%88%d8%b2%d9%8a%d8%b1-%d8%a7%d9%84%d8%a3%d9%85%d9%86,17,0.6038
https://www.aljazeera.net/news/2026/4/7/%d9%85%d8%ac%d8%b2%d8%b1%d8%a9-%d9%85%d8%ae%d9%8a%d9%85-%d8%a7%d9%84%d9%85%d8%ba%d8%a7%d8%b2%d9%8a-%d8%aa%d8%ab%d9%8a%d8%b1-%d8%ba%d8%b6%d8%a8%d8%a7-%d9%88%d8%a7%d8%b3%d8%b9%d8%a7-%d9%84%d8%af%d9%89,3,0.7856
https://www.aljazeera.net/news/2026/4/7/%d8%b3%d8%a7%d8%b9%d8%a7%d8%aa-%d8%ad%d8%a7%d8%b3%d9%85%d8%a9-%d8%ac%d9%87%d9%88%d8%af-%d9%85%d9%83%d8%ab%d9%81%d8%a9-%d9%82%d8%a8%d9%84-%d8%a7%d9%86%d8%aa%d9%87%d8%a7%d8%a1-%d9%85%d9%87%d9%84%d8%a9,0,1.0
https://www.aljazeera.net/news/2026/4/7/%d9%88%d8%b2%d9%8a%d8%b1-%d8%a5%d9%8a%d8%b1%d8%a7%d9%86%d9%8a-%d8%b3%d8%a7%d8%a8%d9%82-%d9%84%d9%86-%d9%86%d8%b3%d8%aa%d8%b3%d9%84%d9%85-%d9%88%d9%82%d8%af%d8%b1%d8%aa%d9%86%d8%a7,-1,0.0
https://www.aljazeera.net/news/2026/4/7/%d8%a7%d9%84%d8%a8%d9%8a%d8%aa-%d8%a7%d9%84%d8%a3%d8%a8%d9%8a%d8%b6-%d9%8a%d9%86%d9%81%d9%8a-%d9%86%d9%8a%d8%a9-%d8%a7%d8%b3%d8%aa%d8%ae%d8%af%d8%a7%d9%85-%d8%a7%d9%84%d8%b3%d9%84%d8%a7%d8%ad,0,1.0
https://www.aljazeera.net/news/2026/4/7/%d9%88%d8%b3%d8%a7%d8%a6%d9%84-%d8%a5%d8%b9%d9%84%d8%a7%d9%85-%d8%a5%d8%b3%d8%b1%d8%a7%d8%a6%d9%8a%d9%84%d9%8a%d8%a9-%d9%85%d9%82%d8%aa%d9%84-%d8%ac%d9%86%d8%af%d9%8a-6,2,0.6492
https://www.aljazeera.net/news/2026/4/7/%d9%85%d9%83%d8%a7%d9%81%d8%a3%d8%a9-%d8%aa%d8%ac%d8%a7%d9%88%d8%b2%d8%aa-40-%d8%a3%d9%84%d9%81-%d8%af%d9%88%d9%84%d8%a7%d8%b1-%d9%83%d9%8a%d9%81-%d8%a3%d8%b5%d8%a8%d8%ad-%d8%aa%d8%b5%d8%b1%d9%81,0,0.9225
https://www.aljazeera.net/news/2026/4/7/%d9%86%d8%aa%d8%a7%d9%86%d9%8a%d8%a7%d9%87%d9%88-%d9%8a%d8%b9%d9%84%d9%86-%d8%b6%d8%b1%d8%a8-%d8%b3%d9%83%d9%83-%d8%ad%d8%af%d9%8a%d8%af-%d9%88%d8%ac%d8%b3%d9%88%d8%b1,1,0.3687
https://www.aljazeera.net/news/2026/4/7/100-%d9%8a%d9%88%d9%85-%d9%85%d9%86-%d8%a7%d9%84%d9%82%d8%aa%d9%84-%d9%83%d8%a7%d8%ba%d8%a7%d9%85%d9%8a-%d9%8a%d8%b9%d8%b8-%d9%81%d9%8a-%d8%b0%d9%83%d8%b1%d9%89-%d8%a5%d8%a8%d8%a7%d8%af%d8%a9,5,0.6685
https://www.aljazeera.net/news/2026/4/7/%d9%85%d8%b3%d8%aa%d8%a9-%d8%b4%d9%85%d8%a7%d8%b3%d9%86%d8%a9-%d9%81%d9%84%d8%b3%d8%b7%d9%8a%d9%86-%d9%88%d9%81%d8%a7%d8%a9,15,0.5029
https://www.aljazeera.net/news/2026/4/7/%d9%85%d8%a7%d8%b0%d8%a7-%d8%aa%d8%b8%d9%87%d8%b1-%d8%a7%d9%84%d8%b5%d9%88%d8%b1-%d8%a7%d9%84%d9%81%d8%b6%d8%a7%d8%a6%d9%8a%d8%a9-%d9%84%d9%85%d9%88%d9%82%d8%b9-%d8%aa%d8%ad%d8%b7%d9%85,18,1.0
https://www.aljazeera.net/news/2026/4/7/%d8%b3%d9%84%d8%a7%d8%b3%d9%84-%d8%a8%d8%b4%d8%b1%d9%8a%d8%a9-%d9%84%d8%ad%d9%85%d8%a7%d9%8a%d8%a9-%d9%85%d9%86%d8%b4%d8%a2%d8%aa-%d8%a7%d9%84%d8%b7%d8%a7%d9%82%d8%a9-%d9%81%d9%8a,-1,0.0
https://www.aljazeera.net/news/2026/4/7/%d9%88%d8%a7%d8%b4%d9%86%d8%b7%d9%86-%d8%aa%d8%af%d8%b1%d8%b3-%d8%b1%d8%af%d8%a7-%d8%a5%d9%8a%d8%b1%d8%a7%d9%86%d9%8a%d8%a7-%d9%85%d8%b4%d8%ac%d8%b9%d8%a7-%d8%a3%d9%83%d8%b3%d9%8a%d9%88%d8%b3,0,1.0
https://www.aljazeera.net/news/2026/4/7/%d9%86%d8%a7%d8%a6%d8%a8-%d8%a7%d9%84%d8%b1%d8%a6%d9%8a%d8%b3-%d8%a7%d9%84%d8%a3%d9%85%d8%b1%d9%8a%d9%83%d9%8a-%d9%8a%d8%b2%d9%88%d8%b1-%d8%a7%d9%84%d9%85%d8%ac%d8%b1-%d9%84%d8%af%d8%b9%d9%85,-1,0.0
https://www.aljazeera.net/news/2026/4/7/3541,11,0.8389
https://www.aljazeera.net/news/2026/4/7/%d9%82%d8%a8%d9%8a%d9%84-%d8%a7%d9%86%d8%aa%d9%87%d8%a7%d8%a1-%d9%85%d9%87%d9%84%d8%a9-%d8%aa%d8%b1%d9%85%d8%a8-%d8%a7%d9%84%d9%83%d9%88%d9%8a%d8%aa-%d8%aa%d8%b7%d9%84%d8%a8-%d9%85%d9%86,4,1.0
https://www.aljazeera.net/news/2026/4/7/%d8%a7%d8%b3%d8%aa%d9%85%d8%b1%d8%a7%d8%b1-%d8%aa%d8%a8%d8%a7%d8%af%d9%84-%d8%a7%d9%84%d8%b6%d8%b1%d8%a8%d8%a7%d8%aa-%d8%a7%d9%84%d8%b5%d8%a7%d8%b1%d9%88%d8%ae%d9%8a%d8%a9-%d8%a8%d9%8a%d9%86,1,0.6007
https://www.aljazeera.net/news/2026/4/7/%d9%82%d8%b7%d8%b9-%d8%a7%d9%84%d9%85%d8%b3%d8%a7%d8%b9%d8%af%d8%a7%d8%aa-%d8%a7%d9%84%d8%a3%d9%85%d8%b1%d9%8a%d9%83%d9%8a%d8%a9-%d8%b9%d9%86-%d8%a3%d9%81%d8%b1%d9%8a%d9%82%d9%8a%d8%a7,-1,0.0
https://www.aljazeera.net/news/2026/4/7/%d8%a8%d8%a7%d8%a8%d8%a7-%d8%a7%d9%84%d9%81%d8%a7%d8%aa%d9%8a%d9%83%d8%a7%d9%86-%d9%8a%d8%af%d8%b9%d9%88-%d9%84%d8%a5%d9%86%d9%87%d8%a7%d8%a1-%d8%a7%d9%84%d8%ad%d8%b1%d8%a8-%d8%b9%d9%84%d9%89,-1,0.0
https://www.aljazeera.net/news/2026/4/7/%d8%ad%d8%b6%d8%a7%d8%b1%d8%a9-%d8%b3%d8%aa%d9%85%d9%88%d8%aa-%d8%a7%d9%84%d9%84%d9%8a%d9%84%d8%a9-%d9%83%d9%8a%d9%81-%d8%aa%d9%81%d8%a7%d8%b9%d9%84,0,1.0
https://www.aljazeera.net/news/2026/4/7/%d8%b3%d8%b1%d9%82%d8%a9-%d8%a7%d9%84%d9%8a%d9%88%d8%b1%d8%a7%d9%86%d9%8a%d9%88%d9%85-%d9%83%d9%8a%d9%81-%d8%aa%d8%ad%d9%88%d9%84%d8%aa-%d8%b9%d9%85%d9%84%d9%8a%d8%a9,18,1.0
https://www.aljazeera.net/news/2026/4/7/%d9%88%d8%a7%d8%b4%d9%86%d8%b7%d9%86-%d8%a8%d9%88%d8%b3%d8%aa-%d9%85%d8%b3%d8%a4%d9%88%d9%84%d9%88%d9%86-%d9%8a%d8%b4%d9%83%d9%83%d9%88%d9%86-%d8%a8%d9%85%d8%b5%d8%af%d8%a7%d9%82%d9%8a%d8%a9,0,0.966
https://www.aljazeera.net/news/2026/4/6/%d9%85%d9%86-%d8%a8%d8%ba%d8%af%d8%a7%d8%af-%d8%a5%d9%84%d9%89-%d9%87%d8%a7%d9%81%d8%a7%d9%86%d8%a7-%d8%b9%d9%82%d9%8a%d8%af%d8%a9-%d8%a7%d9%84%d8%ad%d8%b5%d8%a7%d8%b1,11,0.6681
https://www.aljazeera.net/news/2026/4/6/%d8%a5%d8%b3%d8%b1%d8%a7%d8%a6%d9%8a%d9%84-%d8%aa%d8%b3%d8%aa%d8%b9%d8%af-%d9%84%d8%aa%d8%b5%d8%b9%d9%8a%d8%af-%d9%83%d8%a8%d9%8a%d8%b1-%d8%b6%d8%af-%d8%a5%d9%8a%d8%b1%d8%a7%d9%86,0,0.8672
https://www.aljazeera.net/news/2026/4/6/%d8%b9%d9%8a%d8%af-%d9%81%d8%b5%d8%ad-%d8%ad%d8%b2%d9%8a%d9%86-%d9%8a%d8%b9%d9%8a%d8%b4%d9%87-%d8%a7%d9%84%d9%85%d8%b3%d9%8a%d8%ad%d9%8a%d9%88%d9%86-%d8%b7%d8%a8%d9%88%d9%84,17,0.4904
https://www.aljazeera.net/news/2026/4/6/%d8%a7%d9%84%d8%af%d8%a7%d8%ae%d9%84%d9%8a%d8%a9-%d8%a7%d9%84%d8%b3%d9%88%d8%b1%d9%8a%d8%a9-%d8%b6%d8%a8%d8%b7-%d8%b4%d8%ae%d8%b5%d9%8a%d9%86-%d9%85%d8%aa%d9%88%d8%b1%d8%b7%d9%8a%d9%86,6,1.0
https://www.aljazeera.net/news/2026/4/6/%d9%81%d9%8a-%d9%88%d9%82%d8%aa-%d9%8a%d8%ad%d8%aa%d8%af%d9%85-%d8%a7%d9%84%d8%b5%d8%b1%d8%a7%d8%b9-15-%d9%85%d9%84%d9%8a%d8%a7%d8%b1-%d8%af%d9%88%d9%84%d8%a7%d8%b1-%d8%aa%d9%83%d9%84%d9%81%d8%a9,1,0.3783
https://www.aljazeera.net/news/2026/4/6/48-%d8%b3%d8%a7%d8%b9%d8%a9-%d8%ad%d8%a7%d8%b3%d9%85%d8%a9-%d9%87%d9%84-%d8%aa%d9%88%d8%ac%d9%87-%d9%88%d8%a7%d8%b4%d9%86%d8%b7%d9%86-%d8%b6%d8%b1%d8%a8%d8%a9-%d8%b4%d8%a7%d9%85%d9%84%d8%a9,0,0.9928
https://www.aljazeera.net/news/2026/4/6/%d9%85%d8%b9%d8%a7%d8%af%d9%84%d8%a9-%d8%a7%d9%84%d8%aa%d8%af%d9%85%d9%8a%d8%b1-%d8%a7%d9%84%d8%b0%d8%a7%d8%aa%d9%8a-%d9%84%d9%85%d8%a7%d8%b0%d8%a7-%d9%82%d8%b5%d9%81%d8%aa,18,1.0
https://www.aljazeera.net/news/2026/4/6/%d9%8a%d8%b9%d9%85%d9%84-%d9%83%d8%a7%d9%84%d8%b3%d8%ad%d8%b1-%d9%83%d9%8a%d9%81-%d9%8a%d8%af%d9%8a%d8%b1-%d9%85%d8%b4%d8%b1%d9%88%d8%b9-%d9%85%d9%8a%d9%81%d9%8a%d9%86,0,0.8675
https://www.aljazeera.net/news/2026/4/6/%d8%b9%d8%b4%d8%b1%d8%a7%d8%aa-%d8%a7%d9%84%d8%b6%d8%ad%d8%a7%d9%8a%d8%a7-%d8%a8%d8%ba%d8%a7%d8%b1%d8%a7%d8%aa-%d8%a5%d8%b3%d8%b1%d8%a7%d8%a6%d9%8a%d9%84%d9%8a%d8%a9-%d8%b9%d9%84%d9%89,2,0.9311
https://www.aljazeera.net/news/2026/4/6/%d8%b9%d8%a7%d8%ac%d9%84-%d8%a3%d9%83%d8%b3%d9%8a%d9%88%d8%b3-%d8%b9%d9%86-%d9%85%d8%b5%d8%a7%d8%af%d8%b1-%d8%a3%d9%85%d8%b1%d9%8a%d9%83%d9%8a%d8%a9,0,1.0
https://www.aljazeera.net/news/2026/4/6/%d9%83%d9%8a%d9%81-%d9%82%d8%b1%d8%a3%d8%aa-%d8%a7%d9%84%d9%82%d9%8a%d8%a7%d8%af%d8%a9-%d8%a7%d9%84%d8%a5%d9%8a%d8%b1%d8%a7%d9%86%d9%8a%d8%a9-%d8%aa%d9%87%d8%af%d9%8a%d8%af%d8%a7%d8%aa,0,1.0
https://www.aljazeera.net/news/2026/4/6/%d8%af%d9%88%d9%84-%d8%ae%d9%84%d9%8a%d8%ac%d9%8a%d8%a9-%d8%aa%d8%aa%d8%b5%d8%af%d9%89-%d9%84%d9%85%d9%88%d8%ac%d8%a9-%d8%b5%d9%88%d8%a7%d8%b1%d9%8a%d8%ae-%d9%88%d9%85%d8%b3%d9%8a%d8%b1%d8%a7%d8%aa,4,1.0
https://www.aljazeera.net/news/2026/4/6/%d9%81%d9%8a%d8%af%d9%8a%d9%88-%d8%a7%d9%84%d8%b8%d9%87%d9%88%d8%b1-%d8%a7%d9%84%d8%a3%d9%88%d9%84-%d9%84%d9%84%d9%85%d8%b1%d8%b4%d8%af-%d8%a7%d9%84%d8%ac%d8%af%d9%8a%d8%af,7,0.7809
https://www.aljazeera.net/news/2026/4/6/%d8%a7%d9%86%d8%aa%d9%82%d8%a7%d8%af%d8%a7%d8%aa-%d9%84%d8%aa%d8%b1%d9%85%d8%a8-%d9%88%d8%a5%d8%af%d8%a7%d8%b1%d8%aa%d9%87-%d8%a5%d8%ab%d8%b1-%d8%aa%d9%88%d8%b8%d9%8a%d9%81-%d8%ae%d8%b7%d8%a7%d8%a8,0,1.0
https://www.aljazeera.net/news/2026/4/6/%d9%82%d8%aa%d9%84%d9%89-%d9%81%d9%8a-%d9%87%d8%ac%d9%85%d8%a7%d8%aa-%d8%b9%d9%84%d9%89-%d8%b7%d9%87%d8%b1%d8%a7%d9%86-%d9%88%d9%82%d9%85-%d9%88%d8%b5%d9%88%d8%a7%d8%b1%d9%8a%d8%ae,1,0.5127
https://www.aljazeera.net/news/2026/4/6/%d9%83%d9%88%d8%b1%d9%8a%d8%a7-%d8%a7%d9%84%d8%ac%d9%86%d9%88%d8%a8%d9%8a%d8%a9-%d8%aa%d8%b9%d8%aa%d8%b0%d8%b1-%d9%84%d9%83%d9%88%d8%b1%d9%8a%d8%a7-%d8%a7%d9%84%d8%b4%d9%85%d8%a7%d9%84%d9%8a%d8%a9,-1,0.0
https://www.aljazeera.net/news/2026/4/6/%d8%a5%d9%8a%d8%b1%d8%a7%d9%86-%d8%aa%d9%87%d8%af%d8%af-%d8%a8%d8%b1%d8%af-%d8%a3%d9%83%d8%ab%d8%b1-%d8%aa%d8%af%d9%85%d9%8a%d8%b1%d8%a7-%d8%a5%d8%b0%d8%a7-%d8%aa%d8%b9%d8%b1%d8%b6%d8%aa,0,1.0
https://www.aljazeera.net/news/2026/4/6/%d8%a3%d9%86%d9%82%d8%b1%d8%a9-2,18,1.0
https://www.aljazeera.net/news/2026/4/6/%d8%a5%d9%8a%d8%b1%d8%a7%d9%86-%d8%aa%d8%b5%d8%b9%d8%af-%d9%87%d8%ac%d9%85%d8%a7%d8%aa%d9%87%d8%a7-%d8%b9%d9%84%d9%89-%d8%a5%d8%b3%d8%b1%d8%a7%d8%a6%d9%8a%d9%84-%d9%87%d9%84-%d8%a8%d8%af%d8%a3,1,0.4068
https://www.aljazeera.net/news/2026/4/6/%d9%85%d9%86-%d8%a7%d9%84%d8%a3%d9%82%d8%b5%d9%89-%d9%84%d9%84%d9%82%d9%8a%d8%a7%d9%85%d8%a9-%d9%82%d9%8a%d9%88%d8%af-%d8%a7%d9%84%d8%a7%d8%ad%d8%aa%d9%84%d8%a7%d9%84-%d8%aa%d8%ad%d8%b1%d9%85,17,1.0
https://www.aljazeera.net/news/2026/4/6/%d8%a5%d8%b5%d8%a7%d8%a8%d8%a9-%d9%85%d8%b9%d8%a7%d8%b1%d8%b6-%d9%85%d9%88%d8%b1%d9%8a%d8%aa%d8%a7%d9%86%d9%8a-%d8%a8%d8%a7%d8%b1%d8%b2-%d9%88%d9%86%d9%82%d9%84-%d8%b9%d8%b4%d8%b1%d8%a7%d8%aa,5,0.8534
https://www.aljazeera.net/news/2026/4/6/%d8%b9%d8%a7%d8%ac%d9%84-%d8%b1%d9%88%d9%8a%d8%aa%d8%b1%d8%b2-%d8%b9%d9%86-%d9%85%d8%b5%d8%af%d8%b1-%d9%85%d8%b7%d9%84%d8%b9-%d8%a5%d9%8a%d8%b1%d8%a7%d9%86-%d9%88%d8%a3%d9%85%d8%b1%d9%8a%d9%83%d8%a7,0,1.0
https://www.aljazeera.net/news/2026/4/6/15-%d8%b3%d9%81%d9%8a%d9%86%d8%a9-%d8%aa%d8%b9%d8%a8%d8%b1-%d9%85%d8%b6%d9%8a%d9%82-%d9%87%d8%b1%d9%85%d8%b2-%d9%81%d9%8a-%d8%a3%d8%b9%d9%84%d9%89-%d9%85%d8%b9%d8%af%d9%84-%d9%85%d9%86%d8%b0,0,1.0
https://www.aljazeera.net/news/2026/4/6/%d8%b3%d8%b1%d8%a8-%d9%86%d8%ad%d9%84-%d9%8a%d9%82%d8%aa%d8%ad%d9%85-%d9%85%d8%ad%d8%b1%d9%83-%d8%b7%d8%a7%d8%a6%d8%b1%d8%a9-%d8%a3%d9%85%d8%b1%d9%8a%d9%83%d9%8a%d8%a9-%d9%88%d9%8a%d8%a4%d8%ae%d8%b1,18,0.6548
https://www.aljazeera.net/news/2026/4/6/%d8%b9%d8%a7%d8%ac%d9%84-%d8%a7%d9%84%d8%ad%d8%b1%d8%b3-%d8%a7%d9%84%d8%ab%d9%88%d8%b1%d9%8a-%d9%8a%d9%84%d8%b9%d9%86-%d9%85%d9%82%d8%aa%d9%84-%d8%b1%d8%a6%d9%8a%d8%b3,7,0.8513
https://www.aljazeera.net/news/2026/4/6/%d9%83%d9%8a%d9%81-%d8%a7%d9%86%d8%b9%d9%83%d8%b3-%d8%ae%d8%b7%d8%a7%d8%a8-%d8%a3%d8%a8%d9%88-%d8%b9%d8%a8%d9%8a%d8%af%d8%a9-%d8%b9%d9%84%d9%89-%d9%85%d9%86%d8%b5%d8%a7%d8%aa,-1,0.0
https://www.aljazeera.net/news/2026/4/6/%d9%82%d8%aa%d9%84%d9%89-%d9%88%d8%ac%d8%b1%d8%ad%d9%89-%d8%a8%d8%ba%d8%a7%d8%b1%d8%a7%d8%aa-%d8%a5%d8%b3%d8%b1%d8%a7%d8%a6%d9%8a%d9%84%d9%8a%d8%a9-%d8%b9%d9%84%d9%89-%d8%ac%d9%86%d9%88%d8%a8-2,2,1.0
https://www.aljazeera.net/news/2026/4/6/h-2,12,1.0
https://www.aljazeera.net/news/2026/4/6/%d9%85%d9%87%d9%84%d8%a9-%d8%aa%d8%b1%d9%85%d8%a8,0,1.0
https://www.aljazeera.net/news/2026/4/6/%d8%b9%d8%a7%d8%ac%d9%84-%d8%a7%d9%84%d8%ae%d8%a7%d8%b1%d8%ac%d9%8a%d8%a9-%d8%a7%d9%84%d8%a5%d9%8a%d8%b1%d8%a7%d9%86%d9%8a%d8%a9-%d8%b7%d9%87%d8%b1%d8%a7%d9%86-%d8%b5%d8%a7%d8%ba%d8%aa,0,1.0
https://www.aljazeera.net/news/2026/4/6/%d9%86%d8%a7%d8%b2%d8%ad%d9%88-%d9%84%d8%a8%d9%86%d8%a7%d9%86-%d9%83%d9%8a%d9%81-%d9%8a%d8%b9%d9%8a%d8%af-%d8%a7%d9%84%d8%ae%d8%b7%d8%b1-%d8%aa%d8%b9%d8%b1%d9%8a%d9%81,-1,0.0
https://www.aljazeera.net/news/2026/4/6/%d8%a7%d9%84%d8%b6%d9%81%d8%a9-%d8%a7%d9%84%d8%ba%d8%b1%d8%a8%d9%8a%d8%a9-16,15,1.0
https://www.aljazeera.net/news/2026/4/6/%d8%a7%d9%84%d8%b9%d8%b1%d8%a7%d9%82-%d8%a7%d8%b3%d8%aa%d9%87%d8%af%d8%a7%d9%81-%d9%85%d9%82%d8%b1%d8%a7%d8%aa-%d9%84%d9%84%d8%ad%d8%b4%d8%af-%d9%88%d9%82%d8%a7%d8%b9%d8%af%d8%a9,13,1.0
https://www.aljazeera.net/news/2026/4/6/%d9%85%d9%82%d8%aa%d9%84-%d8%b7%d9%81%d9%84-%d9%82%d9%86%d8%b5%d8%a7-%d8%a8%d8%aa%d8%b9%d8%b2-%d9%8a%d9%87%d8%b2-%d8%a7%d9%84%d9%85%d9%86%d8%b5%d8%a7%d8%aa-%d9%88%d9%85%d8%ba%d8%b1%d8%af%d9%88%d9%86,-1,0.0
https://www.aljazeera.net/news/2026/4/6/%d9%81%d9%8a-%d9%8a%d9%88%d9%85-%d8%a7%d9%84%d8%b7%d9%81%d9%84-%d8%a7%d9%84%d9%81%d9%84%d8%b3%d8%b7%d9%8a%d9%86%d9%8a-%d8%af%d8%b9%d9%88%d8%a7%d8%aa-%d9%84%d9%84%d8%a5%d9%81%d8%b1%d8%a7%d8%ac,14,0.4276
https://www.aljazeera.net/news/2026/4/6/%d9%82%d8%b7%d8%b1-%d8%aa%d8%af%d8%b9%d9%88-%d9%84%d8%aa%d8%ac%d9%86%d8%a8-%d8%a7%d9%84%d8%aa%d8%b5%d8%b9%d9%8a%d8%af-%d8%ad%d9%81%d8%a7%d8%b8%d8%a7-%d8%b9%d9%84%d9%89,9,1.0
https://www.aljazeera.net/news/2026/4/6/%d8%a7%d9%84%d8%af%d8%a7%d8%ae%d9%84%d9%8a%d8%a9-%d8%a7%d9%84%d8%b9%d8%b1%d8%a7%d9%82%d9%8a%d8%a9-534-%d8%b4%d8%a7%d8%a6%d8%b9%d8%a9-%d8%a3%d9%85%d9%86%d9%8a%d8%a9,-1,0.0
https://www.aljazeera.net/news/2026/4/6/%d8%a5%d9%8a%d8%b1%d8%a7%d9%86-%d8%aa%d8%aa%d9%87%d9%85-%d8%a7%d9%84%d9%88%d9%83%d8%a7%d9%84%d8%a9-%d8%a7%d9%84%d8%af%d9%88%d9%84%d9%8a%d8%a9-%d9%84%d9%84%d8%b7%d8%a7%d9%82%d8%a9,-1,0.0
https://www.aljazeera.net/news/2026/4/6/%d8%a7%d9%84%d8%a3%d8%b1%d8%af%d9%86-%d9%8a%d9%82%d8%b1%d8%b1-%d8%aa%d8%b9%d9%88%d9%8a%d8%b6-%d9%85%d9%86-%d8%aa%d8%b6%d8%b1%d8%b1%d8%aa-%d9%85%d9%85%d8%aa%d9%84%d9%83%d8%a7%d8%aa%d9%87%d9%85,4,0.2523
https://www.aljazeera.net/news/2026/4/6/%d8%b9%d8%b4%d8%b1%d8%a7%d8%aa-%d8%a7%d9%84%d9%85%d9%87%d8%a7%d8%ac%d8%b1%d9%8a%d9%86-%d9%8a%d8%a8%d8%aa%d9%84%d8%b9%d9%87%d9%85-%d8%a7%d9%84%d9%85%d8%aa%d9%88%d8%b3%d8%b7,10,0.4384
https://www.aljazeera.net/news/2026/4/6/%d8%ae%d9%84%d8%a7%d9%81-%d8%a3%d9%85%d8%b1%d9%8a%d9%83%d9%8a-%d8%a5%d8%b3%d8%b1%d8%a7%d8%a6%d9%8a%d9%84%d9%8a-%d8%ad%d9%88%d9%84-%d8%a7%d9%84%d9%87%d8%af%d9%86%d8%a9-%d9%87%d9%84,0,0.9016
https://www.aljazeera.net/news/2026/4/6/%d8%a7%d9%84%d9%83%d8%b1%d9%85%d9%84%d9%8a%d9%86,0,0.7133
https://www.aljazeera.net/news/2026/4/6/%d8%a7%d9%84%d8%b5%d8%ad%d8%a9-%d8%a7%d9%84%d9%84%d8%a8%d9%86%d8%a7%d9%86%d9%8a%d8%a9-%d8%a7%d8%b3%d8%aa%d8%b4%d9%87%d8%a7%d8%af-%d9%85%d8%b3%d8%b9%d9%81%d9%8a%d9%86,2,0.7974
https://www.aljazeera.net/news/2026/4/6/%d8%aa%d9%82%d8%b1%d9%8a%d8%b1-4,0,1.0
https://www.aljazeera.net/news/2026/4/6/%d8%b9%d8%a8%d9%88%d8%b1-%d9%86%d8%a7%d9%82%d9%84%d8%a9-%d9%86%d9%81%d8%b7-%d8%aa%d8%b1%d9%83%d9%8a%d8%a9-%d9%85%d9%86-%d9%85%d8%b6%d9%8a%d9%82-%d9%87%d8%b1%d9%85%d8%b2-%d8%aa%d8%ad%d9%85%d9%84,0,1.0
https://www.aljazeera.net/news/2026/4/6/%d8%b9%d8%a7%d8%ac%d9%84-%d9%88%d8%b3%d8%a7%d8%a6%d9%84-%d8%a5%d8%b9%d9%84%d8%a7%d9%85-%d8%a5%d8%b3%d8%b1%d8%a7%d8%a6%d9%8a%d9%84%d9%8a%d8%a9-%d9%87%d8%ac%d9%88%d9%85,1,0.9254
https://www.aljazeera.net/news/2026/4/6/%d9%83%d8%a7%d9%85%d9%8a%d8%b1%d8%a7%d8%aa-%d8%a7%d9%84%d9%85%d8%b1%d8%a7%d9%82%d8%a8%d8%a9-%d8%aa%d8%aa%d8%ac%d8%a7%d9%88%d8%b2-%d9%85%d8%a7-%d8%aa%d8%ae%d9%81%d9%8a%d9%87,1,0.4301
https://www.aljazeera.net/news/2026/4/6/%d9%86%d8%a7%d8%a6%d8%a8-%d8%a5%d8%b3%d8%b1%d8%a7%d8%a6%d9%8a%d9%84%d9%8a-%d9%8a%d9%82%d8%af%d9%85-%d8%a7%d9%84%d8%aa%d9%85%d8%a7%d8%b3%d8%a7%d9%8b-%d9%84%d8%a5%d9%84%d8%ba%d8%a7%d8%a1,14,1.0
https://www.aljazeera.net/news/2026/4/6/%d9%83%d9%8a%d9%81-%d8%aa%d9%87%d9%86%d8%af%d8%b3-%d8%a5%d8%b3%d8%b1%d8%a7%d8%a6%d9%8a%d9%84-%d9%82%d8%aa%d9%84-%d8%a7%d9%84%d9%85%d8%b1%d8%b6%d9%89-%d9%81%d9%8a-%d9%82%d8%b7%d8%a7%d8%b9,3,1.0
https://www.aljazeera.net/news/2026/4/6/%d9%85%d9%82%d8%aa%d9%84-%d8%ab%d9%84%d8%a7%d8%ab%d8%a9-%d9%81%d9%8a-%d8%a3%d9%88%d9%83%d8%b1%d8%a7%d9%86%d9%8a%d8%a7-%d9%88%d9%85%d8%b5%d8%b1%d8%b9-%d9%82%d8%a7%d8%a6%d8%af-%d9%83%d8%a8%d9%8a%d8%b1,12,1.0
https://www.aljazeera.net/news/2026/4/6/%d9%88%d9%83%d8%a7%d9%84%d8%a9-%d8%a5%d8%b1%d9%86%d8%a7-%d8%a5%d9%8a%d8%b1%d8%a7%d9%86-%d9%82%d8%af%d9%85%d8%aa-%d8%b1%d8%af%d9%87%d8%a7-%d9%84%d8%a8%d8%a7%d9%83%d8%b3%d8%aa%d8%a7%d9%86,0,1.0
https://www.aljazeera.net/news/2026/4/6/%d9%87%d8%ac%d9%88%d9%85-%d9%85%d8%aa%d8%b2%d8%a7%d9%85%d9%86-%d9%85%d9%86-%d8%a5%d9%8a%d8%b1%d8%a7%d9%86-%d9%88%d9%84%d8%a8%d9%86%d8%a7%d9%86-%d9%88%d8%a7%d9%84%d9%8a%d9%85%d9%86,2,0.5818
https://www.aljazeera.net/news/2026/4/6/%d8%b9%d8%a7%d8%ac%d9%84-%d8%aa%d8%b1%d9%85%d8%a8-%d8%a7%d9%84%d8%ab%d9%84%d8%a7%d8%ab%d8%a7%d8%a1-%d9%87%d9%88-%d8%a7%d9%84%d9%85%d9%88%d8%b9%d8%af-%d8%a7%d9%84%d9%86%d9%87%d8%a7%d8%a6%d9%8a,0,1.0
https://www.aljazeera.net/news/2026/4/6/%d9%85%d8%b3%d8%a4%d9%88%d9%84-%d8%a5%d9%8a%d8%b1%d8%a7%d9%86%d9%8a-%d8%b1%d9%81%d9%8a%d8%b9-%d9%8a%d9%88%d8%b6%d8%ad-%d9%84%d9%84%d8%ac%d8%b2%d9%8a%d8%b1%d8%a9-%d9%86%d8%aa-%d8%a2%d9%84%d9%8a%d8%a9,0,1.0
https://www.aljazeera.net/news/2026/4/6/%d9%82%d8%b5%d9%81-%d9%85%d9%86%d8%b4%d8%a2%d8%aa-%d8%b5%d9%86%d8%a7%d8%b9%d9%8a%d8%a9-%d9%88%d8%aa%d8%b9%d9%84%d9%8a%d9%85%d9%8a%d8%a9-%d8%a5%d9%8a%d8%b1%d8%a7%d9%86%d9%8a%d8%a9,1,0.4121
https://www.aljazeera.net/news/2026/4/6/%d8%a7%d9%84%d8%ad%d9%88%d8%ab%d9%8a%d9%88%d9%86-%d9%8a%d8%b9%d9%84%d9%86%d9%88%d9%86-%d8%a7%d8%b3%d8%aa%d9%87%d8%af%d8%a7%d9%81-%d8%a3%d9%85-%d8%a7%d9%84%d8%b1%d8%b4%d8%b1%d8%a7%d8%b4,-1,0.0
https://www.aljazeera.net/news/2026/4/6/%d8%a8%d8%b9%d8%af-%d9%85%d9%87%d9%84%d8%a9-%d8%a7%d9%84%d8%ab%d9%84%d8%a7%d8%ab%d8%a7%d8%a1-%d9%85%d8%a7-%d8%a7%d9%84%d8%a3%d9%87%d8%af%d8%a7%d9%81-%d8%a7%d9%84%d9%85%d8%ad%d8%aa%d9%85%d9%84%d8%a9,0,1.0
https://www.aljazeera.net/news/2026/4/6/%d8%a5%d8%b5%d8%a7%d8%a8%d8%a7%d8%aa-%d9%86%d8%aa%d9%8a%d8%ac%d8%a9-%d8%a7%d8%b9%d8%aa%d8%b1%d8%a7%d8%b6%d8%a7%d8%aa-%d9%84%d8%b5%d9%88%d8%a7%d8%b1%d9%8a%d8%ae,4,0.5958
https://www.aljazeera.net/news/2026/4/6/%d8%a7%d9%84%d8%a8%d8%b1%d9%87%d8%a7%d9%86-%d9%8a%d9%84%d8%ba%d9%8a-%d9%85%d9%86%d8%a7%d8%b5%d8%a8-%d9%86%d8%a7%d8%a6%d8%a8-%d9%88%d9%85%d8%b3%d8%a7%d8%b9%d8%af%d9%8a-%d9%82%d8%a7%d8%a6%d8%af,10,0.9567
https://www.aljazeera.net/news/2026/4/6/%d9%82%d8%b5%d9%81-%d8%a5%d8%b3%d8%b1%d8%a7%d8%a6%d9%8a%d9%84%d9%8a-%d9%8a%d9%88%d9%82%d8%b9-10-%d8%b4%d9%87%d8%af%d8%a7%d8%a1-%d8%b1%d8%ba%d9%85-%d9%88%d9%82%d9%81-%d8%a5%d8%b7%d9%84%d8%a7%d9%82,3,1.0
https://www.aljazeera.net/news/2026/4/6/%d8%b2%d9%81%d8%a7%d9%81-%d8%a5%d9%8a%d8%b1%d8%a7%d9%86%d9%8a-%d8%af%d8%a7%d8%ae%d9%84-%d9%85%d8%b3%d8%ac%d8%af-%d8%a7%d9%84%d8%b1%d9%81%d8%a7%d8%b9%d9%8a,17,1.0
https://www.aljazeera.net/news/2026/4/6/%d8%a7%d9%84%d9%83%d8%b1%d9%85%d9%84%d9%8a%d9%86-%d9%8a%d8%b1%d9%81%d8%b6-%d8%a7%d9%84%d8%aa%d8%b9%d9%84%d9%8a%d9%82-%d8%b9%d9%84%d9%89-%d8%aa%d8%b5%d8%b1%d9%8a%d8%ad%d8%a7%d8%aa,0,0.6886
https://www.aljazeera.net/news/2026/4/6/%d8%ae%d8%a8%d9%8a%d8%b1-%d8%b9%d8%b3%d9%83%d8%b1%d9%8a-%d9%87%d9%83%d8%b0%d8%a7-%d9%86%d8%ac%d8%ad%d8%aa-%d8%a5%d9%8a%d8%b1%d8%a7%d9%86-%d9%81%d9%8a-%d8%aa%d9%82%d9%84%d9%8a%d9%84,1,1.0
https://www.aljazeera.net/news/2026/4/6/%d8%a3%d8%b1%d8%af%d9%88%d8%ba%d8%a7%d9%86-%d8%a5%d8%b3%d8%b1%d8%a7%d8%a6%d9%8a%d9%84-%d8%aa%d9%82%d9%88%d8%b6-%d9%83%d9%84-%d9%85%d8%ad%d8%a7%d9%88%d9%84%d8%a7%d8%aa-%d8%a5%d9%86%d9%87%d8%a7%d8%a1,-1,0.0
https://www.aljazeera.net/news/2026/4/6/%d8%aa%d8%b1%d9%85%d8%a8-%d9%8a%d9%83%d8%b4%d9%81-%d8%aa%d9%81%d8%a7%d8%b5%d9%8a%d9%84-%d8%ac%d8%af%d9%8a%d8%af%d8%a9-%d9%84%d8%b9%d9%85%d9%84%d9%8a%d8%a9-%d8%a5%d9%86%d9%82%d8%a7%d8%b0,18,1.0
https://www.aljazeera.net/news/2026/4/6/%d9%86%d8%aa%d9%86%d9%8a%d8%a7%d9%87%d9%88-%d9%8a%d9%82%d9%8a%d9%84-%d8%a7%d9%84%d9%85%d8%aa%d8%ad%d8%af%d8%ab-%d8%a8%d8%a7%d8%b3%d9%85%d9%87-%d8%a8%d8%b9%d8%af-%d8%b3%d9%84%d8%b3%d9%84%d8%a9,19,1.0
https://www.aljazeera.net/news/2026/4/6/%d8%a7%d9%84%d8%af%d9%88%d8%ad%d8%a9-%d8%aa%d8%a8%d8%ad%d8%ab-%d9%85%d8%b9-%d8%b4%d8%b1%d9%83%d8%a7%d8%a6%d9%87%d8%a7-%d8%a7%d9%84%d8%af%d9%88%d9%84%d9%8a%d9%8a%d9%86,9,0.9195
https://www.aljazeera.net/news/2026/4/6/%d8%a8%d9%86-%d8%ba%d9%81%d9%8a%d8%b1-%d9%8a%d9%82%d8%aa%d8%ad%d9%85-%d8%a7%d9%84%d8%a3%d9%82%d8%b5%d9%89-%d8%aa%d8%b2%d8%a7%d9%85%d9%86%d8%a7-%d9%85%d8%b9-%d8%a7%d8%b3%d8%aa%d9%85%d8%b1%d8%a7%d8%b1,17,1.0
https://www.aljazeera.net/news/2026/4/6/%d8%ad%d8%a7%d9%84%d8%a9-%d8%a7%d8%b3%d8%aa%d9%86%d9%81%d8%a7%d8%b1-%d9%82%d8%b5%d9%88%d9%89-%d8%a7%d8%b3%d8%aa%d8%b9%d8%af%d8%a7%d8%af%d8%a7%d8%aa,0,0.9517
https://www.aljazeera.net/news/2026/4/6/%d9%85%d9%88%d8%af%d9%8a-%d9%8a%d8%b9%d9%84%d9%86-%d8%af%d8%ae%d9%88%d9%84-%d8%a7%d9%84%d9%87%d9%86%d8%af-%d9%85%d8%b1%d8%ad%d9%84%d8%a9-%d8%ad%d8%a7%d8%b3%d9%85%d8%a9-%d9%81%d9%8a,-1,0.0
https://www.aljazeera.net/news/2026/4/6/%d8%b3%d9%88%d8%b1%d9%8a%d8%a7-%d8%aa%d8%b9%d9%84%d9%86-%d9%85%d8%ae%d9%8a%d9%85-%d8%a7%d9%84%d9%87%d9%88%d9%84-%d9%85%d9%86%d8%b7%d9%82%d8%a9-%d8%b9%d8%b3%d9%83%d8%b1%d9%8a%d8%a9,6,1.0
https://www.aljazeera.net/news/2026/4/6/%d8%aa%d8%b3%d8%b1%d9%8a%d8%a8%d8%a7%d8%aa-%d9%84%d9%84%d8%ac%d8%b2%d9%8a%d8%b1%d8%a9-%d9%86%d8%aa-%d8%a7%d9%84%d9%85%d8%b1%d8%ad%d9%84%d8%a9-%d8%a7%d9%84%d8%ab%d8%a7%d9%86%d9%8a%d8%a9,-1,0.0
https://www.aljazeera.net/news/liveblog/2026/4/5/%d8%a7%d9%84%d8%ad%d8%b1%d8%a8-%d8%b9%d9%84%d9%89-%d8%a5%d9%8a%d8%b1%d8%a7%d9%86-%d9%85%d8%a8%d8%a7%d8%b4%d8%b1,-1,0.0
https://www.aljazeera.net/news/2026/4/5/%d8%a5%d8%b3%d8%b1%d8%a7%d8%a6%d9%8a%d9%84-%d8%aa%d8%b3%d8%aa%d8%b9%d8%af-%d9%84%d9%84%d9%87%d8%ac%d9%88%d9%85-%d8%b9%d9%84%d9%89-%d9%85%d9%86%d8%b4%d8%a2%d8%aa-%d8%a7%d9%84%d8%b7%d8%a7%d9%82%d8%a9,0,0.9749
https://www.aljazeera.net/news/2026/4/5/%d8%b9%d8%a7%d8%ac%d9%84-%d8%aa%d8%b3%d9%86%d9%8a%d9%85-%d8%b9%d9%86-%d9%85%d8%b5%d8%af%d8%b1-%d8%b9%d8%b3%d9%83%d8%b1%d9%8a-%d9%84%d9%86-%d9%86%d8%b9%d9%84%d9%86-%d8%a5%d9%86-%d9%83%d8%a7%d9%86,18,1.0
https://www.aljazeera.net/news/2026/4/5/%d9%81%d8%b1%d9%82%d8%aa%d9%87%d8%a7-%d8%a7%d9%84%d8%b4%d8%b1%d8%b7%d8%a9-%d9%85%d8%b8%d8%a7%d9%87%d8%b1%d8%a9-%d9%84%d9%85%d8%a6%d8%a7%d8%aa,-1,0.0
https://www.aljazeera.net/news/2026/4/5/%d9%84%d8%ba%d8%b2-%d8%a7%d9%84%d8%b7%d9%8a%d8%a7%d8%b1-%d8%a7%d9%84%d9%85%d9%81%d9%82%d9%88%d8%af-%d8%b5%d9%85%d8%aa-%d8%a3%d9%85%d8%b1%d9%8a%d9%83%d9%8a-%d9%84%d8%a7%d9%81%d8%aa,18,1.0
https://www.aljazeera.net/news/2026/4/5/%d9%85%d8%b1%d9%88%d8%b9%d8%a9-%d9%84%d9%84%d8%ba%d8%a7%d9%8a%d8%a9-%d8%b9%d8%b6%d9%88-%d8%a8%d8%a7%d9%84%d9%83%d9%86%d9%8a%d8%b3%d8%aa-%d9%8a%d8%b5%d9%81-%d8%b3%d9%82%d9%88%d8%b7,1,1.0
https://www.aljazeera.net/news/2026/4/5/%d9%85%d8%ad%d9%84%d9%84%d9%88%d9%86-%d8%aa%d8%b1%d9%85%d8%a8-%d9%88%d8%b6%d8%b9-%d8%a7%d9%84%d9%85%d9%86%d8%b7%d9%82%d8%a9-%d8%b9%d9%84%d9%89-%d8%ad%d8%a7%d9%81%d8%a9,0,1.0
https://www.aljazeera.net/news/2026/4/5/%d9%85%d8%a7%d8%b0%d8%a7-%d9%86%d8%b9%d8%b1%d9%81-%d8%b9%d9%86-%d9%85%d9%87%d9%85%d8%a9-%d8%b1%d8%a8%d9%8a%d8%b9-2026-%d9%84%d9%83%d8%b3%d8%b1-%d8%ad%d8%b5%d8%a7%d8%b1-%d8%ba%d8%b2%d8%a9,-1,0.0
https://www.aljazeera.net/news/2026/4/5/15-%d8%b7%d8%a7%d8%a6%d8%b1%d8%a9-%d8%b9%d8%b3%d9%83%d8%b1%d9%8a%d8%a9-%d9%88146-%d9%85%d8%b3%d9%8a%d8%b1%d8%a9-%d8%ae%d8%b3%d8%a7%d8%a6%d8%b1-%d8%a3%d9%85%d8%b1%d9%8a%d9%83%d9%8a%d8%a9,18,0.6492
https://www.aljazeera.net/news/2026/4/5/%d9%85%d8%a7-%d8%a7%d9%84%d8%b0%d9%8a-%d9%8a%d8%ad%d8%af%d8%ab-%d8%b9%d9%86%d8%af%d9%85%d8%a7-%d8%aa%d8%b3%d9%82%d8%b7-%d8%b7%d8%a7%d8%a6%d8%b1%d8%a9-%d9%81%d9%8a-%d9%82%d9%84%d8%a8,18,1.0
https://www.aljazeera.net/news/2026/4/5/%d8%a7%d9%84%d8%ad%d8%b1%d8%a8-%d8%a7%d9%84%d8%a3%d9%85%d8%b1%d9%8a%d9%83%d9%8a%d8%a9-%d8%a7%d9%84%d8%a5%d9%8a%d8%b1%d8%a7%d9%86%d9%8a%d8%a9-%d8%aa%d8%b0%d9%87%d8%a8-%d9%86%d8%ad%d9%88,1,0.469
https://www.aljazeera.net/news/2026/4/5/%d8%a7%d9%84%d8%a3%d8%b1%d8%ac%d9%86%d8%aa%d9%8a%d9%86-%d8%aa%d8%b9%d9%84%d9%86-%d8%b7%d8%b1%d8%af-%d9%83%d8%a8%d9%8a%d8%b1-%d8%af%d8%a8%d9%84%d9%88%d9%85%d8%a7%d8%b3%d9%8a%d9%8a,-1,0.0
https://www.aljazeera.net/news/2026/4/5/3-%d8%b4%d9%87%d8%af%d8%a7%d8%a1-%d9%88%d8%ac%d8%b1%d8%ad%d9%89-%d9%81%d9%8a-%d9%82%d8%b5%d9%81-%d8%a5%d8%b3%d8%b1%d8%a7%d8%a6%d9%8a%d9%84%d9%8a-%d8%ac%d8%af%d9%8a%d8%af-%d8%b9%d9%84%d9%89,3,1.0
https://www.aljazeera.net/news/2026/4/5/%d8%b9%d8%a7%d8%ac%d9%84-%d8%a3%d9%83%d8%b3%d9%8a%d9%88%d8%b3-%d8%b9%d9%86-3-%d9%85%d8%b3%d8%a4%d9%88%d9%84%d9%8a%d9%86-%d8%a3%d9%85%d8%b1%d9%8a%d9%83%d9%8a%d9%8a%d9%86,18,0.9821
https://www.aljazeera.net/news/2026/4/5/%d8%ad%d8%b8%d8%b1-%d8%b3%d9%81%d8%b1-%d8%a7%d9%84%d9%85%d8%b3%d8%a4%d9%88%d9%84%d9%8a%d9%86-%d9%88%d8%a7%d9%84%d8%b9%d9%85%d9%84-%d8%b9%d9%86-%d8%a8%d8%b9%d8%af-%d8%af%d9%88%d9%84,0,0.9951
https://www.aljazeera.net/news/2026/4/5/%d8%a7%d9%84%d8%b5%d8%ad%d8%a7%d9%81%d8%a9-%d8%a7%d9%84%d8%a3%d9%85%d8%b1%d9%8a%d9%83%d9%8a%d8%a9-%d8%aa%d9%83%d8%b4%d9%81-%d8%aa%d9%81%d8%a7%d8%b5%d9%8a%d9%84-%d8%a5%d9%86%d9%82%d8%a7%d8%b0,18,1.0
https://www.aljazeera.net/news/2026/4/5/%d9%85%d9%82%d8%b1-%d8%ae%d8%a7%d8%aa%d9%85-%d8%a7%d9%84%d8%a3%d9%86%d8%a8%d9%8a%d8%a7%d8%a1-%d8%a7%d9%84%d9%85%d8%b1%d9%83%d8%b2%d9%8a-%d8%aa%d9%85-%d8%a7%d8%b3%d8%aa%d9%87%d8%af%d8%a7%d9%81,18,1.0
https://www.aljazeera.net/news/2026/4/5/%d8%b9%d8%a7%d8%ac%d9%84-%d8%ad%d8%b2%d8%a8-%d8%a7%d9%84%d9%84%d9%87-%d8%a5%d8%b5%d8%a7%d8%a8%d8%a9-%d8%a7%d9%84%d8%a8%d8%a7%d8%b1%d8%ac%d8%a9-%d8%a7%d9%84%d8%b9%d8%b3%d9%83%d8%b1%d9%8a%d8%a9,2,0.8738
https://www.aljazeera.net/news/2026/4/5/%d8%a8%d8%b7%d9%84%d8%a8-%d9%85%d9%86-%d8%a5%d8%af%d8%a7%d8%b1%d8%a9-%d8%aa%d8%b1%d9%85%d8%a8-%d8%b4%d8%b1%d9%83%d8%a9-%d8%a3%d9%82%d9%85%d8%a7%d8%b1-%d8%b5%d9%86%d8%a7%d8%b9%d9%8a%d8%a9,0,0.7348
https://www.aljazeera.net/news/2026/4/5/%d8%a5%d9%8a%d8%b1%d8%a7%d9%86-%d8%aa%d8%b7%d9%84%d9%82-%d8%af%d9%81%d8%b9%d8%a9-%d8%b5%d8%a7%d8%b1%d9%88%d8%ae%d9%8a%d8%a9-%d8%a8%d8%a7%d8%aa%d8%ac%d8%a7%d9%87-%d8%b4%d9%85%d8%a7%d9%84,1,1.0
https://www.aljazeera.net/news/2026/4/5/%d9%83%d8%a7%d8%b1%d8%ab%d8%a9-%d8%a8%d9%8a%d8%a6%d9%8a%d8%a9-%d9%88%d8%b5%d8%ad%d9%8a%d8%a9-%d9%85%d8%aa%d9%81%d8%a7%d9%82%d9%85%d8%a9-%d8%a7%d9%86%d8%aa%d8%b4%d8%a7%d8%b1,3,1.0
https://www.aljazeera.net/news/2026/4/5/%d8%b9%d9%88%d9%86-%d8%a7%d9%84%d8%aa%d9%81%d8%a7%d9%88%d8%b6-%d9%84%d9%8a%d8%b3-%d8%aa%d9%86%d8%a7%d8%b2%d9%84%d8%a7-%d9%88%d8%a7%d9%84%d8%ad%d8%b1%d9%8a%d8%a9,8,0.9437
https://www.aljazeera.net/news/2026/4/5/%d9%85%d8%ad%d8%a7%d9%83%d8%a7%d8%a9-%d8%b3%d9%82%d9%88%d8%b7-%d8%b7%d8%a7%d8%a6%d8%b1%d8%aa%d9%8a%d9%86-%d8%a3%d9%85%d8%b1%d9%8a%d9%83%d9%8a%d8%aa%d9%8a%d9%86-%d9%8a%d9%83%d8%b4%d9%81,18,1.0
https://www.aljazeera.net/news/2026/4/5/%d9%87%d8%ac%d9%85%d8%a7%d8%aa-%d8%a5%d9%8a%d8%b1%d8%a7%d9%86%d9%8a%d8%a9-%d8%b9%d9%84%d9%89-%d8%a7%d9%84%d8%ae%d9%84%d9%8a%d8%ac-%d9%88%d8%a7%d9%84%d8%b9%d8%b1%d8%a7%d9%82,4,0.957
https://www.aljazeera.net/news/2026/4/5/%d8%b9%d8%a8%d8%b1-%d8%a3%d9%88%d8%b1%d9%88%d8%a8%d8%a7-19-%d8%b1%d8%ad%d9%84%d8%a9-%d8%b9%d8%b3%d9%83%d8%b1%d9%8a%d8%a9-%d8%a3%d9%85%d8%b1%d9%8a%d9%83%d9%8a%d8%a9-%d8%aa%d9%83%d8%b4%d9%81,-1,0.0
https://www.aljazeera.net/news/2026/4/5/%d8%a7%d9%84%d9%83%d9%88%d9%8a%d8%aa-%d8%aa%d9%88%d8%a7%d8%ac%d9%87-%d8%a7%d9%84%d9%8a%d9%88%d9%85-%d8%a7%d9%84%d8%a3%d8%b5%d8%b9%d8%a8-%d9%85%d9%86%d8%b0-%d8%a8%d8%af%d8%a7%d9%8a%d8%a9,4,0.8171
https://www.aljazeera.net/news/2026/4/5/%d9%85%d8%a7-%d9%85%d8%ae%d8%a7%d8%b7%d8%b1-%d8%a7%d9%84%d8%aa%d9%87%d8%af%d9%8a%d8%af-%d8%a7%d9%84%d8%a5%d8%b3%d8%b1%d8%a7%d8%a6%d9%8a%d9%84%d9%8a-%d8%a8%d9%82%d8%b5%d9%81-%d9%85%d8%b9%d8%a8%d8%b1,2,0.5354
https://www.aljazeera.net/news/2026/4/5/%d8%a7%d9%84%d8%a5%d9%85%d8%a7%d8%b1%d8%a7%d8%aa-%d8%aa%d8%aa%d8%b5%d8%af%d9%89-%d9%84%d9%87%d8%ac%d9%88%d9%85-%d8%a5%d9%8a%d8%b1%d8%a7%d9%86%d9%8a-%d8%b9%d9%84%d9%89,4,0.8055
https://www.aljazeera.net/news/2026/4/5/%d8%a5%d9%86%d9%82%d8%a7%d8%b0-%d8%a7%d9%84%d8%b7%d9%8a%d8%a7%d8%b1-%d8%a7%d9%84%d8%a3%d9%85%d8%b1%d9%8a%d9%83%d9%8a-%d9%85%d9%86-%d8%a5%d9%8a%d8%b1%d8%a7%d9%86-%d9%85%d9%86-%d9%8a%d9%86%d8%ac%d8%ad,18,1.0
https://www.aljazeera.net/news/2026/4/5/%d8%ad%d8%b1%d8%a8-%d9%86%d8%ac%d9%88%d9%85-%d8%a7%d9%84%d9%82%d8%b3%d8%a7%d9%85-%d8%aa%d8%a8%d8%ab-%d8%aa%d8%b3%d8%ac%d9%8a%d9%84%d8%a7-%d9%84%d8%aa%d9%81%d8%a7%d8%b9%d9%84,-1,0.0
https://www.aljazeera.net/news/2026/4/5/%d8%b3%d8%a7%d8%b9%d8%a9-%d8%a7%d9%84%d8%b5%d9%81%d8%b1-%d9%81%d9%8a-%d8%a7%d9%84%d8%ae%d9%84%d9%8a%d8%ac-%d9%87%d9%84-%d9%8a%d9%86%d9%81%d8%b0-%d8%aa%d8%b1%d8%a7%d9%85%d8%a8,0,1.0
https://www.aljazeera.net/news/2026/4/5/%d8%a3%d8%ad%d8%af%d8%a7%d8%ab-%d8%a7%d9%84%d9%85%d9%83%d9%84%d8%a7-%d8%a7%d9%84%d9%8a%d9%85%d9%86%d9%8a%d8%a9-8-%d8%a3%d8%b3%d8%a6%d9%84%d8%a9-%d8%aa%d8%b4%d8%b1%d8%ad,-1,0.0
https://www.aljazeera.net/news/2026/4/5/%d8%a8%d9%82%d9%8a-%d9%85%d9%86%d9%87%d8%a7-40-%d8%af%d8%a7%d8%ae%d9%84-%d8%a7%d9%84%d8%ae%d8%b7-%d8%a7%d9%84%d8%a3%d8%b5%d9%81%d8%b1-%d8%a7%d9%84%d8%a3%d8%b1%d8%b6,3,1.0
https://www.aljazeera.net/news/2026/4/5/%d8%b9%d9%85%d8%a7%d9%86-%d9%88%d8%a5%d9%8a%d8%b1%d8%a7%d9%86-%d8%aa%d8%a8%d8%ad%d8%ab%d8%a7%d9%86-%d8%b6%d9%85%d8%a7%d9%86-%d8%a7%d9%86%d8%b3%d9%8a%d8%a7%d8%a8%d9%8a%d8%a9,0,1.0
https://www.aljazeera.net/news/2026/4/5/%d8%a7%d9%84%d8%a3%d9%88%d9%82%d8%a7%d9%81-%d8%a7%d9%84%d9%81%d9%84%d8%b3%d8%b7%d9%8a%d9%86%d9%8a%d8%a9-%d8%a7%d9%84%d8%aa%d8%b5%d8%b9%d9%8a%d8%af,17,1.0
https://www.aljazeera.net/news/2026/4/5/%d8%b5%d9%88%d8%b1-%d8%a3%d9%82%d9%85%d8%a7%d8%b1-%d8%b5%d9%86%d8%a7%d8%b9%d9%8a%d8%a9-%d8%aa%d8%b1%d8%b5%d8%af-%d8%af%d9%85%d8%a7%d8%b1%d8%a7-%d9%88%d8%a7%d8%b3%d8%b9%d8%a7-%d9%81%d9%8a,1,0.3358
https://www.aljazeera.net/news/2026/4/5/%d8%b9%d8%a7%d8%ac%d9%84-%d8%b3%d9%8a-%d8%a8%d9%8a-%d8%a5%d8%b3-%d8%a7%d9%84%d8%ae%d8%af%d9%85%d8%a9-%d8%a7%d9%84%d8%b3%d8%b1%d9%8a%d8%a9-%d8%aa%d8%ad%d9%82%d9%82-%d9%81%d9%8a,-1,0.0
https://www.aljazeera.net/news/2026/4/5/%d8%b3%d9%86%d8%af%d8%a7%d9%81%d8%b9-%d8%b9%d9%86%d9%87%d9%85-%d8%a5%d9%86-%d8%b9%d8%ac%d8%b2%d8%aa-%d8%a8%d8%ba%d8%af%d8%a7%d8%af-%d8%a3%d9%85%d8%b1%d9%8a%d9%83%d8%a7-%d8%aa%d8%b9%d9%84%d9%86,13,1.0
https://www.aljazeera.net/news/2026/4/5/%d9%85%d8%a7-%d8%aa%d8%a3%d8%ab%d9%8a%d8%b1%d8%a7%d8%aa-%d8%a7%d9%84%d8%aa%d8%b5%d8%b9%d9%8a%d8%af-%d8%a8%d9%8a%d9%86-%d9%88%d8%a7%d8%b4%d9%86%d8%b7%d9%86-%d9%88%d8%b7%d9%87%d8%b1%d8%a7%d9%86,0,0.7648
https://www.aljazeera.net/news/2026/4/5/%d8%b5%d9%88%d8%b1-%d9%81%d8%b6%d8%a7%d8%a6%d9%8a%d8%a9-%d8%aa%d9%83%d8%b4%d9%81-%d8%a7%d8%b3%d8%aa%d9%87%d8%af%d8%a7%d9%81-%d9%85%d9%88%d8%a7%d9%82%d8%b9-%d8%b9%d8%b3%d9%83%d8%b1%d9%8a%d8%a9,1,0.3346
https://www.aljazeera.net/news/2026/4/5/%d8%a7%d9%84%d8%ac%d8%b2%d9%8a%d8%b1%d8%a9-%d8%aa%d9%86%d9%81%d9%8a-%d8%b5%d9%84%d8%aa%d9%87%d8%a7-%d8%a8%d8%a3%d9%8a-%d9%85%d8%b9%d8%aa%d9%82%d9%84-%d9%81%d9%8a,-1,0.0
https://www.aljazeera.net/news/2026/4/5/%d8%a3%d9%88%d9%84%d9%85%d8%b1%d8%aa-%d9%8a%d8%aa%d9%87%d9%85-%d8%a5%d8%b3%d8%b1%d8%a7%d8%a6%d9%8a%d9%84-%d8%a8%d8%a7%d8%b1%d8%aa%d9%83%d8%a7%d8%a8-%d8%ac%d8%b1%d8%a7%d8%a6%d9%85-%d8%b6%d8%af,-1,0.0
https://www.aljazeera.net/news/2026/4/5/%d8%a5%d9%86%d8%b2%d8%a7%d9%84-%d8%a3%d9%85-%d9%83%d9%85%d9%8a%d9%86-%d9%84%d8%ba%d8%b2-%d8%a7%d9%84%d8%b7%d9%8a%d8%a7%d8%b1-%d8%a7%d9%84%d8%a3%d9%85%d8%b1%d9%8a%d9%83%d9%8a-%d9%81%d9%8a,18,1.0
https://www.aljazeera.net/news/2026/4/5/%d8%b9%d8%a7%d8%ac%d9%84-%d8%a7%d9%84%d9%86%d8%a7%d8%b7%d9%82-%d8%a8%d8%a7%d8%b3%d9%85-%d9%83%d8%aa%d8%a7%d8%a6%d8%a8-%d8%a7%d9%84%d9%82%d8%b3%d8%a7%d9%85-%d8%a7%d9%84%d8%b9%d8%af%d9%88,-1,0.0
https://www.aljazeera.net/news/2026/4/5/%d8%b1%d8%a6%d9%8a%d8%b3-%d8%a7%d9%84%d9%88%d8%b2%d8%b1%d8%a7%d8%a1-%d8%a7%d9%84%d9%82%d8%b7%d8%b1%d9%8a-%d9%8a%d8%ad%d8%b0%d8%b1-%d9%85%d9%86-%d9%85%d8%ba%d8%a8%d8%a9,9,1.0
https://www.aljazeera.net/news/2026/4/5/%d9%88%d8%b5%d9%81%d9%87%d8%a7-%d8%a8%d8%a7%d9%84%d9%85%d8%b9%d8%ac%d8%b2%d8%a9-%d8%b1%d9%88%d8%a7%d9%8a%d8%a9-%d8%aa%d8%b1%d9%85%d8%a8-%d9%84%d8%b9%d9%85%d9%84%d9%8a%d8%a9,18,1.0
https://www.aljazeera.net/news/2026/4/5/%d9%87%d9%84-%d8%a7%d8%b3%d8%aa%d9%88%d8%ad%d8%aa%d9%89-%d8%aa%d8%b1%d9%85%d8%a8-%d9%88%d8%b5%d9%81-%d8%a5%d9%86%d9%82%d8%a7%d8%b0-%d8%a7%d9%84%d8%b7%d9%8a%d8%a7%d8%b1,18,1.0
https://www.aljazeera.net/news/2026/4/5/%d9%81%d9%84%d8%b3%d8%b7%d9%8a%d9%86-%d8%a7%d9%84%d8%b9%d8%af%d9%88%d8%a7%d9%86-%d8%a7%d9%84%d8%a5%d8%b3%d8%b1%d8%a7%d8%a6%d9%8a%d9%84%d9%8a-%d8%b9%d9%84%d9%89-%d8%ba%d8%b2%d8%a9,3,1.0
https://www.aljazeera.net/news/2026/4/5/%d9%85%d9%82%d8%aa%d9%84-11-%d8%ac%d9%86%d8%af%d9%8a%d8%a7-%d8%a5%d8%b3%d8%b1%d8%a7%d8%a6%d9%8a%d9%84%d9%8a%d8%a7-%d9%88%d8%a5%d8%b5%d8%a7%d8%a8%d8%a9-375-%d9%81%d9%8a-%d9%84%d8%a8%d9%86%d8%a7%d9%86,2,0.6195
https://www.aljazeera.net/news/2026/4/5/%d8%b5%d8%b9%d9%88%d8%af-%d8%aa%d8%b1%d9%83%d9%8a%d8%a7-%d8%a5%d9%82%d9%84%d9%8a%d9%85%d9%8a%d8%a7-%d8%a7%d8%b3%d8%aa%d8%b4%d8%b1%d8%a7%d9%81-%d8%a5%d8%b3%d8%b1%d8%a7%d8%a6%d9%8a%d9%84%d9%8a,-1,0.0
https://www.aljazeera.net/news/2026/4/5/%d9%84%d9%85%d8%a7%d8%b0%d8%a7-%d8%a3%d8%ab%d8%a7%d8%b1-%d9%82%d8%a7%d9%86%d9%88%d9%86-%d8%a7%d9%84%d8%ac%d9%86%d8%b3%d9%8a%d8%a9-%d8%a7%d9%84%d8%ac%d8%af%d9%8a%d8%af,5,1.0
https://www.aljazeera.net/news/2026/4/5/%d8%b2%d9%8a%d9%84%d9%8a%d9%86%d8%b3%d9%83%d9%8a-%d9%81%d9%8a-%d8%af%d9%85%d8%b4%d9%82-%d9%84%d8%a3%d9%88%d9%84-%d9%85%d8%b1%d8%a9-%d9%88%d9%85%d8%a8%d8%a7%d8%ad%d8%ab%d8%a7%d8%aa,12,0.4893
https://www.aljazeera.net/news/2026/4/5/%d9%87%d8%ac%d9%85%d8%a7%d8%aa-%d8%a5%d9%8a%d8%b1%d8%a7%d9%86-%d8%b9%d9%84%d9%89-%d8%a7%d9%84%d8%ae%d9%84%d9%8a%d8%ac-%d8%a3%d8%b6%d8%b1%d8%a7%d8%b1-%d9%88%d8%a7%d8%b3%d8%b9%d8%a9,4,1.0
https://www.aljazeera.net/news/2026/4/5/%d8%ad%d8%b2%d8%a8-%d8%a7%d9%84%d9%84%d9%87-%d9%84%d9%84%d8%ac%d8%b2%d9%8a%d8%b1%d8%a9-%d9%85%d8%b9%d8%b1%d9%83%d8%aa%d9%86%d8%a7-%d9%81%d9%8a-%d8%a7%d9%84%d8%ac%d9%86%d9%88%d8%a8,-1,0.0
https://www.aljazeera.net/news/2026/4/5/%d8%a7%d9%84%d8%ab%d9%84%d8%a7%d8%ab%d8%a7%d8%a1-%d8%a7%d9%84%d8%b3%d8%a7%d8%b9%d8%a9-800-%d8%aa%d8%b1%d9%85%d8%a8-%d9%8a%d9%85%d9%86%d8%ad-%d8%a5%d9%8a%d8%b1%d8%a7%d9%86,0,1.0
https://www.aljazeera.net/news/2026/4/5/%d8%a5%d9%8a%d8%b1%d8%a7%d9%86-%d8%aa%d8%b4%d8%aa%d8%b1%d8%b7-%d9%84%d9%81%d8%aa%d8%ad-%d9%85%d8%b6%d9%8a%d9%82-%d9%87%d8%b1%d9%85%d8%b2-%d9%88%d8%aa%d8%b1%d9%85%d8%a8-%d9%8a%d9%84%d9%85%d8%ad,0,1.0
https://www.aljazeera.net/news/2026/4/5/%d8%ad%d8%b1%d8%a8-%d8%a5%d9%8a%d8%b1%d8%a7%d9%86-%d8%aa%d8%b3%d8%aa%d9%86%d8%b2%d9%81-%d9%85%d8%ae%d8%b2%d9%88%d9%86-%d9%88%d8%a7%d8%b4%d9%86%d8%b7%d9%86-%d9%85%d9%86,0,0.9089
https://www.aljazeera.net/news/2026/4/5/%d8%a7%d9%84%d8%a3%d8%b1%d8%af%d9%86-%d9%8a%d8%b4%d9%83%d9%88-%d8%a5%d9%84%d9%89-%d8%b3%d9%88%d8%b1%d9%8a%d8%a7-%d8%a5%d8%b3%d8%a7%d8%a1%d8%a7%d8%aa-%d9%81%d9%8a-%d8%aa%d8%ac%d9%85%d8%b9,6,1.0
https://www.aljazeera.net/news/2026/4/5/11-%d9%85%d8%b5%d8%a7%d8%a8%d8%a7-%d9%88%d9%85%d9%81%d9%82%d9%88%d8%af%d9%88%d9%86-%d8%a5%d8%ab%d8%b1-%d8%b3%d9%82%d9%88%d8%b7-%d8%b5%d8%a7%d8%b1%d9%88%d8%ae-%d8%a5%d9%8a%d8%b1%d8%a7%d9%86%d9%8a,1,1.0
https://www.aljazeera.net/news/2026/4/4/%d8%b9%d8%a7%d8%ac%d9%84-%d8%aa%d8%b1%d9%85%d8%a8-%d9%84%d9%84%d8%a5%d9%86%d8%af%d8%a8%d9%86%d8%af%d9%86%d8%aa-%d9%84%d8%b3%d8%aa-%d9%85%d8%b3%d8%aa%d8%b9%d8%af%d8%a7-%d8%a8%d8%b9%d8%af,18,1.0
https://www.aljazeera.net/news/2026/4/4/%d8%a7%d9%86%d8%aa%d8%b4%d8%a7%d8%b1-%d9%88%d8%a7%d8%b3%d8%b9-%d9%84%d9%81%d9%8a%d8%af%d9%8a%d9%88-%d8%a3%d8%b3%d8%b1-%d8%b7%d9%8a%d8%a7%d8%b1-%d8%a3%d9%85%d8%b1%d9%8a%d9%83%d9%8a-%d9%81%d9%8a,18,0.4619
https://www.aljazeera.net/news/2026/4/4/%d9%85%d9%82%d8%aa%d9%84-8-%d8%a3%d8%b4%d8%ae%d8%a7%d8%b5-%d8%b9%d9%84%d9%89-%d8%a7%d9%84%d8%a3%d9%82%d9%84-%d8%ac%d8%b1%d8%a7%d8%a1-%d8%b2%d9%84%d8%b2%d8%a7%d9%84-%d9%8a%d8%b6%d8%b1%d8%a8,-1,0.0
https://www.aljazeera.net/news/2026/4/4/%d8%b9%d8%a7%d8%ac%d9%84-%d8%a7%d9%84%d9%82%d9%86%d8%a7%d8%a9-12-%d8%a7%d9%84%d8%a5%d8%b3%d8%b1%d8%a7%d8%a6%d9%8a%d9%84%d9%8a%d8%a9-%d8%a7%d9%86%d8%af%d9%84%d8%a7%d8%b9-%d8%ad%d8%b1%d9%8a%d9%82,1,1.0
https://www.aljazeera.net/news/2026/4/4/%d9%88%d9%81%d8%a7%d8%a9-%d8%a3%d8%b3%d9%8a%d8%b1-%d9%81%d9%84%d8%b3%d8%b7%d9%8a%d9%86%d9%8a-%d9%85%d8%ad%d8%b1%d8%b1-%d9%81%d9%8a-%d9%85%d8%b5%d8%b1-%d9%88%d8%b9%d8%a8%d8%a7%d8%b3,14,0.7051
https://www.aljazeera.net/news/2026/4/4/%d8%b3%d9%8a%d9%86%d8%a7%d8%b1%d9%8a%d9%88%d9%87%d8%a7%d8%aa-%d8%ab%d9%84%d8%a7%d8%ab-%d8%ad%d9%88%d9%84-%d9%85%d8%b5%d9%8a%d8%b1-%d8%a7%d9%84%d8%b7%d9%8a%d8%a7%d8%b1,18,0.9863
https://www.aljazeera.net/news/2026/4/4/%d8%ba%d8%a7%d8%b1%d8%a7%d8%aa-%d8%a5%d8%b3%d8%b1%d8%a7%d8%a6%d9%8a%d9%84%d9%8a%d8%a9-%d8%aa%d8%af%d9%85%d8%b1-%d8%ac%d8%b3%d8%b1%d9%8a%d9%86-%d8%b9%d9%84%d9%89,2,0.6041
https://www.aljazeera.net/news/2026/4/4/%d8%a8%d9%88%d8%aa%d9%8a%d9%86-%d9%88%d8%a3%d8%b1%d8%af%d9%88%d8%ba%d8%a7%d9%86-%d9%8a%d8%af%d8%b9%d9%88%d8%a7%d9%86-%d9%84%d9%88%d9%82%d9%81-%d9%81%d9%88%d8%b1%d9%8a,-1,0.0
https://www.aljazeera.net/news/2026/4/4/%d8%aa%d9%82%d8%a7%d8%b1%d9%8a%d8%b1-%d8%a3%d9%85%d9%86%d9%8a%d8%a9-%d8%a3%d9%85%d8%b1%d9%8a%d9%83%d9%8a%d8%a9-%d8%aa%d8%b1%d8%ac%d8%ad-%d8%a5%d8%a8%d9%82%d8%a7%d8%a1-%d8%a5%d9%8a%d8%b1%d8%a7%d9%86,0,0.8276
https://www.aljazeera.net/news/2026/4/4/%d8%a7%d9%86%d9%81%d8%ac%d8%a7%d8%b1-%d9%84%d8%ba%d9%85-%d9%85%d9%86-%d9%85%d8%ae%d9%84%d9%81%d8%a7%d8%aa-%d8%a7%d9%84%d8%ad%d8%b1%d8%a8-%d9%8a%d9%87%d8%b2-%d9%88%d8%b3%d8%b7,10,1.0
https://www.aljazeera.net/news/2026/4/4/%d8%a5%d8%b5%d8%a7%d8%a8%d8%a9-365-%d8%b9%d8%b3%d9%83%d8%b1%d9%8a%d8%a7-%d8%a3%d9%85%d8%b1%d9%8a%d9%83%d9%8a%d8%a7-%d9%85%d9%86%d8%b0-%d8%a7%d9%86%d8%b7%d9%84%d8%a7%d9%82,-1,0.0
https://www.aljazeera.net/news/2026/4/4/%d8%aa%d8%a3%d8%ac%d9%8a%d9%84-%d8%aa%d8%b5%d9%88%d9%8a%d8%aa-%d9%85%d8%ac%d9%84%d8%b3-%d8%a7%d9%84%d8%a3%d9%85%d9%86-%d8%b9%d9%84%d9%89-%d9%85%d8%b4%d8%b1%d9%88%d8%b9-%d9%82%d8%b1%d8%a7%d8%b1,0,1.0
https://www.aljazeera.net/news/2026/4/4/%d8%b7%d9%8a%d8%a7%d8%b1-%d8%a3%d9%85%d8%b1%d9%8a%d9%83%d9%8a-%d8%b3%d8%a7%d8%a8%d9%82-%d9%8a%d8%b1%d9%88%d9%8a-%d8%a3%d8%b3%d8%b1%d8%a7%d8%b1-%d9%85%d9%87%d9%85%d8%a7%d8%aa,18,0.9204
https://www.aljazeera.net/news/2026/4/4/%d8%a8%d8%b1%d9%86%d8%a7%d9%85%d8%ac-%d9%83%d9%86%d8%af%d9%8a-%d9%8a%d8%b3%d8%ae%d8%b1-%d9%85%d9%86-%d8%aa%d9%88%d8%aa%d8%b1-%d9%85%d8%aa%d8%ad%d8%af%d8%ab%d8%a9-%d8%a7%d9%84%d8%a8%d9%8a%d8%aa,0,0.8565
https://www.aljazeera.net/news/2026/4/4/%d8%a7%d8%b3%d8%aa%d9%87%d8%af%d8%a7%d9%81%d8%a7%d8%aa-%d8%a7%d9%84%d8%ae%d9%84%d9%8a%d8%ac-%d8%a3%d8%b6%d8%b1%d8%a7%d8%b1-%d9%81%d9%8a-%d8%af%d8%a8%d9%8a,4,0.888
https://www.aljazeera.net/news/2026/4/4/%d8%b9%d8%b1%d8%a7%d9%82-6,13,1.0
https://www.aljazeera.net/news/2026/4/4/%d8%b7%d9%8a%d8%a7%d8%b1-%d8%a3%d9%85%d8%b1%d9%8a%d9%83%d9%8a-%d9%87%d8%b0%d8%a7-%d9%85%d8%a7-%d8%ad%d8%af%d8%ab-%d9%85%d8%b9%d9%8a-%d8%a8%d8%b9%d8%af-%d8%b3%d9%82%d9%88%d8%b7,18,1.0
https://www.aljazeera.net/news/2026/4/4/%d8%b3%d8%a3%d9%84%d9%86%d8%a7-%d8%a7%d9%84%d9%86%d8%a7%d8%b3-%d9%81%d9%8a-%d8%af%d9%85%d8%b4%d9%82-%d9%87%d9%84-%d8%aa%d8%b3%d8%aa%d9%82%d8%a8%d9%84-%d9%84%d8%a8%d9%86%d8%a7%d9%86%d9%8a%d9%8a%d9%86,-1,0.0
https://www.aljazeera.net/news/2026/4/4/%d8%b6%d8%b1%d8%a8%d8%a9-%d8%b9%d9%84%d9%89-%d8%ac%d9%86%d9%88%d8%a8-%d8%b1%d9%88%d8%b3%d9%8a%d8%a7,12,1.0
https://www.aljazeera.net/news/2026/4/4/%d8%af%d8%ae%d8%a7%d9%86-%d9%85%d9%86-%d9%85%d9%8a%d9%86%d8%a7%d8%a1-%d9%82%d8%b4%d9%85-%d8%b5%d9%88%d8%b1-%d9%81%d8%b6%d8%a7%d8%a6%d9%8a%d8%a9-%d8%aa%d9%88%d8%ab%d9%82,0,0.8932
https://www.aljazeera.net/news/2026/4/4/%d8%a8%d8%b9%d8%af-%d8%a5%d9%82%d8%a7%d9%84%d8%a9-%d8%b1%d8%a6%d9%8a%d8%b3-%d8%a7%d9%84%d8%a3%d8%b1%d9%83%d8%a7%d9%86-%d8%aa%d8%b3%d8%a7%d8%a4%d9%84%d8%a7%d8%aa-%d8%b9%d9%86,0,0.966
https://www.aljazeera.net/news/2026/4/4/%d9%85%d8%a7-%d8%a7%d9%84%d8%b0%d9%8a-%d9%86%d8%b9%d8%b1%d9%81%d9%87-%d8%b9%d9%86-%d8%a5%d9%81-15-%d9%88%d8%a5%d9%8a%d9%87-10-%d8%a8%d8%b9%d8%af,18,1.0
https://www.aljazeera.net/news/2026/4/4/%d8%b7%d9%84%d8%a7%d8%a8-%d9%88%d8%ae%d8%b1%d9%8a%d8%ac%d9%88%d9%86-%d9%81%d9%8a-%d8%ba%d8%b2%d8%a9-%d8%b3%d9%86%d9%88%d8%a7%d8%aa-%d8%b6%d8%a7%d8%a6%d8%b9%d8%a9-%d9%88%d8%a3%d8%ad%d9%84%d8%a7%d9%85,3,1.0
https://www.aljazeera.net/news/2026/4/4/%d9%87%d9%84-%d9%8a%d9%86%d9%87%d9%8a-%d8%a5%d8%b9%d9%84%d8%a7%d9%86-%d8%a7%d9%84%d9%82%d8%a7%d9%87%d8%b1%d8%a9-%d8%a7%d9%84%d8%aa%d8%a8%d8%b9%d9%8a%d8%a9,-1,0.0
https://www.aljazeera.net/news/2026/4/4/%d9%82%d8%aa%d9%84%d9%89-%d9%88%d8%ac%d8%b1%d8%ad%d9%89-%d9%81%d9%8a-%d8%ba%d8%a7%d8%b1%d8%a7%d8%aa-%d8%b9%d9%84%d9%89-%d9%84%d8%a8%d9%86%d8%a7%d9%86-%d9%88%d8%ad%d8%b2%d8%a8-%d8%a7%d9%84%d9%84%d9%87,2,1.0
https://www.aljazeera.net/news/2026/4/4/%d8%b1%d8%a6%d9%8a%d8%b3-%d8%a7%d9%84%d8%a8%d8%b1%d9%84%d9%85%d8%a7%d9%86-%d8%a7%d9%84%d8%a5%d9%8a%d8%b1%d8%a7%d9%86%d9%8a-%d9%85%d8%b6%d9%8a%d9%82-%d9%87%d8%b1%d9%85%d8%b2-%d9%84%d9%86-2,0,1.0
https://www.aljazeera.net/news/2026/4/4/%d9%84%d8%ba%d8%b2-%d8%a7%d9%84%d8%b7%d9%8a%d8%a7%d8%b1-%d8%a7%d9%84%d8%a3%d9%85%d8%b1%d9%8a%d9%83%d9%8a-%d8%a7%d9%84%d9%85%d9%81%d9%82%d9%88%d8%af-%d8%a8%d8%a5%d9%8a%d8%b1%d8%a7%d9%86,18,1.0
https://www.aljazeera.net/news/2026/4/4/%d8%b9%d9%85%d8%af%d8%a9-%d9%84%d9%86%d8%af%d9%86,16,1.0
https://www.aljazeera.net/news/2026/4/4/%d8%b9%d8%a7%d8%ac%d9%84-%d9%88%d8%b2%d9%8a%d8%b1-%d8%a7%d9%84%d8%ae%d8%a7%d8%b1%d8%ac%d9%8a%d8%a9-%d8%a7%d9%84%d8%a5%d9%8a%d8%b1%d8%a7%d9%86%d9%8a-%d8%a5%d8%b3%d8%b1%d8%a7%d8%a6%d9%8a%d9%84,-1,0.0
https://www.aljazeera.net/news/2026/4/4/%d8%aa%d8%b1%d9%83%d9%8a%d8%a7-%d8%aa%d8%b9%d9%84%d9%86-%d9%85%d8%b1%d9%88%d8%b1-%d8%b3%d9%81%d9%8a%d9%86%d8%a9-%d8%ab%d8%a7%d9%86%d9%8a%d8%a9-%d9%85%d9%86-%d9%87%d8%b1%d9%85%d8%b2,0,1.0
https://www.aljazeera.net/news/2026/4/4/%d8%ba%d8%a7%d8%b1%d8%a7%d8%aa-%d9%85%d8%aa%d9%88%d8%a7%d8%b5%d9%84%d8%a9-%d8%b9%d9%84%d9%89-%d8%b7%d9%87%d8%b1%d8%a7%d9%86-%d9%88%d9%85%d8%b3%d8%a4%d9%88%d9%84-%d8%a5%d9%8a%d8%b1%d8%a7%d9%86%d9%8a,1,1.0
https://www.aljazeera.net/news/2026/4/4/%d9%82%d8%a7%d8%b9%d8%af%d8%a9-%d8%ac%d9%88%d9%8a%d8%a9-%d8%a5%d9%8a%d8%b1%d8%a7%d9%86%d9%8a%d8%a9-%d8%aa%d8%ad%d8%aa-%d8%a7%d9%84%d8%a3%d8%b1%d8%b6-%d9%87%d9%84-%d9%8a%d9%83%d8%b4%d9%81,1,0.3975
https://www.aljazeera.net/news/2026/4/4/%d9%85%d8%a6%d8%a7%d8%aa-%d8%a2%d9%84%d8%a7%d9%81-%d8%a7%d9%84%d9%86%d8%a7%d8%b2%d8%ad%d9%8a%d9%86-%d9%88%d9%85%d9%82%d8%a7%d8%a8%d8%b1-%d9%85%d8%a4%d9%82%d8%aa%d8%a9-%d9%85%d8%af%d9%8a%d9%86%d8%a9,-1,0.0
https://www.aljazeera.net/news/2026/4/4/%d9%82%d8%a7%d9%84%d9%8a%d8%a8%d8%a7%d9%81-%d9%87%d8%b0%d9%87-%d8%a7%d9%84%d8%ad%d8%b1%d8%a8-%d8%a5%d8%b3%d8%b1%d8%a7%d8%a6%d9%8a%d9%84%d9%8a%d8%a9-%d9%88%d8%aa%d8%b5%d8%b9%d9%8a%d8%af%d9%87%d8%a7,0,0.7199
https://www.aljazeera.net/news/2026/4/4/%d8%a5%d8%b5%d8%a7%d8%a8%d8%a9-5-%d9%81%d9%84%d8%b3%d8%b7%d9%8a%d9%86%d9%8a%d9%8a%d9%86-%d9%88%d8%a7%d8%b9%d8%aa%d8%af%d8%a7%d8%a1%d8%a7%d8%aa-%d8%a5%d8%b3%d8%b1%d8%a7%d8%a6%d9%8a%d9%84%d9%8a%d8%a9,15,1.0
https://www.aljazeera.net/news/2026/4/4/%d8%b3%d9%81%d8%a7%d8%b1%d8%a7%d8%aa-%d8%a5%d9%8a%d8%b1%d8%a7%d9%86-%d8%aa%d9%87%d8%a7%d8%ac%d9%85-%d8%aa%d8%b1%d9%85%d8%a8-%d8%a8%d8%b3%d8%ae%d8%b1%d9%8a%d8%a9-%d8%aa%d8%ba%d9%8a%d9%8a%d8%b1,0,0.9156
https://www.aljazeera.net/news/2026/4/4/%d8%a3%d9%85%d9%8a%d8%b1-%d9%82%d8%b7%d8%b1-%d9%88%d8%b1%d8%a6%d9%8a%d8%b3%d8%a9-%d9%88%d8%b2%d8%b1%d8%a7%d8%a1-%d8%a5%d9%8a%d8%b7%d8%a7%d9%84%d9%8a%d8%a7-2,9,0.8195
https://www.aljazeera.net/news/2026/4/4/%d8%b9%d8%a7%d8%ac%d9%84-%d8%ae%d8%a7%d8%aa%d9%85-%d8%a7%d9%84%d8%a3%d9%86%d8%a8%d9%8a%d8%a7%d8%a1-%d8%a7%d9%84%d8%a5%d9%8a%d8%b1%d8%a7%d9%86%d9%8a-%d8%a3%d8%b3%d9%82%d8%b7%d9%86%d8%a7,18,1.0
https://www.aljazeera.net/news/2026/4/4/%d8%aa%d9%88%d9%82%d9%81-%d8%a7%d9%84%d9%85%d9%88%d9%84%d8%af%d8%a7%d8%aa-%d9%8a%d8%b9%d9%86%d9%8a-%d8%ad%d9%83%d9%85%d8%a7-%d8%a8%d8%a7%d9%84%d8%a5%d8%b9%d8%af%d8%a7%d9%85-%d9%85%d8%af%d9%8a%d8%b1,3,1.0
https://www.aljazeera.net/news/2026/4/4/%d9%81%d9%8a-%d8%b0%d9%83%d8%b1%d9%89-%d8%aa%d8%a3%d8%b3%d9%8a%d8%b3%d9%87-%d8%aa%d8%ad%d8%af%d9%8a%d8%a7%d8%aa-%d8%b9%d8%a7%d8%b5%d9%81%d8%a9-%d8%aa%d9%87%d8%af%d8%af-%d8%ad%d9%84%d9%81,0,1.0
https://www.aljazeera.net/news/2026/4/4/%d8%b9%d8%a7%d8%ac%d9%84-%d8%aa%d8%b1%d9%85%d8%a8-%d9%85%d9%87%d9%84%d8%a9-%d8%a7%d9%84%d9%8010-%d8%a3%d9%8a%d8%a7%d9%85-%d8%a7%d9%84%d8%aa%d9%8a-%d9%85%d9%86%d8%ad%d8%aa%d9%87%d8%a7,0,1.0
https://www.aljazeera.net/news/2026/4/4/%d8%ad%d9%85%d8%a7%d8%b3-%d8%aa%d8%b1%d8%af-%d8%b9%d9%84%d9%89-%d8%a7%d8%af%d8%b9%d8%a7%d8%a1%d8%a7%d8%aa-%d8%a7%d9%84%d8%a7%d8%ad%d8%aa%d9%84%d8%a7%d9%84-%d8%b9%d9%86-%d8%ae%d8%b7%d8%b7,3,0.6146
https://www.aljazeera.net/news/2026/4/4/%d8%a7%d9%84%d8%a3%d8%b1%d8%af%d9%86-%d8%a7%d8%b9%d8%aa%d8%b1%d8%a7%d8%b6-261-%d8%b5%d8%a7%d8%b1%d9%88%d8%ae%d8%a7-%d9%88%d9%85%d8%b3%d9%8a%d8%b1%d8%a9-%d9%88%d8%b3%d9%82%d9%88%d8%b7-20,4,0.2917
https://www.aljazeera.net/news/2026/4/4/%d8%b9%d8%a7%d8%ac%d9%84-%d8%a7%d9%84%d8%ae%d8%a7%d8%b1%d8%ac%d9%8a%d8%a9-%d8%a7%d9%84%d8%a3%d9%85%d8%b1%d9%8a%d9%83%d9%8a%d8%a9-%d8%a5%d9%84%d9%82%d8%a7%d8%a1-%d8%a7%d9%84%d9%82%d8%a8%d8%b6,7,0.4384
https://www.aljazeera.net/news/2026/4/4/%d8%b9%d8%a7%d8%ac%d9%84-%d9%88%d8%b3%d8%a7%d8%a6%d9%84-%d8%a5%d8%b9%d9%84%d8%a7%d9%85-%d8%a5%d8%b3%d8%b1%d8%a7%d8%a6%d9%8a%d9%84%d9%8a%d8%a9-%d8%a7%d9%86%d9%82%d8%b7%d8%a7%d8%b9,2,0.8004
https://www.aljazeera.net/news/2026/4/4/%d9%8a%d8%b4%d8%b9%d8%b1-%d8%a8%d8%ae%d9%8a%d8%a8%d8%a9-%d8%a3%d9%85%d9%84-%d8%aa%d8%b1%d9%85%d8%a8-%d9%8a%d8%af%d8%b1%d8%b3-%d8%aa%d8%b9%d8%af%d9%8a%d9%84%d8%a7-%d9%88%d8%b2%d8%a7%d8%b1%d9%8a%d8%a7,0,1.0
https://www.aljazeera.net/news/2026/4/4/%d8%a7%d9%84%d8%b4%d9%8a%d8%ae-%d8%b9%d9%83%d8%b1%d9%85%d8%a9-%d8%b5%d8%a8%d8%b1%d9%8a-%d9%86%d8%ae%d8%b4%d9%89-%d8%aa%d8%af%d8%ae%d9%84-%d8%a7%d9%84%d8%a7%d8%ad%d8%aa%d9%84%d8%a7%d9%84-%d9%81%d9%8a,17,1.0
https://www.aljazeera.net/news/2026/4/4/%d9%82%d9%86%d8%a7%d8%a8%d9%84-%d8%b9%d9%86%d9%82%d9%88%d8%af%d9%8a%d8%a9-%d8%aa%d8%b3%d9%82%d8%b7-%d9%82%d8%b1%d8%a8-%d9%88%d8%b2%d8%a7%d8%b1%d8%a9-%d8%a7%d9%84%d8%af%d9%81%d8%a7%d8%b9,1,1.0
https://www.aljazeera.net/news/2026/4/4/%d9%87%d8%a2%d8%b1%d8%aa%d8%b3-%d8%a7%d9%84%d8%ac%d9%8a%d8%b4-%d8%a7%d9%84%d8%a5%d8%b3%d8%b1%d8%a7%d8%a6%d9%8a%d9%84%d9%8a-%d8%a3%d9%82%d8%b1-%d8%a8%d8%b9%d8%af%d9%85,2,0.6041
https://www.aljazeera.net/news/2026/4/4/%d8%b6%d8%ba%d9%88%d8%b7-%d9%88-%d9%81%d8%b1%d8%b5-%d8%a3%d9%81%d8%b1%d9%8a%d9%82%d9%8a%d8%a7-%d9%88%d8%a7%d8%b1%d8%aa%d8%af%d8%a7%d8%af%d8%a7%d8%aa-%d8%a7%d9%84%d8%ad%d8%b1%d8%a8-%d8%b9%d9%84%d9%89,0,0.9716
https://www.aljazeera.net/news/2026/4/4/%d8%b9%d8%a7%d8%ac%d9%84-%d9%88%d8%b3%d8%a7%d8%a6%d9%84-%d8%a5%d8%b9%d9%84%d8%a7%d9%85-%d8%a5%d9%8a%d8%b1%d8%a7%d9%86%d9%8a%d8%a9-%d8%b9%d9%86-%d9%85%d9%82%d8%b1-%d8%ae%d8%a7%d8%aa%d9%85,0,1.0
https://www.aljazeera.net/news/2026/4/4/%d8%b9%d8%a7%d8%ac%d9%84-%d9%88%d8%b2%d8%a7%d8%b1%d8%a9-%d8%a7%d9%84%d9%83%d9%87%d8%b1%d8%a8%d8%a7%d8%a1-%d9%88%d8%a7%d9%84%d9%85%d8%a7%d8%a1-%d8%a7%d9%84%d9%83%d9%88%d9%8a%d8%aa%d9%8a%d8%a9,4,1.0
https://www.aljazeera.net/news/2026/4/4/%d9%85%d8%ad%d8%b7%d8%a9-%d8%a8%d9%88%d8%b4%d9%87%d8%b1,-1,0.0
https://www.aljazeera.net/news/2026/4/4/%d8%a7%d9%84%d8%a5%d9%85%d8%a7%d8%b1%d8%a7%d8%aa-%d8%aa%d8%af%d9%8a%d9%86-%d9%85%d9%87%d8%a7%d8%ac%d9%85%d8%a9-%d8%b3%d9%81%d8%a7%d8%b1%d8%aa%d9%87%d8%a7-%d8%a8%d8%af%d9%85%d8%b4%d9%82,6,1.0
https://www.aljazeera.net/news/2026/4/4/%d8%b5%d8%a7%d8%b1%d9%88%d8%ae-%d8%a5%d9%8a%d8%b1%d8%a7%d9%86%d9%8a-%d9%8a%d8%af%d9%85%d8%b1-%d9%85%d8%b5%d9%86%d8%b9-%d9%85%d8%b3%d9%8a%d8%b1%d8%a7%d8%aa,1,0.6723
https://www.aljazeera.net/news/2026/4/4/%d8%b1%d8%ba%d9%85-%d8%a7%d9%84%d9%82%d9%8a%d9%88%d8%af-%d8%a7%d9%84%d8%a3%d9%85%d9%86%d9%8a%d8%a9-%d8%a7%d9%84%d9%85%d8%b4%d8%af%d8%af%d8%a9-%d9%85%d8%b8%d8%a7%d9%87%d8%b1%d8%a7%d8%aa-%d9%81%d9%8a,1,0.4128
https://www.aljazeera.net/news/2026/4/4/77-%d9%82%d8%aa%d9%8a%d9%84%d8%a7-%d9%88%d8%b9%d8%b4%d8%b1%d8%a7%d8%aa-%d8%a7%d9%84%d9%85%d8%b5%d8%a7%d8%a8%d9%8a%d9%86-%d8%ac%d8%b1%d8%a7%d8%a1-%d9%81%d9%8a%d8%b6%d8%a7%d9%86%d8%a7%d8%aa,-1,0.0
https://www.aljazeera.net/news/2026/4/4/%d8%a3%d9%86%d8%b5%d8%a7%d8%b1-%d8%a7%d9%84%d9%84%d9%87-%d9%81%d9%8a-%d8%a7%d9%84%d9%8a%d9%85%d9%86-%d8%aa%d8%b9%d9%84%d9%86-%d8%a7%d8%b3%d8%aa%d9%87%d8%af%d8%a7%d9%81-%d9%85%d8%b7%d8%a7%d8%b1,-1,0.0
https://www.aljazeera.net/news/2026/4/4/%d8%a3%d9%82%d8%a7%d8%b1%d8%a8-%d8%b3%d9%84%d9%8a%d9%85%d8%a7%d9%86%d9%8a-%d9%88%d8%a7%d8%a8%d9%86%d8%a9-%d9%84%d8%a7%d8%b1%d9%8a%d8%ac%d8%a7%d9%86%d9%8a-%d9%87%d9%84-%d8%a8%d8%af%d8%a3%d8%aa,7,0.3962
https://www.aljazeera.net/news/2026/4/3/%d8%b4%d8%a7%d9%87%d8%af-%d8%ad%d8%b2%d8%a8-%d8%a7%d9%84%d9%84%d9%87-%d9%8a%d8%aa%d8%b5%d8%af%d9%89-%d9%84%d9%85%d8%b1%d9%88%d8%ad%d9%8a%d8%a9-%d8%a5%d8%b3%d8%b1%d8%a7%d8%a6%d9%8a%d9%84%d9%8a%d8%a9,2,0.6943
https://www.aljazeera.net/news/liveblog/2026/4/3/%d8%a7%d9%84%d8%ad%d8%b1%d8%a8-%d8%b9%d9%84%d9%89-%d8%a5%d9%8a%d8%b1%d8%a7%d9%86-%d9%85%d8%a8%d8%a7%d8%b4%d8%b1-%d9%88%d8%a7%d8%b4%d9%86%d8%b7%d9%86-%d8%aa%d9%84%d9%88%d8%ad,-1,0.0
https://www.aljazeera.net/news/2026/4/3/%d8%a5%d9%82%d8%a7%d9%84%d8%a9-%d9%85%d9%81%d8%a7%d8%ac%d8%a6%d8%a9-%d9%81%d9%8a-%d8%a7%d9%84%d8%a8%d9%86%d8%aa%d8%a7%d8%ba%d9%88%d9%86-%d9%87%d9%8a%d8%ba%d8%b3%d9%8a%d8%ab-%d9%8a%d8%b7%d9%84%d8%a8,0,0.966
https://www.aljazeera.net/news/2026/4/3/%d9%85%d9%86-%d8%b6%d8%b1%d8%a8-%d8%a7%d9%84%d9%85%d9%88%d8%a7%d9%82%d8%b9-%d8%a7%d9%84%d8%b9%d8%b3%d9%83%d8%b1%d9%8a%d8%a9-%d8%a5%d9%84%d9%89-%d8%aa%d8%af%d9%85%d9%8a%d8%b1,0,0.756
https://www.aljazeera.net/news/2026/4/3/%d8%b1%d8%a6%d9%8a%d8%b3-%d8%a7%d9%84%d8%a8%d8%b1%d9%84%d9%85%d8%a7%d9%86-%d8%a7%d9%84%d8%a5%d9%8a%d8%b1%d8%a7%d9%86%d9%8a-%d9%84%d9%84%d8%a3%d9%85%d8%b1%d9%8a%d9%83%d9%8a%d9%8a%d9%86,0,0.7157
https://www.aljazeera.net/news/2026/4/3/%d8%aa%d8%b1%d9%85%d8%a8-%d9%8a%d8%b7%d9%84%d8%a8-%d9%85%d9%8a%d8%b2%d8%a7%d9%86%d9%8a%d8%a9-%d8%af%d9%81%d8%a7%d8%b9-%d9%82%d9%8a%d8%a7%d8%b3%d9%8a%d8%a9-%d9%88%d8%a7%d9%84%d9%82%d8%a8%d8%a9,0,0.9395
https://www.aljazeera.net/news/2026/4/3/40-%d8%af%d9%88%d9%84%d8%a9-%d8%aa%d8%b6%d8%ba%d8%b7-%d8%b9%d9%84%d9%89-%d8%a5%d9%8a%d8%b1%d8%a7%d9%86-%d9%84%d9%81%d8%aa%d8%ad-%d9%85%d8%b6%d9%8a%d9%82-%d9%87%d8%b1%d9%85%d8%b2,0,1.0
https://www.aljazeera.net/news/2026/4/3/%d8%a5%d8%b3%d8%b1%d8%a7%d8%a6%d9%8a%d9%84-%d8%aa%d9%82%d8%b5%d9%81-%d9%85%d9%86%d8%a7%d8%b7%d9%82-%d8%a8%d8%ac%d9%86%d9%88%d8%a8-%d9%84%d8%a8%d9%86%d8%a7%d9%86-%d9%88%d8%ad%d8%b2%d8%a8,2,1.0
https://www.aljazeera.net/news/2026/4/3/%d8%a5%d8%b9%d9%84%d8%a7%d9%85-%d8%a5%d8%b3%d8%b1%d8%a7%d8%a6%d9%8a%d9%84%d9%8a-%d9%88%d8%a7%d8%b4%d9%86%d8%b7%d9%86-%d8%aa%d8%a8%d9%84%d8%ba-%d8%aa%d9%84-%d8%a3%d8%a8%d9%8a%d8%a8,0,0.9995
https://www.aljazeera.net/news/2026/4/3/%d8%af%d9%88%d9%84-%d8%ae%d9%84%d9%8a%d8%ac%d9%8a%d8%a9-%d8%aa%d8%b9%d8%aa%d8%b1%d8%b6-%d9%87%d8%ac%d9%85%d8%a7%d8%aa-%d9%88%d9%85%d8%b3%d9%8a%d8%b1%d8%a9-%d8%aa%d8%b3%d9%82%d8%b7,4,1.0
https://www.aljazeera.net/news/2026/4/3/%d8%ac%d9%85%d8%b9%d9%8a%d8%a9-%d8%a5%d8%b3%d9%84%d8%a7%d9%85%d9%8a%d8%a9-%d8%a3%d9%85%d8%b1%d9%8a%d9%83%d9%8a%d8%a9-%d8%aa%d8%a4%d9%83%d8%af-%d8%a7%d8%ad%d8%aa%d8%ac%d8%a7%d8%b2,11,1.0
https://www.aljazeera.net/news/2026/4/3/%d8%aa%d9%82%d9%8a%d9%8a%d9%85-%d8%a7%d8%b3%d8%aa%d8%ae%d8%a8%d8%a7%d8%b1%d8%a7%d8%aa%d9%8a-%d8%a3%d9%85%d8%b1%d9%8a%d9%83%d9%8a-%d9%8a%d9%86%d8%a7%d9%82%d8%b6-%d8%a7%d9%84%d8%a8%d9%8a%d8%aa,0,0.9299
https://www.aljazeera.net/news/2026/4/3/%d8%a5%d8%b5%d8%a7%d8%a8%d8%a9-%d8%a5%d8%b3%d8%b1%d8%a7%d8%a6%d9%8a%d9%84%d9%8a-%d9%88%d8%aa%d8%b6%d8%b1%d8%b1-%d9%85%d8%a8%d8%a7%d9%86-%d9%88%d9%85%d8%ad%d8%b7%d8%a9-%d9%82%d8%b7%d8%a7%d8%b1,1,1.0
https://www.aljazeera.net/news/2026/4/3/%d9%85%d9%88%d8%b3%d9%83%d9%88-%d8%aa%d8%b3%d8%b9%d9%89-%d9%84%d9%88%d9%82%d9%81-%d8%a5%d8%b7%d9%84%d8%a7%d9%82-%d8%a7%d9%84%d9%86%d8%a7%d8%b1-%d9%84%d8%a5%d8%ae%d9%84%d8%a7%d8%a1,-1,0.0
https://www.aljazeera.net/news/2026/4/3/%d8%a7%d9%84%d8%a5%d9%81%d8%b1%d8%a7%d8%ac-%d8%b9%d9%86-%d8%a7%d9%84%d9%86%d8%a7%d8%a6%d8%a8%d8%a9-%d8%a7%d9%84%d8%a3%d9%88%d8%b1%d9%88%d8%a8%d9%8a%d8%a9-%d8%b1%d9%8a%d9%85%d8%a7-%d8%ad%d8%b3%d9%86,16,1.0
https://www.aljazeera.net/news/2026/4/3/%d9%82%d8%aa%d9%84%d9%89-%d9%88%d8%ac%d8%b1%d8%ad%d9%89-%d9%81%d9%8a-%d8%b6%d8%b1%d8%a8%d8%a7%d8%aa-%d8%b1%d9%88%d8%b3%d9%8a%d8%a9-%d8%b9%d9%84%d9%89-%d8%a3%d9%88%d9%83%d8%b1%d8%a7%d9%86%d9%8a%d8%a7,12,1.0
https://www.aljazeera.net/news/2026/4/3/%d8%b5%d9%88%d8%b1-%d9%81%d8%b6%d8%a7%d8%a6%d9%8a%d8%a9-%d8%aa%d9%83%d8%b4%d9%81-%d8%af%d9%85%d8%a7%d8%b1%d8%a7-%d9%81%d9%8a-%d9%85%d8%ac%d9%85%d8%b9-%d8%a5%d9%8a%d8%b2%d9%88%d9%8a%d9%83%d9%88,1,0.3484
https://www.aljazeera.net/news/2026/4/3/%d8%b4%d8%a7%d8%a8-%d9%8a%d9%81%d8%ac%d8%b1-%d8%b9%d8%a8%d9%88%d8%a7%d8%aa-%d9%86%d8%a7%d8%b1%d9%8a%d8%a9-%d9%81%d9%8a-%d9%82%d8%b7%d8%a7%d8%b1-%d8%b3%d8%b1%d9%8a%d8%b9-%d9%81%d9%8a,12,0.2418
https://www.aljazeera.net/news/2026/4/3/%d8%b6%d8%b1%d8%a8-%d8%a7%d9%84%d8%ac%d8%b3%d9%88%d8%b1,0,0.9319
https://www.aljazeera.net/news/2026/4/3/%d8%aa%d8%b1%d9%85%d8%a8-%d9%8a%d8%a8%d8%ad%d8%ab-%d8%a7%d9%84%d9%85%d8%b2%d9%8a%d8%af-%d9%85%d9%86-%d8%a7%d9%84%d8%aa%d8%ba%d9%8a%d9%8a%d8%b1%d8%a7%d8%aa,0,1.0
https://www.aljazeera.net/news/2026/4/3/%d8%a5%d9%8a%d8%b1%d8%a7%d9%86-%d8%aa%d8%b9%d9%84%d9%86-%d8%a5%d8%b3%d9%82%d8%a7%d8%b7-%d9%85%d9%82%d8%a7%d8%aa%d9%84%d8%a9-%d8%a5%d9%81-35-%d9%88%d8%aa%d8%b1%d8%ac%d8%ad-%d9%85%d9%82%d8%aa%d9%84,18,1.0
https://www.aljazeera.net/news/2026/4/3/%d9%85%d8%ac%d9%84%d8%b3-%d8%a7%d9%84%d8%a3%d9%85%d9%86-%d9%8a%d8%b1%d8%ac%d8%a6-%d8%a7%d9%84%d8%aa%d8%b5%d9%88%d9%8a%d8%aa-%d8%b9%d9%84%d9%89-%d9%85%d8%b4%d8%b1%d9%88%d8%b9,0,1.0
https://www.aljazeera.net/news/2026/4/3/%d8%ad%d8%a7%d9%85%d9%84%d8%a9-%d8%a7%d9%84%d8%b7%d8%a7%d8%a6%d8%b1%d8%a7%d8%aa-%d8%a7%d9%84%d8%a3%d9%85%d8%b1%d9%8a%d9%83%d9%8a%d8%a9-%d9%81%d9%88%d8%b1%d8%af-%d8%aa%d8%ba%d8%a7%d8%af%d8%b1,-1,0.0
https://www.aljazeera.net/news/2026/4/3/%d8%a8%d8%b9%d8%af-%d8%aa%d8%b3%d9%84%d9%8a%d8%ad-%d8%ac%d9%86%d9%88%d8%af%d9%87%d8%a7-%d8%af%d8%a7%d8%ae%d9%84%d9%8a%d8%a7-%d9%87%d9%84-%d8%aa%d8%ae%d8%b4%d9%89-%d9%88%d8%a7%d8%b4%d9%86%d8%b7%d9%86,0,0.966
https://www.aljazeera.net/news/2026/4/3/%d9%87%d9%84-%d8%a3%d8%b3%d9%82%d8%b7%d8%aa-%d8%a5%d9%8a%d8%b1%d8%a7%d9%86-%d8%a5%d9%81-35-%d9%81%d8%b9%d9%84%d8%a7-%d9%88%d9%85%d8%a7-%d8%b9%d9%84%d8%a7%d9%82%d8%a9,18,1.0
https://www.aljazeera.net/news/2026/4/3/%d8%b9%d8%b4%d8%b1%d8%a7%d8%aa-%d8%a7%d9%84%d9%85%d8%ae%d8%a7%d9%84%d9%81%d8%a7%d8%aa-%d9%81%d9%8a-%d8%a3%d9%83%d8%a8%d8%b1-%d9%85%d8%b9%d8%b3%d9%83%d8%b1-%d9%84%d8%a7%d8%ad%d8%aa%d8%ac%d8%a7%d8%b2,11,1.0
https://www.aljazeera.net/news/2026/4/3/%d9%87%d8%ac%d9%85%d8%a7%d8%aa-%d8%a7%d9%84%d8%ae%d9%84%d9%8a%d8%ac,4,0.946
https://www.aljazeera.net/news/2026/4/3/%d8%a7%d9%84%d8%b9%d8%b1%d8%a7%d9%82-%d9%88%d8%a7%d9%84%d8%b9%d8%b1%d8%a7%d9%83,13,0.812
https://www.aljazeera.net/news/2026/4/3/%d9%85%d9%86-%d8%a7%d9%84%d9%86%d8%b4%d9%8a%d8%af-%d8%a5%d9%84%d9%89-%d9%82%d8%a7%d8%b9%d8%a9-%d8%a7%d9%84%d9%85%d8%ad%d9%83%d9%85%d8%a9-%d8%b7%d8%a7%d9%84%d8%a8%d8%a9,11,0.8919
https://www.aljazeera.net/news/2026/4/3/%d9%85%d8%b9%d8%a7%d8%b1%d9%8a%d9%81-%d8%a3%d9%85%d8%b1%d9%8a%d9%83%d8%a7-%d9%88%d8%a5%d8%b3%d8%b1%d8%a7%d8%a6%d9%8a%d9%84-%d8%aa%d9%85%d8%aa%d9%86%d8%b9%d8%a7%d9%86-%d8%b9%d9%86,7,0.7814
https://www.aljazeera.net/news/2026/4/3/%d8%a3%d8%b5%d9%88%d8%a7%d8%aa-%d8%a7%d9%84%d8%ad%d8%b1%d8%a8-%d8%aa%d8%b5%d9%85-%d8%a2%d8%b0%d8%a7%d9%86-35-%d8%a3%d9%84%d9%81-%d8%b7%d9%81%d9%84-%d9%81%d9%8a-%d8%ba%d8%b2%d8%a9,3,0.8833
https://www.aljazeera.net/news/2026/4/3/%d8%a5%d8%b3%d8%b1%d8%a7%d8%a6%d9%8a%d9%84-%d8%aa%d8%b9%d9%84%d9%86-%d8%a7%d8%b3%d8%aa%d9%87%d8%af%d8%a7%d9%81-50-%d9%85%d9%88%d9%82%d8%b9%d8%a7-%d8%a8%d8%a5%d9%8a%d8%b1%d8%a7%d9%86,1,0.7152
https://www.aljazeera.net/news/2026/4/3/%d8%a8%d9%84%d9%88%d9%85%d8%a8%d8%b1%d8%ba-%d9%88%d8%a7%d8%b4%d9%86%d8%b7%d9%86-%d8%aa%d8%a4%d8%ac%d9%84-%d8%aa%d8%b3%d9%84%d9%8a%d9%85-%d8%b5%d9%88%d8%a7%d8%b1%d9%8a%d8%ae,0,0.8902
https://www.aljazeera.net/news/2026/4/3/%d8%aa%d9%87%d8%af%d8%af-%d8%a7%d9%84%d8%a3%d9%85%d9%86-%d8%a7%d9%84%d8%ba%d8%b0%d8%a7%d8%a6%d9%8a-%d9%88%d8%a7%d9%84%d9%85%d8%b9%d9%8a%d8%b4%d9%8a-%d8%a3%d8%b2%d9%85%d8%a9-%d9%88%d9%82%d9%88%d8%af,3,1.0
https://www.aljazeera.net/news/2026/4/3/%d9%84%d8%a8%d9%86%d8%a7%d9%86-122,2,1.0
https://www.aljazeera.net/news/2026/4/3/%d8%ac%d9%88%d8%a7%d8%af-%d8%b8%d8%b1%d9%8a%d9%81-%d9%8a%d8%af%d8%b9%d9%88-%d8%a5%d9%84%d9%89-%d8%a7%d8%aa%d9%81%d8%a7%d9%82-%d9%85%d8%b9-%d8%a3%d9%85%d8%b1%d9%8a%d9%83%d8%a7,0,1.0
https://www.aljazeera.net/news/2026/4/3/%d8%a8%d8%b1%d9%8a%d8%b7%d8%a7%d9%86%d9%8a%d8%a7-%d8%aa%d8%b9%d8%aa%d8%b2%d9%85-%d9%86%d8%b4%d8%b1-%d9%85%d9%86%d8%b8%d9%88%d9%85%d8%a9-%d8%af%d9%81%d8%a7%d8%b9-%d8%ac%d9%88%d9%8a,4,1.0
https://www.aljazeera.net/news/2026/4/3/%d9%85%d8%a7%d9%83%d8%b1%d9%88%d9%86-%d9%8a%d9%83%d8%b4%d9%81-%d8%b9%d9%86-%d8%ae%d8%b7%d8%a9-%d8%b3%d9%84%d9%85%d9%8a%d8%a9-%d9%84%d9%81%d8%aa%d8%ad-%d9%87%d8%b1%d9%85%d8%b2,0,1.0
https://www.aljazeera.net/news/2026/4/3/%d9%88%d8%b2%d9%8a%d8%b1-%d8%a7%d9%84%d8%ae%d8%a7%d8%b1%d8%ac%d9%8a%d8%a9-%d8%a7%d9%84%d8%b1%d9%88%d8%b3%d9%8a-%d8%af%d9%88%d9%84-%d8%a7%d9%84%d8%ae%d9%84%d9%8a%d8%ac-%d9%84%d8%af%d9%8a%d9%87%d8%a7,-1,0.0
https://www.aljazeera.net/news/2026/4/3/3486,0,0.6911
https://www.aljazeera.net/news/2026/4/3/%d8%b9%d8%a7%d8%ac%d9%84-%d8%a7%d9%84%d8%a8%d9%8a%d8%aa-%d8%a7%d9%84%d8%a3%d8%a8%d9%8a%d8%b6-%d8%b7%d9%84%d8%a8%d9%86%d8%a7-%d9%85%d9%86-%d8%a7%d9%84%d9%83%d9%88%d9%86%d8%ba%d8%b1%d8%b3,0,0.9494
https://www.aljazeera.net/news/2026/4/3/%d8%a7%d9%84%d8%ae%d8%b7-%d8%a7%d9%84%d8%a3%d8%b5%d9%81%d8%b1-%d9%8a%d8%aa%d9%85%d8%af%d8%af-%d8%a5%d9%84%d9%89-%d9%84%d8%a8%d9%86%d8%a7%d9%86-%d8%ae%d8%b7%d8%a9,2,0.603
https://www.aljazeera.net/news/2026/4/3/%d8%a7%d9%84%d8%b5%d9%8a%d9%86-%d8%a7%d9%84%d9%85%d9%81%d8%a7%d9%88%d8%b6%d8%a7%d8%aa-%d8%a8%d9%8a%d9%86-%d8%a3%d9%81%d8%ba%d8%a7%d9%86%d8%b3%d8%aa%d8%a7%d9%86,-1,0.0
https://www.aljazeera.net/news/2026/4/3/%d8%b9%d8%a7%d8%ac%d9%84-%d9%86%d9%8a%d9%88%d9%8a%d9%88%d8%b1%d9%83-%d8%aa%d8%a7%d9%8a%d9%85%d8%b2-%d8%a5%d9%8a%d8%b1%d8%a7%d9%86-%d8%aa%d9%85%d9%83%d9%86%d8%aa-%d9%85%d9%86,18,1.0
https://www.aljazeera.net/news/2026/4/3/%d8%a7%d9%84%d9%86%d8%a7%d8%aa%d9%88-%d9%8a%d9%86%d9%81%d8%b0-41-%d9%85%d9%87%d9%85%d8%a9-%d8%a5%d9%86%d8%b0%d8%a7%d8%b1-%d9%85%d8%a8%d9%83%d8%b1-%d9%81%d9%88%d9%82,-1,0.0
https://www.aljazeera.net/news/2026/4/3/%d8%b9%d8%a7%d8%ac%d9%84-%d9%8a%d8%af%d9%8a%d8%b9%d9%88%d8%aa-%d8%a3%d8%ad%d8%b1%d9%88%d9%86%d9%88%d8%aa-%d8%a3%d8%b6%d8%b1%d8%a7%d8%b1-%d8%a8%d8%a7%d9%84%d8%ba%d8%a9-%d9%81%d9%8a,1,0.8947
https://www.aljazeera.net/news/2026/4/3/%d8%aa%d8%b1%d9%85%d8%a8-%d8%a7%d9%84%d8%a7%d8%b3%d8%aa%d9%8a%d9%84%d8%a7%d8%a1-%d8%b9%d9%84%d9%89-%d8%a7%d9%84%d9%86%d9%81%d8%b7-%d8%a7%d9%84%d8%a5%d9%8a%d8%b1%d8%a7%d9%86%d9%8a,0,0.8473
https://www.aljazeera.net/news/2026/4/3/%d9%81%d8%a7%d8%aa%d9%88%d8%b1%d8%a9-%d8%b7%d8%a8%d9%8a%d8%a8-%d9%86%d9%8a%d9%88%d8%b2%d9%8a%d9%84%d9%86%d8%af%d9%8a-%d9%84%d8%b3%d9%81%d8%a7%d8%b1%d8%a9-%d9%88%d8%a7%d8%b4%d9%86%d8%b7%d9%86,0,0.9575
https://www.aljazeera.net/news/2026/4/3/%d9%88%d8%b3%d8%b7-%d8%aa%d8%b9%d8%b2%d9%8a%d8%b2%d8%a7%d8%aa-%d8%b9%d8%b3%d9%83%d8%b1%d9%8a%d8%a9-%d8%a8%d8%a7%d8%aa%d8%ac%d8%a7%d9%87-%d8%a7%d9%84%d9%83%d8%b1%d9%85%d9%83,10,1.0
https://www.aljazeera.net/news/2026/4/3/%d9%83%d9%8a%d9%81-%d8%a3%d8%b3%d9%82%d8%b7%d8%aa-%d8%b7%d9%87%d8%b1%d8%a7%d9%86-%d8%a7%d9%84%d9%85%d9%81%d8%ae%d8%b1%d8%a9-%d8%a7%d9%84%d8%ac%d9%88%d9%8a%d8%a9,18,1.0
https://www.aljazeera.net/news/2026/4/3/%d8%a8%d8%ad%d8%ac%d8%a9-%d9%86%d8%b2%d8%b9-%d8%b3%d9%84%d8%a7%d8%ad-%d8%ad%d8%b2%d8%a8-%d8%a7%d9%84%d9%84%d9%87-%d8%aa%d9%87%d8%af%d9%8a%d8%af-%d8%a5%d8%b3%d8%b1%d8%a7%d8%a6%d9%8a%d9%84%d9%8a,2,0.6041
https://www.aljazeera.net/news/2026/4/3/%d8%b6%d8%ad%d8%a7%d9%8a%d8%a7-%d9%88%d8%ad%d8%b1%d8%a7%d8%a6%d9%82-%d9%81%d9%8a-%d9%87%d8%ac%d9%85%d8%a7%d8%aa-%d8%a5%d9%8a%d8%b1%d8%a7%d9%86%d9%8a%d8%a9-%d8%b9%d9%84%d9%89,4,1.0
https://www.aljazeera.net/news/2026/4/3/%d9%85%d9%86-%d8%af%d9%85%d8%b4%d9%82-%d8%a5%d9%84%d9%89-%d8%a3%d9%88%d8%b3%d9%84%d9%88-%d9%85%d8%b8%d8%a7%d9%87%d8%b1%d8%a7%d8%aa-%d8%ba%d8%a7%d8%b6%d8%a8%d8%a9-%d8%b6%d8%af,14,1.0
https://www.aljazeera.net/news/2026/4/3/%d8%a5%d8%b3%d8%b1%d8%a7%d8%a6%d9%8a%d9%84-%d8%aa%d9%87%d8%af%d8%af-%d8%a8%d8%a7%d8%ad%d8%aa%d9%84%d8%a7%d9%84-%d9%84%d8%a8%d9%86%d8%a7%d9%86-%d9%88%d9%83%d8%aa%d9%84%d8%a9-%d8%ad%d8%b2%d8%a8,2,0.6041
https://www.aljazeera.net/news/2026/4/3/%d8%a7%d8%b3%d8%aa%d9%87%d8%af%d8%a7%d9%81-4-%d8%ad%d8%aa%d9%89-%d8%a7%d9%84%d8%a2%d9%86-%d8%aa%d9%81%d8%a7%d8%b5%d9%8a%d9%84-%d8%a7%d9%84%d8%ac%d9%85%d8%b9%d8%a9,18,1.0
https://www.aljazeera.net/news/2026/4/3/%d9%88%d9%88%d9%84-%d8%b3%d8%aa%d8%b1%d9%8a%d8%aa-%d8%ac%d9%88%d8%b1%d9%86%d8%a7%d9%84-%d8%ac%d9%87%d8%b2%d8%af-%d8%a7%d9%84%d9%88%d8%b3%d8%a7%d8%b7%d8%a9-%d8%a8%d9%8a%d9%86,0,1.0
https://www.aljazeera.net/news/2026/4/2/%d9%81%d9%84%d8%b3%d8%b7%d9%8a%d9%86-%d8%ac%d8%ab%d8%a7%d9%85%d9%8a%d9%86-%d8%b4%d9%87%d8%af%d8%a7%d8%a1-%d8%a7%d8%ad%d8%aa%d9%84%d8%a7%d9%84-%d8%a3%d8%b1%d9%82%d8%a7%d9%85,14,0.4998
https://www.aljazeera.net/news/liveblog/2026/4/2/%d8%a7%d9%84%d8%ad%d8%b1%d8%a8-%d8%b9%d9%84%d9%89-%d8%a5%d9%8a%d8%b1%d8%a7%d9%86-%d9%85%d8%a8%d8%a7%d8%b4%d8%b1-%d8%b5%d9%88%d8%a7%d8%b1%d9%8a%d8%ae-%d8%a5%d9%8a%d8%b1%d8%a7%d9%86%d9%8a%d8%a9,-1,0.0
https://www.aljazeera.net/news/2026/4/2/%d8%ae%d8%b7%d8%a9-%d8%a3%d9%85%d8%b1%d9%8a%d9%83%d9%8a%d8%a9-%d9%84%d8%a7%d9%86%d8%aa%d8%b2%d8%a7%d8%b9-%d9%85%d8%ae%d8%b2%d9%88%d9%86-%d8%a7%d9%84%d9%8a%d9%88%d8%b1%d8%a7%d9%86%d9%8a%d9%88%d9%85,-1,0.0
https://www.aljazeera.net/news/2026/4/2/%d9%85%d8%ad%d9%83%d9%85%d8%a9-%d9%81%d8%b1%d9%86%d8%b3%d9%8a%d8%a9-%d8%aa%d8%b1%d9%81%d8%b6-%d8%aa%d8%b3%d9%84%d9%8a%d9%85-%d8%aa%d9%88%d9%86%d8%b3-%d8%a7%d8%a8%d9%86%d8%a9,-1,0.0
https://www.aljazeera.net/news/2026/4/2/%d8%a5%d8%b5%d8%a7%d8%a8%d8%a9-%d9%83%d9%85%d8%a7%d9%84-%d8%ae%d8%b1%d8%a7%d8%b2%d9%8a-%d8%a8%d9%87%d8%ac%d9%88%d9%85-%d8%b9%d9%84%d9%89-%d8%b7%d9%87%d8%b1%d8%a7%d9%86-%d9%88%d8%b3%d8%b7,7,0.7371
https://www.aljazeera.net/news/2026/4/2/%d8%a7%d9%84%d8%aa%d9%84%d9%81%d8%b2%d9%8a%d9%88%d9%86-%d8%a7%d9%84%d8%a5%d9%8a%d8%b1%d8%a7%d9%86%d9%8a-%d9%85%d9%88%d8%ac%d8%a9-%d8%ac%d8%af%d9%8a%d8%af%d8%a9-%d9%85%d9%86,1,1.0
https://www.aljazeera.net/news/2026/4/2/%d8%b1%d9%88%d8%ad%d8%a7%d9%86%d9%8a-%d9%8a%d8%af%d8%b9%d9%88-%d9%84%d9%80%d8%a5%d8%b5%d9%84%d8%a7%d8%ad%d8%a7%d8%aa-%d8%ac%d8%b0%d8%b1%d9%8a%d8%a9-%d9%88%d9%8a%d8%b7%d8%a7%d9%84%d8%a8,0,0.9844
https://www.aljazeera.net/news/2026/4/2/%d9%83%d9%85%d8%a7%d9%84-%d8%ae%d8%b1%d8%a7%d8%b2%d9%8a-%d8%a5%d8%b5%d8%a7%d8%a8%d8%a9-%d8%b1%d8%ac%d9%84-%d8%a7%d9%84%d9%85%d8%ad%d8%af%d8%af%d8%a7%d8%aa-%d9%81%d9%8a,7,0.7893
https://www.aljazeera.net/news/2026/4/2/%d8%a8%d9%88%d8%b3%d8%a7%d8%b7%d8%a9-%d8%b5%d9%8a%d9%86%d9%8a%d8%a9-%d9%85%d8%ad%d8%a7%d8%af%d8%ab%d8%a7%d8%aa-%d9%84%d8%a5%d9%86%d9%87%d8%a7%d8%a1,0,0.6812
https://www.aljazeera.net/news/2026/4/2/%d9%81%d9%8a-%d8%b3%d8%a7%d8%a8%d9%82%d8%a9-%d8%aa%d8%a7%d8%b1%d9%8a%d8%ae%d9%8a%d8%a9-%d8%aa%d8%b1%d9%85%d8%a8-%d9%8a%d8%ad%d8%b6%d8%b1-%d8%ac%d9%84%d8%b3%d8%a9,11,1.0
https://www.aljazeera.net/news/2026/4/2/%d8%aa%d8%b5%d8%b9%d9%8a%d8%af-%d8%a5%d9%8a%d8%b1%d8%a7%d9%86%d9%8a-%d8%a5%d8%b3%d8%b1%d8%a7%d8%a6%d9%8a%d9%84%d9%8a-%d9%82%d8%a8%d9%8a%d9%84-%d9%83%d9%84%d9%85%d8%a9-%d8%aa%d8%b1%d9%85%d8%a8,0,1.0
https://www.aljazeera.net/news/2026/4/2/%d9%83%d9%88%d8%b1%d9%8a%d8%a7-%d8%a7%d9%84%d8%b4%d9%85%d8%a7%d9%84%d9%8a%d8%a9-%d9%85%d8%ac%d8%b2%d8%b1%d8%a9-%d8%a8%d8%a7%d9%84%d8%b4%d8%b1%d9%82-%d8%a7%d9%84%d8%a3%d9%88%d8%b3%d8%b7,7,0.6667
https://www.aljazeera.net/news/2026/4/2/%d8%a3%d8%a8%d9%88-%d8%b9%d8%a8%d9%8a%d8%af%d8%a9-%d9%8a%d9%88%d8%ac%d9%87-%d8%aa%d8%ad%d9%8a%d8%a9-%d8%a5%d9%84%d9%89-%d8%a7%d9%84%d8%b4%d8%b9%d8%a8-%d8%a7%d9%84%d8%b3%d9%88%d8%b1%d9%8a,-1,0.0
https://www.aljazeera.net/news/2026/4/2/%d8%aa%d8%b1%d9%85%d8%a8-%d8%a7%d9%84%d8%ac%d9%8a%d8%b4-%d8%a7%d9%84%d8%a3%d9%85%d8%b1%d9%8a%d9%83%d9%8a-%d8%a7%d8%b3%d8%aa%d9%87%d8%af%d9%81-%d8%a5%d9%8a%d8%b1%d8%a7%d9%86,0,1.0
https://www.aljazeera.net/news/2026/4/2/5-%d8%ac%d8%b1%d8%ad%d9%89-%d9%81%d9%8a-%d8%a8%d9%86%d9%8a-%d8%a8%d8%b1%d8%a7%d9%83-%d9%88%d8%b5%d8%a7%d8%b1%d9%88%d8%ae-%d8%b9%d9%86%d9%82%d9%88%d8%af%d9%8a-%d9%8a%d8%b5%d9%8a%d8%a8-11,1,1.0
https://www.aljazeera.net/news/2026/4/2/%d9%87%d8%ac%d9%85%d8%a7%d8%aa-%d8%a5%d9%8a%d8%b1%d8%a7%d9%86%d9%8a%d8%a9-%d9%88%d8%a7%d8%b3%d8%b9%d8%a9-%d9%81%d9%8a-%d8%a7%d9%84%d8%ae%d9%84%d9%8a%d8%ac-%d8%aa%d9%81%d8%a7%d8%b5%d9%8a%d9%84,4,1.0
https://www.aljazeera.net/news/2026/4/2/%d8%a7%d9%84%d8%aa%d9%84%d9%81%d8%b2%d9%8a%d9%88%d9%86-%d8%a7%d9%84%d8%a7%d9%8a%d8%b1%d8%a7%d9%86%d9%8a-%d8%b5%d9%88%d8%a7%d8%b1%d9%8a%d8%ae%d9%86%d8%a7-%d8%aa%d8%b5%d9%84-%d8%a5%d9%84%d9%89,1,0.5421
https://www.aljazeera.net/news/2026/4/2/%d9%8a%d8%af%d9%8a%d8%b9%d9%88%d8%aa-%d8%a3%d8%ad%d8%b1%d9%88%d9%86%d9%88%d8%aa-%d8%a5%d8%b3%d8%b1%d8%a7%d8%a6%d9%8a%d9%84-%d8%a3%d9%83%d9%85%d9%84%d8%aa-%d9%87%d8%ac%d9%85%d8%a7%d8%aa%d9%87%d8%a7,0,0.7713
https://www.aljazeera.net/news/2026/4/2/%d9%8a%d8%aa%d8%b9%d8%a7%d9%81%d9%89-%d9%85%d9%86-%d9%84%d9%83%d9%85%d8%a9-%d8%b2%d9%88%d8%ac%d8%aa%d9%87-%d8%aa%d8%b1%d9%85%d8%a8-%d9%8a%d8%b3%d8%ae%d8%b1-%d9%85%d9%86,0,1.0
https://www.aljazeera.net/news/2026/4/2/%d8%b3%d8%b1%d8%a7%d8%a8-%d8%a7%d9%84%d8%aa%d9%87%d8%af%d8%a6%d8%a9-%d8%aa%d8%b1%d9%85%d8%a8-%d9%8a%d9%85%d8%af%d8%af-%d8%ad%d8%b1%d8%a8-%d8%a5%d9%8a%d8%b1%d8%a7%d9%86,0,1.0
https://www.aljazeera.net/news/2026/4/2/%d8%a3%d8%ad%d8%af%d8%ab-%d9%85%d9%88%d8%ac%d8%a7%d8%aa-%d8%aa%d8%b3%d9%88%d9%86%d8%a7%d9%85%d9%8a-%d8%b5%d8%ba%d9%8a%d8%b1%d8%a9-%d9%82%d8%aa%d9%8a%d9%84-%d9%88%d8%a3%d8%b6%d8%b1%d8%a7%d8%b1,0,0.9665
https://www.aljazeera.net/news/2026/4/2/%d8%b5%d9%88%d8%b1%d8%a9-%d9%84%d9%82%d8%a7%d8%a1-%d8%a7%d9%84%d8%b4%d8%b1%d8%b9-%d9%85%d8%b9-%d9%85%d9%8a%d8%b1%d9%83%d9%84-%d8%aa%d8%b4%d8%b9%d9%84-%d8%a7%d9%84%d9%85%d9%86%d8%b5%d8%a7%d8%aa,6,0.9984
https://www.aljazeera.net/news/2026/4/2/%d8%b9%d8%a7%d8%ac%d9%84-%d8%a7%d9%84%d8%b3%d9%81%d8%a7%d8%b1%d8%a9-%d8%a7%d9%84%d8%a3%d9%85%d8%b1%d9%8a%d9%83%d9%8a%d8%a9-%d8%a8%d8%a8%d8%ba%d8%af%d8%a7%d8%af-%d8%b9%d9%84%d9%89,13,0.7075
https://www.aljazeera.net/news/2026/4/2/%d8%aa%d9%87%d8%af%d9%8a%d8%af%d8%a7%d8%aa-%d8%a8%d9%84%d8%a7-%d9%85%d8%ae%d8%b1%d8%ac-%d9%88%d8%a7%d8%b6%d8%ad-%d9%82%d8%b1%d8%a7%d8%a1%d8%a9-%d9%81%d9%8a-%d8%ae%d8%b7%d8%a7%d8%a8,0,1.0
https://www.aljazeera.net/news/2026/4/2/%d8%a8%d8%b1%d9%84%d9%85%d8%a7%d9%86%d9%8a%d9%88%d9%86-%d9%85%d9%88%d8%b1%d9%8a%d8%aa%d8%a7%d9%86%d9%8a%d9%88%d9%86-%d9%8a%d8%ad%d8%aa%d8%ac%d9%88%d9%86-%d8%b9%d9%84%d9%89,14,1.0
https://www.aljazeera.net/news/2026/4/2/%d8%a7%d9%84%d8%ac%d9%8a%d8%b4%d8%a7%d9%86-%d8%a7%d9%84%d8%a3%d9%85%d8%b1%d9%8a%d9%83%d9%8a-%d9%88%d8%a7%d9%84%d8%a5%d8%b3%d8%b1%d8%a7%d8%a6%d9%8a%d9%84%d9%8a-%d8%b6%d8%b1%d8%a8%d9%86%d8%a7,1,0.3393
https://www.aljazeera.net/news/2026/4/2/%d8%b4%d8%a7%d9%87%d8%af-%d9%81%d9%8a%d8%b6%d8%a7%d9%86%d8%a7%d8%aa-%d8%b5%d8%b1%d9%81-%d8%b5%d8%ad%d9%8a-%d9%81%d9%8a-%d8%aa%d9%84-%d8%a3%d8%a8%d9%8a%d8%a8-%d8%a8%d8%b9%d8%af-%d9%82%d8%b5%d9%81,1,1.0
https://www.aljazeera.net/news/2026/4/2/%d9%83%d9%86%d8%af%d8%a7-%d8%aa%d8%ac%d8%b1%d9%8a-%d8%aa%d8%ad%d9%88%d9%84%d8%a7%d8%aa-%d8%b9%d9%85%d9%8a%d9%82%d8%a9-%d9%81%d9%8a-%d8%ae%d8%b7%d8%aa%d9%87%d8%a7,0,0.966
https://www.aljazeera.net/news/2026/4/2/%d9%85%d9%82%d8%b1-%d8%ae%d8%a7%d8%aa%d9%85-%d8%a7%d9%84%d8%a3%d9%86%d8%a8%d9%8a%d8%a7%d8%a1-%d8%a7%d9%84%d8%b9%d8%af%d9%88-%d9%84%d8%a7-%d9%8a%d8%af%d8%b1%d9%83-%d8%b4%d9%8a%d8%a6%d8%a7-%d8%b9%d9%86,-1,0.0
https://www.aljazeera.net/news/2026/4/2/%d9%88%d8%b3%d8%a7%d8%a6%d9%84-%d9%86%d9%82%d9%84-%d9%85%d9%87%d8%aa%d8%b1%d8%a6%d8%a9-%d9%88%d8%b7%d8%b1%d9%82-%d9%85%d8%af%d9%85%d8%b1%d8%a9-%d9%88%d8%ac%d9%87-%d8%a2%d8%ae%d8%b1,3,1.0
https://www.aljazeera.net/news/2026/4/2/%d8%a7%d9%84%d8%ac%d9%86%d8%a7%d8%a6%d9%8a%d8%a9-%d8%a7%d9%84%d8%af%d9%88%d9%84%d9%8a%d8%a9-%d8%aa%d9%88%d8%a7%d8%b5%d9%84-%d8%a7%d9%84%d8%a5%d8%ac%d8%b1%d8%a7%d8%a1%d8%a7%d8%aa,16,1.0
https://www.aljazeera.net/news/2026/4/2/%d9%88%d8%b2%d9%8a%d8%b1-%d8%a7%d9%84%d8%ae%d8%a7%d8%b1%d8%ac%d9%8a%d8%a9-%d8%a7%d9%84%d8%a8%d8%a7%d9%83%d8%b3%d8%aa%d8%a7%d9%86%d9%8a-%d8%aa%d8%ad%d8%b1%d9%83,0,1.0
https://www.aljazeera.net/news/2026/4/2/%d8%ba%d8%b2%d8%a9-%d8%a7%d8%b3%d8%aa%d8%b4%d9%87%d8%a7%d8%af-%d8%b3%d9%8a%d8%af%d8%a9-%d9%88%d8%a5%d8%b5%d8%a7%d8%a8%d8%a9-%d8%b7%d9%81%d9%84-%d9%88%d9%82%d8%b5%d9%81,3,1.0
https://www.aljazeera.net/news/2026/4/2/%d8%a5%d8%b3%d8%b1%d8%a7%d8%a6%d9%8a%d9%84-%d8%aa%d8%b9%d9%85%d9%82-%d8%b9%d9%85%d9%84%d9%8a%d8%a7%d8%aa%d9%87%d8%a7-%d8%a7%d9%84%d8%a8%d8%b1%d9%8a%d8%a9-%d8%af%d8%a7%d8%ae%d9%84,2,0.888
https://www.aljazeera.net/news/2026/4/2/%d8%a7%d9%84%d9%82%d8%aa%d9%84-%d8%aa%d8%b9%d8%b0%d9%8a%d8%a8%d8%a7-%d8%a3%d9%88-%d8%b4%d9%86%d9%82%d8%a7-%d8%a3%d9%85%d9%87%d8%a7%d8%aa-%d8%a3%d8%b3%d8%b1%d9%89-%d9%8a%d8%ae%d8%b4%d9%8a%d9%86,14,1.0
https://www.aljazeera.net/news/2026/4/2/%d9%82%d8%aa%d9%84-%d9%85%d9%86%d9%87%d9%85-216-%d8%a3%d9%86%d8%b4%d8%b7%d8%a9-%d9%84%d9%84%d8%af%d8%b9%d9%85-%d8%a7%d9%84%d9%86%d9%81%d8%b3%d9%8a-%d9%84%d9%84%d8%a3%d8%b7%d9%81%d8%a7%d9%84,1,0.4244
https://www.aljazeera.net/news/2026/4/2/%d9%85%d8%a8%d8%a7%d8%ad%d8%ab%d8%a7%d8%aa-%d8%a3%d9%88%d8%b1%d9%88%d8%a8%d9%8a%d8%a9-%d9%84%d8%a5%d8%b9%d8%a7%d8%af%d8%a9-%d9%81%d8%aa%d8%ad-%d9%87%d8%b1%d9%85%d8%b2,0,1.0
https://www.aljazeera.net/news/2026/4/2/%d9%85%d8%a7-%d8%af%d9%84%d8%a7%d9%84%d8%a9-%d9%86%d8%b4%d8%b1-%d8%a7%d9%84%d8%ac%d9%8a%d8%b4-%d8%a7%d9%84%d8%a5%d9%8a%d8%b1%d8%a7%d9%86%d9%8a-%d8%b5%d9%88%d8%b1%d8%a7,-1,0.0
https://www.aljazeera.net/news/2026/4/2/%d9%85%d9%86%d8%b8%d9%85%d8%aa%d8%a7%d9%86-%d8%ad%d9%82%d9%88%d9%82%d9%8a%d8%aa%d8%a7%d9%86-%d8%ae%d8%b7%d8%b1-%d9%85%d8%b2%d8%af%d9%88%d8%ac-%d9%8a%d9%88%d8%a7%d8%ac%d9%87-%d8%a2%d9%84%d8%a7%d9%81,1,0.4015
https://www.aljazeera.net/news/2026/4/2/%d9%85%d8%a7%d9%83%d8%b1%d9%88%d9%86-%d8%ad%d8%af%d9%8a%d8%ab-%d8%aa%d8%b1%d9%85%d8%a8-%d8%b9%d9%86%d9%8a-%d8%ba%d9%8a%d8%b1-%d9%85%d8%ad%d8%aa%d8%b1%d9%85-%d9%88%d9%87%d8%b1%d9%85%d8%b2-%d9%84%d9%86,0,1.0
https://www.aljazeera.net/news/2026/4/2/8-%d8%af%d9%88%d9%84-%d8%b9%d8%b1%d8%a8%d9%8a%d8%a9-%d9%88%d8%a5%d8%b3%d9%84%d8%a7%d9%85%d9%8a%d8%a9-%d8%aa%d8%af%d9%8a%d9%86-%d9%82%d8%a7%d9%86%d9%88%d9%86-%d8%a5%d8%b9%d8%af%d8%a7%d9%85,14,1.0
https://www.aljazeera.net/news/2026/4/2/%d9%85%d8%a7-%d8%a3%d9%88%d8%b1%d8%a7%d9%82-%d8%a3%d9%88%d8%b1%d9%88%d8%a8%d8%a7-%d9%81%d9%8a-%d9%85%d9%88%d8%a7%d8%ac%d9%87%d8%a9-%d8%aa%d9%87%d8%af%d9%8a%d8%af-%d8%aa%d8%b1%d9%85%d8%a8,0,1.0
https://www.aljazeera.net/news/2026/4/2/%d8%ba%d8%b6%d8%a8-%d8%a5%d8%b3%d8%b1%d8%a7%d8%a6%d9%8a%d9%84%d9%8a-%d9%85%d9%86-%d8%a7%d8%ad%d8%aa%d8%ac%d8%a7%d8%ac%d8%a7%d8%aa-%d8%b3%d9%88%d8%b1%d9%8a%d8%a9-%d8%b9%d9%84%d9%89,14,1.0
https://www.aljazeera.net/news/2026/4/2/%d9%85%d8%aa%d9%86%d9%88%d8%b9%d8%a9-%d8%b7%d8%a7%d8%a6%d9%81%d9%8a%d8%a7-%d9%88%d8%b3%d9%8a%d8%a7%d8%b3%d9%8a%d8%a7-%d8%a7%d9%84%d8%ac%d8%b2%d9%8a%d8%b1%d8%a9-%d8%aa%d8%b1%d8%b5%d8%af,2,0.6661
https://www.aljazeera.net/news/2026/4/2/%d9%82%d8%b7%d8%b1-%d8%aa%d8%ad%d8%b0%d8%b1-%d9%85%d9%86-%d8%a7%d8%b3%d8%aa%d9%87%d8%af%d8%a7%d9%81-%d8%a7%d9%84%d8%a8%d9%86%d9%8a%d8%a9-%d8%a7%d9%84%d8%aa%d8%ad%d8%aa%d9%8a%d8%a9,9,1.0
https://www.aljazeera.net/news/2026/4/2/%d8%ad%d9%8a%d9%86-%d9%8a%d8%aa%d8%ad%d9%88%d9%84-%d8%b4%d8%a7%d8%b7%d8%a6-%d8%ba%d8%b2%d8%a9-%d8%a5%d9%84%d9%89-%d9%82%d8%a7%d8%b9%d8%a9-%d8%a7%d9%85%d8%aa%d8%ad%d8%a7%d9%86,3,0.6765
https://www.aljazeera.net/news/2026/4/2/1-6-%d9%85%d9%84%d9%8a%d9%88%d9%86-%d9%86%d8%a7%d8%b2%d8%ad-%d9%87%d9%84-%d9%8a%d8%ad%d8%b1%d9%85-%d8%a8%d8%b9%d8%b6%d9%87%d9%85-%d8%a7%d9%84%d8%b9%d9%88%d8%af%d8%a9-%d8%a5%d9%84%d9%89,-1,0.0
https://www.aljazeera.net/news/2026/4/2/%d8%b1%d8%a7%d9%8a%d8%aa%d8%b3-%d9%88%d9%88%d8%aa%d8%b4-%d8%aa%d8%aa%d9%87%d9%85-%d8%ac%d9%8a%d8%b4-%d8%a8%d9%88%d8%b1%d9%83%d9%8a%d9%86%d8%a7-%d9%81%d8%a7%d8%b3%d9%88,-1,0.0
https://www.aljazeera.net/news/2026/4/2/%d9%87%d8%a2%d8%b1%d8%aa%d8%b3-%d8%aa%d8%b1%d9%85%d8%a8-%d9%8a%d8%b1%d8%ba%d8%a8-%d8%a8%d8%a5%d9%86%d9%87%d8%a7%d8%a1-%d8%a7%d9%84%d8%ad%d8%b1%d8%a8-%d9%88%d8%aa%d8%ad%d9%85%d9%8a%d9%84,0,1.0
https://www.aljazeera.net/news/2026/4/2/%d9%84%d8%aa%d8%a8%d8%b9%d8%af-%d8%b9%d9%86%d9%87%d8%a7-%d8%a7%d9%84%d9%86%d8%ad%d8%b3-%d8%b9%d8%a7%d8%a6%d9%84%d8%a7%d8%aa-%d8%a5%d9%8a%d8%b1%d8%a7%d9%86%d9%8a%d8%a9-%d8%aa%d8%ad%d8%aa%d9%81%d9%84,-1,0.0
https://www.aljazeera.net/news/2026/4/2/%d8%a7%d9%82%d8%aa%d8%b5%d8%a7%d8%af-%d8%a7%d9%84%d8%b9%d8%a7%d9%84%d9%85-%d9%8a%d8%aa%d9%82%d9%84%d8%a8-%d8%a8%d9%8a%d9%86-%d8%aa%d8%b5%d8%b1%d9%8a%d8%ad%d8%a7%d8%aa-%d8%aa%d8%b1%d9%85%d8%a8,0,1.0
https://www.aljazeera.net/news/2026/4/2/%d9%87%d9%84-%d8%b2%d8%b9%d8%b2%d8%b9%d8%aa-%d8%a7%d9%84%d8%ad%d8%b1%d8%a8-%d8%aa%d8%ad%d8%a7%d9%84%d9%81-%d8%b7%d9%87%d8%b1%d8%a7%d9%86-%d8%a7%d9%84%d8%aa%d9%82%d9%84%d9%8a%d8%af%d9%8a-%d9%85%d8%b9,0,0.7665
https://www.aljazeera.net/news/2026/4/2/%d8%b9%d8%a7%d8%ac%d9%84-%d8%b1%d9%88%d9%8a%d8%aa%d8%b1%d8%b2-%d8%a7%d9%84%d8%a3%d8%b1%d8%ac%d9%86%d8%aa%d9%8a%d9%86-%d8%aa%d9%82%d8%b1%d8%b1-%d8%b7%d8%b1%d8%af-%d8%a7%d9%84%d9%82%d8%a7%d8%a6%d9%85,-1,0.0
https://www.aljazeera.net/news/2026/4/2/%d8%b5%d8%ad%d9%81%d9%8a-%d9%87%d9%86%d8%af%d9%8a-%d9%84%d9%84%d8%ac%d8%b2%d9%8a%d8%b1%d8%a9-%d8%a7%d8%b3%d8%aa%d8%ac%d9%88%d8%a7%d8%a8-%d9%88%d8%b6%d8%ba%d9%88%d8%b7-%d9%85%d9%86-%d8%aa%d9%84,-1,0.0
https://www.aljazeera.net/news/2026/4/2/%d8%a7%d9%84%d9%86%d9%85%d8%b3%d8%a7-%d8%aa%d8%b1%d9%81%d8%b6-%d9%83%d9%84-%d8%a7%d9%84%d8%b7%d9%84%d8%a8%d8%a7%d8%aa-%d8%a7%d9%84%d8%a3%d9%85%d8%b1%d9%8a%d9%83%d9%8a%d8%a9,-1,0.0
https://www.aljazeera.net/news/2026/4/2/%d8%a7%d8%b3%d8%aa%d8%ad%d8%b6%d8%b1-%d9%88%d8%a7%d9%82%d8%b9%d8%a9-%d8%a7%d9%84%d8%b5%d9%81%d8%b9%d8%a9-%d8%aa%d9%81%d8%a7%d8%b9%d9%84-%d9%84%d8%a7%d9%81%d8%aa-%d9%85%d8%b9,0,0.7902
https://www.aljazeera.net/news/2026/4/2/%d8%aa%d9%82%d8%a7%d8%b1%d9%8a%d8%b1-%d8%a7%d9%84%d8%ba%d8%b2%d9%88-%d8%a7%d9%84%d8%a8%d8%b1%d9%8a-%d9%84%d8%a5%d9%8a%d8%b1%d8%a7%d9%86-%d8%aa%d8%ab%d9%8a%d8%b1-%d8%ac%d8%af%d9%84%d8%a7,0,1.0
https://www.aljazeera.net/news/2026/4/2/%d9%84%d8%a8%d9%86%d8%a7%d9%86-121,2,0.6715
https://www.aljazeera.net/news/2026/4/2/%d9%83%d9%8a%d9%81-%d8%aa%d9%81%d8%a7%d8%b9%d9%84-%d8%a7%d9%84%d9%85%d8%ba%d8%b1%d8%af%d9%88%d9%86-%d9%85%d8%b9-%d8%a5%d8%b7%d9%84%d8%a7%d9%82-%d9%86%d8%a7%d8%b3%d8%a7-%d8%a3%d9%88%d9%84,0,0.672
https://www.aljazeera.net/news/2026/4/2/85-%d8%a3%d9%84%d9%81%d8%a7-%d9%86%d9%83%d8%a8%d8%aa%d9%87%d9%85-%d8%a7%d9%84%d8%ad%d8%b1%d8%a8-%d8%a3%d9%8a%d8%aa%d8%a7%d9%85-%d8%ba%d8%b2%d8%a9-%d9%8a%d8%b9%d8%a7%d8%b1%d9%83%d9%88%d9%86,3,0.9186
https://www.aljazeera.net/news/2026/4/2/%d8%b9%d8%a7%d8%ac%d9%84-%d8%aa%d8%b1%d9%85%d8%a8-%d8%a3%d9%83%d8%a8%d8%b1-%d8%ac%d8%b3%d8%b1-%d9%81%d9%8a-%d8%a5%d9%8a%d8%b1%d8%a7%d9%86-%d9%8a%d9%86%d9%87%d8%a7%d8%b1-%d9%88%d9%84%d9%86,0,0.9474
https://www.aljazeera.net/news/2026/4/2/%d8%b1%d9%81%d8%b9-%d8%b9%d9%84%d9%85-%d8%a3%d9%85%d8%b1%d9%8a%d9%83%d8%a7-%d8%a8%d8%b7%d9%87%d8%b1%d8%a7%d9%86-%d8%a3%d9%88-%d8%a7%d9%84%d8%a7%d8%b3%d8%aa%d9%8a%d9%84%d8%a7%d8%a1-%d8%b9%d9%84%d9%89,0,1.0
https://www.aljazeera.net/news/2026/4/2/%d8%ba%d8%a7%d8%b1%d8%a7%d8%aa-%d8%aa%d8%b3%d8%aa%d9%87%d8%af%d9%81-%d8%ac%d8%b3%d8%b1%d8%a7-%d8%b1%d8%a6%d9%8a%d8%b3%d9%8a%d8%a7-%d9%8a%d8%b1%d8%a8%d8%b7-%d8%a7%d9%84%d8%b9%d8%a7%d8%b5%d9%85%d8%a9,1,0.3877
https://www.aljazeera.net/news/2026/4/2/%d9%85%d9%86-%d8%a7%d9%84%d8%b3%d9%88%d8%af%d8%a7%d9%86-%d8%a5%d9%84%d9%89-%d9%84%d8%a8%d9%86%d8%a7%d9%86-%d9%82%d8%b5%d8%a9-%d8%b4%d8%a7%d8%a8-%d8%b7%d8%a7%d8%b1%d8%af%d8%aa%d9%87,10,0.7496
https://www.aljazeera.net/news/2026/4/2/%d8%a7%d9%86%d9%81%d8%ac%d8%a7%d8%b1-%d9%85%d8%b3%d8%aa%d9%88%d8%af%d8%b9-%d8%b0%d8%ae%d9%8a%d8%b1%d8%a9-%d9%81%d9%8a-%d8%a8%d9%88%d8%b1%d9%88%d9%86%d8%af%d9%8a-%d9%8a%d9%88%d8%af%d9%8a,5,0.9294
https://www.aljazeera.net/news/2026/4/2/%d8%aa%d8%b1%d9%85%d8%a8-%d9%8a%d9%82%d9%8a%d9%84-%d9%88%d8%b2%d9%8a%d8%b1%d8%a9-%d8%a7%d9%84%d8%b9%d8%af%d9%84-%d8%a8%d8%a7%d9%85-%d8%a8%d9%88%d9%86%d8%af%d9%8a,0,1.0
https://www.aljazeera.net/news/2026/4/2/%d8%aa%d8%b9%d9%8a%d9%8a%d9%86-%d9%8a%d8%a7%d8%b3%d8%b1-%d8%a7%d9%84%d8%b9%d8%b7%d8%a7-%d8%b1%d8%a6%d9%8a%d8%b3%d8%a7-%d8%ac%d8%af%d9%8a%d8%af%d8%a7-%d9%84%d8%a3%d8%b1%d9%83%d8%a7%d9%86,10,0.8305
https://www.aljazeera.net/news/2026/4/2/%d8%a7%d9%84%d8%ae%d8%a7%d8%b1%d8%ac%d9%8a%d8%a9-%d8%a7%d9%84%d8%a3%d9%85%d8%b1%d9%8a%d9%83%d9%8a%d8%a9-%d9%84%d9%84%d8%ac%d8%b2%d9%8a%d8%b1%d8%a9-%d8%a5%d9%8a%d8%b1%d8%a7%d9%86-%d9%84%d9%86,0,1.0
https://www.aljazeera.net/news/2026/4/2/%d9%87%d9%84-%d9%8a%d9%83%d8%aa%d9%81%d9%8a-%d8%ad%d9%84%d9%81%d8%a7%d8%a1-%d8%b7%d9%87%d8%b1%d8%a7%d9%86-%d8%a7%d9%84%d9%83%d8%a8%d8%a7%d8%b1-%d8%a8%d8%a7%d9%84%d8%af%d8%b9%d9%85,0,0.7279
https://www.aljazeera.net/news/2026/4/2/%d8%a7%d9%84%d8%b6%d9%81%d8%a9-%d9%81%d9%84%d8%b3%d8%b7%d9%8a%d9%86-%d8%a7%d9%84%d9%82%d8%af%d8%b3-%d8%a5%d8%b9%d8%af%d8%a7%d9%85-%d8%a3%d8%b3%d8%b1%d9%89,14,1.0
https://www.aljazeera.net/news/2026/4/2/%d9%85%d8%a4%d8%aa%d9%85%d8%b1-%d9%81%d9%84%d8%b3%d8%b7%d9%8a%d9%86%d9%8a%d9%8a-%d8%a7%d9%84%d8%ae%d8%a7%d8%b1%d8%ac-%d9%8a%d8%ad%d8%b0%d8%b1-%d9%85%d9%86-%d8%ae%d8%b7%d9%88%d8%b1%d8%a9,17,1.0
https://www.aljazeera.net/news/2026/4/2/%d8%a7%d9%84%d8%ad%d9%88%d8%ab%d9%8a%d9%88%d9%86-%d8%b3%d9%86%d8%aa%d8%b9%d8%a7%d9%85%d9%84-%d9%85%d8%b9-%d8%a7%d9%84%d8%aa%d8%b7%d9%88%d8%b1%d8%a7%d8%aa-%d8%a7%d9%84%d9%85%d9%82%d8%a8%d9%84%d8%a9,-1,0.0
https://www.aljazeera.net/news/2026/4/2/%d9%85%d8%ac%d9%84%d8%b3-%d8%a7%d9%84%d8%aa%d8%b9%d8%a7%d9%88%d9%86-%d8%a7%d9%84%d8%ae%d9%84%d9%8a%d8%ac%d9%8a-%d9%8a%d9%86%d8%af%d8%af-%d8%a8%d8%a7%d9%84%d9%87%d8%ac%d9%85%d8%a7%d8%aa,0,0.8485
https://www.aljazeera.net/news/2026/4/2/%d8%aa%d8%b4%d8%a7%d8%af-%d8%ad%d9%83%d9%88%d9%85%d8%a9-%d8%ac%d8%af%d9%8a%d8%af%d8%a9-%d8%a3%d9%85-%d8%a5%d8%b9%d8%a7%d8%af%d8%a9-%d8%aa%d8%af%d9%88%d9%8a%d8%b1-%d9%84%d9%84%d9%88%d8%ac%d9%88%d9%87,5,0.9652
https://www.aljazeera.net/news/2026/4/2/%d8%aa%d8%b1%d9%85%d8%a8-%d9%84%d9%85%d8%ac%d9%84%d8%a9-%d8%aa%d8%a7%d9%8a%d9%85-%d8%a5%d9%8a%d8%b1%d8%a7%d9%86-%d8%ad%d8%b1%d9%8a%d8%b5%d8%a9-%d8%b9%d9%84%d9%89-%d8%a5%d8%a8%d8%b1%d8%a7%d9%85,0,1.0
https://www.aljazeera.net/news/2026/4/2/%d9%81%d9%8a-%d8%a3%d9%8a-%d8%b3%d9%8a%d8%a7%d9%82-%d8%a7%d8%b3%d8%aa%d9%87%d8%af%d9%81%d8%aa-%d9%88%d8%a7%d8%b4%d9%86%d8%b7%d9%86-%d8%ac%d8%b3%d8%b1-%d8%a8%d9%8a-1-%d9%81%d9%8a,0,0.8417
https://www.aljazeera.net/news/2026/4/2/%d8%b5%d9%88%d8%a7%d8%b1%d9%8a%d8%ae-%d9%85%d9%86-%d8%a5%d9%8a%d8%b1%d8%a7%d9%86-%d9%88%d8%a7%d9%84%d9%8a%d9%85%d9%86-%d8%aa%d8%b5%d9%8a%d8%a8-%d8%a5%d8%b3%d8%b1%d8%a7%d8%a6%d9%8a%d9%84,1,0.3326
https://www.aljazeera.net/news/2026/4/1/%d8%b9%d8%a7%d8%ac%d9%84-%d9%85%d8%b1%d8%a7%d8%b3%d9%84-%d8%a7%d9%84%d8%ac%d8%b2%d9%8a%d8%b1%d8%a9-%d8%af%d9%88%d9%8a-3-%d8%a7%d9%86%d9%81%d8%ac%d8%a7%d8%b1%d8%a7%d8%aa-%d9%81%d9%8a,2,0.809
https://www.aljazeera.net/news/2026/4/1/%d8%a7%d8%ae%d8%aa%d8%a8%d8%a7%d8%b1-%d8%a7%d9%84%d8%ac%d8%a8%d9%87%d8%a7%d8%aa-%d8%a7%d9%84%d9%85%d8%aa%d8%b9%d8%af%d8%af%d8%a9-%d9%87%d9%84-%d9%8a%d9%87%d8%af%d8%af,0,0.671
https://www.aljazeera.net/news/2026/4/1/%d8%b9%d8%a7%d8%ac%d9%84-%d8%aa%d8%b1%d9%85%d8%a8-%d8%b3%d9%86%d8%ba%d8%a7%d8%af%d8%b1-%d8%a5%d9%8a%d8%b1%d8%a7%d9%86-%d9%81%d9%8a-%d8%ba%d8%b6%d9%88%d9%86,0,1.0
https://www.aljazeera.net/news/2026/4/1/%d8%ad%d8%b0%d8%b1%d8%aa%d9%87%d8%a7-%d9%88%d8%a7%d8%b4%d9%86%d8%b7%d9%86-%d8%b3%d8%a7%d8%a8%d9%82%d8%a7-%d8%a7%d8%ae%d8%aa%d8%b7%d8%a7%d9%81-%d8%b5%d8%ad%d9%81%d9%8a%d8%a9,13,1.0
https://www.aljazeera.net/news/2026/4/1/%d8%b9%d8%a7%d8%ac%d9%84-%d8%a7%d9%84%d8%a8%d9%8a%d8%aa-%d8%a7%d9%84%d8%a3%d8%a8%d9%8a%d8%b6-%d8%aa%d8%b1%d9%85%d8%a8-%d8%b3%d9%8a%d9%84%d9%82%d9%8a-%d8%ae%d8%b7%d8%a7%d8%a8%d8%a7,0,1.0
https://www.aljazeera.net/news/2026/4/1/%d9%85%d9%88%d8%a7%d8%ac%d9%87%d8%a7%d8%aa-%d8%a8%d8%a7%d9%84%d8%b6%d9%81%d8%a9-%d8%b1%d9%81%d8%b6%d8%a7-%d9%84%d9%82%d8%a7%d9%86%d9%88%d9%86-%d8%a5%d8%b9%d8%af%d8%a7%d9%85,14,1.0
https://www.aljazeera.net/news/2026/4/1/%d8%b9%d8%a7%d8%ac%d9%84-%d9%88%d8%a7%d8%b4%d9%86%d8%b7%d9%86-%d9%86%d8%b3%d9%82%d8%b7-%d8%b0%d8%ae%d8%a7%d8%a6%d8%b1-%d8%af%d9%82%d9%8a%d9%82%d8%a9-%d8%b9%d9%84%d9%89,0,0.8895
https://www.aljazeera.net/news/2026/4/1/%d8%aa%d8%ad%d8%b1%d9%83%d8%a7%d8%aa-%d8%a8%d8%b1%d9%8a%d8%b7%d8%a7%d9%86%d9%8a%d8%a9-%d9%84%d8%aa%d8%b9%d8%b2%d9%8a%d8%b2-%d8%a7%d9%84%d8%af%d9%81%d8%a7%d8%b9%d8%a7%d8%aa,4,0.8185
https://www.aljazeera.net/news/2026/4/1/%d8%b9%d8%b1%d8%a7%d9%82%d8%ac%d9%8a-%d9%84%d9%84%d8%ac%d8%b2%d9%8a%d8%b1%d8%a9-%d9%84%d9%85-%d9%86%d8%aa%d9%81%d8%a7%d9%88%d8%b6-%d9%85%d8%b9-%d9%88%d8%a7%d8%b4%d9%86%d8%b7%d9%86,0,0.7495
https://www.aljazeera.net/news/2026/4/1/%d9%85%d8%b5%d8%b1%d8%b9-29-%d8%b4%d8%ae%d8%b5%d8%a7-%d9%81%d9%8a-%d8%aa%d8%ad%d9%83%d9%86-%d8%b7%d8%a7%d8%a6%d8%b1%d8%a9-%d9%86%d9%82%d9%84-%d8%b9%d8%b3%d9%83%d8%b1%d9%8a%d8%a9,12,1.0
https://www.aljazeera.net/news/2026/4/1/%d9%83%d9%8a%d9%81-%d8%aa%d8%ba%d9%8a%d8%b1%d8%aa-%d8%a3%d9%87%d8%af%d8%a7%d9%81-%d8%a3%d9%85%d8%b1%d9%8a%d9%83%d8%a7-%d9%88%d8%a5%d8%b3%d8%b1%d8%a7%d8%a6%d9%8a%d9%84-%d8%a8%d8%b9%d8%af,0,1.0
https://www.aljazeera.net/news/2026/4/1/%d8%aa%d8%ad%d8%b4%d9%8a%d8%af-%d8%b9%d8%b3%d9%83%d8%b1%d9%8a-%d8%a3%d9%85%d8%b1%d9%8a%d9%83%d9%8a-%d9%85%d8%aa%d8%b5%d8%a7%d8%b9%d8%af-%d8%b1%d8%ba%d9%85-%d8%ad%d8%af%d9%8a%d8%ab,0,1.0
https://www.aljazeera.net/news/2026/4/1/%d9%85%d8%b9-%d8%aa%d8%b2%d8%a7%d9%8a%d8%af-%d8%a7%d9%84%d9%87%d8%ac%d9%85%d8%a7%d8%aa-%d8%a5%d8%b3%d8%b1%d8%a7%d8%a6%d9%8a%d9%84-%d8%aa%d9%84%d8%ac%d8%a3-%d9%84%d8%a3%d9%86%d8%b8%d9%85%d8%a9,1,0.477
https://www.aljazeera.net/news/2026/4/1/%d8%a7%d9%84%d8%a3%d8%b1%d8%ac%d9%86%d8%aa%d9%8a%d9%86-%d8%aa%d8%b5%d9%86%d9%81-%e2%81%a0%d8%a7%d9%84%d8%ad%d8%b1%d8%b3-%d8%a7%d9%84%d8%ab%d9%88%d8%b1%d9%8a,-1,0.0
https://www.aljazeera.net/news/2026/4/1/%d8%a7%d9%84%d8%a8%d9%86%d8%aa%d8%a7%d8%ba%d9%88%d9%86-%d9%8a%d9%83%d8%b4%d9%81-%d8%b9%d9%86-%d9%85%d8%b9%d8%af%d9%84%d8%a7%d8%aa-%d9%88%d8%a3%d8%b3%d8%a8%d8%a7%d8%a8,0,0.966
https://www.aljazeera.net/news/2026/4/1/%d8%a7%d9%84%d9%84,-1,0.0
https://www.aljazeera.net/news/2026/4/1/%d9%85%d8%a7-%d8%ad%d9%82%d9%8a%d9%82%d8%a9-%d9%85%d8%b4%d8%a7%d9%87%d8%af-%d8%a7%d9%84%d9%81%d8%b1%d8%a7%d8%b1-%d8%a7%d9%84%d8%ac%d9%85%d8%a7%d8%b9%d9%8a-%d9%85%d9%86-%d8%aa%d9%84,-1,0.0
https://www.aljazeera.net/news/2026/4/1/%d8%a5%d8%b3%d8%b1%d8%a7%d8%a6%d9%8a%d9%84-%d8%aa%d8%b9%d9%84%d9%86-%d8%aa%d8%b5%d8%af%d9%8a%d9%87%d8%a7-%d9%84%d8%b5%d8%a7%d8%b1%d9%88%d8%ae-%d8%a3%d8%b7%d9%84%d9%82-%d9%85%d9%86,-1,0.0
https://www.aljazeera.net/news/2026/4/1/%d8%a7%d9%84%d8%ac%d9%8a%d8%b4-%d8%a7%d9%84%d8%a5%d8%b3%d8%b1%d8%a7%d8%a6%d9%8a%d9%84%d9%8a-%d8%a7%d9%84%d8%b9%d9%85%d9%84%d9%8a%d8%a9-%d9%81%d9%8a-%d8%a5%d9%8a%d8%b1%d8%a7%d9%86,1,0.4838
https://www.aljazeera.net/news/2026/4/1/%d8%b1%d9%88%d8%a8%d9%8a%d9%88-%d9%8a%d9%84%d9%88%d8%ad-%d8%a8%d8%a5%d8%b9%d8%a7%d8%af%d8%a9-%d8%aa%d9%82%d9%8a%d9%8a%d9%85-%d8%b9%d9%84%d8%a7%d9%82%d8%a9-%d9%88%d8%a7%d8%b4%d9%86%d8%b7%d9%86,0,1.0
https://www.aljazeera.net/news/2026/4/1/%d9%87%d9%8a%d8%a6%d8%a9-%d8%a8%d8%b1%d9%8a%d8%b7%d8%a7%d9%86%d9%8a%d8%a9-%d8%a5%d8%b5%d8%a7%d8%a8%d8%a9-%d9%86%d8%a7%d9%82%d9%84%d8%a9-%d9%86%d9%81%d8%b7-%d8%a8%d9%85%d9%82%d8%b0%d9%88%d9%81,4,0.3228
https://www.aljazeera.net/news/2026/4/1/%d9%87%d9%84-%d8%b8%d9%87%d8%b1-%d8%a5%d8%b9%d9%84%d8%a7%d9%85%d9%8a-%d9%85%d8%b5%d8%b1%d9%8a-%d8%a8%d8%b3%d8%aa%d8%b1%d8%a9-%d9%85%d9%86-%d8%a3%d9%84%d9%88%d8%a7%d8%ad,-1,0.0
https://www.aljazeera.net/news/2026/4/1/%d8%a5%d8%b6%d8%b1%d8%a7%d8%a8-2,14,1.0
https://www.aljazeera.net/news/2026/4/1/3-%d8%af%d9%81%d8%b9%d8%a7%d8%aa-%d8%b5%d8%a7%d8%b1%d9%88%d8%ae%d9%8a%d8%a9-%d8%aa%d8%b6%d8%b1%d8%a8-%d8%a5%d8%b3%d8%b1%d8%a7%d8%a6%d9%8a%d9%84-%d9%88%d8%ba%d8%a7%d8%b1%d8%a7%d8%aa,1,0.9257
https://www.aljazeera.net/news/2026/4/1/%d8%aa%d8%b7%d9%88%d8%b1%d8%a7%d8%aa-%d8%ba%d8%b2%d8%a9-14,3,1.0
https://www.aljazeera.net/news/2026/4/1/%d9%84%d8%a3%d9%88%d9%84-%d9%85%d8%b1%d8%a9-%d8%aa%d8%b1%d9%85%d8%a8-%d9%8a%d8%ad%d8%b6%d8%b1-%d8%ac%d9%84%d8%b3%d8%a9-%d9%84%d9%84%d9%85%d8%ad%d9%83%d9%85%d8%a9-%d8%a7%d9%84%d8%b9%d9%84%d9%8a%d8%a7,11,0.9441
https://www.aljazeera.net/news/2026/4/1/%d9%85%d8%b3%d9%8a%d8%b1%d8%a7%d8%aa-fpv-%d9%83%d9%8a%d9%81-%d9%8a%d8%b3%d8%aa%d8%ae%d8%af%d9%85%d9%87%d8%a7-%d8%ad%d8%b2%d8%a8-%d8%a7%d9%84%d9%84%d9%87-%d8%b6%d8%af,-1,0.0
https://www.aljazeera.net/news/2026/4/1/%d8%b6%d8%b1%d8%a8%d8%a7%d8%aa-%d8%b5%d8%a7%d8%b1%d9%88%d8%ae%d9%8a%d8%a9-%d8%aa%d8%b9%d8%b7%d9%84-%d9%87%d8%a8%d9%88%d8%b7-%d8%b7%d8%a7%d8%a6%d8%b1%d8%a7%d8%aa-%d8%b9%d8%b3%d9%83%d8%b1%d9%8a%d8%a9,1,1.0
https://www.aljazeera.net/news/2026/4/1/%d8%a5%d9%86%d8%af%d9%88%d9%86%d9%8a%d8%b3%d9%8a%d8%a7-%d8%aa%d8%b7%d8%a7%d9%84%d8%a8-%d8%a8%d8%aa%d8%ad%d9%82%d9%8a%d9%82-%d8%af%d9%88%d9%84%d9%8a-%d9%81%d9%8a-%d9%85%d9%82%d8%aa%d9%84,-1,0.0
https://www.aljazeera.net/news/2026/4/1/%d8%aa%d8%b1%d9%83%d9%8a%d8%a7-%d8%aa%d9%86%d9%81%d9%8a-%d8%a7%d8%b3%d8%aa%d8%ae%d8%af%d8%a7%d9%85-%d9%82%d8%a7%d8%b0%d9%81%d8%a7%d8%aa-%d8%a3%d9%85%d8%b1%d9%8a%d9%83%d9%8a%d8%a9,-1,0.0
https://www.aljazeera.net/news/2026/4/1/%d8%ae%d8%a8%d9%8a%d8%b1-%d8%b9%d8%b3%d9%83%d8%b1%d9%8a-%d8%b3%d8%a7%d8%b9%d8%a7%d8%aa-%d9%85%d9%87%d9%85%d8%a9-%d8%aa%d9%86%d8%aa%d8%b8%d8%b1-%d8%a7%d9%84%d8%ad%d8%b1%d8%a8-%d8%b9%d9%84%d9%89,0,1.0
https://www.aljazeera.net/news/2026/4/1/%d9%85%d8%b7%d8%b1%d8%a7%d9%86-%d8%a7%d9%84%d9%84%d8%a7%d8%aa%d9%8a%d9%86-%d8%b7%d8%a7%d9%84%d8%a8%d9%86%d8%a7-%d8%a7%d9%84%d8%a7%d8%ad%d8%aa%d9%84%d8%a7%d9%84-%d8%a8%d9%81%d8%aa%d8%ad,17,1.0
https://www.aljazeera.net/news/2026/4/1/%d9%85%d9%87%d8%a7%d8%ac%d8%b1,10,0.4268
https://www.aljazeera.net/news/2026/4/1/%d8%a8%d9%88%d8%aa%d9%8a%d9%86-%d9%8a%d8%b9%d8%b1%d8%b6-%d8%ae%d8%a8%d8%b1%d8%a9-%d9%85%d9%88%d8%b3%d9%83%d9%88-%d9%81%d9%8a-%d8%a3%d9%85%d9%86-%d8%a7%d9%84%d8%b7%d8%a7%d9%82%d8%a9,0,0.6778
https://www.aljazeera.net/news/2026/4/1/%d8%b9%d8%b4%d8%b1%d8%a7%d8%aa-%d8%a7%d9%84%d9%82%d8%aa%d9%84%d9%89-%d9%88%d8%a7%d9%84%d8%ac%d8%b1%d8%ad%d9%89-%d9%81%d9%8a-%d8%a8%d9%8a%d8%b1%d9%88%d8%aa-%d9%88%d8%a5%d8%b5%d8%a7%d8%a8%d8%a9-48,2,1.0
https://www.aljazeera.net/news/2026/4/1/%d8%aa%d8%b5%d8%b9%d9%8a%d8%af-%d8%a8%d8%a5%d9%82%d9%84%d9%8a%d9%85-%d9%83%d8%b1%d8%af%d8%b3%d8%aa%d8%a7%d9%86-%d9%85%d8%b3%d9%8a%d8%b1%d8%a7%d8%aa-%d8%aa%d8%b3%d8%aa%d9%87%d8%af%d9%81,13,1.0
https://www.aljazeera.net/news/2026/4/1/%d8%b3%d8%aa%d8%a7%d8%b1%d9%85%d8%b1-%d9%84%d9%8a%d8%b3%d8%aa-%d8%ad%d8%b1%d8%a8%d9%86%d8%a7-%d9%88%d9%84%d9%86-%d9%86%d9%86%d8%ac%d8%b1-%d8%a5%d9%84%d9%89-%d8%a7%d9%84%d8%b5%d8%b1%d8%a7%d8%b9,0,1.0
https://www.aljazeera.net/news/2026/4/1/%d8%aa%d9%84%d8%ba%d8%b1%d8%a7%d9%81-%d8%b9%d9%86-%d8%aa%d8%b1%d8%a7%d9%85%d8%a8-%d8%a3%d8%af%d8%b1%d8%b3-%d8%a8%d8%ac%d8%af%d9%8a%d8%a9-%d8%a7%d9%84%d8%a7%d9%86%d8%b3%d8%ad%d8%a7%d8%a8-%d9%85%d9%86,0,1.0
https://www.aljazeera.net/news/2026/4/1/%d9%85%d8%b9%d8%a7%d8%b1%d9%8a%d9%81-%d8%a5%d8%b3%d8%b1%d8%a7%d8%a6%d9%8a%d9%84-%d8%aa%d8%b6%d8%ba%d8%b7-%d8%b9%d9%84%d9%89-%d8%aa%d8%b1%d9%85%d8%a8-%d9%84%d8%b4%d9%86-%d8%b9%d9%85%d9%84%d9%8a%d8%a9,0,0.8911
https://www.aljazeera.net/news/2026/4/1/%d8%a3%d9%85%d9%86%d8%b3%d8%aa%d9%8a-%d9%85%d9%84%d9%8a%d8%a7%d8%b1%d8%a7-%d8%a5%d9%86%d8%b3%d8%a7%d9%86-%d9%8a%d8%b9%d9%8a%d8%b4%d9%88%d9%86-%d9%81%d9%8a-%d9%85%d9%86%d8%a7%d8%b7%d9%82,-1,0.0
https://www.aljazeera.net/news/2026/4/1/%d8%b9%d8%a7%d9%85%d8%a7%d9%86-%d8%b3%d8%ac%d9%86%d8%a7-%d9%84%d8%b5%d8%ad%d9%81%d9%8a-%d8%aa%d9%88%d9%86%d8%b3%d9%8a-%d9%88%d8%a7%d9%84%d9%86%d9%82%d8%a7%d8%a8%d8%a9-%d8%aa%d8%af%d9%8a%d9%86,-1,0.0
https://www.aljazeera.net/news/2026/4/1/%d9%83%d9%8a%d9%81-%d9%82%d8%b1%d8%a3%d8%aa-%d8%a7%d9%84%d9%85%d9%86%d8%b5%d8%a7%d8%aa-%d8%aa%d8%b5%d8%b1%d9%81-%d8%a7%d9%84%d8%b4%d8%b1%d8%b9-%d9%81%d9%8a-%d8%a8%d8%b1%d9%84%d9%8a%d9%86,6,1.0
https://www.aljazeera.net/news/2026/4/1/%d8%ae%d9%84%d8%a7%d9%84-%d8%b2%d9%8a%d8%a7%d8%b1%d8%a9-%d9%85%d8%a7%d9%83%d8%b1%d9%88%d9%86-%d9%84%d8%b7%d9%88%d9%83%d9%8a%d9%88-%d9%81%d8%b1%d9%86%d8%b3%d8%a7,0,1.0
https://www.aljazeera.net/news/2026/4/1/%d9%83%d9%8a%d9%81-%d8%aa%d8%ad%d9%88%d9%84%d8%aa-%d8%a7%d9%84%d8%b6%d9%81%d8%a9-%d8%a7%d9%84%d8%ba%d8%b1%d8%a8%d9%8a%d8%a9-%d9%85%d9%86-%d8%ac%d8%ba%d8%b1%d8%a7%d9%81%d9%8a%d8%a7,15,0.5634
https://www.aljazeera.net/news/2026/4/1/%d8%a3%d9%83%d8%b3%d9%8a%d9%88%d8%b3-%d8%aa%d9%82%d9%84%d8%a8%d8%a7%d8%aa-%d8%aa%d8%b1%d9%85%d8%a8-%d8%aa%d8%b1%d8%a8%d9%83-%d9%85%d8%b3%d8%a7%d8%b9%d8%af%d9%8a%d9%87,0,1.0
https://www.aljazeera.net/news/2026/4/1/%d8%a7%d8%b3%d8%aa%d8%a6%d9%86%d8%a7%d9%81-%d9%85%d8%ad%d8%a7%d8%af%d8%ab%d8%a7%d8%aa-%d8%a7%d9%84%d8%b3%d9%84%d8%a7%d9%85-%d8%a8%d9%8a%d9%86-%d8%a8%d8%a7%d9%83%d8%b3%d8%aa%d8%a7%d9%86,-1,0.0
https://www.aljazeera.net/news/2026/4/1/%d9%87%d8%ac%d9%85%d8%a7%d8%aa-%d8%b9%d9%84%d9%89-%d8%af%d9%88%d9%84-%d8%ae%d9%84%d9%8a%d8%ac%d9%8a%d8%a9,4,0.8628
https://www.aljazeera.net/news/2026/4/1/%d8%b9%d8%a7%d8%ac%d9%84-%d8%aa%d8%b1%d9%85%d8%a8-%d8%a7%d9%84%d9%86%d8%b8%d8%a7%d9%85-%d8%a7%d9%84%d8%a5%d9%8a%d8%b1%d8%a7%d9%86%d9%8a-%d8%b7%d9%84%d8%a8-%d9%84%d9%84%d8%aa%d9%88-%d9%85%d9%86,0,0.9797
https://www.aljazeera.net/news/2026/4/1/%d9%84%d9%85%d8%a7%d8%b0%d8%a7-%d8%aa%d8%b1%d9%81%d8%b6-%d8%af%d9%88%d9%84-%d8%a7%d9%84%d9%86%d8%a7%d8%aa%d9%88-%d8%a7%d9%84%d8%a7%d9%86%d8%ae%d8%b1%d8%a7%d8%b7-%d8%a8%d8%a7%d9%84%d8%ad%d8%b1%d8%a8,0,1.0
https://www.aljazeera.net/news/2026/4/1/%d8%b9%d8%a7%d8%ac%d9%84-%d8%a7%d9%84%d9%82%d9%86%d8%a7%d8%a9-14-%d8%a7%d9%84%d8%a5%d8%b3%d8%b1%d8%a7%d8%a6%d9%8a%d9%84%d9%8a%d8%a9-%d8%a7%d9%84%d9%87%d8%ac%d9%88%d9%85,1,0.9289
https://www.aljazeera.net/news/2026/4/1/%d9%86%d8%a7%d8%a6%d8%a8-%d8%a7%d9%84%d8%b1%d8%a6%d9%8a%d8%b3-%d8%a7%d9%84%d8%a3%d9%85%d8%b1%d9%8a%d9%83%d9%8a-%d9%8a%d8%b5%d8%af%d8%b1-%d9%83%d8%aa%d8%a7%d8%a8%d8%a7-%d8%b9%d9%86,-1,0.0
https://www.aljazeera.net/news/2026/4/1/%d9%87%d9%84-%d9%82%d8%b5%d8%af%d8%aa-%d9%88%d8%a7%d8%b4%d9%86%d8%b7%d9%86-%d9%82%d8%b5%d9%81-%d9%85%d9%82%d8%b1-%d8%b3%d9%81%d8%a7%d8%b1%d8%aa%d9%87%d8%a7-%d8%a7%d9%84%d8%b3%d8%a7%d8%a8%d9%82%d8%a9,1,0.4072
https://www.aljazeera.net/news/2026/4/1/%d9%88%d8%b3%d8%b7-%d8%aa%d8%b1%d9%82%d8%a8-%d8%ad%d8%b0%d8%b1-%d9%84%d8%ae%d8%b7%d8%a7%d8%a8%d9%87-%d8%a7%d9%84%d9%84%d9%8a%d9%84%d8%a9-%d9%87%d9%84-%d9%8a%d9%81%d8%a7%d8%ac%d8%a6,0,1.0
https://www.aljazeera.net/news/2026/4/1/%d8%a8%d8%b3%d8%a8%d8%a8-%d8%a7%d9%84%d9%87%d8%aa%d8%a7%d9%81%d8%a7%d8%aa-%d8%b6%d8%af-%d8%a7%d9%84%d8%a7%d8%b3%d9%84%d8%a7%d9%85-%d9%85%d8%ba%d8%b1%d8%af%d9%88%d9%86,16,0.9236
https://www.aljazeera.net/news/2026/4/1/%d9%81%d9%8a-%d8%a7%d8%ae%d8%aa%d8%aa%d8%a7%d9%85-%d8%ac%d9%88%d9%84%d8%a9-%d9%86%d8%a7%d8%a6%d8%a8-%d8%b1%d8%a6%d9%8a%d8%b3-%d8%a7%d9%84%d8%b5%d9%8a%d9%86,5,0.6584
https://www.aljazeera.net/news/2026/4/1/%d8%b5%d9%88%d8%b1-%d9%81%d8%b6%d8%a7%d8%a6%d9%8a%d8%a9-%d8%aa%d9%88%d8%ab%d9%82-%d8%af%d9%85%d8%a7%d8%b1-%d9%85%d9%86%d8%b4%d8%a3%d8%a9-%d8%a7%d9%84%d9%83%d8%b9%d9%83%d8%a9,1,0.3909
https://www.aljazeera.net/news/2026/4/1/%d8%ae%d8%a8%d9%8a%d8%b1-%d8%b9%d8%b3%d9%83%d8%b1%d9%8a-%d9%87%d8%b0%d9%87-%d8%af%d9%84%d8%a7%d9%84%d8%a7%d8%aa-%d8%a7%d9%84%d8%aa%d8%b5%d8%b9%d9%8a%d8%af,1,0.3274
https://www.aljazeera.net/news/2026/4/1/%d9%85%d8%a7-%d8%a3%d8%b3%d8%a8%d8%a7%d8%a8-%d8%a7%d9%84%d8%a7%d8%b3%d8%aa%d9%82%d8%a7%d9%84%d8%a9-%d8%a7%d9%84%d9%85%d9%81%d8%a7%d8%ac%d8%a6%d8%a9-%d9%84%d9%88%d8%b2%d9%8a%d8%b1,5,1.0
https://www.aljazeera.net/news/2026/4/1/%d8%aa%d8%b1%d9%82%d8%a8-%d9%85%d9%86-%d8%a7%d9%84%d8%ad%d9%84%d9%81%d8%a7%d8%a1-%d9%88%d8%a7%d9%84%d8%a3%d8%b9%d8%af%d8%a7%d8%a1-%d9%85%d8%a7-%d8%a7%d9%84%d8%b0%d9%8a,0,1.0
https://www.aljazeera.net/news/2026/4/1/%d8%a8%d9%8a%d9%86-%d8%b9%d9%85%d9%84%d9%8a%d8%a9-%d8%ae%d8%a7%d8%b7%d9%81%d8%a9-%d9%88%d8%aa%d8%ad%d8%b1%d9%83-%d9%88%d8%a7%d8%b3%d8%b9-3,0,1.0
https://www.aljazeera.net/news/2026/4/1/%d8%a3%d9%83%d8%b3%d9%8a%d9%88%d8%b3-%d9%88%d8%b1%d9%88%d9%8a%d8%aa%d8%b1%d8%b2-%d9%81%d8%a7%d9%86%d8%b3-%d9%8a%d9%81%d8%a7%d9%88%d8%b6-%d9%84%d9%88%d9%82%d9%81-%d8%a7%d9%84%d9%86%d8%a7%d8%b1,0,1.0
https://www.aljazeera.net/news/2026/4/1/%d8%b9%d8%b1%d8%a7%d9%82%d8%ac%d9%8a-%d8%a8%d9%8a%d9%86-%d8%a7%d9%84%d9%85%d8%aa%d8%b8%d8%a7%d9%87%d8%b1%d9%8a%d9%86-%d8%a8%d8%b7%d9%87%d8%b1%d8%a7%d9%86-%d9%8a%d8%ab%d9%8a%d8%b1,7,1.0
https://www.aljazeera.net/news/2026/4/1/%d8%b7%d9%87%d8%b1%d8%a7%d9%86-%d9%85%d8%ac%d8%aa%d8%a8%d9%89-%d8%ae%d8%a7%d9%85%d9%86%d8%a6%d9%8a-%d8%a8%d8%b5%d8%ad%d8%a9-%d8%ac%d9%8a%d8%af%d8%a9-%d9%88%d8%b8%d8%b1%d9%88%d9%81,7,0.7457
https://www.aljazeera.net/news/2026/4/1/%d8%b9%d8%a7%d8%ac%d9%84-%d8%a7%d9%84%d8%b1%d8%a6%d9%8a%d8%b3-%d8%a7%d9%84%d8%a5%d9%8a%d8%b1%d8%a7%d9%86%d9%8a-%d9%81%d9%8a-%d8%b1%d8%b3%d8%a7%d9%84%d8%a9-%d8%a5%d9%84%d9%89,-1,0.0
https://www.aljazeera.net/news/2026/4/1/%d8%a8%d8%b9%d8%af-%d8%a3%d8%af%d8%a7%d8%a1-%d8%a7%d9%84%d9%8a%d9%85%d9%8a%d9%86-%d8%a7%d9%84%d8%af%d8%b3%d8%aa%d9%88%d8%b1%d9%8a%d8%a9-%d9%85%d8%a7-%d9%87%d9%8a-%d8%a3%d9%87%d9%85,5,1.0
https://www.aljazeera.net/news/2026/4/1/%d8%b0%d9%8a-%d8%a3%d8%aa%d9%84%d8%a7%d9%86%d8%aa%d9%8a%d9%83-%d8%a7%d9%84%d8%ac%d9%8a%d8%b4-%d8%a7%d9%84%d8%a3%d9%85%d8%b1%d9%8a%d9%83%d9%8a-%d9%8a%d8%af%d8%b1%d8%b3,0,1.0
https://www.aljazeera.net/news/2026/4/1/%d8%a7%d9%84%d8%a8%d8%ad%d8%b1%d9%8a%d9%86-%d9%85%d8%b4%d8%b1%d9%88%d8%b9-%d8%a7%d9%84%d9%82%d8%b1%d8%a7%d8%b1-%d8%a8%d8%b4%d8%a3%d9%86-%d9%85%d8%b6%d9%8a%d9%82-%d9%87%d8%b1%d9%85%d8%b2,0,1.0
https://www.aljazeera.net/news/2026/4/1/%d8%a7%d9%84%d8%b0%d9%83%d8%a7%d8%a1-%d8%a7%d9%84%d8%a7%d8%b5%d8%b7%d9%86%d8%a7%d8%b9%d9%8a,-1,0.0
https://www.aljazeera.net/news/2026/4/1/%d8%b3%d9%8a%d8%a7%d8%b3%d8%a7%d8%aa-%d8%a7%d9%84%d8%b5%d9%8a%d9%86-%d8%a8%d8%b4%d8%a3%d9%86-%d8%a7%d9%84%d8%b7%d8%a7%d9%82%d8%a9-%d9%88%d8%a7%d8%b3%d8%aa%d8%ac%d8%a7%d8%a8%d8%aa%d9%87%d8%a7,0,1.0
https://www.aljazeera.net/news/2026/4/1/%d9%87%d9%84-%d8%a8%d8%a7%d8%aa-%d9%87%d8%b1%d9%85%d8%b2-%d9%83%d9%84%d9%85%d8%a9-%d8%a7%d9%84%d8%b3%d8%b1-%d8%a8%d9%8a%d9%86-%d8%a7%d9%84%d8%ad%d8%b1%d8%a8-%d9%88%d8%a7%d8%aa%d9%81%d8%a7%d9%82,0,1.0
https://www.aljazeera.net/news/2026/4/1/%d9%81%d9%8a-%d8%ad%d8%a7%d9%84-%d8%b4%d9%86-%d8%b9%d9%85%d9%84%d9%8a%d8%a9-%d8%a8%d8%b1%d9%8a%d8%a9-%d9%87%d8%b0%d8%a7-%d9%85%d8%a7-%d9%8a%d9%86%d8%aa%d8%b8%d8%b1,0,1.0
https://www.aljazeera.net/news/liveblog/2026/3/31/%d8%a7%d9%84%d8%ad%d8%b1%d8%a8-%d8%b9%d9%84%d9%89-%d8%a5%d9%8a%d8%b1%d8%a7%d9%86-%d9%85%d8%a8%d8%a7%d8%b4%d8%b1-%d9%87%d8%ac%d9%85%d8%a7%d8%aa-%d8%a5%d9%8a%d8%b1%d8%a7%d9%86%d9%8a%d8%a9,-1,0.0
https://www.aljazeera.net/news/2026/3/31/%d9%83%d9%8a%d9%81-%d8%aa%d9%85%d9%88%d9%84-%d8%a5%d9%8a%d8%b1%d8%a7%d9%86-%d9%85%d8%b3%d9%8a%d8%b1%d8%a7%d8%aa%d9%87%d8%a7-%d9%88%d8%aa%d8%a4%d9%85%d9%86-%d9%88%d9%82%d9%88%d8%af,-1,0.0
https://www.aljazeera.net/news/2026/3/31/%d8%b9%d8%a7%d8%ac%d9%84-%d9%85%d8%b5%d8%a7%d8%af%d8%b1-%d8%a5%d8%b3%d8%b1%d8%a7%d8%a6%d9%8a%d9%84%d9%8a%d8%a9-%d9%88%d9%82%d9%88%d8%b9-%d8%b9%d8%af%d8%af-%d9%85%d9%86,2,0.6072
https://www.aljazeera.net/news/2026/3/31/%d9%82%d8%af%d9%88%d8%b1%d8%a9-%d9%81%d8%a7%d8%b1%d8%b3-%d9%82%d8%a7%d9%86%d9%88%d9%86-%d8%a5%d8%b9%d8%af%d8%a7%d9%85-%d8%a7%d9%84%d8%a3%d8%b3%d8%b1%d9%89-%d9%8a%d8%b3%d8%aa%d9%87%d8%af%d9%81,14,1.0
https://www.aljazeera.net/news/2026/3/31/%d9%8a%d9%84%d9%88%d8%ad-%d8%a8%d8%b2%d8%ac%d8%a7%d8%ac%d8%a9-%d8%b4%d8%a7%d9%85%d8%a8%d8%a7%d9%86%d9%8a%d8%a7-%d8%a7%d8%ad%d8%aa%d9%81%d8%a7%d9%84-%d8%a8%d9%86-%d8%ba%d9%81%d9%8a%d8%b1,14,1.0
https://www.aljazeera.net/news/2026/3/31/%d8%b9%d8%a7%d8%ac%d9%84-%d9%88%d8%b2%d8%a7%d8%b1%d8%a9-%d8%a7%d9%84%d8%af%d9%81%d8%a7%d8%b9-%d8%a7%d9%84%d8%b3%d8%b9%d9%88%d8%af%d9%8a%d8%a9-%d8%a7%d8%b9%d8%aa%d8%b1%d8%a7%d8%b6,4,1.0
https://www.aljazeera.net/news/2026/3/31/%d8%a7%d9%84%d8%a3%d8%b4%d8%b1%d8%b7%d8%a9-%d8%a7%d9%84%d8%ad%d9%85%d8%b1%d8%a7%d8%a1-%d8%aa%d8%af%d8%b9%d9%88-%d9%84%d8%aa%d8%ad%d8%b1%d9%83-%d8%af%d9%88%d9%84%d9%8a-%d8%b9%d8%a7%d8%ac%d9%84,14,0.9617
https://www.aljazeera.net/news/2026/3/31/%d8%aa%d8%b5%d8%b9%d9%8a%d8%af-%d8%b9%d9%86%d8%b5%d8%b1%d9%8a-%d9%88%d8%a7%d9%86%d8%aa%d9%87%d8%a7%d9%83-%d9%81%d8%a7%d8%b6%d8%ad-%d8%a5%d8%af%d8%a7%d9%86%d8%a7%d8%aa-%d8%b9%d8%b1%d8%a8%d9%8a%d8%a9,14,1.0
https://www.aljazeera.net/news/2026/3/31/3439,0,1.0
https://www.aljazeera.net/news/2026/3/31/%d8%aa%d9%86%d8%af%d9%8a%d8%af-%d8%b9%d8%b1%d8%a8%d9%8a-%d9%88%d8%a5%d8%b3%d9%84%d8%a7%d9%85%d9%8a-%d9%88%d8%a3%d9%88%d8%b1%d9%88%d8%a8%d9%8a-%d9%84%d9%82%d9%8a%d9%88%d8%af,17,0.9431
https://www.aljazeera.net/news/2026/3/31/%d8%b9%d8%a7%d8%ac%d9%84-%d9%85%d8%b1%d8%a7%d8%b3%d9%84-%d8%a7%d9%84%d8%ac%d8%b2%d9%8a%d8%b1%d8%a9-%d8%af%d9%88%d9%8a-%d8%a7%d9%86%d9%81%d8%ac%d8%a7%d8%b1%d8%a7%d8%aa-%d9%81%d9%8a-2,1,0.6149
https://www.aljazeera.net/news/2026/3/31/%d9%85%d8%b6%d9%8a%d9%82-%d9%87%d8%b1%d9%85%d8%b2-%d8%b5%d8%b1%d8%a7%d8%b9-%d8%a7%d9%84%d8%b3%d9%8a%d8%a7%d8%af%d8%a9-%d8%a7%d9%84%d8%a5%d9%8a%d8%b1%d8%a7%d9%86%d9%8a%d8%a9,0,1.0
https://www.aljazeera.net/news/2026/3/31/%d8%aa%d8%b1%d9%85%d8%a8-%d9%85%d8%b3%d8%aa%d8%b9%d8%af-%d9%84%d8%a5%d9%86%d9%87%d8%a7%d8%a1-%d8%a7%d9%84%d8%ad%d8%b1%d8%a8-%d8%b6%d8%af-%d8%a5%d9%8a%d8%b1%d8%a7%d9%86-%d8%ad%d8%aa%d9%89-%d9%85%d8%b9,0,1.0
https://www.aljazeera.net/news/2026/3/31/%d8%a7%d9%84%d8%b4%d8%b1%d8%b9-%d9%8a%d8%b5%d9%84-%d8%a5%d9%84%d9%89-%d9%84%d9%86%d8%af%d9%86-%d8%b6%d9%85%d9%86-%d8%ac%d9%88%d9%84%d8%a9-%d8%a3%d9%88%d8%b1%d9%88%d8%a8%d9%8a%d8%a9,6,0.9816
https://www.aljazeera.net/news/2026/3/31/%d8%ad%d8%b1%d8%a8-%d8%aa%d8%b6%d8%a7%d8%b1%d9%8a%d8%b3-%d9%87%d9%84-%d8%ba%d8%b1%d9%82%d8%aa-%d8%a5%d8%b3%d8%b1%d8%a7%d8%a6%d9%8a%d9%84-%d9%81%d9%8a-%d9%88%d8%ad%d9%84,2,0.5519
https://www.aljazeera.net/news/2026/3/31/%d9%87%d8%ac%d9%85%d8%a7%d8%aa-%d8%a5%d9%8a%d8%b1%d8%a7%d9%86%d9%8a%d8%a9-%d8%b9%d9%84%d9%89-%d8%a7%d9%84%d8%ae%d9%84%d9%8a%d8%ac,4,1.0
https://www.aljazeera.net/news/2026/3/31/%d9%88%d9%81%d8%a7%d8%a9-%d8%a7%d9%84%d9%85%d9%87%d8%a7%d8%ac%d8%b1-%d8%a7%d9%84%d9%80-14-%d8%a7%d9%84%d9%85%d9%83%d8%b3%d9%8a%d9%83-%d8%aa%d8%aa%d9%87%d9%85-%d8%a3%d9%85%d8%b1%d9%8a%d9%83%d8%a7,11,1.0
https://www.aljazeera.net/news/2026/3/31/%d9%86%d8%a7%d8%a6%d8%a8%d8%a7%d9%86-%d8%b9%d8%b1%d8%a8%d9%8a%d8%a7%d9%86-%d8%b6%d9%85%d9%86-%d8%a7%d9%84%d9%85%d8%a4%d9%8a%d8%af%d9%8a%d9%86-%d9%82%d8%a7%d8%a6%d9%85%d8%a9,14,1.0
https://www.aljazeera.net/news/2026/3/31/%d8%b2%d9%8a%d9%84%d9%8a%d9%86%d8%b3%d9%83%d9%8a-%d9%8a%d8%b9%d9%84%d9%86-%d8%a8%d9%86%d8%a7%d8%a1-%d8%b4%d8%b1%d8%a7%d9%83%d8%a7%d8%aa-%d8%a3%d9%85%d9%86%d9%8a%d8%a9,12,0.5363
https://www.aljazeera.net/news/2026/3/31/%d8%b5%d9%88%d8%b1-%d8%a3%d9%82%d9%85%d8%a7%d8%b1-%d8%b5%d9%86%d8%a7%d8%b9%d9%8a%d8%a9-%d8%aa%d9%83%d8%b4%d9%81-%d8%a7%d8%b3%d8%aa%d9%85%d8%b1%d8%a7%d8%b1-%d8%aa%d8%ad%d9%85%d9%8a%d9%84,0,1.0
https://www.aljazeera.net/news/2026/3/31/%d9%85%d9%86-%d8%a7%d9%84%d8%aa%d8%ae%d8%b5%d9%8a%d8%a8-%d8%a5%d9%84%d9%89-%d8%a7%d9%84%d8%a8%d9%84%d9%88%d8%aa%d9%88%d9%86%d9%8a%d9%88%d9%85-%d9%83%d9%8a%d9%81-%d8%aa%d8%ad%d8%a7%d9%88%d9%84,-1,0.0
https://www.aljazeera.net/news/2026/3/31/%d8%a7%d9%84%d9%82%d8%af%d8%b3-%d8%a7%d9%84%d8%a3%d9%82%d8%b5%d9%89-%d9%81%d9%84%d8%b3%d8%b7%d9%8a%d9%86-%d8%a5%d8%ba%d9%84%d8%a7%d9%82-%d8%aa%d9%87%d9%88%d9%8a%d8%af,17,1.0
https://www.aljazeera.net/news/2026/3/31/%d9%82%d8%aa%d9%84%d9%89-%d9%81%d9%8a-%d8%b2%d9%86%d8%ac%d8%a7%d9%86-%d9%88%d8%a7%d9%86%d9%81%d8%ac%d8%a7%d8%b1%d8%a7%d8%aa-%d9%88%d8%a5%d8%b5%d8%a7%d8%a8%d8%a7%d8%aa-%d9%81%d9%8a-%d8%aa%d9%84,1,0.8862
https://www.aljazeera.net/news/2026/3/31/%d9%85%d8%a7%d8%b0%d8%a7-%d8%aa%d9%83%d8%b4%d9%81-%d9%85%d9%82%d8%aa%d9%84-4-%d8%ac%d9%86%d9%88%d8%af-%d8%a5%d8%b3%d8%b1%d8%a7%d8%a6%d9%8a%d9%84%d9%8a%d9%8a%d9%86-%d9%81%d9%8a-%d8%ac%d9%86%d9%88%d8%a8,2,0.5689
https://www.aljazeera.net/news/2026/3/31/%d9%85%d8%a7-%d9%88%d8%b1%d8%a7%d8%a1-%d8%ad%d8%af%d9%8a%d8%ab-%d8%a5%d8%b3%d8%b1%d8%a7%d8%a6%d9%8a%d9%84-%d8%b9%d9%86-%d8%aa%d8%ad%d9%82%d9%8a%d9%82-%d9%85%d8%b9%d8%b8%d9%85,0,1.0
https://www.aljazeera.net/news/2026/3/31/%d8%b0%d8%ae%d8%a7%d8%a6%d8%b1-%d8%ad%d8%a7%d8%b1%d9%82%d8%a9-%d8%a8%d9%82%d8%b7%d8%b1-10-%d9%83%d9%8a%d9%84%d9%88%d9%85%d8%aa%d8%b1%d8%a7%d8%aa-%d9%83%d9%8a%d9%81-%d8%aa%d8%b9%d9%85%d9%84,1,0.8735
https://www.aljazeera.net/news/2026/3/31/%d8%aa%d8%aa%d8%a7%d9%84%d9%8a-%d8%a7%d9%84%d8%a5%d8%af%d8%a7%d9%86%d8%a7%d8%aa-%d8%a7%d9%84%d8%ad%d9%82%d9%88%d9%82%d9%8a%d8%a9-%d9%84%d8%a5%d9%82%d8%b1%d8%a7%d8%b1,14,1.0
https://www.aljazeera.net/news/2026/3/31/%d9%88%d9%84%d8%a7%d9%8a%d8%a9-%d9%81%d9%84%d9%88%d8%b1%d9%8a%d8%af%d8%a7-%d8%aa%d8%b7%d9%84%d9%82-%d8%a7%d8%b3%d9%85-%d8%aa%d8%b1%d9%85%d8%a8-%d8%b9%d9%84%d9%89-%d8%a3%d8%ad%d8%af,0,0.8727
https://www.aljazeera.net/news/2026/3/31/%d8%b8%d9%86%d9%88%d9%87%d9%85-%d8%a7%d8%b3%d8%aa%d8%b4%d9%87%d8%af%d9%88%d8%a7-%d8%ab%d9%85-%d8%a7%d8%ad%d8%aa%d8%b6%d9%86%d9%88%d9%87%d9%85-%d9%82%d8%b5%d8%a9,3,0.6058
https://www.aljazeera.net/news/2026/3/31/%d9%87%d9%8a%d8%ac%d8%b3%d9%8a%d8%ab-%d8%b3%d8%b9%d9%89-%d9%84%d8%b4%d8%b1%d8%a7%d8%a1-%d8%a3%d8%b3%d9%87%d9%85-%d8%a8%d8%b5%d9%86%d8%af%d9%88%d9%82-%d8%af%d9%81%d8%a7%d8%b9%d9%8a-%d9%82%d8%a8%d9%84,0,0.966
https://www.aljazeera.net/news/2026/3/31/73-%d9%82%d8%aa%d9%8a%d9%84%d8%a7-%d8%b9%d9%84%d9%89-%d8%a7%d9%84%d8%a3%d9%82%d9%84-%d9%81%d9%8a-%d9%87%d8%ac%d9%88%d9%85-%d8%b9%d9%84%d9%89-%d9%85%d9%86%d8%ac%d9%85-%d9%84%d9%84%d8%b0%d9%87%d8%a8,-1,0.0
https://www.aljazeera.net/news/2026/3/31/%d9%82%d8%aa%d9%84%d9%89-%d9%88%d9%85%d8%b5%d8%a7%d8%a8%d9%88%d9%86-%d8%a8%d9%87%d8%ac%d9%85%d8%a7%d8%aa-%d8%b1%d9%88%d8%b3%d9%8a%d8%a9-%d9%88%d8%a3%d9%88%d9%83%d8%b1%d8%a7%d9%86%d9%8a%d8%a9,12,1.0
https://www.aljazeera.net/news/2026/3/31/%d8%b9%d8%a7%d8%ac%d9%84-%d8%a7%d9%84%d9%85%d8%aa%d8%ad%d8%af%d8%ab-%d8%a8%d8%a7%d8%b3%d9%85-%d8%a7%d9%84%d8%ae%d8%a7%d8%b1%d8%ac%d9%8a%d8%a9-%d8%a7%d9%84%d9%82%d8%b7%d8%b1%d9%8a%d8%a9-%d8%aa%d9%85,9,0.9767
https://www.aljazeera.net/news/2026/3/31/%d9%83%d8%a7%d8%aa%d8%b3-%d9%8a%d8%aa%d9%88%d8%b9%d8%af-%d8%a8%d8%aa%d8%af%d9%85%d9%8a%d8%b1-%d9%82%d8%b1%d9%89-%d8%ac%d9%86%d9%88%d8%a8-%d9%84%d8%a8%d9%86%d8%a7%d9%86,2,1.0
https://www.aljazeera.net/news/2026/3/31/%d8%ae%d8%a8%d9%8a%d8%b1-%d8%b9%d8%b3%d9%83%d8%b1%d9%8a-%d9%84%d9%87%d8%b0%d9%87-%d8%a7%d9%84%d8%a3%d8%b3%d8%a8%d8%a7%d8%a8-%d9%82%d8%b5%d9%81%d8%aa-%d8%a3%d8%b5%d9%81%d9%87%d8%a7%d9%86,1,0.4312
https://www.aljazeera.net/news/2026/3/31/%d9%82%d8%a7%d9%86%d9%88%d9%86-%d8%a5%d8%b9%d8%af%d8%a7%d9%85-%d8%a7%d9%84%d8%a3%d8%b3%d8%b1%d9%89-%d9%81%d9%8a-%d9%8a%d9%88%d9%85-%d8%a7%d9%84%d8%a3%d8%b1%d8%b6-%d9%87%d9%84-%d9%87%d9%8a,14,1.0
https://www.aljazeera.net/news/2026/3/31/%d8%a8%d8%b9%d8%af-%d8%a5%d8%b3%d8%a8%d8%a7%d9%86%d9%8a%d8%a7-%d8%a5%d9%8a%d8%b7%d8%a7%d9%84%d9%8a%d8%a7-%d8%aa%d8%ba%d9%84%d9%82-%d8%a3%d8%ac%d9%88%d8%a7%d8%a1-%d9%82%d8%a7%d8%b9%d8%af%d8%a9,0,0.9583
https://www.aljazeera.net/news/2026/3/31/%d9%85%d8%a7%d9%83%d8%b1%d9%88%d9%86-%d9%81%d9%8a-%d8%b2%d9%8a%d8%a7%d8%b1%d8%a9-%d8%a5%d9%84%d9%89-%d8%a7%d9%84%d9%8a%d8%a7%d8%a8%d8%a7%d9%86-%d8%aa%d8%ae%d9%8a%d9%85-%d8%b9%d9%84%d9%8a%d9%87%d8%a7,0,1.0
https://www.aljazeera.net/news/2026/3/31/%d9%81%d9%8a-%d9%8a%d9%88%d9%85%d9%87-%d8%a7%d9%84%d8%a3%d8%ae%d9%8a%d8%b1-%d9%84%d8%a7%d8%b2%d8%a7%d8%b1%d9%8a%d9%86%d9%8a-%d9%8a%d8%b7%d8%a7%d9%84%d8%a8-%d8%a8%d8%aa%d8%ad%d9%82%d9%8a%d9%82,3,0.8621
https://www.aljazeera.net/news/2026/3/31/%d8%a3%d9%85%d9%8a%d8%b1-%d9%82%d8%b7%d8%b1-%d9%8a%d8%a8%d8%ad%d8%ab-%d8%aa%d8%b7%d9%88%d8%b1%d8%a7%d8%aa-%d8%a7%d9%84%d9%85%d9%86%d8%b7%d9%82%d8%a9-%d9%85%d8%b9-%d9%88%d8%b2%d9%8a%d8%b1,9,0.7943
https://www.aljazeera.net/news/2026/3/31/%d9%88%d9%8a%d8%b2%d8%b1-%d8%a7%d9%84%d8%af%d9%81%d8%a7%d8%b9-%d8%a7%d9%84%d8%a5%d8%b3%d8%b1%d8%a7%d8%a6%d9%8a%d9%84%d9%8a-%d9%8a%d8%b3%d8%b1%d8%a7%d8%a6%d9%8a%d9%84-%d9%83%d8%a7%d8%aa%d8%b3,2,0.6041
https://www.aljazeera.net/news/2026/3/31/%d9%87%d8%ac%d9%85%d8%a7%d8%aa-%d8%a7%d9%84%d9%85%d9%84%d8%a7%d8%ad%d8%a9-%d8%aa%d8%aa%d9%88%d8%a7%d8%b5%d9%84-%d8%a7%d8%b3%d8%aa%d9%87%d8%af%d8%a7%d9%81-%d9%86%d8%a7%d9%82%d9%84%d8%a9,0,1.0
https://www.aljazeera.net/news/2026/3/31/%d8%b1%d8%a7%d9%8a%d8%aa%d8%b3-%d9%88%d9%88%d8%aa%d8%b4-%d8%aa%d8%aa%d9%87%d9%85-%d8%a5%d9%8a%d8%b1%d8%a7%d9%86-%d8%a8%d8%aa%d8%ac%d9%86%d9%8a%d8%af-%d8%b5%d8%a8%d9%8a%d8%a9-%d9%81%d9%8a,-1,0.0
https://www.aljazeera.net/news/2026/3/31/%d9%87%d9%84-%d8%aa%d9%83%d8%b1%d8%b1-%d8%a5%d8%b3%d8%b1%d8%a7%d8%a6%d9%8a%d9%84-%d8%b3%d9%8a%d9%86%d8%a7%d8%b1%d9%8a%d9%88-%d8%b9%d9%85%d9%84%d9%8a%d8%a9,2,0.6041
https://www.aljazeera.net/news/2026/3/31/%d8%a7%d9%84%d8%ae%d8%b7%d9%88%d8%b7-%d8%a7%d9%84%d9%82%d8%b7%d8%b1%d9%8a%d8%a9-%d8%aa%d8%b3%d8%ac%d9%84-%d8%a3%d8%b9%d9%84%d9%89-%d9%85%d8%b9%d8%af%d9%84-%d8%b1%d8%ad%d9%84%d8%a7%d8%aa,-1,0.0
https://www.aljazeera.net/news/2026/3/31/%d9%85%d8%a7-%d8%ae%d9%8a%d8%a7%d8%b1%d8%a7%d8%aa-%d9%88%d8%a7%d8%b4%d9%86%d8%b7%d9%86-%d9%84%d8%a5%d9%86%d8%b2%d8%a7%d9%84-%d9%88%d8%a7%d9%82%d8%aa%d8%ad%d8%a7%d9%85-%d8%a8%d8%b1%d9%8a,0,1.0
https://www.aljazeera.net/news/2026/3/31/%d8%aa%d9%86%d8%b5%d9%8a%d8%a8-%d9%81%d9%88%d8%b3%d8%aa%d8%a7%d9%86-%d8%a3%d8%b1%d8%b4%d8%a7%d9%86%d8%ac-%d8%aa%d9%88%d8%a7%d8%af%d9%8a%d8%b1%d8%a7-%d8%b1%d8%a6%d9%8a%d8%b3%d8%a7,5,1.0
https://www.aljazeera.net/news/2026/3/31/%d8%b9%d8%a7%d8%ac%d9%84-%d8%a3%d9%85%d9%8a%d8%b1-%d9%82%d8%b7%d8%b1-%d8%a8%d8%ad%d8%ab%d8%aa-%d8%ae%d9%84%d8%a7%d9%84-%d9%84%d9%82%d8%a7%d8%a6%d9%8a-%d9%85%d8%b9-%d8%b1%d8%a6%d9%8a%d8%b3,9,0.8471
https://www.aljazeera.net/news/2026/3/31/%d8%ae%d8%a8%d9%8a%d8%b1%d8%a9-%d9%86%d9%88%d9%88%d9%8a%d8%a9-%d9%87%d8%b0%d8%a7-%d9%85%d8%a7-%d9%8a%d8%ae%d8%b7%d9%8a%d8%a1-%d9%81%d9%8a%d9%87-%d8%aa%d8%b1%d9%85%d8%a8-%d8%a8%d8%b4%d8%a3%d9%86,-1,0.0
https://www.aljazeera.net/news/2026/3/31/%d9%88%d8%b2%d9%8a%d8%b1-%d8%a7%d9%84%d8%ad%d8%b1%d8%a8-%d8%a7%d9%84%d8%a3%d9%85%d8%b1%d9%8a%d9%83%d9%8a-%d8%a7%d9%84%d8%a3%d9%8a%d8%a7%d9%85-%d8%a7%d9%84%d9%85%d9%82%d8%a8%d9%84%d8%a9,0,0.8378
https://www.aljazeera.net/news/2026/3/31/%d9%85%d8%a7-%d8%a3%d9%88%d8%b1%d8%a7%d9%82-%d8%a5%d9%8a%d8%b1%d8%a7%d9%86-%d9%84%d8%a5%d8%a8%d9%82%d8%a7%d8%a1-%d8%b3%d9%8a%d8%b7%d8%b1%d8%aa%d9%87%d8%a7-%d8%b9%d9%84%d9%89-%d9%85%d8%b6%d9%8a%d9%82,0,1.0
https://www.aljazeera.net/news/2026/3/31/%d8%b9%d8%a7%d8%ac%d9%84-%d8%a7%d9%84%d8%ad%d8%b1%d8%b3-%d8%a7%d9%84%d8%ab%d9%88%d8%b1%d9%8a-%d8%a7%d9%84%d8%a5%d9%8a%d8%b1%d8%a7%d9%86%d9%8a-%d8%a8%d8%af%d8%a1%d8%a7-%d9%85%d9%86-8,1,0.324
https://www.aljazeera.net/news/2026/3/31/%d8%a8%d8%b9%d8%af-15-%d8%b9%d8%a7%d9%85%d8%a7-%d8%aa%d8%b1%d9%83%d9%8a%d8%a7-%d8%aa%d8%b9%d8%aa%d9%82%d9%84-%d9%85%d9%86-%d8%b3%d9%84%d9%85-%d8%ad%d8%b3%d9%8a%d9%86,6,0.8378
https://www.aljazeera.net/news/2026/3/31/%d8%a7%d9%84%d8%b5%d9%8a%d9%86-%d9%88%d8%a8%d8%a7%d9%83%d8%b3%d8%aa%d8%a7%d9%86-%d8%aa%d8%b9%d9%84%d9%86%d8%a7%d9%86-%d9%85%d8%a8%d8%a7%d8%af%d8%b1%d8%a9-%d9%85%d9%86-5-%d9%86%d9%82%d8%a7%d8%b7,0,0.9555
https://www.aljazeera.net/news/2026/3/31/%d8%b9%d8%a7%d8%ac%d9%84-10-%d8%af%d9%88%d9%84-%d8%a3%d9%88%d8%b1%d9%88%d8%a8%d9%8a%d8%a9-%d8%aa%d8%af%d8%b9%d9%88-%d8%a5%d8%b3%d8%b1%d8%a7%d8%a6%d9%8a%d9%84-%d8%a5%d9%84%d9%89-%d8%b9%d8%af%d9%85,2,0.9723
https://www.aljazeera.net/news/2026/3/31/%d8%b3%d9%85%d8%a7%d8%a1-%d9%85%d9%82%d9%81%d9%84%d8%a9-%d9%88%d9%82%d9%88%d8%a7%d8%b9%d8%af-%d9%85%d8%ad%d8%b8%d9%88%d8%b1%d8%a9-%d9%83%d9%8a%d9%81-%d8%aa%d9%85%d8%b1%d8%af%d8%aa-%d8%af%d9%88%d9%84,0,0.9507
https://www.aljazeera.net/news/2026/3/31/%d8%ba%d8%b6%d8%a8-%d9%88%d8%a7%d8%b3%d8%b9-%d8%a8%d8%ba%d8%b2%d8%a9-%d8%a8%d8%b3%d8%a8%d8%a8-%d9%82%d8%a7%d9%86%d9%88%d9%86-%d8%a5%d8%b9%d8%af%d8%a7%d9%85-%d8%a7%d9%84%d8%a3%d8%b3%d8%b1%d9%89,14,1.0
https://www.aljazeera.net/news/2026/3/31/%d9%85%d9%86-%d8%ba%d8%b2%d8%a9-%d8%a5%d9%84%d9%89-%d8%a7%d9%84%d9%84%d9%8a%d8%b7%d8%a7%d9%86%d9%8a-%d8%a7%d9%84%d8%ad%d8%b1%d8%a8-%d8%a7%d9%84%d9%85%d8%b3%d8%aa%d8%af%d8%a7%d9%85%d8%a9,2,0.6041
https://www.aljazeera.net/news/2026/3/31/%d8%b9%d8%a7%d8%ac%d9%84-%d9%88%d8%b2%d9%8a%d8%b1-%d8%ae%d8%a7%d8%b1%d8%ac%d9%8a%d8%a9-%d8%a5%d9%8a%d8%b1%d8%a7%d9%86-%d9%84%d9%84%d8%ac%d8%b2%d9%8a%d8%b1%d8%a9-%d8%a3%d8%aa%d9%84%d9%82%d9%89,0,0.7302
https://www.aljazeera.net/news/2026/3/31/%d8%ad%d9%82-%d8%a7%d9%84%d9%85%d9%88%d8%a7%d8%b7%d9%86%d8%a9-%d8%a8%d8%a7%d9%84%d9%88%d9%84%d8%a7%d8%af%d8%a9-%d9%87%d9%84-%d9%8a%d9%86%d8%aa%d8%b5%d8%b1-%d8%aa%d8%b1%d9%85%d8%a8-%d8%a3%d9%85,11,0.893
https://www.aljazeera.net/news/2026/3/31/%d9%85%d9%82%d8%aa%d9%84-%d8%ac%d9%86%d9%88%d8%af-%d8%a5%d8%b3%d8%b1%d8%a7%d8%a6%d9%8a%d9%84%d9%8a%d9%8a%d9%86-%d9%8a%d8%b4%d8%b9%d9%84-%d9%85%d9%86%d8%b5%d8%a7%d8%aa,2,0.5794
https://www.aljazeera.net/news/2026/3/31/%d9%87%d9%84-%d8%a7%d8%b9%d8%aa%d8%af%d9%89-%d9%84%d8%a8%d9%86%d8%a7%d9%86%d9%8a%d9%88%d9%86-%d8%b9%d9%84%d9%89-%d8%a7%d9%84%d8%b3%d9%81%d9%8a%d8%b1-%d8%a7%d9%84%d8%a5%d9%8a%d8%b1%d8%a7%d9%86%d9%8a,-1,0.0
https://www.aljazeera.net/news/2026/3/31/%d9%84%d9%85%d8%a7%d8%b0%d8%a7-%d8%aa%d8%ad%d9%84%d9%82-%d9%85%d8%b1%d9%88%d8%ad%d9%8a%d8%a9-%d8%b9%d8%b3%d9%83%d8%b1%d9%8a%d8%a9-%d8%a3%d9%85%d8%b1%d9%8a%d9%83%d9%8a%d8%a9-%d9%81%d9%88%d9%82,18,0.7499
https://www.aljazeera.net/news/2026/3/31/%d9%85%d8%ad%d8%a7%d9%81%d8%b8-%d8%a7%d9%84%d9%82%d8%af%d8%b3-%d9%85%d8%ae%d8%b7%d8%b7-%d8%a5%d8%b3%d8%b1%d8%a7%d8%a6%d9%8a%d9%84%d9%8a-%d9%8a%d8%b3%d8%aa%d9%87%d8%af%d9%81,15,0.4592
https://www.aljazeera.net/news/2026/3/31/%d8%a7%d9%84%d8%b9%d9%82%d9%8a%d8%af%d8%a9-%d8%a7%d9%84%d8%b2%d8%a6%d8%a8%d9%82%d9%8a%d8%a9-%d9%88%d8%a7%d9%84%d8%ac%d8%ba%d8%b1%d8%a7%d9%81%d9%8a%d8%a7-%d8%aa%d8%b9%d9%82%d8%af%d8%a7%d9%86,2,0.5787
https://www.aljazeera.net/news/2026/3/31/%d9%85%d8%a7%d8%b0%d8%a7-%d9%8a%d8%ad%d8%af%d8%ab-%d8%af%d8%a7%d8%ae%d9%84-%d8%a5%d9%8a%d8%b1%d8%a7%d9%86-%d8%a7%d8%b9%d8%aa%d9%82%d8%a7%d9%84%d8%a7%d8%aa,-1,0.0
https://www.aljazeera.net/news/2026/3/31/%d9%85%d8%b8%d8%a7%d9%87%d8%b1%d8%a7%d8%aa-%d9%81%d9%8a-%d8%ba%d8%b2%d8%a9-%d9%88%d8%a5%d8%af%d8%a7%d9%86%d8%a7%d8%aa-%d8%a3%d9%88%d8%b1%d9%88%d8%a8%d9%8a%d8%a9-%d9%84%d9%82%d8%a7%d9%86%d9%88%d9%86,14,1.0
https://www.aljazeera.net/news/2026/3/31/%d8%b9%d9%85%d8%af%d8%a9-%d8%b3%d8%a7%d9%86-%d8%af%d9%88%d9%86%d9%8a-%d8%a7%d9%84%d9%81%d8%b1%d9%86%d8%b3%d9%8a%d8%a9-%d8%a7%d9%84%d8%ac%d8%af%d9%8a%d8%af-%d9%8a%d8%aa%d8%b9%d9%87%d8%af,16,1.0
https://www.aljazeera.net/news/2026/3/31/%d9%88%d8%b3%d8%b7-%d8%aa%d8%b6%d8%a7%d8%b1%d8%a8-%d9%83%d8%a8%d9%8a%d8%b1-%d9%88%d8%a7%d8%b4%d9%86%d8%b7%d9%86-%d8%b1%d8%a7%d8%ba%d8%a8%d8%a9-%d8%a8%d8%a7%d9%84%d8%aa%d9%81%d8%a7%d9%88%d8%b6,0,0.9895
https://www.aljazeera.net/news/2026/3/31/%d9%84%d9%88%d9%85%d9%88%d9%86%d8%af-%d8%b6%d8%ba%d9%88%d8%b7-%d9%83%d8%a8%d9%8a%d8%b1%d8%a9-%d8%aa%d9%88%d8%a7%d8%ac%d9%87-%d9%88%d8%b3%d8%a7%d8%a6%d9%84-%d8%a7%d9%84%d8%a5%d8%b9%d9%84%d8%a7%d9%85,0,0.7162
https://www.aljazeera.net/news/2026/3/31/%d8%aa%d8%ad%d8%aa-%d8%ba%d8%b7%d8%a7%d8%a1-%d8%ad%d8%b1%d8%a8-%d8%a5%d9%8a%d8%b1%d8%a7%d9%86-%d8%a5%d8%b3%d8%b1%d8%a7%d8%a6%d9%8a%d9%84-%d8%aa%d9%85%d8%b1%d8%b1-%d8%a3%d9%82%d8%b3%d9%89,-1,0.0
https://www.aljazeera.net/news/2026/3/31/%d9%87%d9%84-%d8%aa%d8%a8%d9%82%d9%89-%d8%b3%d9%88%d8%b1%d9%8a%d8%a7-%d8%ae%d8%a7%d8%b1%d8%ac-%d8%af%d8%a7%d8%a6%d8%b1%d8%a9-%d8%a7%d9%84%d8%ad%d8%b1%d8%a8-%d8%a7%d9%84%d8%b4%d8%b1%d8%b9,6,1.0
https://www.aljazeera.net/news/2026/3/31/%d8%a7%d9%84%d8%a3%d9%85%d9%85-%d8%a7%d9%84%d9%85%d8%aa%d8%ad%d8%af%d8%a9-%d8%a7%d8%b3%d8%aa%d9%85%d8%b1%d8%a7%d8%b1-%d8%a7%d9%84%d8%ad%d8%b1%d8%a8-%d8%b3%d9%8a%d9%83%d9%84%d9%81,-1,0.0
https://www.aljazeera.net/news/2026/3/31/%d8%a8%d8%a7%d9%84%d8%aa%d9%88%d8%a7%d8%b1%d9%8a%d8%ae-%d9%88%d8%a7%d9%84%d8%aa%d8%b5%d8%b1%d9%8a%d8%ad%d8%a7%d8%aa-13-%d9%85%d8%b1%d8%a9-%d9%84%d9%88%d8%ad-%d9%81%d9%8a%d9%87%d8%a7,0,1.0
https://www.aljazeera.net/news/2026/3/31/%d9%86%d8%aa%d9%86%d9%8a%d8%a7%d9%87%d9%88-%d8%b3%d8%a3%d8%ae%d8%a8%d8%b1%d9%83%d9%85-%d9%82%d8%b1%d9%8a%d8%a8%d8%a7-%d8%b9%d9%86-%d8%aa%d8%ad%d8%a7%d9%84%d9%81%d8%a7%d8%aa,-1,0.0
https://www.aljazeera.net/news/2026/3/31/%d8%a7%d9%84%d8%ac%d9%8a%d8%b4-%d8%a7%d9%84%d8%a5%d8%b3%d8%b1%d8%a7%d8%a6%d9%8a%d9%84%d9%8a-%d9%8a%d9%82%d8%b1-%d8%a8%d8%b9%d8%ac%d8%b2-%d9%83%d8%a8%d9%8a%d8%b1-%d9%81%d9%8a,-1,0.0
https://www.aljazeera.net/news/2026/3/30/4-%d8%af%d9%88%d9%84-%d8%a3%d9%88%d8%b1%d9%88%d8%a8%d9%8a%d8%a9-%d8%aa%d9%86%d8%af%d8%af-%d8%a8%d8%aa%d9%88%d8%ac%d9%87-%d8%a5%d8%b3%d8%b1%d8%a7%d8%a6%d9%8a%d9%84-%d9%86%d8%ad%d9%88,14,1.0
https://www.aljazeera.net/news/2026/3/30/%d9%82%d8%aa%d9%8a%d9%84-%d9%88%d8%ac%d8%b1%d8%ad%d9%89-%d9%81%d9%8a-%d9%87%d8%ac%d9%88%d9%85-%d8%a8%d8%a7%d9%83%d8%b3%d8%aa%d8%a7%d9%86%d9%8a-%d8%b9%d9%84%d9%89-%d9%88%d9%84%d8%a7%d9%8a%d8%a9,-1,0.0
https://www.aljazeera.net/news/2026/3/30/%d8%aa%d8%b1%d9%85%d8%a8-%d9%82%d8%a7%d8%af%d8%b1%d9%88%d9%86-%d8%b9%d9%84%d9%89-%d8%a7%d9%84%d8%b3%d9%8a%d8%b7%d8%b1%d8%a9-%d8%b9%d9%84%d9%89-%d9%85%d8%b6%d9%8a%d9%82-%d9%87%d8%b1%d9%85%d8%b2,0,1.0
https://www.aljazeera.net/news/2026/3/30/%d8%b9%d8%a7%d8%ac%d9%84-%d9%88%d8%b2%d8%a7%d8%b1%d8%a9-%d8%a7%d9%84%d9%83%d9%87%d8%b1%d8%a8%d8%a7%d8%a1-%d8%a7%d9%84%d9%83%d9%88%d9%8a%d8%aa%d9%8a%d8%a9-%d9%82%d8%aa%d9%8a%d9%84,4,0.9356
https://www.aljazeera.net/news/2026/3/30/%d9%87%d8%ac%d9%88%d9%85-%d9%85%d9%86-%d8%a7%d9%84%d9%8a%d9%85%d9%86-%d9%8a%d8%b3%d8%aa%d9%87%d8%af%d9%81-%d8%a5%d9%8a%d9%84%d8%a7%d8%aa-%d9%88%d8%aa%d9%86%d8%af%d9%8a%d8%af-%d8%a3%d9%85%d9%85%d9%8a,-1,0.0
https://www.aljazeera.net/news/2026/3/30/%d8%b9%d8%a7%d8%ac%d9%84-%d9%86%d9%8a%d9%88%d9%8a%d9%88%d8%b1%d9%83-%d8%aa%d8%a7%d9%8a%d9%85%d8%b2-%d9%88%d8%b5%d9%88%d9%84-%d8%a7%d9%84%d9%85%d8%a6%d8%a7%d8%aa-%d9%85%d9%86,0,1.0
https://www.aljazeera.net/news/2026/3/30/%d8%aa%d8%b6%d9%85-18-%d8%a3%d9%84%d9%81-%d9%85%d9%82%d8%a7%d8%aa%d9%84-%d9%85%d8%a7%d8%b0%d8%a7-%d8%aa%d8%b9%d8%b1%d9%81-%d8%b9%d9%86-%d8%a7%d9%84%d9%81%d8%b1%d9%82%d8%a9-82,0,1.0
https://www.aljazeera.net/news/2026/3/30/%d8%ac%d8%a7%d9%85%d8%b9%d8%a7%d8%aa-%d8%a3%d9%85%d8%b1%d9%8a%d9%83%d9%8a%d8%a9-%d9%81%d9%8a-%d8%af%d9%88%d9%84-%d8%b9%d8%b1%d8%a8%d9%8a%d8%a9-%d8%aa%d9%86%d8%aa%d9%82%d9%84,1,0.3812
https://www.aljazeera.net/news/2026/3/30/%d8%a8%d8%b9%d8%af-%d8%b4%d9%87%d8%b1-%d9%85%d9%86-%d8%a7%d9%84%d8%ad%d8%b1%d8%a8-%d9%87%d9%84-%d9%8a%d8%aa%d8%ac%d9%87-%d8%a7%d9%84%d8%b4%d8%b1%d9%82-%d8%a7%d9%84%d8%a3%d9%88%d8%b3%d8%b7,0,0.9951
https://www.aljazeera.net/news/2026/3/30/%d8%ba%d8%a7%d8%b1%d8%a7%d8%aa-%d8%b9%d9%84%d9%89-%d9%85%d8%b7%d8%a7%d8%b1-%d9%85%d9%87%d8%b1-%d8%a2%d8%a8%d8%a7%d8%af-%d9%81%d9%8a-%d8%b7%d9%87%d8%b1%d8%a7%d9%86-%d9%88%d9%85%d9%86%d8%b4%d8%a3%d8%a9,1,0.423
https://www.aljazeera.net/news/2026/3/30/%d8%a8%d8%b2%d9%8a%d8%a7%d8%af%d8%a9-%d9%83%d8%a8%d9%8a%d8%b1%d8%a9-%d9%84%d9%84%d8%a5%d9%86%d9%81%d8%a7%d9%82-%d8%a7%d9%84%d8%b9%d8%b3%d9%83%d8%b1%d9%8a-%d8%a7%d9%84%d9%83%d9%86%d9%8a%d8%b3%d8%aa,-1,0.0
https://www.aljazeera.net/news/2026/3/30/%d9%85%d9%82%d8%aa%d9%84-%d8%ac%d9%86%d8%af%d9%8a-%d9%85%d9%86-%d8%a7%d9%84%d9%8a%d9%88%d9%86%d9%8a%d9%81%d9%8a%d9%84-%d9%88%d8%a5%d8%b5%d8%a7%d8%a8%d8%a9-%d8%a2%d8%ae%d8%b1,-1,0.0
https://www.aljazeera.net/news/2026/3/30/%d8%b4%d9%87%d9%8a%d8%af%d8%a7%d9%86-%d9%81%d9%8a-%d8%ba%d8%a7%d8%b1%d8%a9-%d8%a5%d8%b3%d8%b1%d8%a7%d8%a6%d9%8a%d9%84%d9%8a%d8%a9-%d8%ac%d9%86%d9%88%d8%a8%d9%8a-%d9%85%d8%af%d9%8a%d9%86%d8%a9,3,1.0
https://www.aljazeera.net/news/2026/3/30/%d9%85%d9%82%d8%a7%d9%85%d8%b1%d8%a9-%d8%a7%d9%84%d8%a5%d9%86%d8%b2%d8%a7%d9%84-%d8%a7%d9%84%d8%a8%d8%b1%d9%8a-%d9%87%d9%84-%d8%aa%d8%aa%d8%ad%d9%88%d9%84-%d8%a5%d9%8a%d8%b1%d8%a7%d9%86,0,1.0
https://www.aljazeera.net/news/2026/3/30/%d9%85%d8%b9%d8%a7%d8%b1%d9%8a%d9%81-%d8%a5%d8%b3%d8%b1%d8%a7%d8%a6%d9%8a%d9%84-%d8%aa%d9%88%d8%a7%d8%ac%d9%87-%d9%85%d8%b9%d8%b6%d9%84%d8%a9-%d8%a7%d9%84%d8%aa%d8%b9%d8%a7%d9%85%d9%84-%d9%85%d8%b9,-1,0.0
https://www.aljazeera.net/news/2026/3/30/%d8%b1%d8%b3%d8%a7%d8%a6%d9%84-%d8%a8%d8%aa%d8%b5%d8%b9%d9%8a%d8%af-%d8%b7%d9%88%d9%8a%d9%84-%d8%b7%d9%87%d8%b1%d8%a7%d9%86-%d9%86%d8%ad%d9%86-%d9%85%d9%86-%d9%8a%d8%ad%d8%af%d8%af,0,1.0
https://www.aljazeera.net/news/2026/3/30/%d8%aa%d8%b1%d9%85%d8%a8-%d9%8a%d8%b9%d9%84%d9%82-%d8%b9%d9%84%d9%89-%d9%88%d8%b5%d9%88%d9%84-%d9%86%d8%a7%d9%82%d9%84%d8%a9-%d8%b1%d9%88%d8%b3%d9%8a%d8%a9-%d8%a5%d9%84%d9%89,11,0.6575
https://www.aljazeera.net/news/2026/3/30/%d9%85%d8%ae%d8%b2%d9%88%d9%86-%d8%a7%d9%84%d9%85%d8%b3%d9%8a%d8%b1%d8%a7%d8%aa-%d8%a7%d9%84%d8%a5%d9%8a%d8%b1%d8%a7%d9%86%d9%8a%d8%a9-%d9%85%d8%b4%d8%a7%d9%87%d8%af-%d9%85%d9%88%d9%84%d8%af%d8%a9,-1,0.0
https://www.aljazeera.net/news/2026/3/30/%d8%a7%d9%84%d8%b6%d9%81%d8%a9-75,15,1.0
https://www.aljazeera.net/news/2026/3/30/%d8%a5%d9%8a%d8%b1%d8%a7%d9%86-%d8%aa%d8%b4%d9%86-%d9%87%d8%ac%d9%88%d9%85%d8%a7-%d8%b5%d8%a7%d8%b1%d9%88%d8%ae%d9%8a%d8%a7-%d9%85%d9%83%d8%ab%d9%81%d8%a7,1,0.6359
https://www.aljazeera.net/news/2026/3/30/%d8%a7%d9%84%d8%ac%d9%8a%d8%b4-%d8%a7%d9%84%d8%a5%d8%b3%d8%b1%d8%a7%d8%a6%d9%8a%d9%84%d9%8a-%d9%8a%d9%87%d8%af%d8%af-%d8%a8%d9%82%d8%b5%d9%81-%d8%a7%d9%84%d8%b6%d8%a7%d8%ad%d9%8a%d8%a9,2,0.9829
https://www.aljazeera.net/news/2026/3/30/%d8%ae%d8%a8%d9%8a%d8%b1-%d8%b9%d8%b3%d9%83%d8%b1%d9%8a-%d9%84%d8%a7-%d8%ad%d8%b3%d9%85-%d9%82%d8%b1%d9%8a%d8%a8-%d9%88%d8%a7%d9%84%d8%ad%d8%b1%d8%a8-%d8%aa%d9%86%d8%aa%d9%82%d9%84,0,0.9161
https://www.aljazeera.net/news/2026/3/30/%d8%a7%d9%84%d8%b7%d9%8a%d8%b1%d8%a7%d9%86,0,0.7281
https://www.aljazeera.net/news/2026/3/30/%d9%84%d8%a3%d9%88%d9%84-%d9%85%d8%b1%d8%a9-%d9%85%d9%86%d8%b0-%d9%82%d8%b1%d9%88%d9%86-%d8%a5%d8%b3%d8%b1%d8%a7%d8%a6%d9%8a%d9%84-%d8%aa%d9%85%d9%86%d8%b9-%d9%82%d8%af%d8%a7%d8%b3,17,0.68
https://www.aljazeera.net/news/2026/3/30/%d8%a7%d9%84%d9%85%d8%b9%d8%a7%d8%b1%d8%b6%d8%a9-%d8%a7%d9%84%d8%aa%d8%a7%d9%8a%d9%88%d8%a7%d9%86%d9%8a%d8%a9,0,0.659
https://www.aljazeera.net/news/2026/3/30/%d8%a3%d9%85%d9%86%d8%b3%d8%aa%d9%8a-%d8%b3%d9%8a%d8%a7%d8%b3%d8%a7%d8%aa-%d8%a7%d9%84%d9%87%d8%ac%d8%b1%d8%a9-%d8%a7%d9%84%d9%85%d8%b3%d9%8a%d8%a6%d8%a9-%d9%88%d8%a7%d9%84%d9%82%d9%85%d8%b9,11,0.7106
https://www.aljazeera.net/news/2026/3/30/%d8%b5%d8%a7%d8%b1%d9%88%d8%ae-%d8%a5%d9%8a%d8%b1%d8%a7%d9%86%d9%8a,1,0.435
https://www.aljazeera.net/news/2026/3/30/%d8%a7%d9%84%d9%8a%d9%85%d9%86-%d8%a7%d8%b1%d8%aa%d9%81%d8%a7%d8%b9-%d8%ad%d8%b5%d9%8a%d9%84%d8%a9-%d9%82%d8%aa%d9%84%d9%89-%d8%a7%d9%84%d8%b3%d9%8a%d9%88%d9%84-%d9%81%d9%8a-%d8%aa%d8%b9%d8%b2,-1,0.0
https://www.aljazeera.net/news/2026/3/30/%d9%87%d8%ac%d9%85%d8%a7%d8%aa-%d8%a8%d8%b5%d9%88%d8%a7%d8%b1%d9%8a%d8%ae-%d9%88%d9%85%d8%b3%d9%8a%d8%b1%d8%a7%d8%aa-%d8%b9%d9%84%d9%89-%d8%a7%d9%84%d9%83%d9%88%d9%8a%d8%aa,4,1.0
https://www.aljazeera.net/news/2026/3/30/%d9%82%d8%b7%d8%b1-%d8%aa%d8%ad%d8%b0%d8%b1-%d9%85%d9%86-%d8%a7%d8%b3%d8%aa%d9%87%d8%af%d8%a7%d9%81-%d8%a7%d9%84%d9%85%d9%8a%d8%a7%d9%87-%d9%88%d8%a7%d9%84%d8%ba%d8%b0%d8%a7%d8%a1,9,1.0
https://www.aljazeera.net/news/2026/3/30/%d9%87%d9%84-%d9%81%d8%aa%d8%ad-%d9%82%d8%b5%d9%81-%d8%b1%d8%a7%d8%af%d8%a7%d8%b1-%d8%a3%d9%84%d8%aa%d8%a7-%d8%a3%d8%ac%d9%88%d8%a7%d8%a1-%d8%ad%d9%8a%d9%81%d8%a7-%d8%a3%d9%85%d8%a7%d9%85,1,0.6294
https://www.aljazeera.net/news/2026/3/30/%d8%b5%d8%a7%d8%b1%d9%88%d8%ae-%d8%a5%d9%8a%d8%b1%d8%a7%d9%86%d9%8a-%d9%8a%d8%b5%d9%8a%d8%a8-%d9%85%d8%b5%d9%81%d8%a7%d8%a9-%d9%86%d9%81%d8%b7-%d8%a8%d8%ad%d9%8a%d9%81%d8%a7,1,0.6931
https://www.aljazeera.net/news/2026/3/30/%d8%a7%d9%84%d8%b4%d8%b1%d8%b9-%d9%88%d8%a7%d9%84%d8%b4%d9%8a%d8%a8%d8%a7%d9%86%d9%8a-%d9%81%d9%8a-%d8%a8%d8%b1%d9%84%d9%8a%d9%86-%d9%84%d8%a8%d8%ad%d8%ab,6,1.0
https://www.aljazeera.net/news/2026/3/30/%d8%a7%d9%84%d8%b9%d8%b1%d8%a7%d9%82-%d9%87%d8%ac%d9%88%d9%85-%d8%b5%d8%a7%d8%b1%d9%88%d8%ae%d9%8a-%d8%b9%d9%84%d9%89-%d9%82%d8%a7%d8%b9%d8%af%d8%a9-%d8%b9%d8%b3%d9%83%d8%b1%d9%8a%d8%a9-%d9%81%d9%8a,13,1.0
https://www.aljazeera.net/news/2026/3/30/%d8%a7%d9%84%d9%83%d8%a7%d9%85%d9%8a%d8%b1%d9%88%d9%86-%d8%a7%d9%84%d8%b3%d9%84%d8%b7%d8%a7%d8%aa-%d8%aa%d9%85%d9%86%d8%b9-%d9%85%d8%b1%d8%a7%d8%b3%d9%85-%d8%aa%d9%83%d8%b1%d9%8a%d9%85,5,0.8949
https://www.aljazeera.net/news/2026/3/30/%d8%a7%d9%84%d8%ad%d9%83%d9%85-%d8%b9%d9%84%d9%89-%d9%88%d8%b2%d9%8a%d8%b1%d8%a9-%d8%b3%d8%a7%d8%a8%d9%82%d8%a9-%d9%81%d9%8a-%d8%a8%d9%88%d8%b1%d9%83%d9%8a%d9%86%d8%a7-%d9%81%d8%a7%d8%b3%d9%88,5,0.7395
https://www.aljazeera.net/news/2026/3/30/%d8%a5%d8%b3%d8%a8%d8%a7%d9%86%d9%8a%d8%a7-%d8%aa%d8%ba%d9%84%d9%82-%d9%85%d8%ac%d8%a7%d9%84%d9%87%d8%a7-%d8%a7%d9%84%d8%ac%d9%88%d9%8a-%d8%a3%d9%85%d8%a7%d9%85,-1,0.0
https://www.aljazeera.net/news/2026/3/30/5200-%d9%87%d8%ac%d9%88%d9%85-%d9%81%d9%8a-30-%d9%8a%d9%88%d9%85%d8%a7-%d9%85%d8%a7%d8%b0%d8%a7-%d8%aa%d9%83%d8%b4%d9%81-%d8%a3%d8%b1%d9%82%d8%a7%d9%85-%d8%a7%d9%84%d9%87%d8%ac%d9%85%d8%a7%d8%aa,4,0.672
https://www.aljazeera.net/news/2026/3/30/%d8%b1%d8%a7%d9%8a%d8%aa%d8%b3-%d9%88%d9%88%d8%aa%d8%b4-%d8%aa%d8%af%d8%b9%d9%88-%d8%a7%d9%84%d9%85%d8%ad%d9%83%d9%85%d8%a9-%d8%a7%d9%84%d8%a3%d9%81%d8%b1%d9%8a%d9%82%d9%8a%d8%a9,10,0.4616
https://www.aljazeera.net/news/2026/3/30/%d9%8a%d9%88%d9%85-%d8%a7%d9%84%d8%a3%d8%b1%d8%b6-2,15,0.5529
https://www.aljazeera.net/news/2026/3/30/%d8%ae%d8%b7%d8%b7-%d9%84%d9%87%d8%a7-%d9%85%d9%86%d8%b0-%d8%b3%d9%86%d9%88%d8%a7%d8%aa-%d8%ac%d9%86%d8%b1%d8%a7%d9%84-%d9%85%d8%aa%d9%82%d8%a7%d8%b9%d8%af,0,1.0
https://www.aljazeera.net/news/2026/3/30/%d9%83%d8%a7%d8%aa%d9%88%d9%85%d8%a8%d9%8a-%d9%8a%d8%ad%d8%b0%d8%b1-%d9%85%d9%86-%d8%aa%d8%b9%d8%af%d9%8a%d9%84-%d8%a7%d9%84%d8%af%d8%b3%d8%aa%d9%88%d8%b1-%d9%81%d9%8a,5,0.9989
https://www.aljazeera.net/news/2026/3/30/%d8%a7%d9%84%d9%82%d8%af%d8%b3-%d8%b3%d9%84%d9%88%d8%a7%d9%86-%d9%87%d8%af%d9%85-%d8%a5%d8%b3%d8%b1%d8%a7%d8%a6%d9%8a%d9%84-%d9%81%d9%84%d8%b3%d8%b7%d9%8a%d9%86,15,0.4153
https://www.aljazeera.net/news/2026/3/30/%d8%b9%d8%a7%d8%ac%d9%84-%d9%88%d8%b2%d9%8a%d8%b1-%d8%a7%d9%84%d8%ae%d8%a7%d8%b1%d8%ac%d9%8a%d8%a9-%d8%a7%d9%84%d8%a3%d9%85%d8%b1%d9%8a%d9%83%d9%8a-%d9%84%d9%84%d8%ac%d8%b2%d9%8a%d8%b1%d8%a9,0,0.9379
https://www.aljazeera.net/news/2026/3/30/%d9%85%d8%b3%d8%a4%d9%88%d9%84-%d8%b3%d8%a7%d8%a8%d9%82-%d8%a8%d8%a7%d9%84%d9%86%d8%a7%d8%aa%d9%88-%d8%a5%d9%8a%d8%b1%d8%a7%d9%86-%d9%82%d8%a7%d8%af%d8%b1%d8%a9-%d8%b9%d9%84%d9%89,0,1.0
https://www.aljazeera.net/news/2026/3/30/%d8%a7%d9%84%d8%a3%d9%82%d9%85%d8%a7%d8%b1-%d8%a7%d9%84%d8%b5%d9%86%d8%a7%d8%b9%d9%8a%d8%a9-%d8%aa%d9%88%d8%ab%d9%82-%d8%af%d9%85%d8%a7%d8%b1-%d9%85%d9%81%d8%a7%d8%b9%d9%84,1,0.4333
https://www.aljazeera.net/news/2026/3/30/%d8%a7%d9%84%d9%8a%d9%85%d9%86-93,-1,0.0
https://www.aljazeera.net/news/2026/3/30/%d8%a7%d9%84%d8%a3%d8%b1%d8%b6-%d8%b1%d9%88%d8%ad-%d9%88%d9%87%d9%88%d9%8a%d8%a9-%d9%84%d8%a7-%d8%aa%d9%85%d8%ad%d9%89-%d9%87%d9%83%d8%b0%d8%a7-%d9%8a%d8%ad%d9%8a%d9%8a,-1,0.0
https://www.aljazeera.net/news/2026/3/30/%d8%b9%d8%a7%d8%ac%d9%84-%d8%aa%d8%b1%d9%85%d8%a8-%d9%84%d9%86%d9%8a%d9%88%d9%8a%d9%88%d8%b1%d9%83-%d8%a8%d9%88%d8%b3%d8%aa-%d9%84%d9%85-%d9%8a%d8%b3%d9%85%d8%b9-%d8%a3%d8%ad%d8%af,7,0.779
https://www.aljazeera.net/news/2026/3/30/%d9%84%d9%84%d9%85%d8%b1%d8%a9-%d8%a7%d9%84%d8%ab%d8%a7%d9%86%d9%8a%d8%a9-%d9%81%d9%8a-%d8%a7%d9%84%d8%ad%d8%b1%d8%a8-%d8%aa%d9%81%d8%a7%d8%b5%d9%8a%d9%84-%d8%ac%d8%af%d9%8a%d8%af%d8%a9,1,0.7087
https://www.aljazeera.net/news/2026/3/30/%d9%84%d8%a8%d9%86%d8%a7%d9%86-120,2,0.5525
https://www.aljazeera.net/news/2026/3/30/%d8%aa%d8%b5%d8%b9%d9%8a%d8%af-%d8%ae%d9%84%d9%8a%d8%ac%d9%8a-%d8%a8%d8%b9%d8%af-%d9%87%d8%ac%d9%85%d8%a7%d8%aa-%d8%a7%d9%84%d9%83%d9%88%d9%8a%d8%aa-%d8%a7%d8%aa%d9%87%d8%a7%d9%85%d8%a7%d8%aa,4,0.7917
https://www.aljazeera.net/news/2026/3/30/%d8%a3%d9%85%d9%8a%d8%b1-%d9%82%d8%b7%d8%b1-%d9%8a%d9%84%d8%aa%d9%82%d9%8a-%d9%88%d9%84%d9%8a-%d8%a7%d9%84%d8%b9%d9%87%d8%af-%d8%a7%d9%84%d8%b3%d8%b9%d9%88%d8%af%d9%8a-%d8%a8%d8%ac%d8%af%d8%a9,9,0.7925
https://www.aljazeera.net/news/2026/3/30/%d8%b9%d8%a8%d9%88%d8%b1-%d8%b3%d9%81%d9%8a%d9%86%d8%aa%d9%8a-%d8%ad%d8%a7%d9%88%d9%8a%d8%a7%d8%aa-%d8%b5%d9%8a%d9%86%d9%8a%d8%aa%d9%8a%d9%86-%d9%85%d8%b6%d9%8a%d9%82-%d9%87%d8%b1%d9%85%d8%b2,0,1.0
https://www.aljazeera.net/news/2026/3/30/%d8%a5%d9%82%d8%a7%d9%84%d8%a9-%d9%82%d8%a7%d8%af%d8%a9-%d8%a3%d9%85%d9%86%d9%8a%d9%8a%d9%86-%d9%81%d9%8a-%d8%a7%d9%84%d8%b9%d8%b1%d8%a7%d9%82-%d8%a8%d8%b9%d8%af-%d9%87%d8%ac%d9%88%d9%85,13,1.0
https://www.aljazeera.net/news/2026/3/30/%d8%a7%d9%84%d9%83%d9%88%d9%8a%d8%aa-%d8%aa%d8%b3%d8%aa%d8%af%d8%b9%d9%8a-%d8%a7%d9%84%d9%82%d8%a7%d8%a6%d9%85-%d8%a8%d8%a7%d9%84%d8%a3%d8%b9%d9%85%d8%a7%d9%84,4,0.2585
https://www.aljazeera.net/news/2026/3/30/%d9%85%d8%a8%d8%a7%d8%af%d8%b1%d8%a9-%d8%af%d9%88%d9%84%d9%8a%d8%a9-%d9%84%d8%aa%d8%a3%d9%85%d9%8a%d9%86-%d9%85%d8%b1%d9%88%d8%b1-%d8%a7%d9%84%d8%ba%d8%b0%d8%a7%d8%a1,0,1.0
https://www.aljazeera.net/news/2026/3/30/%d8%a7%d9%84%d9%85%d8%ad%d9%83%d9%85%d8%a9-%d8%a7%d9%84%d8%af%d8%b3%d8%aa%d9%88%d8%b1%d9%8a%d8%a9-%d8%aa%d9%82%d8%b1-%d9%81%d9%88%d8%b2-%d8%b3%d8%a7%d8%b3%d9%88-%d9%86%d8%ba%d9%8a%d8%b3%d9%88,5,1.0
https://www.aljazeera.net/news/2026/3/30/%d8%b9%d8%a7%d8%ac%d9%84-%d8%a7%d9%84%d8%a8%d9%8a%d8%aa-%d8%a7%d9%84%d8%a3%d8%a8%d9%8a%d8%b6-%d8%a5%d9%8a%d8%b1%d8%a7%d9%86-%d9%88%d8%a7%d9%81%d9%82%d8%aa-%d8%b9%d9%84%d9%89-%d8%a8%d8%b9%d8%b6,0,1.0
https://www.aljazeera.net/news/2026/3/30/%d9%85%d8%ad%d9%84%d9%84-%d8%a5%d8%b3%d8%b1%d8%a7%d8%a6%d9%8a%d9%84%d9%8a-%d8%b9%d9%86%d9%81-%d8%a7%d9%84%d9%85%d8%b3%d8%aa%d9%88%d8%b7%d9%86%d9%8a%d9%86-%d9%8a%d9%82%d9%88%d8%b6,15,0.4661
https://www.aljazeera.net/news/2026/3/30/%d8%b9%d8%a7%d8%ac%d9%84-%d9%85%d8%b1%d8%a7%d8%b3%d9%84-%d8%a7%d9%84%d8%ac%d8%b2%d9%8a%d8%b1%d8%a9-%d8%a7%d9%84%d9%83%d9%86%d9%8a%d8%b3%d8%aa-%d9%8a%d9%82%d8%b1,14,1.0
https://www.aljazeera.net/news/2026/3/30/%d8%a7%d9%84%d9%8a%d9%88%d9%86%d9%8a%d9%81%d9%8a%d9%84-%d9%85%d9%82%d8%aa%d9%84-%d8%ac%d9%86%d8%af%d9%8a%d9%8a%d9%86-%d9%85%d9%86-%d9%82%d9%88%d8%a7%d8%aa%d9%86%d8%a7-%d9%81%d9%8a,-1,0.0
https://www.aljazeera.net/news/2026/3/30/%d9%85%d9%8a%d8%b1%d8%aa%d8%b3-80-%d9%85%d9%86-%d8%a7%d9%84%d8%b3%d9%88%d8%b1%d9%8a%d9%8a%d9%86-%d8%a7%d9%84%d9%85%d9%82%d9%8a%d9%85%d9%8a%d9%86-%d9%81%d9%8a,6,1.0
https://www.aljazeera.net/news/2026/3/30/%d8%b3%d8%b7%d9%88-%d9%84%d9%8a%d9%84%d9%8a-%d8%a8%d9%85%d8%a8%d8%a7%d8%b1%d9%83%d8%a9-%d8%a8%d8%b1%d9%84%d9%85%d8%a7%d9%86%d9%8a%d8%a9-%d8%a3%d8%b3%d8%b1%d8%a7%d8%b1-%d8%a3%d8%b6%d8%ae%d9%85,19,1.0
https://www.aljazeera.net/news/2026/3/30/%d9%88%d8%b2%d9%8a%d8%b1-%d8%a7%d9%84%d8%b5%d8%ad%d8%a9-%d8%a7%d9%84%d9%84%d8%a8%d9%86%d8%a7%d9%86%d9%8a-%d9%85%d9%82%d8%aa%d9%84-52-%d9%85%d9%86-%d8%a7%d9%84%d9%8a%d8%af,2,0.7951
https://www.aljazeera.net/news/2026/3/30/%d8%a3%d9%83%d8%a7%d8%af%d9%8a%d9%85%d9%8a-%d8%b5%d9%8a%d9%86%d9%8a-%d8%ad%d8%b1%d8%a8-%d8%a5%d9%8a%d8%b1%d8%a7%d9%86-%d8%ae%d8%b7%d8%a3-%d8%a5%d8%b3%d8%aa%d8%b1%d8%a7%d8%aa%d9%8a%d8%ac%d9%8a,0,0.6868
https://www.aljazeera.net/news/2026/3/30/%d8%a8%d8%b1%d8%a7%d9%81%d8%af%d8%a7-%d8%a7%d9%84%d8%b1%d9%88%d8%b3%d9%8a%d8%a9-8-%d8%b7%d8%a8%d9%82%d8%a7%d8%aa-%d8%af%d9%81%d8%a7%d8%b9%d9%8a%d8%a9-%d8%a5%d9%8a%d8%b1%d8%a7%d9%86%d9%8a%d8%a9,0,1.0
https://www.aljazeera.net/news/2026/3/30/%d8%a7%d8%b3%d8%aa%d8%b9%d8%af%d8%a7%d8%af%d8%a7%d8%aa-%d8%a3%d9%85%d8%b1%d9%8a%d9%83%d9%8a%d8%a9-%d9%84%d8%b9%d9%85%d9%84%d9%8a%d8%a9-%d8%a8%d8%b1%d9%8a%d8%a9-%d8%af%d8%a7%d8%ae%d9%84,0,1.0
https://www.aljazeera.net/news/2026/3/30/%d8%aa%d8%b9%d8%b2%d9%8a%d8%b2%d8%a7%d8%aa,0,1.0
https://www.aljazeera.net/news/2026/3/30/%d8%ba%d8%b6%d8%a8-%d9%81%d9%84%d8%b3%d8%b7%d9%8a%d9%86%d9%8a-%d9%88%d8%a7%d8%b3%d8%b9-%d8%a8%d8%b9%d8%af-%d8%a5%d9%82%d8%b1%d8%a7%d8%b1-%d9%82%d8%a7%d9%86%d9%88%d9%86-%d8%a5%d8%b9%d8%af%d8%a7%d9%85,14,1.0
https://www.aljazeera.net/news/2026/3/30/%d8%b9%d8%a7%d8%ac%d9%84-%d9%86%d8%aa%d9%86%d9%8a%d8%a7%d9%87%d9%88-%d9%87%d9%86%d8%a7%d9%83-%d8%ad%d9%84%d9%88%d9%84-%d8%b9%d8%b3%d9%83%d8%b1%d9%8a%d8%a9-%d9%84%d8%a5%d8%b9%d8%a7%d8%af%d8%a9,19,1.0
https://www.aljazeera.net/news/liveblog/2026/3/29/%d8%a7%d9%84%d8%ad%d8%b1%d8%a8-%d8%b9%d9%84%d9%89-%d8%a5%d9%8a%d8%b1%d8%a7%d9%86-%d9%85%d8%a8%d8%a7%d8%b4%d8%b1-%d9%87%d8%ac%d9%85%d8%a7%d8%aa-%d9%85%d9%83%d8%ab%d9%81%d8%a9-%d8%b9%d9%84%d9%89,-1,0.0
https://www.aljazeera.net/news/2026/3/29/%d8%b9%d8%a7%d8%ac%d9%84-%d8%a7%d9%84%d8%ac%d8%a8%d9%87%d8%a9-%d8%a7%d9%84%d8%af%d8%a7%d8%ae%d9%84%d9%8a%d8%a9-%d8%a7%d9%84%d8%a5%d8%b3%d8%b1%d8%a7%d8%a6%d9%8a%d9%84%d9%8a%d8%a9-18,1,0.4841
https://www.aljazeera.net/news/2026/3/29/%d8%b9%d8%a7%d8%ac%d9%84-%d8%ad%d8%b2%d8%a8-%d8%a7%d9%84%d9%84%d9%87-%d9%82%d8%b5%d9%81%d9%86%d8%a7-%d9%82%d8%a7%d8%b9%d8%af%d8%aa%d9%8a-%d8%b1%d8%ba%d9%81%d9%8a%d9%85-%d9%88%d8%b9%d9%8a%d9%86,2,0.6959
https://www.aljazeera.net/news/2026/3/29/%d9%8a%d8%ad%d9%85%d9%84-%d8%b3%d9%84%d8%a7%d8%ad%d9%87-%d8%a7%d9%84%d9%82%d8%b3%d8%a7%d9%85-%d8%aa%d9%86%d8%b4%d8%b1-%d9%84%d9%82%d8%b7%d8%a7%d8%aa-%d8%ac%d8%af%d9%8a%d8%af%d8%a9,-1,0.0
https://www.aljazeera.net/news/2026/3/29/%d8%a5%d8%b3%d8%aa%d8%b1%d8%a7%d8%aa%d9%8a%d8%ac%d9%8a%d8%a9-%d9%82%d8%af%d9%8a%d9%85%d8%a9-%d9%84%d9%85%d8%a7%d8%b0%d8%a7-%d8%aa%d8%b3%d8%aa%d9%87%d8%af%d9%81,1,0.4262
https://www.aljazeera.net/news/2026/3/29/%d9%88%d9%83%d8%a7%d9%84%d8%a9-%d8%aa%d8%b3%d9%86%d9%8a%d9%85-%d8%a5%d9%8a%d8%b1%d8%a7%d9%86-%d8%aa%d8%af%d8%b1%d8%b3-%d8%a7%d9%84%d8%a7%d9%86%d8%b3%d8%ad%d8%a7%d8%a8-%d9%85%d9%86,-1,0.0
https://www.aljazeera.net/news/2026/3/29/%d8%b9%d8%a7%d8%ac%d9%84-%d9%88%d8%a7%d8%b4%d9%86%d8%b7%d9%86-%d8%a8%d9%88%d8%b3%d8%aa-%d8%b9%d9%86-%d9%85%d8%b3%d8%a4%d9%88%d9%84-%d8%a3%d9%85%d8%b1%d9%8a%d9%83%d9%8a,0,1.0
https://www.aljazeera.net/news/2026/3/29/%d9%85%d8%a8%d8%b9%d9%88%d8%ab-%d8%a3%d9%85%d8%b1%d9%8a%d9%83%d9%8a-%d8%b3%d8%a7%d8%a8%d9%82-%d8%aa%d8%b1%d9%85%d8%a8-%d9%85%d8%ad%d8%a8%d8%b7-%d9%88%d9%8a%d8%ba%d9%8a%d8%b1,0,1.0
https://www.aljazeera.net/news/2026/3/29/%d8%a7%d8%b3%d8%aa%d8%b7%d9%84%d8%a7%d8%b9-%d9%81%d8%a7%d9%86%d8%b3-%d8%a3%d9%88%d9%84%d8%a7-%d9%81%d9%8a-%d8%aa%d8%b1%d8%b4%d9%8a%d8%ad%d8%a7%d8%aa,0,0.7736
https://www.aljazeera.net/news/2026/3/29/%d8%a7%d9%84%d8%b9%d8%b1%d8%a7%d9%82-5-%d9%82%d8%aa%d9%84%d9%89-%d9%85%d9%86-%d8%a7%d9%84%d8%b4%d8%b1%d8%b7%d8%a9-%d9%88%d8%a7%d9%84%d8%ad%d8%b4%d8%af,13,0.7664
https://www.aljazeera.net/news/2026/3/29/%d9%87%d8%ac%d9%85%d8%a7%d8%aa-%d8%a5%d9%8a%d8%b1%d8%a7%d9%86%d9%8a%d8%a9-%d8%aa%d8%b3%d8%aa%d9%87%d8%af%d9%81-%d9%85%d9%86%d8%b4%d8%a2%d8%aa-%d8%b5%d9%86%d8%a7%d8%b9%d9%8a%d8%a9-%d9%81%d9%8a,4,1.0
https://www.aljazeera.net/news/2026/3/29/%d9%82%d8%b7%d8%b1-%d9%88%d9%85%d8%b5%d8%b1-%d8%aa%d8%af%d8%b9%d9%88%d8%a7%d9%86-%d9%84%d8%a7%d8%ad%d8%aa%d9%88%d8%a7%d8%a1-%d8%a7%d9%84%d8%aa%d8%b5%d8%b9%d9%8a%d8%af,9,0.7801
https://www.aljazeera.net/news/2026/3/29/%d9%85%d8%a7-%d8%a7%d9%84%d8%b0%d9%8a-%d9%8a%d8%b9%d9%86%d9%8a%d9%87-%d8%a5%d9%82%d8%af%d8%a7%d9%85-%d8%aa%d8%b1%d9%85%d8%a8-%d8%b9%d9%84%d9%89-%d8%a7%d9%84%d8%aa%d8%af%d8%ae%d9%84-%d8%a8%d8%b1%d8%a7,0,1.0
https://www.aljazeera.net/news/2026/3/29/%d8%a8%d9%8a%d9%86%d9%85%d8%a7-%d9%8a%d8%b1%d9%81%d8%b6-%d8%a7%d9%84%d8%aa%d8%ae%d9%84%d9%8a-%d8%b9%d9%86-%d8%a7%d9%84%d8%a8%d8%b1%d9%86%d8%a7%d9%85%d8%ac-%d8%a7%d9%84%d9%86%d9%88%d9%88%d9%8a,-1,0.0
https://www.aljazeera.net/news/2026/3/29/%d8%a5%d8%b3%d8%b1%d8%a7%d8%a6%d9%8a%d9%84-%d8%a8%d8%b9%d8%af-%d8%b4%d9%87%d8%b1-%d9%85%d9%86-%d8%a7%d9%84%d8%ad%d8%b1%d8%a8-%d8%a8%d9%8a%d9%86-%d9%81%d8%b4%d9%84,1,0.3418
https://www.aljazeera.net/news/2026/3/29/6-%d9%82%d8%aa%d9%84%d9%89-%d9%81%d9%8a-%d9%82%d8%b5%d9%81-%d8%a5%d8%b3%d8%b1%d8%a7%d8%a6%d9%8a%d9%84%d9%8a-%d8%b9%d9%84%d9%89-%d9%82%d8%b7%d8%a7%d8%b9-%d8%ba%d8%b2%d8%a9,3,1.0
https://www.aljazeera.net/news/2026/3/29/%d8%ac%d9%86%d9%88%d8%af-%d8%a3%d9%85%d8%b1%d9%8a%d9%83%d9%8a%d9%88%d9%86-%d9%8a%d8%b9%d9%84%d9%86%d9%88%d9%86-%d8%a5%d8%b3%d9%84%d8%a7%d9%85%d9%87%d9%85-%d8%a8%d8%b3%d8%a8%d8%a8,-1,0.0
https://www.aljazeera.net/news/2026/3/29/%d9%85%d8%b5%d8%b1-%d8%a8%d8%af%d8%a1-%d8%a5%d8%ac%d8%b1%d8%a7%d8%a1%d8%a7%d8%aa-%d8%ad%d9%83%d9%88%d9%85%d9%8a%d8%a9-%d9%84%d8%aa%d8%b1%d8%b4%d9%8a%d8%af-%d8%a7%d8%b3%d8%aa%d9%87%d9%84%d8%a7%d9%83,0,0.99
https://www.aljazeera.net/news/2026/3/29/%d9%84%d8%a8%d9%86%d8%a7%d9%86-119,2,0.6274
https://www.aljazeera.net/news/2026/3/29/%d8%a7%d8%b1%d8%ad%d9%84-%d9%8a%d8%a7-%d8%aa%d8%b1%d9%85%d8%a8-%d8%b1%d8%b3%d8%a7%d9%84%d8%a9-%d8%a8%d8%b4%d8%b1%d9%8a%d8%a9-%d8%b9%d9%84%d9%89-%d8%b4%d8%a7%d8%b7%d8%a6,0,0.7763
https://www.aljazeera.net/news/2026/3/29/%d9%85%d8%b8%d8%a7%d9%87%d8%b1%d8%a7%d8%aa-%d9%81%d9%8a-%d8%b9%d9%88%d8%a7%d8%b5%d9%85-%d8%a3%d9%88%d8%b1%d9%88%d8%a8%d9%8a%d8%a9-%d8%a7%d8%ad%d8%aa%d8%ac%d8%a7%d8%ac%d8%a7-%d8%b9%d9%84%d9%89-2,-1,0.0
https://www.aljazeera.net/news/2026/3/29/%d8%af%d9%85%d8%a7%d8%b1-%d9%88%d9%86%d8%b2%d9%88%d8%ad-%d9%81%d9%8a-%d8%a8%d9%84%d8%af%d8%a9-%d8%b3%d8%ad%d9%85%d8%b1-%d8%a7%d9%84%d9%84%d8%a8%d9%86%d8%a7%d9%86%d9%8a%d8%a9-%d8%a8%d8%b3%d8%a8%d8%a8,2,0.6038
https://www.aljazeera.net/news/2026/3/29/%d8%af%d9%88%d9%84-%d8%ae%d9%84%d9%8a%d8%ac%d9%8a%d8%a9-%d8%aa%d8%aa%d8%b5%d8%af%d9%89-%d9%84%d9%87%d8%ac%d9%85%d8%a7%d8%aa-%d8%b5%d8%a7%d8%b1%d9%88%d8%ae%d9%8a%d8%a9-3,4,1.0
https://www.aljazeera.net/news/2026/3/29/%d9%88%d8%b3%d8%b7-%d8%b3%d8%b1%d9%8a%d8%a9-%d9%88%d8%aa%d8%ad%d8%b1%d9%83%d8%a7%d8%aa-%d9%85%d8%aa%d8%b3%d8%a7%d8%b1%d8%b9%d8%a9-%d9%87%d9%84-%d9%8a%d9%86%d8%ac%d8%ad,0,1.0
https://www.aljazeera.net/news/2026/3/29/%d9%81%d9%8a-7-%d8%a3%d8%b3%d8%a6%d9%84%d8%a9-%d9%83%d9%8a%d9%81-%d9%87%d9%86%d8%af%d8%b3%d8%aa-%d8%a8%d8%a7%d9%83%d8%b3%d8%aa%d8%a7%d9%86-%d9%82%d9%86%d8%a7%d8%aa%d9%87%d8%a7,0,1.0
https://www.aljazeera.net/news/2026/3/29/%d8%a3%d8%b5%d8%b9%d8%a8-%d9%84%d8%ad%d8%b8%d8%a9-%d8%a3%d9%85-%d8%aa%d9%81%d8%a7%d8%ac%d8%a3%d8%aa-%d8%a8%d8%a7%d8%b3%d8%aa%d8%b4%d9%87%d8%a7%d8%af-%d8%a7%d8%ab%d9%86%d9%8a%d9%86-%d9%85%d9%86,3,0.5753
https://www.aljazeera.net/news/2026/3/29/%d8%a8%d9%8a%d8%a7%d9%86%d8%a7%d8%aa-%d9%85%d9%84%d8%a7%d8%ad%d9%8a%d8%a9-%d8%aa%d8%b9%d8%b7%d9%84-%d8%b7%d8%a7%d8%a6%d8%b1%d8%a9-%d8%aa%d8%b2%d9%88%d8%af-%d8%a8%d8%a7%d9%84%d9%88%d9%82%d9%88%d8%af,-1,0.0
https://www.aljazeera.net/news/2026/3/29/%d9%87%d9%84-%d8%a8%d8%a7%d8%aa%d8%aa-%d8%a7%d9%84%d8%ad%d8%b1%d8%a8-%d8%a7%d9%84%d8%a8%d8%b1%d9%8a%d8%a9-%d9%88%d8%b4%d9%8a%d9%83%d8%a9-%d9%81%d9%8a-%d8%a5%d9%8a%d8%b1%d8%a7%d9%86,0,1.0
https://www.aljazeera.net/news/2026/3/29/%d8%b3%d9%86%d9%86%d8%af%d9%85-%d8%a8%d8%b4%d8%af%d8%a9-%d8%b9%d9%84%d9%89-%d9%87%d8%b0%d9%87-%d8%a7%d9%84%d8%ad%d8%b1%d8%a8-%d8%ab%d9%84%d8%a7%d8%ab%d8%a9-%d8%b5%d8%ad%d9%81%d9%8a%d9%8a%d9%86,0,1.0
https://www.aljazeera.net/news/2026/3/29/%d8%b5%d8%ad%d8%a9-%d8%ba%d8%b2%d8%a9-%d9%85%d9%88%d9%84%d8%af%d8%a7%d8%aa-%d8%a7%d9%84%d9%83%d9%87%d8%b1%d8%a8%d8%a7%d8%a1-%d8%a8%d8%a7%d9%84%d9%85%d8%b3%d8%aa%d8%b4%d9%81%d9%8a%d8%a7%d8%aa,3,1.0
https://www.aljazeera.net/news/2026/3/29/%d9%85%d9%82%d8%aa%d9%84-4-%d8%a3%d9%88%d9%83%d8%b1%d8%a7%d9%86%d9%8a%d9%8a%d9%86-%d9%81%d9%8a-%d9%87%d8%ac%d9%88%d9%85-%d8%a8%d9%80-273-%d9%85%d8%b3%d9%8a%d8%b1%d8%a9,12,1.0
https://www.aljazeera.net/news/2026/3/29/5-%d9%82%d8%aa%d9%84%d9%89-%d9%81%d9%8a-%d9%87%d8%ac%d9%88%d9%85-%d8%b9%d9%84%d9%89-%d8%b1%d8%b5%d9%8a%d9%81-%d8%a8%d8%ad%d8%b1%d9%8a-%d9%81%d9%8a-%d8%a5%d9%8a%d8%b1%d8%a7%d9%86,1,0.7332
https://www.aljazeera.net/news/2026/3/29/%d8%aa%d9%88%d8%b3%d8%b9-%d8%a7%d9%84%d8%ba%d8%a7%d8%b1%d8%a7%d8%aa-%d8%b9%d9%84%d9%89-%d8%a7%d9%84%d8%ad%d8%b4%d8%af-%d8%a7%d9%84%d8%b4%d8%b9%d8%a8%d9%8a-%d8%a5%d9%84%d9%89,13,0.6374
https://www.aljazeera.net/news/2026/3/29/%d9%87%d9%84-%d8%aa%d9%81%d8%aa%d8%ad-%d8%a7%d9%84%d9%88%d9%84%d8%a7%d9%8a%d8%a7%d8%aa-%d8%a7%d9%84%d9%85%d8%aa%d8%ad%d8%af%d8%a9-%d9%88%d8%a5%d8%b3%d8%b1%d8%a7%d8%a6%d9%8a%d9%84,-1,0.0
https://www.aljazeera.net/news/2026/3/29/%d9%85%d8%ad%d9%83%d9%85%d8%a9-%d8%a8%d8%a7%d9%85%d8%a7%d9%83%d9%88-%d8%aa%d8%b5%d8%af%d8%b1-%d8%a3%d8%ad%d9%83%d8%a7%d9%85%d8%a7-%d8%a8%d8%a7%d9%84%d8%b3%d8%ac%d9%86-20-%d8%b9%d8%a7%d9%85%d8%a7,5,0.8367
https://www.aljazeera.net/news/2026/3/29/%d9%85%d9%82%d8%aa%d9%84-11-%d8%a8%d9%8a%d9%86%d9%87%d9%85-%d9%85%d8%b3%d8%b9%d9%81%d8%a7%d9%86-%d9%81%d9%8a-%d8%ba%d8%a7%d8%b1%d8%a7%d8%aa-%d8%a5%d8%b3%d8%b1%d8%a7%d8%a6%d9%8a%d9%84%d9%8a%d8%a9,2,0.8911
https://www.aljazeera.net/news/2026/3/29/%d8%a7%d9%84%d8%ac%d8%b2%d8%a7%d8%a6%d8%b1-%d8%aa%d9%86%d8%b9%d9%89-%d8%a7%d9%84%d8%b1%d8%a6%d9%8a%d8%b3-%d8%a7%d9%84%d8%a3%d8%b3%d8%a8%d9%82-%d8%a7%d9%84%d9%8a%d9%85%d9%8a%d9%86,5,0.9778
https://www.aljazeera.net/news/2026/3/29/%d9%85%d8%b3%d8%a4%d9%88%d9%84%d9%88%d9%86-%d8%a5%d9%8a%d8%b1%d8%a7%d9%86%d9%8a%d9%88%d9%86-%d8%aa%d8%b1%d9%85%d8%a8-%d8%a7%d9%84%d9%83%d8%b0%d8%a7%d8%a8-%d9%8a%d8%ac%d9%87%d8%b2,0,0.7988
https://www.aljazeera.net/news/2026/3/29/%d8%a7%d9%84%d8%a3%d9%82%d8%b5%d9%89-%d9%85%d8%ba%d9%84%d9%82-%d9%85%d9%86%d8%b030-%d9%8a%d9%88%d9%85%d8%a7-%d8%a7%d9%84%d9%85%d8%a2%d8%b0%d9%86-%d8%b5%d8%a7%d9%85%d8%aa%d8%a9-%d8%a8%d9%84%d8%a7,17,1.0
https://www.aljazeera.net/news/2026/3/29/%d8%aa%d9%81%d8%a7%d8%af%d9%8a%d8%a7-%d9%84%d9%83%d8%a7%d8%b1%d8%ab%d8%a9-%d8%a5%d9%86%d8%b3%d8%a7%d9%86%d9%8a%d8%a9-%d9%85%d9%81%d9%88%d8%b6%d9%8a%d8%a9,-1,0.0
https://www.aljazeera.net/news/2026/3/29/%d9%81%d9%8a-%d8%a3%d9%88%d9%84-%d8%b1%d8%b3%d8%a7%d9%84%d8%a9-%d9%85%d9%86-%d8%b3%d8%ac%d9%86%d9%87%d9%85%d8%a7-%d8%a8%d8%a3%d9%85%d8%b1%d9%8a%d9%83%d8%a7-%d9%85%d8%a7%d8%af%d9%88%d8%b1%d9%88,11,1.0
https://www.aljazeera.net/news/2026/3/29/%d8%a8%d8%a7%d8%a8%d8%a7-%d8%a7%d9%84%d9%81%d8%a7%d8%aa%d9%8a%d9%83%d8%a7%d9%86-%d8%a7%d9%84%d8%b1%d8%a8-%d9%84%d8%a7-%d9%8a%d9%82%d8%a8%d9%84-%d8%b5%d9%84%d9%88%d8%a7%d8%aa-%d9%85%d9%86,-1,0.0
https://www.aljazeera.net/news/2026/3/29/%d9%85%d8%a7%d9%83%d9%8a-%d8%b3%d8%a7%d9%84-%d9%8a%d8%aa%d9%85%d8%b3%d9%83-%d8%a8%d8%aa%d8%b1%d8%b4%d8%ad%d9%87-%d9%84%d8%a3%d9%85%d8%a7%d9%86%d8%a9-%d8%a7%d9%84%d8%a3%d9%85%d9%85,5,0.6728
https://www.aljazeera.net/news/2026/3/29/%d8%b9%d8%a7%d8%ac%d9%84-%d9%87%d9%8a%d8%a6%d8%a9-%d8%a7%d9%84%d8%a8%d8%ab-%d8%a7%d9%84%d8%a5%d8%b3%d8%b1%d8%a7%d8%a6%d9%8a%d9%84%d9%8a%d8%a9-%d8%a7%d9%84%d9%85%d8%b5%d9%86%d8%b9,1,1.0
https://www.aljazeera.net/news/2026/3/29/%d8%a7%d8%b3%d8%aa%d8%b7%d9%84%d8%a7%d8%b9-57-%d9%85%d9%86-%d8%a7%d9%84%d8%b4%d8%a8%d8%a7%d8%a8-%d8%a7%d9%84%d8%a5%d8%b3%d8%b1%d8%a7%d8%a6%d9%8a%d9%84%d9%8a-%d9%8a%d8%ae%d8%b4%d9%88%d9%86,-1,0.0
https://www.aljazeera.net/news/2026/3/29/%d8%ac%d9%8a-%d8%af%d9%8a-%d8%a3%d9%85-%d9%85%d8%a7%d8%b1%d9%83%d9%88-%d8%aa%d8%b1%d9%85%d8%a8-%d9%8a%d8%ac%d8%b1%d9%8a-%d9%85%d9%86%d8%a7%d9%82%d8%b4%d8%a7%d8%aa-%d8%ac%d8%a7%d8%af%d8%a9,0,0.757
https://www.aljazeera.net/news/2026/3/29/%d9%87%d9%8a%d8%a6%d8%a9-%d9%81%d9%84%d8%b3%d8%b7%d9%8a%d9%86%d9%8a%d8%a9-443-%d8%a7%d8%b9%d8%aa%d8%af%d8%a7%d8%a1-%d9%84%d9%84%d9%85%d8%b3%d8%aa%d9%88%d8%b7%d9%86%d9%8a%d9%86,15,0.9336
https://www.aljazeera.net/news/2026/3/29/%d8%b3%d9%8a%d8%a7%d8%b1%d8%a9-%d8%a5%d8%b3%d8%b9%d8%a7%d9%81-%d9%88%d8%a7%d8%ad%d8%af%d8%a9-%d9%85%d8%b9%d8%a7%d9%86%d8%a7%d8%a9-%d9%85%d8%b3%d8%aa%d9%85%d8%b1%d8%a9-%d9%84%d8%ac%d8%b1%d8%ad%d9%89,3,1.0
https://www.aljazeera.net/news/2026/3/29/%d8%aa%d8%b9%d8%b2%d9%8a%d8%b2%d8%a7%d8%aa-%d9%84%d9%84%d8%ac%d9%8a%d8%b4-%d8%a7%d9%84%d8%b3%d9%88%d8%af%d8%a7%d9%86%d9%8a-%d9%81%d9%8a-%d8%a7%d9%84%d9%86%d9%8a%d9%84,10,1.0
https://www.aljazeera.net/news/2026/3/29/%d8%a7%d9%84%d9%82%d8%af%d8%b3-%d9%83%d9%86%d9%8a%d8%b3%d8%a9-%d9%81%d9%84%d8%b3%d8%b7%d9%8a%d9%86-%d9%85%d9%86%d8%b9-%d8%a7%d9%84%d9%82%d9%8a%d8%a7%d9%85%d8%a9,17,1.0
https://www.aljazeera.net/news/2026/3/29/%d9%85%d9%82%d8%aa%d9%84-17-%d8%b4%d8%ae%d8%b5%d8%a7-%d9%88%d8%a7%d9%86%d9%87%d9%8a%d8%a7%d8%b1-%d8%b3%d8%af-%d9%85%d8%a7%d8%a6%d9%8a-%d8%b3%d9%8a%d9%88%d9%84-%d9%85%d8%af%d9%85%d8%b1%d8%a9,-1,0.0
https://www.aljazeera.net/news/2026/3/29/%d9%85%d8%a7-%d8%b1%d8%b3%d8%a7%d9%84%d8%a9-%d8%a5%d9%8a%d8%b1%d8%a7%d9%86-%d9%85%d9%86-%d8%b6%d8%b1%d8%a8-%d9%85%d8%b5%d9%86%d8%b9-%d8%a7%d9%84%d9%83%d9%8a%d9%85%d8%a7%d9%88%d9%8a%d8%a7%d8%aa,1,0.469
https://www.aljazeera.net/news/2026/3/29/%d9%8a%d8%af%d9%8a%d8%b9%d9%88%d8%aa-%d8%a3%d8%ad%d8%b1%d9%88%d9%86%d9%88%d8%aa-%d8%a7%d9%84%d8%b9%d9%85%d9%84%d9%8a%d8%a9-%d8%a7%d9%84%d8%a5%d8%b3%d8%b1%d8%a7%d8%a6%d9%8a%d9%84%d9%8a%d8%a9,2,0.5075
https://www.aljazeera.net/news/2026/3/29/%d8%ba%d8%b1%d9%88%d8%b3%d9%8a-%d8%a7%d9%84%d8%b6%d8%b1%d8%a8%d8%a7%d8%aa-%d8%a7%d9%84%d8%b9%d8%b3%d9%83%d8%b1%d9%8a%d8%a9-%d9%84%d9%86-%d8%aa%d9%88%d9%82%d9%81,-1,0.0
https://www.aljazeera.net/news/2026/3/29/%d8%a7%d9%86%d8%aa%d9%87%d8%a7%d8%a1-%d8%ac%d9%88%d9%84%d8%a9-%d8%a3%d9%88%d9%84%d9%89-%d9%85%d9%86-%d8%a7%d9%84%d8%a7%d8%ac%d8%aa%d9%85%d8%a7%d8%b9-%d8%a7%d9%84%d8%b1%d8%a8%d8%a7%d8%b9%d9%8a,0,1.0
https://www.aljazeera.net/news/2026/3/29/%d8%aa%d9%82%d8%af%d9%85-%d8%a5%d8%b3%d8%b1%d8%a7%d8%a6%d9%8a%d9%84%d9%8a-%d9%86%d8%ad%d9%88-%d9%86%d9%87%d8%b1-%d8%a7%d9%84%d9%84%d9%8a%d8%b7%d8%a7%d9%86%d9%8a-%d9%88%d8%aa%d8%b5%d8%b9%d9%8a%d8%af,2,0.6041
https://www.aljazeera.net/news/2026/3/29/%d8%a5%d8%b3%d8%b1%d8%a7%d8%a6%d9%8a%d9%84-%d8%aa%d8%b3%d8%ac%d9%84-%d8%a3%d9%83%d8%ab%d8%b1-%d9%85%d9%86-7-%d8%a2%d9%84%d8%a7%d9%81-%d8%a5%d9%86%d8%b0%d8%a7%d8%b1-%d9%85%d9%86%d8%b0,1,0.5679
https://www.aljazeera.net/news/2026/3/29/%d9%88%d8%b2%d9%8a%d8%b1-%d8%a7%d9%84%d8%b9%d8%af%d9%84-%d8%a7%d9%84%d9%82%d8%b7%d8%b1%d9%8a-%d9%82%d8%b7%d8%b1-%d8%aa%d9%85%d9%83%d9%86%d8%aa-%d9%85%d9%86-%d8%a5%d8%af%d8%a7%d8%b1%d8%a9,9,1.0
https://www.aljazeera.net/news/2026/3/29/%d8%a3%d9%84%d8%ba%d8%a7%d9%85-%d9%85%d9%86-%d8%a7%d9%84%d8%b3%d9%85%d8%a7%d8%a1-%d8%aa%d8%b6%d8%b1%d8%a8-%d8%a5%d9%8a%d8%b1%d8%a7%d9%86-%d8%b3%d9%84%d8%a7%d8%ad-%d8%a3%d9%85%d8%b1%d9%8a%d9%83%d9%8a,0,0.7362
https://www.aljazeera.net/news/2026/3/29/%d8%aa%d9%83%d8%aa%d9%8a%d9%83-%d9%85%d8%aa%d9%88%d8%a7%d8%b2%d9%86-%d9%83%d9%8a%d9%81-%d9%8a%d9%88%d8%a7%d8%ac%d9%87-%d8%ad%d8%b2%d8%a8-%d8%a7%d9%84%d9%84%d9%87,2,0.593
https://www.aljazeera.net/news/2026/3/29/%d8%a8%d9%84%d8%a7-%d9%84%d8%ab%d8%a7%d9%85-%d8%a7%d9%84%d9%82%d8%b3%d8%a7%d9%85-%d8%aa%d9%86%d8%b4%d8%b1-%d9%84%d8%a3%d9%88%d9%84-%d9%85%d8%b1%d8%a9-%d9%81%d9%8a%d8%af%d9%8a%d9%88,-1,0.0
https://www.aljazeera.net/news/2026/3/29/%d8%b2%d9%8a%d9%84%d9%8a%d9%86%d8%b3%d9%83%d9%8a-%d9%81%d9%8a-%d8%a7%d9%84%d8%ae%d9%84%d9%8a%d8%ac-%d9%88%d8%a7%d9%84%d8%a3%d8%b1%d8%af%d9%86-%d8%ac%d9%88%d9%84%d8%a9,12,0.4608
https://www.aljazeera.net/news/2026/3/29/%d8%b9%d8%a7%d9%84%d9%82%d9%88%d9%86-%d9%81%d9%8a-%d8%b8%d8%b1%d9%88%d9%81-%d9%82%d8%a7%d8%b3%d9%8a%d8%a9-%d8%a2%d9%84%d8%a7%d9%81-%d8%a7%d9%84%d8%a8%d8%ad%d8%a7%d8%b1%d8%a9-%d9%81%d9%8a,0,1.0
https://www.aljazeera.net/news/2026/3/29/%d9%85%d8%b9%d8%a7%d8%b1%d9%8a%d9%81-%d9%87%d8%b1%d8%aa%d8%b3%d9%88%d8%ba-%d9%8a%d8%b7%d9%84%d8%a8-%d8%aa%d9%88%d8%b6%d9%8a%d8%ad%d8%a7%d8%aa-%d8%a5%d8%b6%d8%a7%d9%81%d9%8a%d8%a9,19,1.0
https://www.aljazeera.net/news/2026/3/29/%d9%84%d9%85%d8%a7%d8%b0%d8%a7-%d8%aa%d8%ae%d8%aa%d9%84%d9%81-%d8%ad%d8%b1%d8%a8-%d8%a5%d9%8a%d8%b1%d8%a7%d9%86-%d8%a7%d9%84%d8%ad%d8%a7%d9%84%d9%8a%d8%a9-%d8%b9%d9%86,0,0.7855
https://www.aljazeera.net/news/2026/3/29/%d8%b4%d8%a7%d9%87%d8%af-%d8%ad%d8%b2%d8%a8-%d8%a7%d9%84%d9%84%d9%87-%d9%8a%d8%b3%d8%aa%d9%87%d8%af%d9%81-%d8%ac%d9%86%d9%88%d8%af%d8%a7-%d8%a5%d8%b3%d8%b1%d8%a7%d8%a6%d9%8a%d9%84%d9%8a%d9%8a%d9%86-2,2,0.6878
https://www.aljazeera.net/news/2026/3/29/%d8%a5%d9%8a%d8%b1%d8%a7%d9%86-%d8%aa%d9%88%d8%b3%d8%b9-%d9%87%d8%ac%d9%85%d8%a7%d8%aa%d9%87%d8%a7-%d8%b9%d9%84%d9%89-%d8%af%d9%88%d9%84-%d8%a7%d9%84%d8%ae%d9%84%d9%8a%d8%ac,4,1.0
https://www.aljazeera.net/news/2026/3/29/%d8%a8%d9%86%d9%83-%d8%a3%d9%85%d8%b1%d9%8a%d9%83%d8%a7-%d9%8a%d9%82%d8%b1%d8%b1-%d8%af%d9%81%d8%b9-72-5-%d9%85%d9%84%d9%8a%d9%88%d9%86-%d8%af%d9%88%d9%84%d8%a7%d8%b1,0,0.8458
https://www.aljazeera.net/news/2026/3/29/%d9%82%d9%88%d9%89-%d8%b3%d9%88%d8%af%d8%a7%d9%86%d9%8a%d8%a9-%d8%aa%d9%82%d8%a7%d8%b7%d8%b9-%d9%85%d8%a4%d8%aa%d9%85%d8%b1-%d8%a8%d8%b1%d9%84%d9%8a%d9%86-%d9%84%d9%84%d8%af%d8%b9%d9%85,10,0.7454
https://www.aljazeera.net/news/2026/3/29/%d9%85%d8%b5%d8%af%d8%b1-%d8%af%d8%a8%d9%84%d9%88%d9%85%d8%a7%d8%b3%d9%8a-%d8%a7%d9%84%d8%b3%d9%81%d9%8a%d8%b1-%d8%a7%d9%84%d8%a5%d9%8a%d8%b1%d8%a7%d9%86%d9%8a-%d9%84%d9%86-2,-1,0.0
https://www.aljazeera.net/news/2026/3/29/%d8%a7%d9%86%d9%82%d8%b7%d8%a7%d8%b9-%d9%84%d9%84%d9%83%d9%87%d8%b1%d8%a8%d8%a7%d8%a1-%d9%88%d8%a7%d8%b3%d8%aa%d9%87%d8%af%d8%a7%d9%81-%d8%ac%d8%a7%d9%85%d8%b9%d8%a9,1,0.4237
https://www.aljazeera.net/news/2026/3/29/%d8%a7%d8%b6%d8%b7%d8%b1%d8%a7%d8%a8%d8%a7%d8%aa-%d8%ac%d9%88%d9%8a%d8%a9-%d9%81%d9%8a-%d8%b3%d8%a7%d9%86%d8%aa-%d8%a8%d8%b7%d8%b1%d8%b3%d8%a8%d9%88%d8%b1%d8%ba-%d8%a8%d8%b9%d8%af,12,1.0
https://www.aljazeera.net/news/2026/3/29/%d9%82%d8%a7%d8%a6%d8%af-%d8%a8%d8%a7%d9%84%d8%ad%d8%b1%d8%b3-%d8%a7%d9%84%d8%ab%d9%88%d8%b1%d9%8a-%d8%a7%d9%84%d8%a5%d9%8a%d8%b1%d8%a7%d9%86%d9%8a-%d9%8a%d9%87%d8%af%d8%af,0,0.9279
https://www.aljazeera.net/news/2026/3/29/%d9%86%d8%a8%d9%8a%d9%84-%d9%81%d9%87%d9%85%d9%8a-%d9%85%d8%b1%d8%b4%d8%ad%d8%a7-%d8%a8%d8%a7%d9%84%d8%a7%d8%ac%d9%85%d8%a7%d8%b9-%d9%84%d9%85%d9%86%d8%b5%d8%a8-%d8%a3%d9%85%d9%8a%d9%86,-1,0.0
https://www.aljazeera.net/news/2026/3/29/%d8%a5%d8%b3%d9%82%d8%a7%d8%b7-%d9%85%d8%b3%d9%8a%d8%b1%d8%a9-%d8%a8%d8%a3%d8%b1%d8%a8%d9%8a%d9%84-%d9%88%d9%88%d8%a7%d8%b4%d9%86%d8%b7%d9%86-%d8%aa%d8%ad%d8%b0%d8%b1-%d9%85%d9%86,13,1.0
https://www.aljazeera.net/news/2026/3/29/%d9%86%d8%ac%d8%a7%d8%a9-%d9%88%d8%b2%d9%8a%d8%b1-%d8%a5%d8%b3%d8%b1%d8%a7%d8%a6%d9%8a%d9%84%d9%8a-%d9%85%d9%86-%d9%87%d8%ac%d9%88%d9%85-%d9%84%d8%ad%d8%b2%d8%a8-%d8%a7%d9%84%d9%84%d9%87,1,0.3725
https://www.aljazeera.net/news/2026/3/29/%d9%85%d8%a7%d8%b0%d8%a7-%d9%8a%d8%ad%d8%af%d8%ab-%d9%81%d9%8a-%d8%a7%d9%84%d8%b9%d8%a7%d9%84%d9%85-%d8%a5%d8%b0%d8%a7-%d8%a3%d8%ba%d9%84%d9%82-%d8%a8%d8%a7%d8%a8,0,1.0
https://www.aljazeera.net/news/2026/3/28/%d8%b9%d8%a7%d8%ac%d9%84-%d8%a7%d9%84%d9%82%d9%86%d8%a7%d8%a9-12-%d8%a7%d9%84%d8%a5%d8%b3%d8%b1%d8%a7%d8%a6%d9%8a%d9%84%d9%8a%d8%a9-%d9%82%d8%aa%d9%8a%d9%84,1,0.9002
https://www.aljazeera.net/news/2026/3/28/%d9%85%d8%ac%d9%85%d9%88%d8%b9%d8%a9-%d8%aa%d8%ae%d8%aa%d8%b1%d9%82-%d8%a7%d9%84%d8%a8%d8%b1%d9%8a%d8%af-%d8%a7%d9%84%d8%a5%d9%84%d9%83%d8%aa%d8%b1%d9%88%d9%86%d9%8a,0,0.9094
https://www.aljazeera.net/news/2026/3/28/%d8%a3%d8%b1%d8%af%d9%88%d8%ba%d8%a7%d9%86-%d8%a7%d9%84%d8%a8%d8%b4%d8%b1%d9%8a%d8%a9-%d8%ac%d9%85%d8%b9%d8%a7%d8%a1-%d8%b3%d8%aa%d8%af%d9%81%d8%b9-%d8%ab%d9%85%d9%86-%d8%a7%d9%84%d8%ad%d8%b1%d8%a8,-1,0.0
https://www.aljazeera.net/news/2026/3/28/%d9%85%d8%b3%d8%a4%d9%88%d9%84-%d8%a8%d8%a7%d9%84%d8%ae%d8%a7%d8%b1%d8%ac%d9%8a%d8%a9-%d8%a7%d9%84%d8%a5%d9%8a%d8%b1%d8%a7%d9%86%d9%8a%d8%a9-%d9%85%d9%87%d9%84%d8%a9,0,0.7228
https://www.aljazeera.net/news/2026/3/28/%d8%b9%d8%a7%d8%ac%d9%84-%d8%aa%d8%b1%d9%85%d8%a8-%d9%88%d8%ac%d9%87%d9%86%d8%a7-%d8%a7%d9%84%d9%8a%d9%88%d9%85-%d8%b6%d8%b1%d8%a8%d8%a9-%d9%83%d8%a8%d9%8a%d8%b1%d8%a9,0,1.0
https://www.aljazeera.net/news/2026/3/28/%d8%b9%d8%a7%d8%ac%d9%84-%d8%b3%d9%8a-%d8%a8%d9%8a-%d8%a5%d8%b3-%d9%86%d9%8a%d9%88%d8%b2-%d8%b9%d9%86-%d9%85%d8%b5%d8%a7%d8%af%d8%b1-%d9%88%d8%a7%d8%b4%d9%86%d8%b7%d9%86,0,0.8194
https://www.aljazeera.net/news/2026/3/28/%d8%b1%d9%88%d9%8a%d8%aa%d8%b1%d8%b2-%d8%a3%d9%85%d8%b1%d9%8a%d9%83%d8%a7-%d9%8a%d9%85%d9%83%d9%86%d9%87%d8%a7-%d8%aa%d8%a3%d9%83%d9%8a%d8%af-%d8%aa%d8%af%d9%85%d9%8a%d8%b1-%d9%86%d8%ad%d9%88,0,0.8799
https://www.aljazeera.net/news/2026/3/28/%d8%ae%d8%a8%d9%8a%d8%b1-%d8%b9%d8%b3%d9%83%d8%b1%d9%8a-%d8%a5%d9%8a%d8%b1%d8%a7%d9%86-%d9%82%d8%af-%d8%aa%d8%b6%d8%b1%d8%a8-%d9%85%d8%a7-%d9%87%d9%88-%d8%a3%d9%83%d8%a8%d8%b1-%d9%85%d9%86,1,0.3789
https://www.aljazeera.net/news/2026/3/28/%d9%87%d9%8a%d8%a6%d8%a9-%d8%a7%d9%84%d8%b7%d8%a7%d9%82%d8%a9-%d8%a7%d9%84%d8%b0%d8%b1%d9%8a%d8%a9-%d8%a7%d9%84%d8%a5%d9%8a%d8%b1%d8%a7%d9%86%d9%8a%d8%a9-%d8%aa%d8%a4%d9%83%d8%af,-1,0.0
https://www.aljazeera.net/news/2026/3/28/%d8%a5%d8%b9%d9%84%d8%a7%d9%85-%d8%a5%d9%8a%d8%b1%d8%a7%d9%86%d9%8a-%d9%85%d9%82%d8%aa%d9%84-%d8%b1%d8%a6%d9%8a%d8%b3-%d8%a7%d8%b3%d8%aa%d8%ae%d8%a8%d8%a7%d8%b1%d8%a7%d8%aa-%d8%b3%d9%84%d8%a7%d8%ad,7,0.511
https://www.aljazeera.net/news/2026/3/28/%d9%84%d8%a8%d9%86%d8%a7%d9%86-%d9%82%d8%b5%d9%81-%d8%b9%d9%84%d9%89-%d8%b9%d8%b4%d8%b1%d8%a7%d8%aa-%d8%a7%d9%84%d8%a8%d9%84%d8%af%d8%a7%d8%aa-%d9%88%d8%ad%d8%b2%d8%a8-%d8%a7%d9%84%d9%84%d9%87,2,0.9329
https://www.aljazeera.net/news/2026/3/28/%d9%88%d8%b2%d9%8a%d8%b1%d8%a9-%d8%a8%d8%b1%d9%8a%d8%b7%d8%a7%d9%86%d9%8a%d8%a9-%d8%aa%d8%ad%d8%b0%d8%b1-%d8%ad%d8%b1%d8%a8-%d8%a5%d9%8a%d8%b1%d8%a7%d9%86-%d9%82%d8%af-%d8%aa%d8%b2%d9%8a%d8%af,0,0.9602
https://www.aljazeera.net/news/2026/3/28/%d8%ae%d9%84%d8%a7%d9%81%d8%a7%d8%aa-%d8%a3%d9%88%d8%b1%d9%88%d8%a8%d9%8a%d8%a9-%d8%a3%d9%85%d8%b1%d9%8a%d9%83%d9%8a%d8%a9-%d9%85%d8%ad%d8%aa%d8%af%d9%85%d8%a9-%d8%ad%d8%b1%d8%a8,0,0.6559
https://www.aljazeera.net/news/2026/3/28/%d9%87%d8%ac%d9%85%d8%a7%d8%aa-%d8%a5%d9%8a%d8%b1%d8%a7%d9%86%d9%8a%d8%a9-%d8%ac%d8%af%d9%8a%d8%af%d8%a9-%d8%a8%d8%a7%d9%84%d8%b5%d9%88%d8%a7%d8%b1%d9%8a%d8%ae,4,0.9003
https://www.aljazeera.net/news/2026/3/28/3-%d8%b4%d9%87%d8%af%d8%a7%d8%a1-%d8%a8%d8%a7%d9%84%d8%b6%d9%81%d8%a9-%d9%88%d8%aa%d8%ad%d8%b0%d9%8a%d8%b1%d8%a7%d8%aa-%d9%85%d9%86-%d8%aa%d9%87%d8%ac%d9%8a%d8%b1-200-%d8%b9%d8%a7%d8%a6%d9%84%d8%a9,15,1.0
https://www.aljazeera.net/news/2026/3/28/%d8%b9%d8%a7%d8%ac%d9%84-%d9%87%d9%8a%d8%a6%d8%a9-%d8%a7%d9%84%d8%a8%d8%ab-%d8%a7%d9%84%d8%a5%d8%b3%d8%b1%d8%a7%d8%a6%d9%8a%d9%84%d9%8a%d8%a9-%d8%b5%d9%81%d8%a7%d8%b1%d8%a7%d8%aa,-1,0.0
https://www.aljazeera.net/news/2026/3/28/%d8%a7%d9%84%d8%a3%d9%85%d9%85-%d8%a7%d9%84%d9%85%d8%aa%d8%ad%d8%af%d8%a9-10-%d8%a2%d9%84%d8%a7%d9%81-%d9%85%d8%b1%d8%aa%d8%b2%d9%82-%d9%83%d9%88%d9%84%d9%88%d9%85%d8%a8%d9%8a,-1,0.0
https://www.aljazeera.net/news/2026/3/28/%d8%a8%d8%b9%d8%af-%d8%a7%d9%84%d8%a8%d9%86%d9%89-%d8%a7%d9%84%d8%aa%d8%ad%d8%aa%d9%8a%d8%a9-%d9%88%d8%a7%d9%84%d9%86%d9%88%d9%88%d9%8a%d8%a9-%d8%a7%d8%b3%d8%aa%d9%87%d8%af%d8%a7%d9%81,1,0.4495
https://www.aljazeera.net/news/2026/3/28/%d8%aa%d8%a7%d9%8a%d9%84%d9%86%d8%af-%d8%aa%d8%aa%d9%88%d8%b5%d9%84-%d9%84%d8%a7%d8%aa%d9%81%d8%a7%d9%82-%d9%85%d8%b9-%d8%a5%d9%8a%d8%b1%d8%a7%d9%86-%d9%84%d8%b9%d8%a8%d9%88%d8%b1,0,1.0
https://www.aljazeera.net/news/2026/3/28/%d9%85%d9%82%d8%a7%d8%aa%d9%84%d8%a9-%d8%a3%d9%85%d8%b1%d9%8a%d9%83%d9%8a%d8%a9-%d8%aa%d8%ad%d9%85%d9%84-%d8%b9%d9%84%d9%85-%d8%b3%d9%88%d8%b1%d9%8a%d8%a7-%d8%a7%d9%84%d9%82%d8%af%d9%8a%d9%85,18,0.9985
https://www.aljazeera.net/news/2026/3/28/%d8%a5%d8%b5%d8%a7%d8%a8%d8%a7%d8%aa-%d9%88%d8%ad%d8%b1%d8%a7%d8%a6%d9%82-%d8%a8%d9%87%d8%ac%d9%85%d8%a7%d8%aa-%d8%a5%d9%8a%d8%b1%d8%a7%d9%86%d9%8a%d8%a9-%d8%b9%d9%84%d9%89-4-%d8%af%d9%88%d9%84,4,1.0
https://www.aljazeera.net/news/2026/3/28/%d8%a3%d8%ad%d9%85%d8%af-%d9%82%d8%b9%d8%a8%d9%88%d8%b1-%d8%ad%d9%8a%d9%86-%d9%8a%d8%aa%d8%ad%d9%88%d9%84-%d8%a7%d9%84%d8%b5%d9%88%d8%aa-%d8%a5%d9%84%d9%89-%d8%b0%d8%a7%d9%83%d8%b1%d8%a9,-1,0.0
https://www.aljazeera.net/news/2026/3/28/%d9%85%d9%87%d9%88%d9%88%d8%b3-%d8%a8%d9%83%d8%b4%d9%81-%d8%a3%d8%b3%d8%b1%d8%a7%d8%b1%d9%87%d8%a7-%d9%81%d8%a7%d9%86%d8%b3-%d9%8a%d8%b5%d9%81-%d8%a7%d9%84%d9%83%d8%a7%d8%a6%d9%86%d8%a7%d8%aa,0,0.6876
https://www.aljazeera.net/news/2026/3/28/%d9%87%d9%84-%d8%aa%d8%b5%d9%85%d8%af-%d8%a7%d9%84%d8%af%d9%81%d8%a7%d8%b9%d8%a7%d8%aa-%d8%a7%d9%84%d8%a5%d8%b3%d8%b1%d8%a7%d8%a6%d9%8a%d9%84%d9%8a%d8%a9,1,0.4838
https://www.aljazeera.net/news/2026/3/28/18-%d9%87%d8%b1%d9%88%d8%a8%d8%a7-%d9%84%d9%84%d9%85%d9%84%d8%a7%d8%ac%d8%a6-%d9%81%d9%8a-8-%d8%b3%d8%a7%d8%b9%d8%a7%d8%aa-%d8%b4%d9%85%d8%a7%d9%84-%d8%a5%d8%b3%d8%b1%d8%a7%d8%a6%d9%8a%d9%84,-1,0.0
https://www.aljazeera.net/news/2026/3/28/%d8%a5%d8%b5%d8%a7%d8%a8%d8%a9-15-%d8%ac%d9%86%d8%af%d9%8a%d8%a7-%d8%a3%d9%85%d9%8a%d8%b1%d9%83%d9%8a%d8%a7-%d8%a8%d9%87%d8%ac%d9%88%d9%85-%d8%a5%d9%8a%d8%b1%d8%a7%d9%86%d9%8a-%d9%81%d9%8a,4,0.4635
https://www.aljazeera.net/news/2026/3/28/%d8%ad%d8%b4%d8%af-10-%d8%a2%d9%84%d8%a7%d9%81-%d8%ac%d9%86%d8%af%d9%8a-%d8%a3%d9%85%d8%b1%d9%8a%d9%83%d9%8a-%d9%88%d8%ad%d8%a7%d9%85%d9%84%d8%a9-%d8%b7%d8%a7%d8%a6%d8%b1%d8%a7%d8%aa,0,1.0
https://www.aljazeera.net/news/2026/3/28/%d8%aa%d8%ad%d8%b1%d9%83-%d8%b1%d8%a8%d8%a7%d8%b9%d9%8a-%d9%81%d9%8a-%d8%a5%d8%b3%d9%84%d8%a7%d9%85-%d8%a2%d8%a8%d8%a7%d8%af-%d9%84%d8%ae%d9%81%d8%b6-%d8%a7%d9%84%d8%aa%d8%b5%d8%b9%d9%8a%d8%af,0,1.0
https://www.aljazeera.net/news/2026/3/28/%d8%a8%d9%8a%d9%86-%d8%a7%d9%84%d8%af%d8%b9%d9%85-%d9%88%d8%a7%d9%84%d8%a7%d8%b3%d8%aa%d9%86%d8%b2%d8%a7%d9%81-%d9%85%d8%a7-%d9%87%d9%8a-%d8%ad%d8%af%d9%88%d8%af-%d8%a7%d9%84%d8%af%d9%88%d8%b1,0,0.719
https://www.aljazeera.net/news/2026/3/28/%d8%a7%d8%ac%d8%aa%d9%85%d8%a7%d8%b9-%d8%b1%d8%a8%d8%a7%d8%b9%d9%8a-%d9%81%d9%8a-%d8%a8%d8%a7%d9%83%d8%b3%d8%aa%d8%a7%d9%86-%d9%87%d9%84-%d9%8a%d9%81%d8%aa%d8%ad-%d8%a7%d9%84%d8%b7%d8%b1%d9%8a%d9%82,0,1.0
https://www.aljazeera.net/news/2026/3/28/%d8%a7%d9%84%d8%ac%d8%b2%d9%8a%d8%b1%d8%a9-%d8%aa%d8%b1%d8%b5%d8%af-%d8%a2%d8%ab%d8%a7%d8%b1-%d9%85%d8%ac%d8%b2%d8%b1%d8%a9-%d8%a5%d8%b3%d8%b1%d8%a7%d8%a6%d9%8a%d9%84%d9%8a%d8%a9-%d8%a8%d8%ad%d9%82,2,0.7609
https://www.aljazeera.net/news/2026/3/28/%d8%b1%d9%87%d8%a7%d9%86-%d8%a7%d9%84%d9%82%d9%86%d8%a8%d9%84%d8%a9-%d9%87%d9%84-%d8%aa%d8%ad%d9%88%d9%84-%d8%a7%d9%84%d8%b3%d9%84%d8%a7%d8%ad-%d8%a7%d9%84%d9%86%d9%88%d9%88%d9%8a-%d8%a5%d9%84%d9%89,-1,0.0
https://www.aljazeera.net/news/2026/3/28/%d9%87%d9%84-%d8%a7%d8%b3%d8%aa%d9%86%d8%b2%d9%81%d8%aa-%d8%ad%d8%b1%d8%a8-%d8%a5%d9%8a%d8%b1%d8%a7%d9%86-%d9%85%d8%ae%d8%b2%d9%88%d9%86-%d8%a7%d9%84%d8%b5%d9%88%d8%a7%d8%b1%d9%8a%d8%ae,0,0.9114
https://www.aljazeera.net/news/2026/3/28/%d8%a7%d8%b3%d8%aa%d9%87%d8%af%d8%a7%d9%81-%d8%a5%d9%8a%d8%b1%d8%a7%d9%86%d9%8a-%d8%ac%d8%af%d9%8a%d8%af-%d9%84%d8%ad%d8%a7%d9%85%d9%84%d8%a9-%d8%a7%d9%84%d8%b7%d8%a7%d8%a6%d8%b1%d8%a7%d8%aa,0,0.9569
https://www.aljazeera.net/news/2026/3/28/%d8%a7%d8%b3%d8%aa%d9%87%d8%af%d8%a7%d9%81-%d8%a7%d9%84%d8%a8%d8%b2%d8%a7%d9%84%d9%8a%d8%a9-%d8%a8%d8%a7%d9%84%d8%a8%d9%82%d8%a7%d8%b9-%d8%a5%d8%b3%d8%b1%d8%a7%d8%a6%d9%8a%d9%84,2,0.692
https://www.aljazeera.net/news/2026/3/28/3-%d8%b5%d8%ad%d9%81%d9%8a%d9%8a%d9%86-%d9%82%d8%aa%d9%84%d9%88%d8%a7-%d9%81%d9%8a-%d8%ba%d8%a7%d8%b1%d8%a9-%d8%a5%d8%b3%d8%b1%d8%a7%d8%a6%d9%8a%d9%84%d9%8a%d8%a9,2,0.9435
https://www.aljazeera.net/news/2026/3/28/%d8%aa%d8%b1%d9%85%d8%a8-%d9%8a%d8%b3%d9%85%d9%8a-%d9%87%d8%b1%d9%85%d8%b2-%d8%a8%d8%a7%d8%b3%d9%85%d9%87-%d9%88%d9%8a%d8%aa%d9%85%d8%b3%d9%83-%d8%a8%d9%85%d9%88%d9%82%d9%81%d9%87,0,0.8979
https://www.aljazeera.net/news/2026/3/28/%d9%84%d8%a8%d9%86%d8%a7%d9%86-%d8%b6%d8%b1%d8%a8%d8%a7%d8%aa-%d8%a5%d8%b3%d8%b1%d8%a7%d8%a6%d9%8a%d9%84%d9%8a%d8%a9-%d8%b9%d9%84%d9%89-%d8%a7%d9%84%d8%ac%d9%86%d9%88%d8%a8-%d9%88%d8%b1%d8%af,2,1.0
https://www.aljazeera.net/news/2026/3/28/%d8%ba%d8%b2%d8%a9-113,3,1.0
https://www.aljazeera.net/news/2026/3/28/%d9%88%d8%a7%d8%b4%d9%86%d8%b7%d9%86-%d8%a8%d9%88%d8%b3%d8%aa-%d8%ae%d8%a8%d8%b1%d8%a7%d8%a1-%d9%8a%d8%b1%d8%ac%d8%ad%d9%88%d9%86-%d9%86%d8%b4%d8%b1-%d8%a7%d9%84%d9%82%d9%88%d8%a7%d8%aa,0,0.7069
https://www.aljazeera.net/news/2026/3/28/%d9%82%d9%85%d8%a9-%d9%82%d8%b7%d8%b1%d9%8a%d8%a9-%d8%a3%d9%88%d9%83%d8%b1%d8%a7%d9%86%d9%8a%d8%a9-%d9%88%d8%a7%d8%aa%d9%81%d8%a7%d9%82-%d9%84%d8%aa%d8%a8%d8%a7%d8%af%d9%84,9,0.8537
https://www.aljazeera.net/news/2026/3/28/%d8%a3%d9%86%d9%82%d8%b1%d8%a9-%d8%ac%d9%87%d9%88%d8%af-%d8%aa%d8%b1%d9%83%d9%8a%d8%a9-%d9%85%d9%83%d8%ab%d9%81%d8%a9-%d9%84%d9%81%d8%aa%d8%ad-%d9%85%d8%b3%d8%a7%d8%b1,-1,0.0
https://www.aljazeera.net/news/2026/3/28/%d9%87%d9%84-%d8%a3%d8%b3%d8%b1%d8%aa-%d8%a5%d9%8a%d8%b1%d8%a7%d9%86-%d8%b9%d9%86%d8%a7%d8%b5%d8%b1-%d9%85%d9%86-%d9%82%d9%88%d8%a9-%d8%af%d9%84%d8%aa%d8%a7,18,0.1842
https://www.aljazeera.net/news/2026/3/28/%d9%81%d8%b5%d9%84-%d8%aa%d8%b9%d8%b3%d9%81%d9%8a-%d8%a8%d8%b3%d8%a8%d8%a8-%d8%ba%d8%b2%d8%a9-%d8%a3%d9%83%d8%a7%d8%af%d9%8a%d9%85%d9%8a%d8%a9-%d8%a8%d8%b1%d9%8a%d8%b7%d8%a7%d9%86%d9%8a%d8%a9,3,0.5585
https://www.aljazeera.net/news/2026/3/28/%d8%aa%d8%b9%d8%b7%d9%84-%d8%b3%d9%84%d8%a7%d8%b3%d9%84-%d8%a7%d9%84%d8%a5%d9%85%d8%af%d8%a7%d8%af-%d8%a7%d9%84%d8%b9%d8%a7%d9%84%d9%85%d9%8a%d8%a9-%d9%88%d8%a5%d9%86%d8%b0%d8%a7%d8%b1,-1,0.0
https://www.aljazeera.net/news/2026/3/28/%d8%aa%d8%b1%d9%85%d8%a8-%d9%8a%d8%a8%d8%ad%d8%ab-%d8%b9%d9%86-%d9%85%d8%ae%d8%b1%d8%ac-%d8%aa%d9%81%d8%a7%d9%88%d8%b6%d9%8a-%d9%85%d8%b9-%d8%a5%d9%8a%d8%b1%d8%a7%d9%86-%d8%af%d9%88%d9%86,0,1.0
https://www.aljazeera.net/news/2026/3/28/%d8%aa%d8%b5%d8%b9%d9%8a%d8%af-%d9%85%d8%aa%d8%a8%d8%a7%d8%af%d9%84-%d8%a8%d9%8a%d9%86-%d8%a5%d9%8a%d8%b1%d8%a7%d9%86-%d9%88%d8%a5%d8%b3%d8%b1%d8%a7%d8%a6%d9%8a%d9%84,1,0.8277
https://www.aljazeera.net/news/2026/3/28/%d8%ad%d8%a7%d9%85%d9%84%d8%a9-%d8%a7%d9%84%d8%b7%d8%a7%d8%a6%d8%b1%d8%a7%d8%aa-%d8%a7%d9%84%d8%a3%d9%85%d8%b1%d9%8a%d9%83%d9%8a%d8%a9-%d9%81%d9%88%d8%b1%d8%af-%d8%aa%d8%b5%d9%84-%d8%a5%d9%84%d9%89,-1,0.0
https://www.aljazeera.net/news/2026/3/28/%d8%a8%d9%86%d9%83-%d8%a7%d9%84%d8%a3%d9%87%d8%af%d8%a7%d9%81-%d9%8a%d8%aa%d9%88%d8%b3%d8%b9-%d9%83%d9%8a%d9%81-%d8%aa%d8%ba%d9%8a%d8%b1%d8%aa-%d8%ae%d8%a7%d8%b1%d8%b7%d8%a9,-1,0.0
https://www.aljazeera.net/news/2026/3/28/%d9%87%d8%b1%d9%85%d8%b2-%d9%81%d9%8a-%d8%a3%d8%b2%d9%85%d8%a9-%d9%85%d9%84%d8%a7%d8%ad%d8%a9-30-%d8%a3%d9%84%d9%81-%d8%a8%d8%ad%d8%a7%d8%b1-%d8%b9%d8%a7%d9%84%d9%82-%d9%88%d8%aa%d8%b9%d8%b7%d9%84,0,1.0
https://www.aljazeera.net/news/2026/3/28/%d8%a7%d9%84%d8%ad%d9%83%d9%88%d9%85%d8%a9-%d8%a7%d9%84%d9%8a%d9%85%d9%86%d9%8a%d8%a9-%d8%aa%d8%af%d9%8a%d9%86-%d9%85%d8%ad%d8%a7%d9%88%d9%84%d8%a7%d8%aa-%d8%a5%d9%8a%d8%b1%d8%a7%d9%86,-1,0.0
https://www.aljazeera.net/news/2026/3/28/%d8%b3%d9%86%d8%aa%d9%83%d9%88%d9%85-%d8%aa%d8%b9%d9%84%d9%86-%d9%88%d8%b5%d9%88%d9%84-3500-%d8%ac%d9%86%d8%af%d9%8a-%d8%a3%d9%85%d8%b1%d9%8a%d9%83%d9%8a-%d8%a5%d9%84%d9%89,0,1.0
https://www.aljazeera.net/news/2026/3/28/%d9%87%d8%a2%d8%b1%d8%aa%d8%b3-%d8%aa%d9%83%d8%b4%d9%81-%d8%aa%d8%b6%d8%a7%d8%b1%d8%a8-%d8%aa%d8%b5%d8%b1%d9%8a%d8%ad%d8%a7%d8%aa-%d8%aa%d8%b1%d9%85%d8%a8-%d8%ad%d9%88%d9%84-%d9%85%d8%b1%d9%88%d8%b1,0,0.9203
https://www.aljazeera.net/news/2026/3/28/%d8%a7%d9%84%d8%ac%d9%8a%d8%b4-%d8%a7%d9%84%d8%b3%d9%88%d8%b1%d9%8a-%d9%8a%d8%aa%d8%b5%d8%af%d9%89-%d9%84%d9%87%d8%ac%d9%88%d9%85-%d9%85%d8%b3%d9%8a%d8%b1%d8%a7%d8%aa-%d9%85%d9%86,13,0.3759
https://www.aljazeera.net/news/2026/3/28/%d9%84%d9%85%d8%a7%d8%b0%d8%a7-%d8%a7%d8%b3%d8%aa%d9%87%d8%af%d9%81%d8%aa-%d8%a5%d8%b3%d8%b1%d8%a7%d8%a6%d9%8a%d9%84-%d9%85%d9%88%d8%a7%d9%82%d8%b9-%d8%a7%d9%84%d8%b5%d9%84%d8%a8,1,0.4267
https://www.aljazeera.net/news/2026/3/28/%d9%85%d9%82%d8%aa%d9%84-%d8%ac%d9%86%d8%af%d9%8a-%d9%84%d8%a8%d9%86%d8%a7%d9%86%d9%8a-%d8%a8%d8%ba%d8%a7%d8%b1%d8%a9-%d8%a5%d8%b3%d8%b1%d8%a7%d8%a6%d9%8a%d9%84%d9%8a%d8%a9-%d9%88%d8%ad%d8%b2%d8%a8,2,1.0
https://www.aljazeera.net/news/2026/3/28/%d8%b1%d8%a6%d9%8a%d8%b3-%d8%a7%d9%84%d9%88%d8%b2%d8%b1%d8%a7%d8%a1-%d8%a7%d9%84%d9%82%d8%b7%d8%b1%d9%8a-%d9%8a%d8%af%d8%b9%d9%88-%d9%84%d9%88%d9%82%d9%81,9,1.0
https://www.aljazeera.net/news/2026/3/28/%d8%a7%d9%84%d8%b4%d8%b1%d8%b9-%d9%8a%d8%b2%d9%88%d8%b1-%d8%a3%d9%84%d9%85%d8%a7%d9%86%d9%8a%d8%a7-%d9%88%d8%a8%d8%b1%d9%8a%d8%b7%d8%a7%d9%86%d9%8a%d8%a7-%d9%8a%d9%88%d9%85%d9%8a,6,1.0
https://www.aljazeera.net/news/2026/3/28/%d9%85%d9%84%d8%a7%d9%8a%d9%8a%d9%86-%d8%a7%d9%84%d8%a3%d9%85%d8%b1%d9%8a%d9%83%d9%8a%d9%8a%d9%86-%d9%8a%d8%aa%d8%b8%d8%a7%d9%87%d8%b1%d9%88%d9%86-%d8%aa%d8%ad%d8%aa-%d8%b4%d8%b9%d8%a7%d8%b1,0,0.7171
https://www.aljazeera.net/news/2026/3/28/%d8%a7%d8%b3%d8%aa%d8%ac%d8%a7%d8%a8%d8%a9-%d9%84%d9%85%d8%aa%d8%b7%d9%84%d8%a8%d8%a7%d8%aa-%d9%82%d8%a7%d9%86%d9%88%d9%86%d9%8a%d8%a9-%d8%ad%d8%b2%d8%a8-%d8%ac%d8%a8%d9%87%d8%a9,-1,0.0
https://www.aljazeera.net/news/2026/3/28/%d8%b4%d9%87%d8%b1-%d8%b9%d9%84%d9%89-%d8%ad%d8%b1%d8%a8-%d8%a5%d9%8a%d8%b1%d8%a7%d9%86-%d9%85%d9%86-%d8%a7%d8%ba%d8%aa%d9%8a%d8%a7%d9%84-%d8%a7%d9%84%d9%82%d9%85%d8%a9-%d8%a5%d9%84%d9%89,1,0.4838
https://www.aljazeera.net/news/2026/3/28/%d9%82%d8%aa%d9%84%d9%89-%d8%a8%d8%a7%d8%b3%d8%aa%d9%87%d8%af%d8%a7%d9%81-%d9%84%d9%85%d9%82%d8%b1-%d9%84%d9%84%d8%ad%d8%b4%d8%af-%d8%a7%d9%84%d8%b4%d8%b9%d8%a8%d9%8a-%d9%88%d9%87%d8%ac%d9%88%d9%85,13,1.0
https://www.aljazeera.net/news/2026/3/28/%d8%aa%d8%b1%d9%83%d9%8a%d8%a7-%d8%b1%d8%b5%d8%af-%d9%88%d8%aa%d8%af%d9%85%d9%8a%d8%b1-275-%d8%ac%d8%b3%d9%85%d8%a7-%d9%85%d8%b4%d8%a8%d9%88%d9%87%d8%a7-%d9%81%d9%8a-%d8%a7%d9%84%d8%a8%d8%ad%d8%b1,12,1.0
https://www.aljazeera.net/news/2026/3/28/%d8%a5%d8%b9%d9%84%d8%a7%d9%85-%d8%a5%d8%b3%d8%b1%d8%a7%d8%a6%d9%8a%d9%84%d9%8a-%d8%aa%d9%84-%d8%a3%d8%a8%d9%8a%d8%a8-%d8%aa%d9%87%d8%af%d8%af-%d8%a8%d8%a7%d9%84%d8%b1%d8%af-%d8%a8%d8%b9%d8%af,-1,0.0
https://www.aljazeera.net/news/2026/3/28/%d9%85%d9%82%d8%aa%d9%84-17-%d8%b4%d8%ae%d8%b5%d8%a7-%d9%88%d8%aa%d8%b6%d8%b1%d8%b1-1370-%d8%a3%d8%b3%d8%b1%d8%a9-%d9%86%d8%a7%d8%b2%d8%ad%d8%a9-%d8%ac%d8%b1%d8%a7%d8%a1,-1,0.0
https://www.aljazeera.net/news/2026/3/28/%d8%af%d9%8a-%d9%81%d8%a7%d9%86%d8%b3-%d9%87%d8%af%d9%81-%d8%a7%d9%84%d8%b9%d9%85%d9%84%d9%8a%d8%a9-%d9%87%d9%88-%d8%aa%d8%ad%d9%8a%d9%8a%d8%af-%d8%a5%d9%8a%d8%b1%d8%a7%d9%86,0,0.8698
https://www.aljazeera.net/news/2026/3/27/%d9%85%d8%b9-%d8%aa%d8%b9%d9%85%d9%8a%d9%82-%d8%a7%d9%84%d8%aa%d9%88%d8%ba%d9%84-%d8%a7%d9%84%d8%a5%d8%b3%d8%b1%d8%a7%d8%a6%d9%8a%d9%84%d9%8a-%d9%83%d9%8a%d9%81-%d9%8a%d8%af%d9%8a%d8%b1,2,0.5592
https://www.aljazeera.net/news/2026/3/27/%d8%aa%d8%ad%d8%b0%d9%8a%d8%b1%d8%a7%d9%86-%d9%85%d9%86-%d9%84%d8%a8%d9%8a%d8%af-%d9%88%d8%b2%d8%a7%d9%85%d9%8a%d8%b1-%d9%83%d8%a7%d8%b1%d8%ab%d8%a9-%d8%a3%d9%85%d9%86%d9%8a%d8%a9,-1,0.0
https://www.aljazeera.net/news/2026/3/27/%d8%a3%d8%b3%d8%b1%d8%a7%d8%a8-%d9%86%d8%a7%d9%82%d9%84%d8%a7%d8%aa-%d8%a7%d9%84%d9%86%d9%81%d8%b7-%d8%aa%d8%aa%d8%b1%d9%82%d8%a8-%d8%b9%d9%84%d9%89-%d8%a3%d8%a8%d9%88%d8%a7%d8%a8,0,1.0
https://www.aljazeera.net/news/2026/3/27/%d9%85%d9%87%d9%84%d8%a9-%d8%ab%d8%a7%d9%84%d8%ab%d8%a9-%d8%a3%d9%85-%d8%ae%d8%af%d9%8a%d8%b9%d8%a9-%d8%ab%d8%a7%d9%84%d8%ab%d8%a9,0,1.0
https://www.aljazeera.net/news/2026/3/27/%d8%b1%d8%a6%d9%8a%d8%b3-%d8%a7%d9%84%d9%88%d8%b2%d8%b1%d8%a7%d8%a1-%d8%a7%d9%84%d9%82%d8%b7%d8%b1%d9%8a-%d9%8a%d8%ac%d8%aa%d9%85%d8%b9-%d9%85%d8%b9-%d9%88%d8%b2%d9%8a%d8%b1-2,9,1.0
https://www.aljazeera.net/news/2026/3/27/%d8%a7%d9%84%d8%b7%d8%a7%d9%82%d8%a9-%d8%a7%d9%84%d8%b0%d8%b1%d9%8a%d8%a9-%d8%aa%d8%ac%d8%af%d8%af-%d8%a7%d9%84%d8%aa%d8%ad%d8%b0%d9%8a%d8%b1-%d9%85%d9%86-%d8%ae%d8%b7%d8%b1,-1,0.0
https://www.aljazeera.net/news/2026/3/27/%d9%86%d8%b7%d9%86%d8%b2-%d9%88%d8%a3%d8%b5%d9%81%d9%87%d8%a7%d9%86-%d9%88%d8%a3%d8%b1%d8%a7%d9%83-%d9%85%d8%a7%d8%b0%d8%a7-%d8%aa%d8%a8%d9%82%d9%89-%d9%85%d9%86,1,0.3669
https://www.aljazeera.net/news/2026/3/27/%d8%ad%d8%b2%d8%a8-%d8%a7%d9%84%d9%84%d9%87-%d9%8a%d9%86%d9%81%d8%b0-%d9%87%d8%ac%d9%88%d9%85%d9%87-%d8%a7%d9%84%d8%a3%d9%83%d8%a8%d8%b1-%d8%b6%d8%af-%d8%a5%d8%b3%d8%b1%d8%a7%d8%a6%d9%8a%d9%84,1,0.7469
https://www.aljazeera.net/news/2026/3/27/%d9%88%d9%84%d9%8a-%d8%a7%d9%84%d8%b9%d9%87%d8%af-%d8%a7%d9%84%d8%b3%d8%b9%d9%88%d8%af%d9%8a-%d9%8a%d8%a8%d8%ad%d8%ab-%d9%85%d8%b9-%d8%a7%d9%84%d8%b1%d8%a6%d9%8a%d8%b3-2,12,0.3688
https://www.aljazeera.net/news/2026/3/27/%d8%af%d9%88%d9%84-%d8%ae%d9%84%d9%8a%d8%ac%d9%8a%d8%a9-%d8%aa%d8%b9%d9%84%d9%86-%d8%a7%d8%b9%d8%aa%d8%b1%d8%a7%d8%b6-%d9%85%d9%88%d8%ac%d8%a7%d8%aa-%d8%ac%d8%af%d9%8a%d8%af%d8%a9-%d9%85%d9%86,4,1.0
https://www.aljazeera.net/news/2026/3/27/%d8%aa%d9%82%d8%a7%d8%b1%d9%8a%d8%b1-%d8%a7%d9%84%d8%a8%d9%86%d8%aa%d8%a7%d8%ba%d9%88%d9%86-%d9%8a%d8%ae%d8%b7%d8%b7-%d9%84%d8%b9%d9%85%d9%84%d9%8a%d8%a7%d8%aa-%d8%a8%d8%b1%d9%8a%d8%a9,0,1.0
https://www.aljazeera.net/news/2026/3/27/%d9%87%d8%a2%d8%b1%d8%aa%d8%b3-%d8%a7%d9%84%d8%ac%d9%8a%d8%b4-%d8%a7%d9%84%d8%a5%d8%b3%d8%b1%d8%a7%d8%a6%d9%8a%d9%84%d9%8a-%d9%8a%d8%b1%d8%b3%d8%ae-%d8%a7%d9%84%d8%ae%d8%b7,-1,0.0
https://www.aljazeera.net/news/2026/3/27/%d8%aa%d8%b1%d8%a7%d8%ac%d8%b9-%d9%82%d9%8a%d8%a7%d8%b3%d9%8a-%d9%81%d9%8a-%d8%b4%d8%b9%d8%a8%d9%8a%d8%a9-%d8%aa%d8%b1%d9%85%d8%a8-%d8%a7%d8%b3%d8%aa%d8%b7%d9%84%d8%a7%d8%b9-%d9%8a%d9%83%d8%b4%d9%81,0,1.0
https://www.aljazeera.net/news/2026/3/27/%d9%85%d8%ac%d9%84%d8%b3-%d8%a7%d9%84%d8%a3%d9%85%d9%86-%d9%8a%d8%b9%d9%82%d8%af-%d9%85%d8%b4%d8%a7%d9%88%d8%b1%d8%a7%d8%aa-%d9%85%d8%ba%d9%84%d9%82%d8%a9-%d8%a8%d8%b4%d8%a3%d9%86,0,0.9053
https://www.aljazeera.net/news/2026/3/27/%d9%85%d8%ac%d9%84%d8%b3-%d8%a7%d9%84%d8%a3%d9%85%d9%86-%d9%8a%d8%ac%d8%aa%d9%85%d8%b9-%d8%a7%d9%84%d8%ac%d9%85%d8%b9%d8%a9-%d8%a8%d8%b4%d8%a3%d9%86-%d8%a5%d9%8a%d8%b1%d8%a7%d9%86-%d9%87%d9%84,0,1.0
https://www.aljazeera.net/news/2026/3/27/%d8%b1%d9%88%d9%8a%d8%aa%d8%b1%d8%b2-%d8%a3%d9%85%d8%b1%d9%8a%d9%83%d8%a7-%d8%aa%d9%86%d8%b4%d8%b1-%d8%b2%d9%88%d8%a7%d8%b1%d9%82-%d9%85%d8%b3%d9%8a%d8%b1%d8%a9-%d9%81%d9%8a,0,0.7437
https://www.aljazeera.net/news/2026/3/27/%d9%88%d8%a7%d8%b4%d9%86%d8%b7%d9%86-%d9%88%d8%a3%d8%b1%d8%a8%d9%8a%d9%84-%d8%a7%d8%aa%d8%b5%d8%a7%d9%84-%d8%b1%d9%81%d9%8a%d8%b9-%d9%84%d9%85%d9%88%d8%a7%d8%ac%d9%87%d8%a9,0,1.0
https://www.aljazeera.net/news/2026/3/27/%d8%b0%d8%b1%d8%a7%d8%b9%d8%a7%d9%86-%d9%85%d9%81%d8%aa%d9%88%d8%ad%d8%aa%d8%a7%d9%86-%d9%88%d9%84%d8%a7-%d8%a3%d8%ad%d8%af-%d9%8a%d8%a3%d8%aa%d9%8a-%d9%83%d9%8a%d9%81-%d9%83%d8%b4%d9%81,3,0.5823
https://www.aljazeera.net/news/2026/3/27/%d8%b1%d9%88%d9%8a%d8%aa%d8%b1%d8%b2-%d8%a3%d9%83%d8%a8%d8%b1-%d8%b4%d8%b1%d9%83%d8%a9-%d8%b5%d9%8a%d9%86%d9%8a%d8%a9-%d9%84%d8%aa%d8%b5%d9%86%d9%8a%d8%b9-%d8%a7%d9%84%d8%b1%d9%82%d8%a7%d8%a6%d9%82,0,0.726
https://www.aljazeera.net/news/2026/3/27/%d8%a8%d9%8a%d8%a7%d9%86%d8%a7%d8%aa-%d9%85%d9%84%d8%a7%d8%ad%d9%8a%d8%a9-%d8%a7%d9%84%d8%b5%d9%8a%d9%86-%d8%aa%d8%aa%d8%ac%d9%87-%d9%84%d9%84%d9%86%d9%81%d8%b7,0,1.0
https://www.aljazeera.net/news/2026/3/27/%d8%b4%d8%b8%d8%a7%d9%8a%d8%a7-%d9%81%d9%88%d9%82-%d8%a7%d9%84%d8%b6%d9%81%d8%a9-%d8%a7%d8%b3%d8%aa%d9%86%d9%81%d8%a7%d8%b1-%d8%a3%d9%85%d9%86%d9%8a-%d9%81%d9%84%d8%b3%d8%b7%d9%8a%d9%86%d9%8a,1,0.7594
https://www.aljazeera.net/news/2026/3/27/%d8%a3%d8%b3%d8%aa%d8%b1%d8%a7%d9%84%d9%8a%d8%a7-%d8%aa%d8%b1%d8%af-%d8%b9%d9%84%d9%89-%d8%aa%d9%88%d8%a8%d9%8a%d8%ae-%d8%aa%d8%b1%d9%85%d8%a8-%d8%a8%d8%b3%d8%a8%d8%a8-%d8%a7%d9%84%d8%ad%d8%b1%d8%a8,0,0.9141
https://www.aljazeera.net/news/2026/3/27/%d9%85%d8%b5%d8%b1-%d9%88%d8%aa%d8%b1%d9%83%d9%8a%d8%a7-%d9%88%d8%a8%d8%a7%d9%83%d8%b3%d8%aa%d8%a7%d9%86-%d8%aa%d8%a8%d8%ad%d8%ab-%d8%b3%d9%8a%d9%86%d8%a7%d8%b1%d9%8a%d9%88%d9%87%d8%a7%d8%aa,-1,0.0
https://www.aljazeera.net/news/2026/3/27/%d9%88%d9%81%d8%af-%d8%a8%d8%b1%d9%84%d9%85%d8%a7%d9%86%d9%8a-%d8%b1%d9%88%d8%b3%d9%8a-%d9%8a%d8%b2%d9%88%d8%b1-%d9%88%d8%a7%d8%b4%d9%86%d8%b7%d9%86-%d9%88%d8%aa%d8%ad%d8%b0%d9%8a%d8%b1,-1,0.0
https://www.aljazeera.net/news/2026/3/27/%d8%a3%d8%b2%d9%85%d8%a9-%d8%a7%d9%84%d8%aa%d8%ac%d9%86%d9%8a%d8%af-%d8%aa%d8%ad%d8%b0%d9%8a%d8%b1%d8%a7%d8%aa-%d9%85%d9%86-%d8%a7%d9%86%d9%87%d9%8a%d8%a7%d8%b1-%d8%af%d8%a7%d8%ae%d9%84%d9%8a,-1,0.0
https://www.aljazeera.net/news/2026/3/27/%d8%a7%d9%84%d9%8a%d9%88%d8%b1%d8%a7%d9%86%d9%8a%d9%88%d9%85-%d8%a7%d9%84%d9%85%d8%af%d9%81%d9%88%d9%86-%d9%87%d9%84-%d8%aa%d8%aa%d8%ad%d9%88%d9%84-%d9%85%d9%87%d9%85%d8%a9,-1,0.0
https://www.aljazeera.net/news/2026/3/27/%d8%a5%d9%8a%d8%b1%d8%a7%d9%86-%d9%88%d8%a5%d8%b3%d8%b1%d8%a7%d8%a6%d9%8a%d9%84-%d8%aa%d8%aa%d8%a8%d8%a7%d8%af%d9%84%d8%a7%d9%86-%d8%a7%d9%84%d8%b6%d8%b1%d8%a8%d8%a7%d8%aa,1,0.5315
https://www.aljazeera.net/news/2026/3/27/%d8%a5%d8%b3%d8%b1%d8%a7%d8%a6%d9%8a%d9%84-%d8%aa%d9%82%d8%b5%d9%81-%d8%b6%d8%a7%d8%ad%d9%8a%d8%a9-%d8%a8%d9%8a%d8%b1%d9%88%d8%aa-%d9%88%d8%aa%d9%86%d8%b0%d8%b1-%d8%a8%d9%84%d8%af%d8%a7%d8%aa,2,0.6958
https://www.aljazeera.net/news/2026/3/27/%d8%aa%d8%a3%d9%8a%d9%8a%d8%af-%d8%a3%d8%ae%d9%84%d8%a7%d9%82%d9%8a-%d9%88%d8%af%d9%8a%d9%86%d9%8a-%d9%85%d9%86-%d8%ac%d9%85%d9%87%d9%88%d8%b1%d9%8a%d9%8a%d9%86-%d9%84%d8%ad%d8%b1%d8%a8,0,0.9827
https://www.aljazeera.net/news/2026/3/27/%d8%a7%d8%ad%d8%aa%d9%81%d8%aa-%d8%a5%d8%b3%d8%b1%d8%a7%d8%a6%d9%8a%d9%84-%d8%a8%d8%a7%d8%ba%d8%aa%d9%8a%d8%a7%d9%84%d9%87-%d9%85%d8%a7%d8%b0%d8%a7-%d9%86%d8%b9%d8%b1%d9%81-%d8%b9%d9%86,-1,0.0
https://www.aljazeera.net/news/2026/3/27/%d8%b1%d8%a6%d9%8a%d8%b3-%d9%85%d8%ac%d9%84%d8%b3-%d8%a7%d9%84%d9%82%d8%b6%d8%a7%d8%a1-%d8%a7%d9%84%d8%a3%d8%b9%d9%84%d9%89-%d8%a7%d9%84%d8%b9%d8%b1%d8%a7%d9%82%d9%8a-%d9%8a%d8%ad%d8%b0%d8%b1,13,0.7061
https://www.aljazeera.net/news/2026/3/27/%d8%b6%d8%b1%d8%a8%d8%a7%d8%aa-%d8%a5%d9%8a%d8%b1%d8%a7%d9%86%d9%8a%d8%a9-%d8%b9%d9%84%d9%89-%d8%a7%d9%84%d8%ae%d9%84%d9%8a%d8%ac-%d8%a3%d8%b6%d8%b1%d8%a7%d8%b1-%d8%a8%d9%85%d9%8a%d9%86%d8%a7%d8%a1,4,1.0
https://www.aljazeera.net/news/2026/3/27/%d9%81%d9%8a-%d8%b8%d9%84-%d9%87%d8%b4%d8%a7%d8%b4%d8%a9-%d8%a7%d9%84%d8%a8%d9%86%d9%8a%d8%a9-%d8%a7%d9%84%d8%aa%d8%ad%d8%aa%d9%8a%d8%a9-%d9%85%d9%86%d8%ae%d9%81%d8%b6-%d8%ac%d9%88%d9%8a,3,1.0
https://www.aljazeera.net/news/2026/3/27/%d8%b9%d8%b1%d8%a7%d9%82%d8%ac%d9%8a-%d8%a3%d9%85%d8%a7%d9%85-%d9%85%d8%ac%d9%84%d8%b3-%d8%ad%d9%82%d9%88%d9%82-%d8%a7%d9%84%d8%a5%d9%86%d8%b3%d8%a7%d9%86-%d9%82%d8%b5%d9%81,-1,0.0
https://www.aljazeera.net/news/2026/3/27/%d8%b4%d9%87%d9%8a%d8%af-%d9%88%d9%85%d9%88%d8%a7%d8%ac%d9%87%d8%a7%d8%aa-%d9%88%d8%a5%d8%b5%d8%a7%d8%a8%d8%a7%d8%aa-%d9%81%d9%8a-%d8%a7%d9%84%d8%b6%d9%81%d8%a9,15,1.0
https://www.aljazeera.net/news/2026/3/27/%d8%a7%d9%84%d8%a3%d9%85%d9%85-%d8%a7%d9%84%d9%85%d8%aa%d8%ad%d8%af%d8%a9-%d8%aa%d8%a4%d9%83%d8%af-%d8%aa%d8%b6%d8%b1%d8%b1-82-%d8%a3%d9%84%d9%81-%d9%85%d8%a8%d9%86%d9%89-%d9%81%d9%8a,1,0.3509
https://www.aljazeera.net/news/2026/3/27/%d9%88%d8%b2%d9%8a%d8%b1-%d8%a7%d9%84%d8%af%d9%81%d8%a7%d8%b9-%d8%a7%d9%84%d8%a3%d9%84%d9%85%d8%a7%d9%86%d9%8a-%d8%a7%d9%84%d9%86%d8%a7%d8%aa%d9%88-%d9%8a%d8%ad%d9%85%d9%8a,0,0.8406
https://www.aljazeera.net/news/2026/3/27/%d8%b1%d8%a6%d9%8a%d8%b3-%d9%88%d8%b2%d8%b1%d8%a7%d8%a1-%d9%82%d8%b7%d8%b1-%d9%8a%d8%a8%d8%ad%d8%ab-%d8%a8%d9%88%d8%a7%d8%b4%d9%86%d8%b7%d9%86-%d8%a7%d9%84%d8%aa%d8%b9%d8%a7%d9%88%d9%86,9,0.8887
https://www.aljazeera.net/news/2026/3/27/%d8%b5%d9%88%d8%b1-%d8%a3%d9%82%d9%85%d8%a7%d8%b1-%d8%b5%d9%86%d8%a7%d8%b9%d9%8a%d8%a9-%d8%aa%d8%b1%d8%b5%d8%af-%d8%a7%d9%82%d8%aa%d8%b1%d8%a7%d8%a8-%d8%a7%d9%83%d8%aa%d9%85%d8%a7%d9%84,-1,0.0
https://www.aljazeera.net/news/2026/3/27/%d8%a7%d9%84%d8%ad%d8%b1%d8%b3-%d8%a7%d9%84%d8%ab%d9%88%d8%b1%d9%8a-%d9%85%d8%b6%d9%8a%d9%82-%d9%87%d8%b1%d9%85%d8%b2-%d9%85%d8%ba%d9%84%d9%82-%d9%88%d9%85%d9%86%d8%b9%d9%86%d8%a7,0,1.0
https://www.aljazeera.net/news/2026/3/27/%d9%88%d8%b2%d9%8a%d8%b1-%d8%a7%d9%84%d8%ae%d8%a7%d8%b1%d8%ac%d9%8a%d8%a9-%d8%a7%d9%84%d8%b1%d9%88%d8%b3%d9%8a-%d9%8a%d9%86%d9%81%d9%8a-%d8%aa%d8%b2%d9%88%d9%8a%d8%af-%d8%a5%d9%8a%d8%b1%d8%a7%d9%86,0,0.7798
https://www.aljazeera.net/news/2026/3/27/%d9%87%d9%84-%d8%a7%d8%b3%d8%aa%d8%a8%d8%b9%d8%af%d8%aa-%d8%ac%d9%86%d9%88%d8%a8-%d8%a3%d9%81%d8%b1%d9%8a%d9%82%d9%8a%d8%a7-%d9%85%d9%86-%d9%82%d9%85%d8%a9-%d8%a7%d9%84%d8%b3%d8%a8%d8%b9,-1,0.0
https://www.aljazeera.net/news/2026/3/27/%d8%b4%d8%b1%d8%b7%d8%a9-%d9%84%d9%86%d8%af%d9%86-%d8%aa%d8%ad%d9%82%d9%82-%d9%81%d9%8a-%d8%aa%d9%88%d8%b1%d8%b7-%d8%b4%d8%b1%d8%b7%d9%8a-%d8%a8%d8%aa%d8%b1%d9%87%d9%8a%d8%a8,16,1.0
https://www.aljazeera.net/news/2026/3/27/%d8%a7%d9%84%d9%8a%d9%88%d9%86%d9%8a%d8%b3%d9%81-%d9%85%d9%82%d8%aa%d9%84-121-%d8%b7%d9%81%d9%84%d8%a7-%d9%88%d8%a5%d8%b5%d8%a7%d8%a8%d8%a9-%d8%a7%d9%84%d9%85%d8%a6%d8%a7%d8%aa-%d9%81%d9%8a,-1,0.0
https://www.aljazeera.net/news/2026/3/27/%d8%a8%d8%b1%d9%8a%d8%b7%d8%a7%d9%86%d9%8a%d8%a7-%d9%82%d9%84%d9%82%d9%88%d9%86-%d9%85%d9%86-%d8%b9%d9%84%d8%a7%d9%82%d8%a9-%d9%85%d9%88%d8%b3%d9%83%d9%88-%d9%88%d8%b7%d9%87%d8%b1%d8%a7%d9%86,0,1.0
https://www.aljazeera.net/news/2026/3/27/%d8%a7%d8%b3%d8%aa%d9%86%d8%b2%d8%a7%d9%81-%d8%a7%d9%84%d8%aa%d8%b1%d8%b3%d8%a7%d9%86%d8%a9-%d8%a7%d9%84%d8%a3%d9%85%d8%b1%d9%8a%d9%83%d9%8a%d8%a9-%d8%a7%d9%84%d9%81%d8%a7%d8%aa%d9%88%d8%b1%d8%a9,0,0.965
https://www.aljazeera.net/news/2026/3/27/%d9%84%d9%84%d8%ac%d9%85%d8%b9%d8%a9-%d8%a7%d9%84%d8%b1%d8%a7%d8%a8%d8%b9%d8%a9-%d8%a7%d9%84%d8%a7%d8%ad%d8%aa%d9%84%d8%a7%d9%84-%d9%8a%d9%85%d9%86%d8%b9-%d8%a7%d9%84%d8%b5%d9%84%d8%a7%d8%a9,17,1.0
https://www.aljazeera.net/news/2026/3/27/%d8%a5%d8%b3%d8%b1%d8%a7%d8%a6%d9%8a%d9%84-%d8%aa%d8%aa%d9%88%d8%b9%d8%af-%d8%a5%d9%8a%d8%b1%d8%a7%d9%86-%d8%a8%d8%aa%d8%b5%d8%b9%d9%8a%d8%af-%d8%a7%d9%84%d8%b6%d8%b1%d8%a8%d8%a7%d8%aa,-1,0.0
https://www.aljazeera.net/news/2026/3/27/%d8%b9%d8%b4%d8%b1%d8%a7%d8%aa-%d8%a7%d9%84%d8%b6%d8%ad%d8%a7%d9%8a%d8%a7-%d8%a8%d8%a7%d9%86%d9%87%d9%8a%d8%a7%d8%b1%d8%a7%d8%aa-%d8%a3%d8%b1%d8%b6%d9%8a%d8%a9-%d9%81%d9%8a,-1,0.0
https://www.aljazeera.net/news/2026/3/27/%d9%81%d8%b1%d9%86%d8%b3%d8%a7-%d9%87%d8%b0%d9%87-%d9%84%d9%8a%d8%b3%d8%aa-%d8%ad%d8%b1%d8%a8%d9%86%d8%a7-%d9%88%d9%88%d8%ac%d9%88%d8%af%d9%86%d8%a7-%d9%81%d9%8a,0,1.0
https://www.aljazeera.net/news/2026/3/27/%d8%ba%d8%b2%d8%a9-%d8%aa%d8%ad%d8%aa-%d9%88%d8%b7%d8%a3%d8%a9-%d8%a7%d9%84%d9%83%d8%a7%d8%b1%d8%ab%d8%a9-%d9%85%d8%b9%d9%84%d8%a8%d8%a7%d8%aa-%d8%ba%d8%b0%d8%a7%d8%a6%d9%8a%d8%a9,3,1.0
https://www.aljazeera.net/news/2026/3/27/%d8%a7%d9%84%d8%a5%d9%8a%d9%83%d9%88%d8%a7%d8%b3-%d8%aa%d8%b9%d9%8a%d9%86-%d9%88%d8%b3%d9%8a%d8%b7%d8%a7-%d9%84%d9%84%d8%ad%d9%88%d8%a7%d8%b1-%d9%85%d8%b9-%d8%a7%d9%84%d9%86%d9%8a%d8%ac%d8%b1,5,1.0
https://www.aljazeera.net/news/2026/3/27/%d9%85%d8%b3%d8%a7%d8%b1%d8%ad-%d8%b7%d8%b1%d8%a7%d8%a8%d9%84%d8%b3-%d8%aa%d8%ad%d8%aa%d8%b6%d9%86-%d9%86%d8%a7%d8%b2%d8%ad%d9%8a-%d8%a7%d9%84%d8%ac%d9%86%d9%88%d8%a8,-1,0.0
https://www.aljazeera.net/news/2026/3/27/%d8%a3%d9%83%d8%b3%d9%8a%d9%88%d8%b3-%d9%85%d8%ad%d8%a7%d9%88%d9%84%d8%a7%d8%aa-%d8%a5%d8%b3%d8%b1%d8%a7%d8%a6%d9%8a%d9%84%d9%8a%d8%a9-%d9%84%d8%aa%d9%82%d9%88%d9%8a%d8%b6-%d8%ac%d9%87%d9%88%d8%af,0,1.0
https://www.aljazeera.net/news/2026/3/27/%d9%85%d8%ac%d9%85%d9%88%d8%b9%d8%a9-%d8%a7%d9%84%d8%b3%d8%a8%d8%b9-%d8%aa%d8%b7%d9%84%d8%a8-%d8%a5%d9%8a%d8%b6%d8%a7%d8%ad%d8%a7%d8%aa-%d8%a3%d9%85%d8%b1%d9%8a%d9%83%d9%8a%d8%a9,0,1.0
https://www.aljazeera.net/news/2026/3/27/22-%d9%82%d8%aa%d9%8a%d9%84%d8%a7-%d9%88%d8%a2%d9%84%d8%a7%d9%81-%d8%a7%d9%84%d8%a5%d8%b5%d8%a7%d8%a8%d8%a7%d8%aa-%d9%88%d8%a7%d9%84%d8%a5%d8%ae%d9%84%d8%a7%d8%a1%d8%a7%d8%aa,1,0.4464
https://www.aljazeera.net/news/2026/3/27/%d8%b2%d9%86%d8%b2%d8%a7%d9%86%d8%a9-%d9%88%d8%b9%d8%b2%d9%84%d8%a9-%d9%82%d8%a7%d8%b3%d9%8a%d8%a9-%d8%b8%d8%b1%d9%88%d9%81-%d8%b3%d8%ac%d9%86-%d9%82%d8%a7%d8%b3%d9%8a%d8%a9,11,1.0
https://www.aljazeera.net/news/2026/3/27/%d8%b4%d8%a7%d9%87%d8%af-%d8%ad%d8%b2%d8%a8-%d8%a7%d9%84%d9%84%d9%87-%d9%8a%d9%82%d8%b5%d9%81-%d9%82%d9%88%d8%a7%d8%b9%d8%af-%d8%a5%d8%b3%d8%b1%d8%a7%d8%a6%d9%8a%d9%84%d9%8a%d8%a9,2,0.6158
https://www.aljazeera.net/news/2026/3/27/%d8%a3%d9%84%d9%85%d8%a7%d9%86%d9%8a%d8%a7-%d9%88%d8%aa%d8%b1%d9%83%d9%8a%d8%a7-%d8%aa%d8%a4%d9%83%d8%af%d8%a7%d9%86-%d8%a3%d9%87%d9%85%d9%8a%d8%a9-%d8%a7%d9%84%d8%aa%d9%81%d8%a7%d9%88%d8%b6,0,1.0
https://www.aljazeera.net/news/2026/3/27/%d8%a7%d9%84%d8%b5%d9%88%d9%85%d8%a7%d9%84-6,-1,0.0
https://www.aljazeera.net/news/2026/3/27/%d8%b9%d8%a7%d8%ac%d9%84-%d8%a7%d9%84%d8%ad%d8%b1%d8%b3-%d8%a7%d9%84%d8%ab%d9%88%d8%b1%d9%8a-%d8%a7%d9%84%d8%a5%d9%8a%d8%b1%d8%a7%d9%86%d9%8a-%d8%a7%d9%84%d8%b9%d8%af%d9%88-2,1,0.4333
https://www.aljazeera.net/news/2026/3/27/%d8%b9%d8%a7%d8%ac%d9%84-%d8%aa%d8%b1%d9%85%d8%a8-%d9%86%d9%82%d9%88%d9%85-%d8%a8%d8%b9%d9%85%d9%84-%d8%ac%d9%8a%d8%af-%d9%84%d9%84%d8%ba%d8%a7%d9%8a%d8%a9-%d9%81%d9%8a,0,0.9662
https://www.aljazeera.net/news/2026/3/27/%d8%b3%d9%84%d8%a7%d8%ad-%d8%a7%d9%84%d8%ac%d9%88-%d9%84%d9%85%d9%86-%d9%84%d8%a7-%d9%8a%d9%85%d9%84%d9%83%d9%87-%d9%83%d9%8a%d9%81-%d8%ba%d9%8a%d8%b1%d8%aa,-1,0.0
https://www.aljazeera.net/news/2026/3/27/%d8%a7%d9%84%d9%85%d8%b3%d8%aa%d8%b4%d8%a7%d8%b1-%d8%a7%d9%84%d8%a3%d9%84%d9%85%d8%a7%d9%86%d9%8a-%d9%85%d8%a7-%d9%8a%d9%81%d8%b9%d9%84%d9%87-%d8%aa%d8%b1%d9%85%d8%a8-%d8%a7%d9%84%d8%a2%d9%86-2,0,0.9621
https://www.aljazeera.net/news/2026/3/27/%d8%b9%d8%a7%d8%ac%d9%84-%d8%b1%d8%a6%d9%8a%d8%b3-%d9%85%d8%ac%d9%84%d8%b3-%d8%a7%d9%84%d8%b3%d9%84%d8%a7%d9%85-%d9%84%d9%84%d8%ac%d8%b2%d9%8a%d8%b1%d8%a9-%d9%86%d8%b3%d8%b9%d9%89,-1,0.0
https://www.aljazeera.net/news/2026/3/27/%d8%a7%d8%aa%d9%81%d8%a7%d9%82-%d8%b3%d8%b9%d9%88%d8%af%d9%8a-%d9%80-%d8%a3%d9%88%d9%83%d8%b1%d8%a7%d9%86%d9%8a-%d9%84%d9%84%d8%a3%d9%85%d9%86-%d8%a7%d9%84%d8%ac%d9%88%d9%8a,12,0.4547
https://www.aljazeera.net/news/2026/3/27/%d8%ad%d8%b2%d8%a8-%d8%a7%d9%84%d9%84%d9%87-%d9%8a%d8%b4%d8%aa%d8%a8%d9%83-%d9%85%d8%b9-%d8%ac%d9%86%d9%88%d8%af-%d8%a5%d8%b3%d8%b1%d8%a7%d8%a6%d9%8a%d9%84%d9%8a%d9%8a%d9%86,2,0.8667
https://www.aljazeera.net/news/2026/3/27/%d8%aa%d9%82%d8%b1%d9%8a%d8%b1-%d8%a3%d9%85%d9%85%d9%8a-%d8%a7%d9%86%d8%aa%d9%87%d8%a7%d9%83%d8%a7%d8%aa-%d8%a7%d9%84%d8%b3%d9%88%d9%8a%d8%af%d8%a7%d8%a1-%d9%82%d8%af-%d8%aa%d8%b4%d9%83%d9%84,10,0.8745
https://www.aljazeera.net/news/2026/3/27/%d8%b9%d8%a7%d8%ac%d9%84-%d8%a7%d9%84%d9%85%d8%aa%d8%ad%d8%af%d8%ab-%d8%a8%d8%a7%d8%b3%d9%85-%d8%a7%d9%84%d8%ac%d9%8a%d8%b4-%d8%a7%d9%84%d8%a5%d9%8a%d8%b1%d8%a7%d9%86%d9%8a,0,1.0
https://www.aljazeera.net/news/2026/3/27/%d8%a5%d9%8a%d8%b1%d8%a7%d9%86-%d8%aa%d8%ad%d8%aa%d8%ac-%d8%b9%d9%84%d9%89-%d9%82%d9%88%d9%84-%d8%ba%d8%b1%d9%88%d8%b3%d9%8a-%d8%a5%d9%86-%d8%a7%d9%84%d8%ad%d8%b1%d8%a8,-1,0.0
https://www.aljazeera.net/news/2026/3/27/%d9%86%d9%8a%d9%88%d9%8a%d9%88%d8%b1%d9%83-%d8%aa%d8%a7%d9%8a%d9%85%d8%b2-%d8%a5%d8%ad%d8%a8%d8%a7%d8%b7-%d9%85%d8%ae%d8%b7%d8%b7-%d9%84%d8%a7%d8%ba%d8%aa%d9%8a%d8%a7%d9%84,11,0.8416
https://www.aljazeera.net/news/2026/3/27/%d8%a8%d8%b9%d8%af-%d8%b6%d8%b1%d8%a8-%d9%85%d9%86%d8%b4%d8%a2%d8%aa%d9%87%d8%a7-%d8%a7%d9%84%d8%a5%d8%b3%d8%aa%d8%b1%d8%a7%d8%aa%d9%8a%d8%ac%d9%8a%d8%a9-%d9%87%d9%84-%d8%aa%d8%ba%d9%8a%d8%b1,1,0.469
https://www.aljazeera.net/news/2026/3/27/%d9%85%d8%b3%d8%a4%d9%88%d9%84-%d9%81%d9%8a-%d8%a7%d9%84%d8%a8%d9%86%d8%aa%d8%a7%d8%ba%d9%88%d9%86%d8%a5%d8%b5%d8%a7%d8%a8%d8%a9-303-%d8%ad%d9%86%d8%af%d9%8a-%d8%a3%d9%85%d8%b1%d9%8a%d9%83%d9%8a,-1,0.0
https://www.aljazeera.net/news/2026/3/27/%d8%b9%d8%a7%d8%ac%d9%84-%d8%a7%d9%84%d9%85%d8%aa%d8%ad%d8%af%d8%ab-%d8%a7%d9%84%d8%b9%d8%b3%d9%83%d8%b1%d9%8a-%d8%a8%d8%a7%d8%b3%d9%85-%d8%a3%d9%86%d8%b5%d8%a7%d8%b1-%d8%a7%d9%84%d9%84%d9%87-8,-1,0.0
https://www.aljazeera.net/news/2026/3/27/%d8%af%d8%b9%d9%88%d8%a9-%d8%a3%d9%85%d9%85%d9%8a%d8%a9-%d9%84%d8%aa%d8%ad%d9%82%d9%8a%d9%82-%d8%b4%d9%81%d8%a7%d9%81-%d9%81%d9%8a-%d8%b6%d8%b1%d8%a8-%d9%85%d8%af%d8%b1%d8%b3%d8%a9,-1,0.0
https://www.aljazeera.net/news/2026/3/26/%d9%85%d8%b3%d8%a4%d9%88%d9%84-%d8%a8%d8%a7%d9%83%d8%b3%d8%aa%d8%a7%d9%86%d9%8a-%d8%b3%d8%a7%d8%a8%d9%82-%d8%ba%d9%8a%d8%a7%d8%a8-%d8%a7%d9%84%d8%ab%d9%82%d8%a9-%d8%b9%d9%82%d8%a8%d8%a9,0,1.0
https://www.aljazeera.net/news/2026/3/26/%d8%a7%d9%84%d9%83%d9%88%d9%8a%d8%aa-%d8%aa%d8%b9%d9%84%d9%86-%d8%aa%d9%81%d9%83%d9%8a%d9%83-%d8%ae%d9%84%d9%8a%d8%a9-%d8%a5%d8%b1%d9%87%d8%a7%d8%a8%d9%8a%d8%a9-%d8%ab%d8%a7%d9%84%d8%ab%d8%a9,4,0.5945
https://www.aljazeera.net/news/2026/3/26/%d8%b9%d8%a7%d8%ac%d9%84-%d8%b3%d9%8a-%d8%a8%d9%8a-%d8%a5%d8%b3-%d8%b9%d9%86-%d8%b1%d8%a6%d9%8a%d8%b3-%d9%85%d8%ac%d9%84%d8%b3-%d8%a7%d9%84%d9%86%d9%88%d8%a7%d8%a8,0,0.8804
https://www.aljazeera.net/news/liveblog/2026/3/26/%d8%a7%d9%84%d8%ad%d8%b1%d8%a8-%d8%b9%d9%84%d9%89-%d8%a5%d9%8a%d8%b1%d8%a7%d9%86-%d9%85%d8%a8%d8%a7%d8%b4%d8%b1-%d9%86%d8%aa%d9%86%d9%8a%d8%a7%d9%87%d9%88-%d9%8a%d8%b9%d9%84%d9%86,-1,0.0
https://www.aljazeera.net/news/2026/3/26/%d8%aa%d8%ad%d8%af%d9%8a-%d8%a7%d9%84%d8%b3%d9%8a%d9%88%d9%84-%d9%81%d9%8a%d8%af%d9%8a%d9%88-%d9%85%d8%ba%d8%a7%d9%85%d8%b1%d8%a9-%d9%85%d8%aa%d9%87%d9%88%d8%b1%d8%a9-%d8%a8%d9%88%d8%a7%d8%af,6,0.6564
https://www.aljazeera.net/news/2026/3/26/%d8%a3%d9%85%d9%8a%d8%b1-%d9%82%d8%b7%d8%b1-%d9%8a%d8%aa%d9%84%d9%82%d9%89-%d8%a7%d8%aa%d8%b5%d8%a7%d9%84%d8%a7%d8%aa-%d9%85%d9%86-%d8%b2%d8%b9%d9%85%d8%a7%d8%a1-%d8%a7%d9%84%d8%b9%d8%b1%d8%a7%d9%82,9,0.9047
https://www.aljazeera.net/news/2026/3/26/%d8%aa%d8%ad%d8%a7%d9%84%d9%81-%d8%af%d9%88%d9%84%d9%8a-%d9%84%d9%81%d8%aa%d8%ad-%d9%87%d8%b1%d9%85%d8%b2-%d9%87%d9%84-%d9%8a%d9%85%d9%83%d9%86-%d8%aa%d9%86%d9%81%d9%8a%d8%b0%d9%87,0,1.0
https://www.aljazeera.net/news/2026/3/26/%d8%a3%d9%83%d8%b3%d9%8a%d9%88%d8%b3-%d8%aa%d8%b1%d9%85%d8%a8-%d8%b1%d9%81%d8%b6-%d9%85%d9%82%d8%aa%d8%b1%d8%ad-%d9%86%d8%aa%d9%86%d9%8a%d8%a7%d9%87%d9%88-%d9%84%d8%aa%d8%ad%d8%b1%d9%8a%d9%83,0,0.9366
https://www.aljazeera.net/news/2026/3/26/%d8%a7%d8%b3%d8%aa%d8%ae%d8%a8%d8%a7%d8%b1%d8%a7%d8%aa-%d8%ba%d8%b1%d8%a8%d9%8a%d8%a9-%d8%b1%d9%88%d8%b3%d9%8a%d8%a7-%d8%aa%d9%82%d8%aa%d8%b1%d8%a8-%d9%85%d9%86-%d8%a5%d8%b1%d8%b3%d8%a7%d9%84,0,0.6617
https://www.aljazeera.net/news/2026/3/26/%d8%a7%d9%84%d8%ad%d9%88%d8%ab%d9%8a%d9%88%d9%86-%d9%86%d8%af%d8%b9%d9%85-%d8%a5%d9%8a%d8%b1%d8%a7%d9%86-%d9%88%d9%84%d9%83%d9%86-%d9%82%d8%b1%d8%a7%d8%b1,-1,0.0
https://www.aljazeera.net/news/2026/3/26/%d8%aa%d8%ad%d8%a7%d8%b5%d8%b1%d9%87%d8%a7-%d9%86%d9%8a%d8%b1%d8%a7%d9%86-%d8%a7%d9%84%d8%ad%d8%b1%d8%a8-%d8%a8%d8%ba%d8%af%d8%a7%d8%af-%d8%b9%d8%a7%d9%84%d9%82%d8%a9-%d8%a8%d9%8a%d9%86,13,0.9714
https://www.aljazeera.net/news/2026/3/26/%d9%82%d8%b1%d8%a7%d8%b1-%d8%aa%d8%a7%d8%b1%d9%8a%d8%ae%d9%8a-%d9%84%d9%84%d8%a3%d9%85%d9%85-%d8%a7%d9%84%d9%85%d8%aa%d8%ad%d8%af%d8%a9-%d8%a7%d8%b9%d8%aa%d8%a8%d8%a7%d8%b1,-1,0.0
https://www.aljazeera.net/news/2026/3/26/%d9%84%d9%85%d8%a7%d8%b0%d8%a7-%d8%aa%d8%ae%d8%b4%d9%89-%d8%a3%d9%88%d8%b1%d9%88%d8%a8%d8%a7-%d8%a7%d8%b9%d8%aa%d8%a8%d8%a7%d8%b1-%d8%aa%d8%ac%d8%a7%d8%b1%d8%a9-%d8%a7%d9%84%d8%b1%d9%82%d9%8a%d9%82,-1,0.0
https://www.aljazeera.net/news/2026/3/26/%d8%b7%d9%82%d8%b3-%d9%82%d8%a7%d8%b3-%d8%a8%d9%8014-%d8%af%d9%88%d9%84-%d8%b9%d8%b1%d8%a8%d9%8a%d8%a9-3-%d9%82%d8%aa%d9%84%d9%89-%d9%88%d8%b3%d9%8a%d9%88%d9%84-%d9%88%d8%ab%d9%84%d9%88%d8%ac,4,0.9145
https://www.aljazeera.net/news/2026/3/26/%d9%85%d9%86-%d8%a7%d9%84%d8%ad%d8%b1%d8%a8-%d8%a5%d9%84%d9%89-%d8%b9%d9%85%d9%84%d9%8a%d8%a9-%d8%b9%d8%b3%d9%83%d8%b1%d9%8a%d8%a9-%d9%84%d9%85%d8%a7%d8%b0%d8%a7-%d8%a3%d8%b9%d8%a7%d8%af,0,1.0
https://www.aljazeera.net/news/2026/3/26/%d8%af%d9%88%d9%84-%d8%ae%d9%84%d9%8a%d8%ac%d9%8a%d8%a9-%d8%aa%d8%aa%d8%b5%d8%af%d9%89-%d9%84%d9%87%d8%ac%d9%85%d8%a7%d8%aa-%d8%a5%d9%8a%d8%b1%d8%a7%d9%86%d9%8a%d8%a9,4,0.9881
https://www.aljazeera.net/news/2026/3/26/%d8%aa%d8%b1%d8%a7%d9%85%d8%a8-%d9%8a%d8%a4%d9%83%d8%af-%d8%a3%d9%86-%d8%b7%d9%87%d8%b1%d8%a7%d9%86-%d8%aa%d9%81%d8%a7%d9%88%d8%b6-%d8%b3%d8%b1%d8%a7-%d9%88%d8%a7%d9%84%d8%b5%d9%8a%d9%86,0,1.0
https://www.aljazeera.net/news/2026/3/26/%d9%85%d8%a7%d8%af%d9%88%d8%b1%d9%88-%d8%a3%d9%85%d8%a7%d9%85-%d9%85%d8%ad%d9%83%d9%85%d8%a9-%d9%81%d9%8a-%d9%86%d9%8a%d9%88%d9%8a%d9%88%d8%b1%d9%83-%d9%84%d9%84%d9%85%d8%b1%d8%a9,11,0.996
https://www.aljazeera.net/news/2026/3/26/%d9%85%d8%ad%d9%83%d9%85%d8%a9-%d8%a3%d9%86%d8%ba%d9%88%d9%84%d9%8a%d8%a9-%d8%aa%d8%a4%d8%ac%d9%84-%d9%85%d8%ad%d8%a7%d9%83%d9%85%d8%a9-%d8%b1%d9%88%d8%b3%d9%8a%d9%8a%d9%86,5,0.8527
https://www.aljazeera.net/news/2026/3/26/%d9%83%d9%8a%d9%86%d9%8a%d8%a7-%d8%aa%d8%b9%d9%84%d9%86-%d8%b9%d9%81%d9%88%d8%a7-%d8%b9%d9%86-%d9%85%d9%88%d8%a7%d8%b7%d9%86%d9%8a%d9%87%d8%a7-%d8%a7%d9%84%d9%85%d8%ac%d9%86%d8%af%d9%8a%d9%86,12,0.5029
https://www.aljazeera.net/news/2026/3/26/%d8%aa%d8%ac%d8%af%d8%af-%d8%a7%d9%84%d9%85%d9%88%d8%a7%d8%ac%d9%87%d8%a7%d8%aa-%d8%a8%d9%8a%d9%86-%d8%a8%d8%a7%d9%83%d8%b3%d8%aa%d8%a7%d9%86,-1,0.0
https://www.aljazeera.net/news/2026/3/26/13-%d9%82%d8%aa%d9%8a%d9%84%d8%a7-%d9%88%d8%ac%d8%b1%d9%8a%d8%ad%d8%a7-%d9%81%d9%8a-%d9%87%d8%ac%d9%85%d8%a7%d8%aa-%d8%a8%d9%8a%d9%86-%d8%b1%d9%88%d8%b3%d9%8a%d8%a7,12,1.0
https://www.aljazeera.net/news/2026/3/26/%d8%a8%d8%b9%d8%af-%d8%a5%d8%b9%d9%84%d8%a7%d9%86-%d8%ad%d8%a7%d9%84%d8%a9-%d8%a7%d9%84%d8%b7%d9%88%d8%a7%d8%b1%d8%a6-%d9%87%d9%84-%d9%8a%d9%86%d9%82%d8%b0-%d8%a7%d9%84%d9%86%d9%81%d8%b7,0,1.0
https://www.aljazeera.net/news/2026/3/26/%d9%85%d8%b5%d8%b1%d8%b9-24-%d9%85%d8%b9%d8%b8%d9%85%d9%87%d9%85-%d9%86%d8%b3%d8%a7%d8%a1-%d9%88%d8%a3%d8%b7%d9%81%d8%a7%d9%84-%d8%a5%d8%ab%d8%b1-%d8%b3%d9%82%d9%88%d8%b7,-1,0.0
https://www.aljazeera.net/news/2026/3/26/%d8%b4%d8%b1%d8%b7%d8%a9-%d9%84%d9%86%d8%af%d9%86-%d8%aa%d8%b3%d8%aa%d8%a3%d9%86%d9%81-%d8%a7%d8%b9%d8%aa%d9%82%d8%a7%d9%84-%d9%85%d8%a4%d9%8a%d8%af%d9%8a-%d9%85%d9%86%d8%b8%d9%85%d8%a9,16,1.0
https://www.aljazeera.net/news/2026/3/26/%d8%b5%d9%88%d8%a7%d8%b1%d9%8a%d8%ae-%d8%b9%d9%86%d9%82%d9%88%d8%af%d9%8a%d8%a9-%d8%aa%d8%b6%d8%b1%d8%a8-%d8%a5%d8%b3%d8%b1%d8%a7%d8%a6%d9%8a%d9%84-%d9%88%d8%aa%d8%ae%d9%84%d9%81,1,1.0
https://www.aljazeera.net/news/2026/3/26/%d8%b9%d8%a7%d8%ac%d9%84-%d8%a7%d9%84%d9%82%d9%86%d8%a7%d8%a9-14-%d8%a7%d9%84%d8%a5%d8%b3%d8%b1%d8%a7%d8%a6%d9%8a%d9%84%d9%8a%d8%a9-%d8%a7%d9%84%d9%82%d8%b6%d8%a7%d8%a1-%d8%b9%d9%84%d9%89,-1,0.0
https://www.aljazeera.net/news/2026/3/26/%d8%a7%d9%84%d8%a3%d9%82%d9%85%d8%a7%d8%b1-%d8%a7%d9%84%d8%b5%d9%86%d8%a7%d8%b9%d9%8a%d8%a9-%d8%aa%d9%88%d8%ab%d9%82-%d8%a7%d8%b4%d8%aa%d8%b9%d8%a7%d9%84-%d8%a3%d9%83%d8%a8%d8%b1,12,0.9956
https://www.aljazeera.net/news/2026/3/26/%d8%a8%d9%8a%d9%86-%d8%a7%d9%84%d8%ad%d8%af%d9%8a%d8%ab-%d8%b9%d9%86-%d8%a7%d9%84%d8%aa%d9%81%d8%a7%d9%88%d8%b6-%d9%88%d8%a5%d8%b1%d8%b3%d8%a7%d9%84-%d9%85%d8%b2%d9%8a%d8%af-%d9%85%d9%86,0,1.0
https://www.aljazeera.net/news/2026/3/26/%d9%87%d8%ac%d9%85%d8%a7%d8%aa-%d8%a5%d8%af%d8%a7%d8%b1%d8%a9-%d8%a7%d9%84%d9%87%d8%ac%d8%b1%d8%a9-%d8%a7%d9%84%d8%a3%d9%85%d8%b1%d9%8a%d9%83%d9%8a%d8%a9-%d8%aa%d9%88%d8%af%d9%8a,11,1.0
https://www.aljazeera.net/news/2026/3/26/%d8%aa%d8%b7%d9%88%d8%b1%d8%a7%d8%aa-%d8%a7%d9%84%d8%b3%d9%88%d8%af%d8%a7%d9%86-17,10,1.0
https://www.aljazeera.net/news/2026/3/26/%d9%87%d8%ac%d9%88%d9%85-%d8%b9%d9%84%d9%89-%d9%86%d8%a7%d9%82%d9%84%d8%a9-%d9%86%d9%81%d8%b7-%d8%aa%d8%b1%d9%83%d9%8a%d8%a9-%d9%81%d9%8a-%d8%a7%d9%84%d8%a8%d8%ad%d8%b1,12,0.4616
https://www.aljazeera.net/news/2026/3/26/%d9%85%d8%b3%d8%aa%d9%88%d8%b7%d9%86%d9%88%d9%86-%d9%8a%d9%87%d8%ac%d8%b1%d9%88%d9%86-%d8%b9%d8%a7%d8%a6%d9%84%d8%a7%d8%aa-%d9%81%d9%84%d8%b3%d8%b7%d9%8a%d9%86%d9%8a%d8%a9,15,0.3724
https://www.aljazeera.net/news/2026/3/26/%d9%85%d9%82%d8%aa%d9%84-%d8%ac%d9%86%d8%af%d9%8a-%d8%a5%d8%b3%d8%b1%d8%a7%d8%a6%d9%8a%d9%84%d9%8a-%d9%88%d8%aa%d9%84-%d8%a3%d8%a8%d9%8a%d8%aa-%d8%aa%d9%88%d8%b3%d8%b9,2,0.7298
https://www.aljazeera.net/news/2026/3/26/%d8%a5%d8%b5%d8%a7%d8%a8%d8%a7%d8%aa-%d9%81%d9%8a-%d8%aa%d8%b5%d8%a7%d8%b9%d8%af-%d9%84%d9%87%d8%ac%d9%85%d8%a7%d8%aa-%d8%a7%d9%84%d9%85%d8%b3%d8%aa%d9%88%d8%b7%d9%86%d9%8a%d9%86,15,1.0
https://www.aljazeera.net/news/2026/3/26/%d9%85%d8%a7%d9%84%d9%8a%d8%b2%d9%8a%d8%a7-%d8%aa%d8%aa%d8%ad%d8%b3%d8%a8-%d9%84%d8%aa%d8%af%d8%a7%d8%b9%d9%8a%d8%a7%d8%aa-%d8%a7%d9%84%d8%ad%d8%b1%d8%a8-%d9%81%d9%8a-%d8%a7%d9%84%d8%b4%d8%b1%d9%82,0,0.7282
https://www.aljazeera.net/news/2026/3/26/%d8%a3%d9%8a%d9%86-%d8%aa%d9%82%d9%81-%d8%a5%d9%8a%d8%b1%d8%a7%d9%86-%d9%88%d8%aa%d8%b1%d9%85%d8%a8-%d9%88%d8%a5%d8%b3%d8%b1%d8%a7%d8%a6%d9%8a%d9%84-%d8%a8%d8%b9%d8%af-%d8%b4%d9%87%d8%b1-%d9%85%d9%86,0,1.0
https://www.aljazeera.net/news/2026/3/26/%d8%ba%d9%84%d9%88%d8%a8%d8%a7%d9%84-%d8%aa%d8%a7%d9%8a%d9%85%d8%b2-%d8%a7%d9%84%d8%b5%d9%8a%d9%86%d9%8a%d8%a9-%d8%a8%d9%83%d9%8a%d9%86-%d8%aa%d9%83%d8%b4%d9%81-%d8%b9%d9%86,-1,0.0
https://www.aljazeera.net/news/2026/3/26/%d8%ad%d9%83%d9%88%d9%85%d8%a9-%d8%ac%d8%af%d9%8a%d8%af%d8%a9-%d9%81%d9%8a-%d9%85%d8%af%d8%ba%d8%b4%d9%82%d8%b1-%d9%84%d9%85%d9%83%d8%a7%d9%81%d8%ad%d8%a9-%d8%a7%d9%84%d9%81%d8%b3%d8%a7%d8%af,5,1.0
https://www.aljazeera.net/news/2026/3/26/%d9%85%d8%a7-%d9%86%d9%82%d8%b7%d8%a9-%d8%b6%d8%b9%d9%81-%d8%a5%d8%b3%d8%b1%d8%a7%d8%a6%d9%8a%d9%84-%d8%a7%d9%84%d8%aa%d9%8a-%d8%a7%d9%83%d8%aa%d8%b4%d9%81%d8%aa%d9%87%d8%a7,1,0.7828
https://www.aljazeera.net/news/2026/3/26/%d8%a7%d9%84%d8%ac%d8%b2%d9%8a%d8%b1%d8%a9-%d9%86%d8%aa-%d8%aa%d9%86%d9%81%d8%b1%d8%af-%d8%a8%d9%86%d8%b4%d8%b1-%d8%ae%d8%b7%d8%a9-%d9%86%d8%b2%d8%b9-%d8%a7%d9%84%d8%b3%d9%84%d8%a7%d8%ad-%d9%81%d9%8a,-1,0.0
https://www.aljazeera.net/news/2026/3/26/%d8%b2%d9%8a%d9%85%d8%a8%d8%a7%d8%a8%d9%88%d9%8a-%d8%aa%d9%83%d8%b4%d9%81-%d9%85%d9%82%d8%aa%d9%84-%d9%85%d9%88%d8%a7%d8%b7%d9%86%d9%8a%d9%86-%d8%ac%d9%86%d8%af%d9%88%d8%a7,12,0.7508
https://www.aljazeera.net/news/2026/3/26/%d8%ad%d9%82%d9%8a%d9%82%d8%a9-%d8%b1%d9%81%d8%b9-%d8%a7%d9%84%d8%b9%d9%84%d9%85-%d8%a7%d9%84%d8%a5%d8%b3%d8%b1%d8%a7%d8%a6%d9%8a%d9%84%d9%8a-%d8%b9%d9%84%d9%89-%d9%85%d8%af%d8%ae%d9%84,6,0.6626
https://www.aljazeera.net/news/2026/3/26/%d8%a3%d9%83%d8%b3%d9%8a%d9%88%d8%b3-%d8%a7%d9%84%d8%a8%d9%86%d8%aa%d8%a7%d8%ba%d9%88%d9%86-%d9%8a%d8%ac%d9%87%d8%b2-4-%d8%ae%d9%8a%d8%a7%d8%b1%d8%a7%d8%aa,0,0.8274
https://www.aljazeera.net/news/2026/3/26/%d9%87%d8%ac%d9%85%d8%a7%d8%aa-%d8%a3%d9%88%d9%83%d8%b1%d8%a7%d9%86%d9%8a%d8%a7-%d8%aa%d8%aa%d8%b3%d8%a8%d8%a8-%d9%81%d9%8a-%d8%a3%d9%83%d8%a8%d8%b1-%d8%aa%d8%b9%d8%b7%d9%84,12,1.0
https://www.aljazeera.net/news/2026/3/26/%d9%85%d8%b5%d8%b1%d8%b9-%d9%88%d9%81%d9%82%d8%af%d8%a7%d9%86-54-%d9%85%d9%87%d8%a7%d8%ac%d8%b1%d8%a7-%d8%a5%d8%ab%d8%b1-%d8%ba%d8%b1%d9%82-%d9%82%d8%a7%d8%b1%d8%a8-%d9%82%d8%a8%d8%a7%d9%84%d8%a9,10,0.431
https://www.aljazeera.net/news/2026/3/26/%d9%87%d8%ac%d9%85%d8%a7%d8%aa-%d9%88%d8%a7%d8%b3%d8%b9%d8%a9-%d8%b9%d9%84%d9%89-%d8%a3%d9%87%d8%af%d8%a7%d9%81-%d8%a3%d9%85%d8%b1%d9%8a%d9%83%d9%8a%d8%a9-%d8%a8%d8%a7%d9%84%d8%b9%d8%b1%d8%a7%d9%82,13,0.6135
https://www.aljazeera.net/news/2026/3/26/%d9%84%d8%a8%d9%86%d8%a7%d9%86-118,2,0.6041
https://www.aljazeera.net/news/2026/3/26/%d8%a8%d8%b3%d8%a8%d8%a8-%d8%ad%d8%b1%d8%a8-%d8%a5%d9%8a%d8%b1%d8%a7%d9%86-%d8%a3%d8%b3%d9%84%d8%ad%d8%a9-%d8%a3%d9%88%d9%83%d8%b1%d8%a7%d9%86%d9%8a%d8%a7-%d9%82%d8%af-%d8%aa%d8%ba%d9%8a%d8%b1,0,0.966
https://www.aljazeera.net/news/2026/3/26/%d8%a5%d8%b5%d8%a7%d8%a8%d8%a9-3-%d9%86%d8%a7%d8%b2%d8%ad%d9%8a%d9%86-%d9%88%d8%ba%d8%b1%d9%82-%d9%85%d8%a6%d8%a7%d8%aa-%d8%a7%d9%84%d8%ae%d9%8a%d8%a7%d9%85-%d8%a8%d9%81%d8%b9%d9%84,3,1.0
https://www.aljazeera.net/news/2026/3/26/%d8%a8%d9%84%d8%a7-%d9%85%d8%af%d8%a7%d8%b1%d8%b3-%d9%88%d9%84%d8%a7-%d8%a5%d9%85%d9%83%d8%a7%d9%86%d8%a7%d8%aa-%d8%a3%d8%b7%d9%81%d8%a7%d9%84-%d8%ba%d8%b2%d8%a9,3,1.0
https://www.aljazeera.net/news/2026/3/26/%d9%84%d8%a7-%d8%aa%d8%b9%d9%8a%d8%b1%d9%88%d9%87%d8%a7-%d8%a3%d9%87%d9%85%d9%8a%d8%a9-%d8%b1%d9%88%d8%b3%d9%8a%d8%a7-%d8%aa%d8%b1%d8%af-%d8%b9%d9%84%d9%89-%d8%aa%d9%82%d8%a7%d8%b1%d9%8a%d8%b1,0,0.7337
https://www.aljazeera.net/news/2026/3/26/%d8%b9%d8%a7%d8%ac%d9%84-%d8%aa%d8%b3%d9%86%d9%8a%d9%85-%d8%b9%d9%86-%d9%85%d8%b5%d8%af%d8%b1-%d9%85%d8%b7%d9%84%d8%b9-%d8%a5%d9%8a%d8%b1%d8%a7%d9%86-%d8%a3%d8%b1%d8%b3%d9%84%d8%aa,0,1.0
https://www.aljazeera.net/news/2026/3/26/%d9%83%d9%8a%d9%81-%d8%b3%d9%8a%d8%a4%d8%ab%d8%b1-%d8%a7%d8%ba%d8%aa%d9%8a%d8%a7%d9%84-%d8%aa%d9%86%d9%83%d8%b3%d9%8a%d8%b1%d9%8a-%d8%b9%d9%84%d9%89-%d8%b3%d9%8a%d8%b1,-1,0.0
https://www.aljazeera.net/news/2026/3/26/%d8%a3%d8%ad%d8%af-%d8%a7%d9%84%d9%85%d8%b1%d8%b4%d8%ad%d9%8a%d9%86-%d9%8a%d8%b7%d8%b9%d9%86-%d9%81%d9%8a-%d9%86%d8%aa%d8%a7%d8%a6%d8%ac-%d8%a7%d9%84%d8%a7%d9%86%d8%aa%d8%ae%d8%a7%d8%a8%d8%a7%d8%aa,5,1.0
https://www.aljazeera.net/news/2026/3/26/%d8%a5%d8%b4%d8%a7%d8%b1%d8%a9-%d8%b7%d9%88%d8%a7%d8%b1%d8%a6-%d9%85%d9%86-%d8%b7%d8%a7%d8%a6%d8%b1%d8%a9-%d8%b9%d8%b3%d9%83%d8%b1%d9%8a%d8%a9-%d8%a3%d9%85%d8%b1%d9%8a%d9%83%d9%8a%d8%a9-%d9%81%d9%8a,-1,0.0
https://www.aljazeera.net/news/2026/3/26/%d8%a8%d9%8a%d9%86-%d8%ae%d8%b7%d8%b1-%d8%a7%d9%84%d9%82%d8%b5%d9%81-%d9%88%d9%82%d8%b3%d9%88%d8%a9-%d8%a7%d9%84%d8%b8%d8%b1%d9%88%d9%81-%d8%a7%d9%84%d8%ac%d9%88%d9%8a%d8%a9,3,1.0
https://www.aljazeera.net/news/2026/3/26/%d8%b9%d8%a8%d8%af-%d8%a7%d9%84%d9%82%d8%a7%d8%af%d8%b1-%d9%81%d8%a7%d9%8a%d8%b2-%d8%aa%d9%86%d9%83%d8%b3%d9%8a%d8%b1%d9%8a-%d9%84%d9%85-%d9%8a%d9%83%d9%86-%d9%87%d8%a7%d9%85%d8%b4%d9%8a%d8%a7,-1,0.0
https://www.aljazeera.net/news/2026/3/26/%d8%a7%d9%84%d8%ac%d9%8a%d8%b4-%d8%a7%d9%84%d8%a5%d8%b3%d8%b1%d8%a7%d8%a6%d9%8a%d9%84%d9%8a-%d9%8a%d8%aa%d9%88%d8%ba%d9%84-%d8%a8%d8%ac%d9%86%d9%88%d8%a8-%d9%84%d8%a8%d9%86%d8%a7%d9%86,2,0.9107
https://www.aljazeera.net/news/2026/3/26/%d8%b4%d8%a7%d9%87%d8%af-%d8%ad%d8%b2%d8%a8-%d8%a7%d9%84%d9%84%d9%87-%d9%8a%d8%b3%d8%aa%d9%87%d8%af%d9%81-%d9%86%d8%a7%d9%82%d9%84%d8%a9-%d8%ac%d9%86%d8%af-%d9%88%d8%af%d8%a8%d8%a7%d8%a8%d8%a9,2,0.8502
https://www.aljazeera.net/news/2026/3/26/%d8%a8%d9%88%d8%aa%d9%8a%d9%86-%d8%a7%d9%84%d8%ad%d8%b1%d8%a8-%d8%b9%d9%84%d9%89-%d8%a5%d9%8a%d8%b1%d8%a7%d9%86-%d9%83%d9%88%d9%81%d9%8a%d8%af-%d8%ac%d8%af%d9%8a%d8%af-%d9%8a%d8%b6%d8%b1%d8%a8,0,0.6508
https://www.aljazeera.net/news/2026/3/26/%d9%85%d8%ac%d9%84%d8%b3-%d8%a7%d9%84%d8%aa%d8%b9%d8%a7%d9%88%d9%86-%d9%8a%d8%a4%d9%83%d8%af-%d8%b6%d8%b1%d9%88%d8%b1%d8%a9-%d9%85%d8%ad%d8%a7%d8%b3%d8%a8%d8%a9-%d8%a5%d9%8a%d8%b1%d8%a7%d9%86,0,0.8544
https://www.aljazeera.net/news/2026/3/26/%d9%85%d8%b4%d8%a7%d9%87%d8%af-%d8%b5%d8%a7%d8%af%d9%85%d8%a9-%d9%84%d8%a2%d8%ab%d8%a7%d8%b1-%d8%a7%d9%84%d9%82%d8%b5%d9%81-%d8%a7%d9%84%d8%a3%d9%85%d8%b1%d9%8a%d9%83%d9%8a-%d8%a7%d9%84%d8%b0%d9%8a,13,1.0
https://www.aljazeera.net/news/2026/3/26/%d8%a5%d8%b7%d9%84%d8%a7%d9%82-%d9%82%d8%b1%d9%8a%d8%a8-%d8%a7%d9%84%d8%a8%d9%8a%d8%aa-%d8%a7%d9%84%d8%a3%d8%a8%d9%8a%d8%b6-%d9%8a%d9%86%d8%b4%d8%b1-%d9%85%d9%82%d8%b7%d8%b9%d9%8a,0,0.9955
https://www.aljazeera.net/news/2026/3/26/%d9%87%d9%84-%d8%af%d9%82%d8%aa-%d8%b3%d8%a7%d8%b9%d8%a9-%d8%a7%d9%84%d8%ba%d8%b2%d9%88-%d8%a7%d9%84%d8%a8%d8%b1%d9%8a-%d8%a7%d9%84%d9%85%d9%86%d8%b5%d8%a7%d8%aa-%d8%aa%d8%ad%d8%b0%d8%b1,0,1.0
https://www.aljazeera.net/news/2026/3/26/%d9%81%d9%8a-%d8%b1%d8%b3%d8%a7%d9%84%d8%a9-%d8%aa%d8%b6%d8%a7%d9%85%d9%86-%d9%85%d8%b9-%d8%a5%d9%8a%d8%b1%d8%a7%d9%86-%d8%a7%d9%84%d8%ad%d9%88%d8%ab%d9%8a%d9%88%d9%86,-1,0.0
https://www.aljazeera.net/news/2026/3/26/%d8%aa%d8%b1%d9%85%d8%a8-%d8%ad%d9%84%d9%81-%d8%a7%d9%84%d9%86%d8%a7%d8%aa%d9%88-%d9%86%d9%85%d8%b1-%d9%85%d9%86-%d9%88%d8%b1%d9%82-%d9%88%d8%a7%d9%84%d8%ad%d8%b1%d8%a8-%d8%b9%d9%84%d9%89,0,1.0
https://www.aljazeera.net/news/2026/3/26/%d9%82%d8%aa%d9%8a%d9%84-%d9%8814-%d9%85%d8%b5%d8%a7%d8%a8%d8%a7%d9%8b-%d9%88%d8%af%d9%85%d8%a7%d8%b1-%d9%88%d8%a7%d8%b3%d8%b9-%d9%81%d9%8a-%d8%a5%d8%b3%d8%b1%d8%a7%d8%a6%d9%8a%d9%84,1,1.0
https://www.aljazeera.net/news/2026/3/26/%d8%aa%d8%ad%d9%88%d9%84-%d9%84%d8%a7%d9%81%d8%aa-%d8%a7%d9%84%d8%a8%d8%b1%d9%84%d9%85%d8%a7%d9%86-%d8%a7%d9%84%d8%a3%d9%88%d8%b1%d9%88%d8%a8%d9%8a-%d9%8a%d9%82%d8%b1,11,0.8692
https://www.aljazeera.net/news/2026/3/26/%d8%b3%d9%84%d9%85-%d8%b3%d9%84%d8%a7%d8%ad%d9%83-%d9%84%d8%aa%d8%b9%d9%8a%d8%b4-%d9%87%d9%83%d8%b0%d8%a7-%d9%82%d9%88%d8%a8%d9%84%d8%aa-%d8%ae%d8%b7%d8%a9-%d9%86%d8%b2%d8%b9,-1,0.0
https://www.aljazeera.net/news/2026/3/26/%d8%a7%d8%ba%d8%aa%d9%8a%d8%a7%d9%84-%d8%aa%d9%86%d9%83%d8%b3%d9%8a%d8%b1%d9%8a-%d9%87%d9%84-%d8%a8%d8%af%d8%a3%d8%aa-%d9%85%d8%b9%d8%b1%d9%83%d8%a9-%d8%a7%d9%84%d8%b3%d9%8a%d8%b7%d8%b1%d8%a9,-1,0.0
https://www.aljazeera.net/news/2026/3/26/%d9%85%d8%b0%d9%83%d8%b1%d8%a9-%d8%aa%d9%88%d9%82%d9%8a%d9%81-%d8%a8%d8%ad%d9%82-%d9%85%d9%81%d9%88%d8%b6-%d8%a7%d9%84%d8%b4%d8%b1%d8%b7%d8%a9-%d9%88%d8%b3%d8%b7-%d9%81%d8%b6%d9%8a%d8%ad%d8%a9,5,1.0
https://www.aljazeera.net/news/2026/3/26/%d9%82%d8%aa%d9%8a%d9%84%d8%a7%d9%86-%d9%88%d9%85%d8%b5%d8%a7%d8%a8%d9%88%d9%86-%d9%81%d9%8a-%d8%b3%d9%84%d8%b3%d9%84%d8%a9-%d9%87%d8%ac%d9%85%d8%a7%d8%aa-%d8%a5%d9%8a%d8%b1%d8%a7%d9%86%d9%8a%d8%a9-2,4,1.0
https://www.aljazeera.net/news/2026/3/26/3415,0,0.8828
https://www.aljazeera.net/news/2026/3/26/%d9%87%d9%84-%d9%87%d9%86%d8%a7%d9%83-%d9%85%d9%81%d8%a7%d9%88%d8%b6%d8%a7%d8%aa-%d8%a3%d9%85%d8%b1%d9%8a%d9%83%d9%8a%d8%a9-%d8%a5%d9%8a%d8%b1%d8%a7%d9%86%d9%8a%d8%a9-%d8%a3%d9%85,0,1.0
https://www.aljazeera.net/news/2026/3/26/%d8%a8%d8%b9%d9%8a%d8%af%d8%a7-%d8%b9%d9%86-%d8%ad%d9%85%d8%a7%d8%b3-%d9%83%d9%8a%d9%81-%d8%b1%d8%af%d8%aa-%d8%a7%d9%84%d9%81%d8%b5%d8%a7%d8%a6%d9%84-%d9%88%d8%a7%d9%84%d8%b9%d8%b4%d8%a7%d8%a6%d8%b1,-1,0.0
https://www.aljazeera.net/news/2026/3/26/%d8%b9%d8%a7%d8%ac%d9%84-%d8%a7%d9%84%d8%ac%d9%8a%d8%b4-%d8%a7%d9%84%d8%a5%d8%b3%d8%b1%d8%a7%d8%a6%d9%8a%d9%84%d9%8a-%d9%85%d9%82%d8%aa%d9%84-%d8%ac%d9%86%d8%af%d9%8a-3,2,0.6672
https://www.aljazeera.net/news/2026/3/26/%d8%b5%d8%ad%d9%81%d9%8a%d8%a9-%d9%84%d8%a8%d9%86%d8%a7%d9%86%d9%8a%d8%a9-%d8%aa%d9%88%d8%ab%d9%82-%d8%a7%d9%84%d8%ad%d8%b1%d8%a8-%d9%85%d9%86-%d8%af%d8%a7%d8%ae%d9%84,-1,0.0
https://www.aljazeera.net/news/2026/3/26/%d9%85%d9%86-%d8%a7%d9%84%d8%a7%d8%b9%d8%aa%d9%82%d8%a7%d9%84%d8%a7%d8%aa-%d8%a7%d9%84%d8%b1%d9%82%d9%85%d9%8a%d8%a9-%d8%a5%d9%84%d9%89-%d9%85%d8%b5%d8%a7%d8%af%d8%b1%d8%a9,-1,0.0
https://www.aljazeera.net/news/2026/3/26/%d9%84%d8%a8%d9%86%d8%a7%d9%86-%d9%8a%d9%86%d8%af%d8%af-%d8%a8%d8%b3%d8%b9%d9%8a-%d8%a5%d8%b3%d8%b1%d8%a7%d8%a6%d9%8a%d9%84-%d9%84%d8%a5%d9%82%d8%a7%d9%85%d8%a9-%d9%85%d9%86%d8%b7%d9%82%d8%a9,2,0.6041
https://www.aljazeera.net/news/2026/3/26/%d8%aa%d8%ad%d8%a7%d9%84%d9%81-%d8%ad%d9%82%d9%88%d9%82%d9%8a-%d8%a7%d9%84%d8%a7%d8%b9%d8%aa%d8%af%d8%a7%d8%a1-%d8%b9%d9%84%d9%89-%d8%af%d9%88%d9%84-%d8%a7%d9%84%d8%ae%d9%84%d9%8a%d8%ac,4,0.3712
https://www.aljazeera.net/news/2026/3/26/%d8%b3%d8%a8%d8%a7%d9%82-%d9%85%d8%b9-%d8%b3%d8%a7%d8%b9%d8%a9-%d8%aa%d8%b1%d9%85%d8%a8-%d8%a5%d8%b3%d8%b1%d8%a7%d8%a6%d9%8a%d9%84-%d8%aa%d8%b3%d8%a7%d8%a8%d9%82,0,1.0
https://www.aljazeera.net/news/2026/3/26/%d8%aa%d8%b2%d9%8a%d8%af-%d8%b9%d9%86-9-%d8%a2%d9%84%d8%a7%d9%81-%d8%ae%d8%a8%d8%b1%d8%a7%d8%a1-%d9%8a%d8%b3%d8%ac%d9%84%d9%88%d9%86-%d8%aa%d8%b2%d8%a7%d9%8a%d8%af%d8%a7,-1,0.0
https://www.aljazeera.net/news/2026/3/26/%d8%b9%d8%a7%d8%ac%d9%84-%d8%aa%d8%b1%d9%85%d8%a8-%d8%b9%d9%84%d9%82%d8%aa-%d9%81%d8%aa%d8%b1%d8%a9-%d8%aa%d8%af%d9%85%d9%8a%d8%b1-%d9%85%d8%ad%d8%b7%d8%a7%d8%aa,0,0.9948
https://www.aljazeera.net/news/2026/3/26/%d9%81%d8%b1%d9%86%d8%b3%d8%a7-%d8%aa%d9%82%d8%aa%d8%b1%d8%ad-%d8%a8%d8%b9%d8%ab%d8%a9-%d8%af%d9%88%d9%84%d9%8a%d8%a9-%d9%84%d8%ad%d9%85%d8%a7%d9%8a%d8%a9-%d8%a7%d9%84%d9%85%d9%84%d8%a7%d8%ad%d8%a9,0,1.0
https://www.aljazeera.net/news/2026/3/25/%d8%a7%d9%84%d9%85%d8%af%d9%86-%d8%a7%d9%84%d8%b5%d8%a7%d8%b1%d9%88%d8%ae%d9%8a%d8%a9-%d9%81%d9%8a-%d8%a5%d9%8a%d8%b1%d8%a7%d9%86-%d8%a8%d9%86%d9%83-%d8%a3%d9%87%d8%af%d8%a7%d9%81,1,0.4433
https://www.aljazeera.net/news/2026/3/25/%d9%82%d9%88%d8%a7%d8%aa%d9%87%d8%a7-%d9%84%d9%85-%d8%aa%d8%ad%d9%82%d9%82-%d8%a7%d8%ae%d8%aa%d8%b1%d8%a7%d9%82%d8%a7-%d9%83%d8%a8%d9%8a%d8%b1%d8%a7-%d9%87%d9%84-%d9%81%d8%a7%d8%ac%d8%a3,2,0.5495
https://www.aljazeera.net/news/2026/3/25/%d9%88%d9%88%d9%84-%d8%b3%d8%aa%d8%b1%d9%8a%d8%aa-%d8%ac%d9%88%d8%b1%d9%86%d8%a7%d9%84-%d8%b9%d9%86-%d9%85%d8%b3%d8%a4%d9%88%d9%84%d9%8a%d9%86-%d9%88%d8%b3%d8%b7%d8%a7%d8%a1-%d9%85%d9%86,0,1.0
https://www.aljazeera.net/news/2026/3/25/%d8%b5%d8%ad%d8%a7%d9%81%d8%a9-%d8%ba%d8%b1%d8%a8%d9%8a%d8%a9-%d8%aa%d8%b1%d9%85%d8%a8-%d9%88%d8%a7%d9%84%d8%ae%d9%8a%d8%a7%d8%b1%d8%a7%d8%aa-%d8%a7%d9%84%d8%b5%d8%b9%d8%a8%d8%a9-%d9%81%d9%8a,0,1.0
https://www.aljazeera.net/news/2026/3/25/%d8%a5%d9%8a%d8%b1%d8%a7%d9%86-%d9%85%d9%82%d8%b0%d9%88%d9%81-%d9%8a%d8%b5%d9%8a%d8%a8-%d9%85%d8%ad%d9%8a%d8%b7-%d9%85%d8%ad%d8%b7%d8%a9-%d8%a8%d9%88%d8%b4%d9%87%d8%b1,-1,0.0
https://www.aljazeera.net/news/2026/3/25/%d8%a8%d8%b1%d9%8a%d8%b7%d8%a7%d9%86%d9%8a%d8%a7-%d8%aa%d8%b9%d8%b1%d8%b6-%d8%a7%d8%b3%d8%aa%d8%b6%d8%a7%d9%81%d8%a9-%d9%82%d9%85%d8%a9-%d8%a3%d9%85%d9%86%d9%8a%d8%a9,0,1.0
https://www.aljazeera.net/news/2026/3/25/%d8%b9%d8%a7%d8%ac%d9%84-%d8%a7%d9%84%d9%87%d9%8a%d8%a6%d8%a9-%d8%a7%d9%84%d8%b9%d8%a7%d9%85%d8%a9-%d9%84%d9%84%d8%b7%d9%8a%d8%b1%d8%a7%d9%86-%d8%a7%d9%84%d9%85%d8%af%d9%86%d9%8a-%d9%81%d9%8a,4,0.5413
https://www.aljazeera.net/news/2026/3/25/%d8%a7%d9%84%d9%83%d9%86%d9%8a%d8%b3%d8%aa-%d9%8a%d9%85%d9%87%d8%af-%d9%84%d8%a5%d9%82%d8%b1%d8%a7%d8%b1-%d9%82%d8%a7%d9%86%d9%88%d9%86-%d8%a5%d8%b9%d8%af%d8%a7%d9%85,14,1.0
https://www.aljazeera.net/news/2026/3/25/%d8%a7%d9%84%d8%af%d9%88%d8%ad%d8%a9-%d9%88%d8%a3%d9%86%d9%82%d8%b1%d8%a9-%d8%aa%d8%a8%d8%ad%d8%ab%d8%a7%d9%86-%d8%b3%d8%a8%d9%84-%d8%a7%d9%84%d8%aa%d9%87%d8%af%d8%a6%d8%a9-%d9%88%d8%b3%d8%b7,9,0.9348
https://www.aljazeera.net/news/2026/3/25/%d8%b9%d8%a7%d8%ac%d9%84-%d9%88%d8%a7%d8%b4%d9%86%d8%b7%d9%86-%d8%a8%d9%88%d8%b3%d8%aa-%d8%b9%d9%86-%d9%85%d8%b3%d8%a4%d9%88%d9%84%d9%8a%d9%86-%d8%a3%d9%85%d8%b1%d9%8a%d9%83%d9%8a%d9%8a%d9%86,0,1.0
https://www.aljazeera.net/news/2026/3/25/%d9%85%d8%a7-%d8%b4%d8%b1%d9%88%d8%b7-%d8%a3%d9%85%d8%b1%d9%8a%d9%83%d8%a7-%d9%88%d8%a5%d9%8a%d8%b1%d8%a7%d9%86-%d9%84%d8%a8%d8%af%d8%a1-%d8%a7%d9%84%d9%85%d9%81%d8%a7%d9%88%d8%b6%d8%a7%d8%aa,0,1.0
https://www.aljazeera.net/news/2026/3/25/%d8%a7%d9%84%d9%87%d8%ac%d9%85%d8%a7%d8%aa-%d8%a7%d9%84%d8%a5%d9%8a%d8%b1%d8%a7%d9%86%d9%8a%d8%a9-%d8%aa%d8%af%d9%81%d8%b9-%d9%82%d8%a8%d8%b1%d8%b5-%d9%84%d9%85%d8%b7%d8%a7%d9%84%d8%a8%d8%a9,0,0.8703
https://www.aljazeera.net/news/2026/3/25/%d9%81%d9%8a-%d8%a5%d9%8a%d8%b1%d8%a7%d9%86-%d9%85%d9%86-%d9%8a%d8%ad%d8%a7%d8%b1%d8%a8%d9%88%d9%86-%d9%87%d9%85-%d9%85%d9%86-%d9%8a%d8%af%d9%8a%d8%b1%d9%88%d9%86,-1,0.0
https://www.aljazeera.net/news/2026/3/25/%d8%a7%d9%84%d8%b9%d8%b1%d8%a7%d9%82-%d9%8a%d8%b9%d8%aa%d9%82%d9%84-4-%d8%a3%d8%b4%d8%ae%d8%a7%d8%b5-%d8%a8%d8%aa%d9%87%d9%85%d8%a9-%d8%a5%d8%b7%d9%84%d8%a7%d9%82-%d8%b5%d9%88%d8%a7%d8%b1%d9%8a%d8%ae,6,0.8647
https://www.aljazeera.net/news/2026/3/25/%d9%85%d9%85%d8%ab%d9%84-%d8%ae%d8%a7%d9%85%d9%86%d8%a6%d9%8a-%d9%84%d9%84%d8%ac%d9%86%d9%88%d8%af-%d8%a7%d9%84%d8%a3%d9%85%d8%b1%d9%8a%d9%83%d9%8a%d9%8a%d9%86,7,0.4554
https://www.aljazeera.net/news/2026/3/25/%d8%ad%d8%aa%d9%89-%d8%a7%d9%84%d9%84%d9%8a%d8%b7%d8%a7%d9%86%d9%8a-%d8%a5%d8%b3%d8%b1%d8%a7%d8%a6%d9%8a%d9%84-%d8%aa%d9%83%d8%b4%d9%81-%d8%ae%d8%b7%d8%aa%d9%87%d8%a7,2,0.6041
https://www.aljazeera.net/news/2026/3/25/%d8%aa%d8%b1%d9%85%d8%a8-%d8%a5%d9%8a%d8%b1%d8%a7%d9%86-%d9%82%d8%af%d9%85%d8%aa-%d9%84%d9%86%d8%a7-%d9%87%d8%af%d9%8a%d8%a9-%d9%83%d8%a8%d9%8a%d8%b1%d8%a9,0,1.0
https://www.aljazeera.net/news/2026/3/25/%d8%a5%d9%8a%d8%b1%d8%a7%d9%86-%d9%88%d9%84%d8%a8%d9%86%d8%a7%d9%86-%d8%aa%d8%aa%d8%b5%d8%af%d8%b1%d8%a7%d9%86-%d8%a7%d9%84%d9%82%d8%a7%d8%a6%d9%85%d8%a9-%d8%a2%d9%84%d8%a7%d9%81,1,0.4313
https://www.aljazeera.net/news/2026/3/25/%d8%a5%d9%8a%d8%b1%d8%a7%d9%86-96,0,0.673
https://www.aljazeera.net/news/2026/3/25/%d8%b4%d9%87%d8%af%d8%a7%d8%a1-%d8%a8%d8%ba%d8%b2%d8%a9-%d9%88%d8%a7%d9%82%d8%aa%d8%ad%d8%a7%d9%85%d8%a7%d8%aa-%d9%88%d8%a7%d8%b3%d8%b9%d8%a9-%d8%a8%d8%a7%d9%84%d8%b6%d9%81%d8%a9,3,0.8564
https://www.aljazeera.net/news/2026/3/25/%d9%85%d8%a7-%d8%a7%d9%84%d8%b0%d9%8a-%d8%aa%d8%b1%d9%8a%d8%af%d9%87-%d8%a5%d9%8a%d8%b1%d8%a7%d9%86-%d9%88%d8%a3%d9%85%d8%b1%d9%8a%d9%83%d8%a7-%d9%85%d9%86,0,1.0
https://www.aljazeera.net/news/2026/3/25/%d8%a7%d9%84%d9%82%d9%86%d8%a7%d8%a8%d9%84-%d9%88%d8%a7%d9%84%d8%aa%d9%81%d8%a7%d9%88%d8%b6-%d9%84%d9%85%d8%a7%d8%b0%d8%a7-%d9%8a%d9%85%d8%af-%d8%aa%d8%b1%d9%85%d8%a8-%d9%8a%d8%af,0,1.0
https://www.aljazeera.net/news/2026/3/25/%d9%84%d8%a8%d9%86%d8%a7%d9%86-117,2,0.9667
https://www.aljazeera.net/news/2026/3/25/%d8%a5%d8%b3%d8%b1%d8%a7%d8%a6%d9%8a%d9%84-%d8%aa%d8%b3%d8%aa%d9%87%d8%af%d9%81-%d8%ae%d8%b7-%d8%a5%d9%85%d8%af%d8%a7%d8%af-%d8%b1%d9%88%d8%b3%d9%8a-%d8%a5%d9%8a%d8%b1%d8%a7%d9%86%d9%8a-%d9%81%d9%8a,1,0.4682
https://www.aljazeera.net/news/2026/3/25/%d9%85%d8%b4%d8%b1%d9%88%d8%b9-%d8%a5%d8%b9%d8%af%d8%a7%d9%85-%d8%a7%d9%84%d8%a3%d8%b3%d8%b1%d9%89-%d8%a7%d9%84%d9%81%d9%84%d8%b3%d8%b7%d9%8a%d9%86%d9%8a%d9%8a%d9%86-%d9%8a%d8%ab%d9%8a%d8%b1,14,1.0
https://www.aljazeera.net/news/2026/3/25/%d8%a7%d9%84%d8%af%d9%86%d9%85%d8%a7%d8%b1%d9%83-%d8%aa%d8%ad%d8%a7%d9%84%d9%81-%d8%a7%d9%84%d9%8a%d8%b3%d8%a7%d8%b1-%d9%8a%d8%aa%d8%b5%d8%af%d8%b1,-1,0.0
https://www.aljazeera.net/news/2026/3/25/%d8%b9%d8%a7%d8%ac%d9%84-%d9%85%d9%86%d8%af%d9%88%d8%a8%d8%a9-%d9%82%d8%b7%d8%b1-%d9%81%d9%8a-%d9%85%d8%ac%d9%84%d8%b3-%d8%ad%d9%82%d9%88%d9%82-%d8%a7%d9%84%d8%a5%d9%86%d8%b3%d8%a7%d9%86,-1,0.0
https://www.aljazeera.net/news/2026/3/25/%d8%a8%d9%8a%d8%a7%d9%86%d8%a7%d8%aa-%d9%85%d9%84%d8%a7%d8%ad%d9%8a%d8%a9-%d8%aa%d8%b6%d8%a7%d8%b9%d9%81-%d8%b9%d8%af%d8%af-%d8%b1%d8%ad%d9%84%d8%a7%d8%aa-%d8%a7%d9%84%d8%ae%d8%b7%d9%88%d8%b7,-1,0.0
https://www.aljazeera.net/news/2026/3/25/%d9%81%d9%8a-%d8%ae%d8%af%d9%85%d8%a9-%d8%a5%d8%b3%d8%b1%d8%a7%d8%a6%d9%8a%d9%84-%d9%81%d9%88%d9%84%d9%83%d8%b3-%d9%81%d8%a7%d8%ba%d9%86-%d8%aa%d8%aa%d8%ad%d9%88%d9%84-%d9%85%d9%86,-1,0.0
https://www.aljazeera.net/news/2026/3/25/%d9%85%d9%86-300-%d8%a5%d9%84%d9%89-1500-%d8%af%d9%88%d9%84%d8%a7%d8%b1-%d8%a3%d8%ac%d8%b1%d8%a9-%d8%a7%d9%84%d9%85%d8%b3%d8%a7%d9%83%d9%86-%d8%aa%d8%b9%d9%85%d9%82,-1,0.0
https://www.aljazeera.net/news/2026/3/25/%d8%a7%d9%84%d8%b9%d8%b1%d8%a7%d9%82-%d9%85%d9%82%d8%aa%d9%84-7-%d8%ac%d9%86%d9%88%d8%af-%d9%88%d8%a5%d8%b5%d8%a7%d8%a8%d8%a9-13-%d8%a8%d9%82%d8%b5%d9%81-%d8%a7%d8%b3%d8%aa%d9%87%d8%af%d9%81,13,0.9802
https://www.aljazeera.net/news/2026/3/25/%d9%85%d8%b3%d8%aa%d9%88%d8%b7%d9%86%d8%a7%d8%aa-%d9%88%d8%aa%d9%87%d8%ac%d9%8a%d8%b1-%d9%88%d8%b6%d9%85-%d9%87%d8%a7%d8%af%d8%a6-%d8%a7%d9%84%d8%a7%d8%ad%d8%aa%d9%84%d8%a7%d9%84,15,0.5213
https://www.aljazeera.net/news/2026/3/25/%d8%ac%d9%8a%d9%87-%d8%af%d9%8a-%d9%81%d8%a7%d9%86%d8%b3-%d9%84%d9%85%d8%a7%d8%b0%d8%a7-%d8%aa%d9%81%d8%b6%d9%84%d9%87-%d8%a5%d9%8a%d8%b1%d8%a7%d9%86-%d9%88%d8%b3%d9%8a%d8%b7%d8%a7,0,1.0
https://www.aljazeera.net/news/2026/3/25/%d8%a7%d9%84%d9%87%d8%ac%d9%85%d8%a7%d8%aa-%d8%a7%d9%84%d8%b5%d8%a7%d8%b1%d9%88%d8%ae%d9%8a%d8%a9-%d8%aa%d8%b6%d8%a7%d8%b9%d9%81-%d8%a5%d9%84%d8%ba%d8%a7%d8%a1,1,1.0
https://www.aljazeera.net/news/2026/3/25/%d8%ba%d9%8a%d9%86%d9%8a%d8%a7-%d8%aa%d9%81%d9%83%d9%8a%d9%83-%d8%b4%d8%a8%d9%83%d8%a9-%d9%85%d8%aa%d9%87%d9%85%d8%a9-%d8%a8%d8%a7%d9%84%d8%af%d8%b9%d8%a7%d9%8a%d8%a9,5,1.0
https://www.aljazeera.net/news/2026/3/25/%d9%85%d8%b9%d8%b6%d9%84%d8%a9-%d9%85%d9%85%d8%b1%d8%a7%d8%aa-%d8%a7%d9%84%d8%a5%d9%85%d8%af%d8%a7%d8%af-%d9%83%d9%8a%d9%81-%d8%aa%d8%b1%d8%b3%d9%85-%d8%ac%d8%ba%d8%b1%d8%a7%d9%81%d9%8a%d8%a7,13,0.8184
https://www.aljazeera.net/news/2026/3/25/%d8%a5%d8%b7%d9%84%d8%a7%d9%82-%d8%a7%d9%84%d8%b9%d9%85%d9%84%d8%a7%d8%a1-%d9%88%d8%a7%d9%84%d8%a7%d9%86%d8%aa%d9%87%d8%a7%d9%83%d8%a7%d8%aa,3,0.833
https://www.aljazeera.net/news/2026/3/25/%d9%85%d8%b3%d8%a4%d9%88%d9%84-%d8%aa%d8%b1%d9%83%d9%8a-%d9%86%d9%86%d9%82%d9%84-%d8%b1%d8%b3%d8%a7%d8%a6%d9%84-%d8%a8%d9%8a%d9%86-%d8%a5%d9%8a%d8%b1%d8%a7%d9%86,0,1.0
https://www.aljazeera.net/news/2026/3/25/%d9%84%d8%a8%d9%8a%d8%af-%d9%8a%d8%b7%d8%b1%d8%ad-%d9%82%d8%a7%d9%86%d9%88%d9%86%d8%a7-%d9%8a%d8%af%d8%b9%d9%88-%d9%84%d9%84%d8%a7%d8%b9%d8%aa%d8%b1%d8%a7%d9%81-%d8%a8%d9%82%d8%b7%d8%b1,14,0.906
https://www.aljazeera.net/news/2026/3/25/%d9%85%d9%84%d8%a7%d8%af%d9%8a%d9%86%d9%88%d9%81-%d9%8a%d8%b5%d9%81-%d9%88%d8%b6%d8%b9-%d8%ba%d8%b2%d8%a9-%d8%a8%d9%80%d8%a7%d9%84%d8%b5%d8%b9%d8%a8-%d9%88%d9%8a%d9%83%d8%b4%d9%81-%d8%b9%d9%86,-1,0.0
https://www.aljazeera.net/news/2026/3/25/%d9%87%d8%ac%d9%85%d8%a7%d8%aa-%d8%b9%d9%86%d9%8a%d9%81%d8%a9-%d8%a8%d9%8a%d9%86-%d8%b1%d9%88%d8%b3%d9%8a%d8%a7-%d9%88%d8%a3%d9%88%d9%83%d8%b1%d8%a7%d9%86%d9%8a%d8%a7-%d8%aa%d8%ae%d9%84%d9%81,12,1.0
https://www.aljazeera.net/news/2026/3/25/%d8%a7%d9%84%d8%a8%d8%b1%d9%84%d9%85%d8%a7%d9%86-%d8%a7%d9%84%d9%83%d8%a7%d9%85%d9%8a%d8%b1%d9%88%d9%86%d9%8a-%d9%8a%d9%85%d8%af%d8%af-%d9%88%d9%84%d8%a7%d9%8a%d8%a9,5,1.0
https://www.aljazeera.net/news/2026/3/25/%d9%82%d8%b7%d8%b1-%d8%aa%d8%ac%d8%af%d8%af-%d8%a5%d8%af%d8%a7%d9%86%d8%aa%d9%87%d8%a7-%d9%84%d9%84%d8%a7%d8%b9%d8%aa%d8%af%d8%a7%d8%a1%d8%a7%d8%aa,9,0.7422
https://www.aljazeera.net/news/2026/3/25/%d8%aa%d9%88%d9%86%d8%b3-90,-1,0.0
https://www.aljazeera.net/news/2026/3/25/%d8%a7%d9%84%d8%b9%d8%b1%d8%a7%d9%82-%d8%b9%d9%84%d9%89-%d8%ad%d8%a7%d9%81%d8%a9-%d8%a7%d9%84%d8%a7%d8%ad%d8%aa%d8%b1%d8%a7%d9%82-%d9%87%d9%84-%d8%aa%d8%aa%d8%ad%d9%88%d9%84,13,0.6857
https://www.aljazeera.net/news/2026/3/25/%d8%a5%d9%8a%d8%b1%d8%a7%d9%86-97,1,0.9973
https://www.aljazeera.net/news/2026/3/25/%d9%85%d8%b5%d8%af%d8%b1-%d8%a5%d9%8a%d8%b1%d8%a7%d9%86%d9%8a-%d9%84%d8%b1%d9%88%d9%8a%d8%aa%d8%b1%d8%b2-%d8%a8%d8%a7%d9%83%d8%b3%d8%aa%d8%a7%d9%86-%d8%b3%d9%84%d9%85%d8%aa,0,1.0
https://www.aljazeera.net/news/2026/3/25/%d9%85%d9%82%d8%a7%d8%b7%d8%b9-%d8%b5%d8%a7%d8%af%d9%85%d8%a9-%d9%84%d8%a3%d8%b7%d9%81%d8%a7%d9%84-%d9%8a%d8%b9%d8%a8%d8%ab%d9%88%d9%86-%d8%a8%d8%a7%d9%84%d8%a3%d9%84%d8%ba%d8%a7%d9%85-%d9%81%d9%8a,6,1.0
https://www.aljazeera.net/news/2026/3/25/%d8%b9%d8%a8%d8%ab%d9%8a%d8%a9-%d9%88%d9%88%d8%ad%d8%b4%d9%8a%d8%a9-%d8%b1%d8%a6%d9%8a%d8%b3-%d8%a7%d9%84%d9%88%d8%b2%d8%b1%d8%a7%d8%a1-%d8%a7%d9%84%d8%a5%d8%b3%d8%a8%d8%a7%d9%86%d9%8a,-1,0.0
https://www.aljazeera.net/news/2026/3/25/%d8%ba%d8%a7%d9%86%d8%a7-%d9%88%d8%a7%d9%84%d8%a7%d8%aa%d8%ad%d8%a7%d8%af-%d8%a7%d9%84%d8%a3%d9%88%d8%b1%d9%88%d8%a8%d9%8a-%d9%8a%d9%88%d9%82%d8%b9%d8%a7%d9%86-%d8%a3%d9%88%d9%84,5,0.9115
https://www.aljazeera.net/news/2026/3/25/%d8%a7%d8%ae%d8%aa%d8%a8%d8%a7%d8%b1-%d8%af%d8%a8%d9%84%d9%88%d9%85%d8%a7%d8%b3%d9%8a-%d8%b5%d8%b9%d8%a8-%d9%87%d9%84-%d8%aa%d9%86%d8%ac%d8%ad-%d8%a5%d8%b3%d9%84%d8%a7%d9%85-%d8%a2%d8%a8%d8%a7%d8%af,0,1.0
https://www.aljazeera.net/news/2026/3/25/%d9%85%d8%b5%d8%a7%d8%af%d8%b1-%d8%aa%d8%b1%d9%83%d9%8a%d8%a9-%d9%84%d9%84%d8%ac%d8%b2%d9%8a%d8%b1%d8%a9-%d9%86%d8%aa-5-%d8%b4%d8%b1%d9%88%d8%b7-%d8%a3%d9%85%d8%b1%d9%8a%d9%83%d9%8a%d8%a9,0,1.0
https://www.aljazeera.net/news/2026/3/25/%d8%ba%d8%b1%d9%88%d8%b3%d9%8a-%d8%a3%d8%b6%d8%b1%d8%a7%d8%b1-%d8%a7%d9%84%d9%85%d9%86%d8%b4%d8%a2%d8%aa-%d8%a7%d9%84%d9%86%d9%88%d9%88%d9%8a%d8%a9,-1,0.0
https://www.aljazeera.net/news/2026/3/25/%d9%87%d9%84-%d8%aa%d9%86%d8%ac%d8%ad-%d8%ae%d8%b7%d8%a9-%d8%a7%d9%84%d9%8015-%d9%86%d9%82%d8%b7%d8%a9-%d9%81%d9%8a-%d9%83%d8%b3%d8%b1-%d8%a7%d9%84%d8%ac%d9%85%d9%88%d8%af-%d8%a8%d9%8a%d9%86,0,1.0
https://www.aljazeera.net/news/2026/3/25/%d9%86%d8%b0%d9%8a%d8%b1-%d8%b4%d8%a4%d9%85-%d8%b5%d9%88%d8%b1-%d8%aa%d8%ba%d8%b2%d9%88-%d8%a7%d9%84%d9%85%d9%86%d8%b5%d8%a7%d8%aa-%d9%84%d8%a3%d8%b3%d8%b1%d8%a7%d8%a8-%d9%85%d9%86,-1,0.0
https://www.aljazeera.net/news/2026/3/25/%d8%b9%d8%a7%d8%ac%d9%84-%d9%85%d8%b3%d8%a4%d9%88%d9%84-%d8%a5%d9%8a%d8%b1%d8%a7%d9%86%d9%8a-%d9%83%d8%a8%d9%8a%d8%b1-%d9%84%d8%b1%d9%88%d9%8a%d8%aa%d8%b1%d8%b2-%d8%b1%d8%af%d9%86%d8%a7,0,1.0
https://www.aljazeera.net/news/2026/3/25/%d8%a7%d9%84%d8%a3%d9%85%d9%8a%d9%86-%d8%a7%d9%84%d8%b9%d8%a7%d9%85-%d9%84%d8%ad%d8%b2%d8%a8-%d8%a7%d9%84%d9%84%d9%87-%d8%a7%d9%84%d9%85%d9%82%d8%a7%d9%88%d9%85%d8%a9-%d8%aa%d8%ad%d8%af%d8%af,-1,0.0
https://www.aljazeera.net/news/2026/3/25/%d9%84%d9%85%d8%a7%d8%b0%d8%a7-%d9%85%d9%87%d9%84%d8%a9-%d8%a7%d9%84%d9%805-%d8%a3%d9%8a%d8%a7%d9%85-%d9%84%d8%a5%d9%8a%d8%b1%d8%a7%d9%86-%d9%85%d8%ba%d8%b1%d8%af%d9%88%d9%86,0,1.0
https://www.aljazeera.net/news/2026/3/25/%d8%a5%d8%ad%d8%a7%d8%b7%d8%a7%d8%aa-%d9%85%d8%b5%d9%88%d9%91%d8%b1%d8%a9-%d9%84%d8%aa%d8%b1%d9%85%d8%a8-%d8%aa%d8%ab%d9%8a%d8%b1-%d9%85%d8%ae%d8%a7%d9%88%d9%81-%d8%ad%d9%84%d9%81%d8%a7%d8%a6%d9%87,0,1.0
https://www.aljazeera.net/news/2026/3/25/%d8%b9%d8%a7%d8%ac%d9%84-%d8%aa%d8%b3%d9%86%d9%8a%d9%85-%d8%b9%d9%86-%d9%85%d8%b5%d8%af%d8%b1-%d8%b9%d8%b3%d9%83%d8%b1%d9%8a-%d8%a5%d9%8a%d8%b1%d8%a7%d9%86%d9%8a-%d8%a5%d8%b0%d8%a7,0,0.8264
https://www.aljazeera.net/news/2026/3/25/%d8%a3%d9%85%d8%b1%d9%8a%d9%83%d8%a7-%d8%aa%d8%b1%d9%8a%d8%af-%d8%a7%d9%84%d8%aa%d8%ba%d9%8a%d9%8a%d8%b1-%d9%88%d9%83%d9%88%d8%a8%d8%a7-%d8%aa%d9%81%d9%83%d8%b1-%d9%81%d9%8a,11,0.648
https://www.aljazeera.net/news/2026/3/25/%d8%af%d9%88%d9%84-%d8%ae%d9%84%d9%8a%d8%ac%d9%8a%d8%a9-%d8%aa%d8%aa%d8%b5%d8%af%d9%89-%d9%84%d9%87%d8%ac%d9%85%d8%a7%d8%aa-%d8%b5%d8%a7%d8%b1%d9%88%d8%ae%d9%8a%d8%a9-2,4,1.0
https://www.aljazeera.net/news/2026/3/25/%d8%a5%d8%ab%d8%b1-%d8%aa%d8%b9%d8%b1%d8%b6%d9%87%d8%a7-%d9%84%d8%b6%d8%b1%d8%a8%d8%a9-%d8%ac%d9%88%d9%8a%d8%a9-%d8%b1%d9%88%d8%b3%d9%8a%d8%a7-%d8%aa%d8%ac%d9%84%d9%8a,-1,0.0
https://www.aljazeera.net/news/2026/3/25/%d9%85%d9%86-1992-%d9%84%d8%ba%d8%b2-%d8%aa%d8%af%d9%88%d9%8a%d9%86%d8%a9-%d9%8a%d8%a7%d8%a8%d8%a7%d9%86%d9%8a%d8%a9-%d9%83%d8%aa%d8%a8%d8%aa-%d9%82%d8%a8%d9%84,0,0.8538
https://www.aljazeera.net/news/2026/3/25/%d9%85%d8%a7-%d8%a7%d9%84%d8%b3%d9%8a%d9%86%d8%a7%d8%b1%d9%8a%d9%88%d9%87%d8%a7%d8%aa-%d8%a7%d9%84%d9%85%d8%ad%d8%aa%d9%85%d9%84%d8%a9-%d8%a8%d8%b9%d8%af-%d9%85%d9%86%d8%ad,13,0.6348
https://www.aljazeera.net/news/2026/3/25/%d8%b9%d8%a7%d8%ac%d9%84-%d8%a7%d9%84%d8%a3%d9%85%d9%8a%d9%86-%d8%a7%d9%84%d8%b9%d8%a7%d9%85-%d9%84%d9%85%d8%ac%d9%84%d8%b3-%d8%a7%d9%84%d8%aa%d8%b9%d8%a7%d9%88%d9%86-2,0,0.8383
https://www.aljazeera.net/news/2026/3/25/%d9%86%d8%aa%d9%86%d9%8a%d8%a7%d9%87%d9%88-%d8%a5%d8%b3%d8%b1%d8%a7%d8%a6%d9%8a%d9%84-%d8%aa%d9%88%d8%b3%d8%b9-%d8%a7%d9%84%d9%85%d9%86%d8%b7%d9%82%d8%a9-%d8%a7%d9%84%d8%b9%d8%a7%d8%b2%d9%84%d8%a9,2,0.6041
https://www.aljazeera.net/news/2026/3/25/30-%d8%af%d9%88%d9%84%d8%a9-%d8%aa%d8%b4%d8%a7%d8%b1%d9%83-%d9%81%d9%8a-%d9%82%d9%85%d8%a9-%d8%af%d9%88%d9%84%d9%8a%d8%a9-%d8%a8%d9%87%d8%af%d9%81-%d8%aa%d8%b4%d9%83%d9%8a%d9%84,0,1.0
https://www.aljazeera.net/news/2026/3/25/%d9%83%d9%8a%d9%81-%d9%8a%d8%b6%d8%ba%d8%b7-%d9%88%d8%b5%d9%88%d9%84-%d9%81%d8%b1%d9%82%d8%a9-%d8%a3%d9%85%d8%b1%d9%8a%d9%83%d9%8a%d8%a9-%d9%85%d8%ad%d9%85%d9%88%d9%84%d8%a9-%d8%ac%d9%88%d8%a7,0,1.0
https://www.aljazeera.net/news/2026/3/25/%d8%ba%d9%88%d8%aa%d9%8a%d8%b1%d9%8a%d8%b4-%d8%a7%d9%84%d8%ad%d8%b1%d8%a8-%d9%81%d9%8a-%d8%a7%d9%84%d8%b4%d8%b1%d9%82-%d8%a7%d9%84%d8%a3%d9%88%d8%b3%d8%b7-%d8%ae%d8%b1%d8%ac%d8%aa-%d8%b9%d9%86,0,0.7733
https://www.aljazeera.net/news/2026/3/25/%d8%b9%d8%a7%d8%ac%d9%84-%d8%a7%d9%84%d9%82%d9%86%d8%a7%d8%a9-12-%d8%a7%d9%84%d8%a5%d8%b3%d8%b1%d8%a7%d8%a6%d9%8a%d9%84%d9%8a%d8%a9-%d8%b9%d9%86-%d9%85%d8%b5%d8%a7%d8%af%d8%b1-3,0,0.8743
https://www.aljazeera.net/news/2026/3/25/%d8%af%d9%88%d9%84-%d8%b9%d8%b1%d8%a8%d9%8a%d8%a9-%d8%aa%d8%af%d9%8a%d9%86-%d8%a7%d9%84%d9%87%d8%ac%d9%85%d8%a7%d8%aa-%d8%a7%d9%84%d8%a5%d9%8a%d8%b1%d8%a7%d9%86%d9%8a%d8%a9-%d8%b9%d9%84%d9%89,4,0.2575
https://www.aljazeera.net/news/2026/3/25/%d8%ae%d8%a8%d9%8a%d8%b1-%d8%a5%d9%8a%d8%b7%d8%a7%d9%84%d9%8a-%d9%85%d9%88%d9%82%d9%81-%d8%a3%d9%88%d8%b1%d9%88%d8%a8%d8%a7-%d9%82%d8%af-%d9%8a%d8%b9%d9%8a%d8%af-%d9%84%d9%84%d8%a3%d9%85%d9%85,0,1.0
https://www.aljazeera.net/news/2026/3/25/%d9%82%d8%b1%d8%a7%d8%b1-%d8%ad%d9%82%d9%88%d9%82%d9%8a,-1,0.0
https://www.aljazeera.net/news/2026/3/25/%d8%a8%d8%b9%d8%af-%d8%b4%d9%87%d8%b1-%d9%85%d9%86-%d8%a7%d9%84%d8%ad%d8%b1%d8%a8-%d8%b9%d9%84%d9%89-%d8%a5%d9%8a%d8%b1%d8%a7%d9%86-%d9%86%d8%aa%d9%86%d9%8a%d8%a7%d9%87%d9%88,19,1.0
https://www.aljazeera.net/news/2026/3/25/%d8%b9%d8%b1%d8%a7%d9%82%d8%ac%d9%8a-%d9%82%d9%88%d8%a7%d8%b9%d8%af-%d9%88%d8%a7%d8%b4%d9%86%d8%b7%d9%86-%d9%81%d9%8a-%d8%a7%d9%84%d9%85%d8%b1%d9%85%d9%89-%d9%88%d9%84%d8%a7,-1,0.0
https://www.aljazeera.net/news/2026/3/25/%d8%aa%d8%b1%d9%85%d8%a8-%d9%8a%d8%b2%d9%88%d8%b1-%d8%a7%d9%84%d8%b5%d9%8a%d9%86-%d9%81%d9%8a-%d9%85%d9%86%d8%aa%d8%b5%d9%81-%d9%85%d8%a7%d9%8a%d9%88,0,0.6897
https://www.aljazeera.net/news/2026/3/25/%d9%88%d8%b2%d9%8a%d8%b1-%d8%a7%d9%84%d8%ae%d8%a7%d8%b1%d8%ac%d9%8a%d8%a9-%d8%a7%d9%84%d8%a3%d8%b1%d8%af%d9%86%d9%8a-%d9%84%d8%a7-%d9%88%d8%ac%d9%88%d8%af-%d9%84%d9%82%d9%88%d8%a7%d8%b9%d8%af,4,0.2376
https://www.aljazeera.net/news/2026/3/25/%d8%b4%d9%87%d9%8a%d8%af-%d9%88%d9%85%d8%b5%d8%a7%d8%a8%d9%88%d9%86-%d9%81%d9%8a-%d9%82%d8%b5%d9%81-%d8%a5%d8%b3%d8%b1%d8%a7%d8%a6%d9%8a%d9%84%d9%8a-%d8%b9%d9%84%d9%89-%d9%85%d8%ae%d9%8a%d9%85-5,3,1.0
https://www.aljazeera.net/news/2026/3/25/%d8%b3%d9%8a-%d8%a5%d9%86-%d8%a5%d9%86-%d8%a5%d9%8a%d8%b1%d8%a7%d9%86-%d8%aa%d8%b9%d8%b2%d8%b2-%d8%af%d9%81%d8%a7%d8%b9%d8%a7%d8%aa%d9%87%d8%a7-%d9%81%d9%8a-%d8%ac%d8%b2%d9%8a%d8%b1%d8%a9,0,1.0
https://www.aljazeera.net/news/2026/3/25/%d8%a8%d9%8a%d9%86-%d8%ae%d8%b7%d8%a9-%d8%aa%d8%b1%d9%85%d8%a8-%d9%88%d8%b4%d8%b1%d9%88%d8%b7-%d8%b7%d9%87%d8%b1%d8%a7%d9%86-3-%d8%b3%d9%8a%d9%86%d8%a7%d8%b1%d9%8a%d9%88%d9%87%d8%a7%d8%aa,0,1.0
https://www.aljazeera.net/news/2026/3/24/%d8%a3%d9%8a-%d8%b6%d9%85%d8%a7%d9%86%d8%a7%d8%aa-%d8%aa%d8%b1%d9%8a%d8%af%d9%87%d8%a7-%d8%a5%d9%8a%d8%b1%d8%a7%d9%86-%d9%84%d9%84%d8%aa%d9%81%d8%a7%d9%88%d8%b6-%d8%b9%d9%84%d9%89,0,1.0
https://www.aljazeera.net/news/2026/3/24/%d9%86%d8%aa%d9%86%d9%8a%d8%a7%d9%87%d9%88-%d8%b3%d9%86%d9%88%d8%a7%d8%b5%d9%84-%d8%a7%d9%84%d8%b9%d9%85%d9%84%d9%8a%d8%a7%d8%aa-%d8%a7%d9%84%d8%b9%d8%b3%d9%83%d8%b1%d9%8a%d8%a9-%d8%b6%d8%af,19,1.0
https://www.aljazeera.net/news/2026/3/24/%d8%a3%d9%84%d8%a8%d8%a7%d9%86%d9%8a%d8%b2%d9%8a-%d8%a7%d9%84%d8%b9%d8%a7%d9%84%d9%85-%d8%a3%d8%b7%d9%84%d9%82-%d9%8a%d8%af-%d8%a5%d8%b3%d8%b1%d8%a7%d8%a6%d9%8a%d9%84,14,1.0
https://www.aljazeera.net/news/2026/3/24/%d8%a7%d9%84%d8%b3%d8%b9%d9%88%d8%af%d9%8a%d8%a9-%d9%88%d8%a7%d9%84%d8%a5%d9%85%d8%a7%d8%b1%d8%a7%d8%aa-%d9%88%d8%a7%d9%84%d9%83%d9%88%d9%8a%d8%aa-%d8%aa%d8%aa%d8%b5%d8%af%d9%89-2,4,1.0
https://www.aljazeera.net/news/2026/3/24/%d8%aa%d8%ad%d8%b7%d9%85-%d8%b7%d8%a7%d8%a6%d8%b1%d8%a9-%d8%b9%d8%b3%d9%83%d8%b1%d9%8a%d8%a9-%d9%83%d9%88%d9%84%d9%88%d9%85%d8%a8%d9%8a%d8%a9-%d8%aa%d9%82%d9%84-%d8%a3%d9%83%d8%ab%d8%b1-%d9%85%d9%86,-1,0.0
https://www.aljazeera.net/news/2026/3/24/%d8%b9%d8%a7%d8%ac%d9%84-%d9%85%d8%b5%d8%af%d8%b1-%d8%b7%d8%a8%d9%8a-%d8%b9%d8%b1%d8%a7%d9%82%d9%8a-%d9%84%d9%84%d8%ac%d8%b2%d9%8a%d8%b1%d8%a9-%d9%85%d9%82%d8%aa%d9%84-%d9%82%d8%a7%d8%a6%d8%af,13,1.0
https://www.aljazeera.net/news/2026/3/24/%d9%85%d9%86-%d8%a7%d9%84%d9%85%d8%b3%d8%a4%d9%88%d9%84-%d8%a7%d9%84%d8%a5%d9%8a%d8%b1%d8%a7%d9%86%d9%8a-%d8%a7%d9%84%d8%a8%d8%a7%d8%b1%d8%b2-%d8%a7%d9%84%d8%b0%d9%8a-%d8%b1%d8%b4%d8%ad%d8%aa%d9%87,0,0.9709
https://www.aljazeera.net/news/2026/3/24/%d9%85%d8%a7-%d8%a7%d9%84%d8%b0%d9%8a-%d8%ad%d9%82%d9%82%d8%aa%d9%87-%d8%a5%d8%b3%d8%b1%d8%a7%d8%a6%d9%8a%d9%84-%d9%85%d9%86-%d8%a7%d8%ba%d8%aa%d9%8a%d8%a7%d9%84-%d8%a7%d9%84%d9%82%d8%a7%d8%af%d8%a9,7,0.8757
https://www.aljazeera.net/news/2026/3/24/%d8%ad%d8%b5%d8%b1%d9%8a-%d8%b1%d9%88%d9%8a%d8%aa%d8%b1%d8%b2,0,0.9075
https://www.aljazeera.net/news/2026/3/24/%d8%a7%d9%86%d9%81%d8%ac%d8%a7%d8%b1%d8%a7%d8%aa-%d8%a8%d8%a7%d9%84%d9%82%d8%af%d8%b3-%d9%88%d8%b1%d8%a7%d9%85-%d8%a7%d9%84%d9%84%d9%87-%d9%88%d8%a5%d8%b5%d8%a7%d8%a8%d8%a9,1,1.0
https://www.aljazeera.net/news/2026/3/24/%d9%87%d8%b1%d9%85%d8%b2-%d8%a8%d9%8a%d9%86-%d8%a7%d9%84%d8%a3%d9%84%d8%ba%d8%a7%d9%85-%d9%88%d8%a7%d9%84%d8%aa%d9%81%d8%a7%d9%88%d8%b6-%d9%85%d9%86-%d9%8a%d9%85%d8%b1-%d9%88%d9%85%d9%86,0,1.0
https://www.aljazeera.net/news/2026/3/24/%d9%85%d8%a7%d9%83%d8%b1%d9%88%d9%86-%d9%8a%d8%ad%d8%b0%d8%b1-%d9%85%d9%86-%d8%a7%d8%ad%d8%aa%d9%84%d8%a7%d9%84-%d9%84%d8%a8%d9%86%d8%a7%d9%86-%d9%88%d9%8a%d8%af%d8%b9%d9%88,8,0.4753
https://www.aljazeera.net/news/2026/3/24/%d8%a5%d8%b3%d8%b1%d8%a7%d8%a6%d9%8a%d9%84-%d8%aa%d9%82%d8%b5%d9%81-%d8%b6%d8%a7%d8%ad%d9%8a%d8%a9-%d8%a8%d9%8a%d8%b1%d9%88%d8%aa-%d8%a7%d9%84%d8%ac%d9%86%d9%88%d8%a8%d9%8a%d8%a9,2,1.0
https://www.aljazeera.net/news/2026/3/24/%d8%a7%d9%84%d8%ae%d9%84%d9%8a%d8%ac-3,4,0.6794
https://www.aljazeera.net/news/2026/3/24/%d9%88%d8%a7%d8%b4%d9%86%d8%b7%d9%86-%d8%aa%d8%ad%d8%b0%d8%b1-%d9%85%d9%86-%d9%87%d8%ac%d9%85%d8%a7%d8%aa-%d9%85%d8%ad%d8%aa%d9%85%d9%84%d8%a9-%d8%aa%d8%b3%d8%aa%d9%87%d8%af%d9%81,-1,0.0
https://www.aljazeera.net/news/2026/3/24/%d9%83%d9%8a%d9%85-%d9%84%d8%a7-%d8%b1%d8%ac%d8%b9%d8%a9-%d8%b9%d9%86-%d8%a7%d9%84%d9%85%d8%b3%d8%a7%d8%b1-%d8%a7%d9%84%d9%86%d9%88%d9%88%d9%8a-%d9%88%d9%83%d9%88%d8%b1%d9%8a%d8%a7,-1,0.0
https://www.aljazeera.net/news/2026/3/24/%d8%a7%d9%84%d8%ac%d9%8a%d8%b4-%d8%a7%d9%84%d8%b3%d9%88%d8%b1%d9%8a-%d8%a7%d8%b3%d8%aa%d9%87%d8%af%d8%a7%d9%81-%d9%82%d8%a7%d8%b9%d8%af%d8%a9-%d8%b9%d8%b3%d9%83%d8%b1%d9%8a%d8%a9,6,0.8726
https://www.aljazeera.net/news/2026/3/24/%d8%b6%d8%b1%d8%a8%d8%a7%d8%aa-%d8%aa%d8%b7%d8%a7%d9%84-%d9%85%d9%86%d8%b4%d8%a2%d8%aa-%d8%ba%d8%a7%d8%b2-%d8%a8%d8%a3%d8%b5%d9%81%d9%87%d8%a7%d9%86-%d9%88%d8%ae%d8%b1%d9%85%d8%b4%d9%87%d8%b1,1,0.4585
https://www.aljazeera.net/news/2026/3/24/%d8%b9%d8%a7%d8%ac%d9%84-%d8%a7%d9%84%d9%82%d9%86%d8%a7%d8%a9-12-%d8%a7%d9%84%d8%b5%d8%a7%d8%b1%d9%88%d8%ae-%d8%a7%d9%84%d8%b0%d9%8a-%d8%a3%d8%b7%d9%84%d9%82-%d8%b9%d9%84%d9%89-%d8%aa%d9%84,1,1.0
https://www.aljazeera.net/news/2026/3/24/%d8%b9%d8%a8%d9%88%d8%b1-%d9%85%d8%ad%d8%af%d9%88%d8%af-%d9%84%d9%86%d8%a7%d9%82%d9%84%d8%a7%d8%aa-%d8%aa%d8%ac%d8%a7%d8%b1%d9%8a%d8%a9-%d8%b9%d8%a8%d8%b1-%d9%85%d9%85%d8%b1,0,1.0
https://www.aljazeera.net/news/2026/3/24/%d9%85%d8%a7%d8%b0%d8%a7-%d9%86%d8%b9%d8%b1%d9%81-%d8%b9%d9%86-%d9%85%d9%81%d8%a7%d9%88%d8%b6%d8%a7%d8%aa-%d8%a5%d9%86%d9%87%d8%a7%d8%a1-%d8%a7%d9%84%d8%ad%d8%b1%d8%a8,0,1.0
https://www.aljazeera.net/news/2026/3/24/%d8%b4%d8%a7%d9%87%d8%af-%d8%ad%d8%b1%d9%8a%d9%82-%d8%b6%d8%ae%d9%85-%d8%a8%d8%b9%d8%af-%d8%a7%d9%86%d9%81%d8%ac%d8%a7%d8%b1-%d9%81%d9%8a-%d9%85%d8%b5%d9%81%d8%a7%d8%a9-%d9%86%d9%81%d8%b7,12,0.2769
https://www.aljazeera.net/news/2026/3/24/%d9%85%d9%86%d8%a7%d9%88%d8%b1%d8%a9-%d8%a3%d9%85-%d8%a5%d9%86%d8%ac%d8%a7%d8%b2-%d9%82%d8%b1%d8%a7%d8%a1%d8%a7%d8%aa-%d8%a3%d9%85%d8%b1%d9%8a%d9%83%d9%8a%d8%a9,0,1.0
https://www.aljazeera.net/news/2026/3/24/%d8%b1%d8%a7%d9%8a%d8%aa%d8%b3-%d9%88%d9%88%d8%aa%d8%b4-%d8%aa%d8%aa%d9%87%d9%85-%d8%a5%d8%b3%d8%b1%d8%a7%d8%a6%d9%8a%d9%84-%d8%a8%d8%a7%d8%b1%d8%aa%d9%83%d8%a7%d8%a8-%d8%aa%d9%87%d8%ac%d9%8a%d8%b1,2,0.5396
https://www.aljazeera.net/news/2026/3/24/%d8%b5%d9%88%d8%b1-%d8%a7%d9%84%d8%a3%d9%82%d9%85%d8%a7%d8%b1-%d8%a7%d9%84%d8%a7%d8%b5%d8%b7%d9%86%d8%a7%d8%b9%d9%8a%d8%a9-%d8%aa%d9%83%d8%b4%d9%81-%d8%a7%d8%b3%d8%aa%d9%87%d8%af%d8%a7%d9%81%d8%a7,1,0.3478
https://www.aljazeera.net/news/2026/3/24/%d8%a7%d9%84%d8%b3%d8%b9%d9%88%d8%af%d9%8a%d8%a9-%d8%aa%d8%b9%d8%aa%d8%b1%d8%b6-30-%d9%85%d8%b3%d9%8a%d8%b1%d8%a9-%d9%88%d8%a7%d9%86%d9%82%d8%b7%d8%a7%d8%b9-%d8%ac%d8%b2%d8%a6%d9%8a,4,0.8434
https://www.aljazeera.net/news/2026/3/24/%d9%85%d8%a7-%d9%88%d8%b1%d8%a7%d8%a1-%d9%82%d8%b5%d9%81-%d8%b5%d9%88%d8%b1-%d8%a3%d8%a8%d8%b9%d8%a7%d8%af-%d9%85%d8%ae%d8%b7%d8%b7-%d8%a5%d8%b3%d8%b1%d8%a7%d8%a6%d9%8a%d9%84,-1,0.0
https://www.aljazeera.net/news/2026/3/24/%d8%a7%d9%84%d9%82%d8%b5%d9%81-%d8%a7%d9%84%d8%a5%d8%b3%d8%b1%d8%a7%d8%a6%d9%8a%d9%84%d9%8a-%d8%b9%d9%84%d9%89-%d9%84%d8%a8%d9%86%d8%a7%d9%86,2,1.0
https://www.aljazeera.net/news/2026/3/24/%d9%85%d8%a7%d8%b0%d8%a7-%d9%83%d8%b4%d9%81-%d8%b1%d8%a6%d9%8a%d8%b3-%d8%a7%d9%84%d9%83%d9%86%d9%8a%d8%b3%d8%aa-%d8%a7%d9%84%d8%b3%d8%a7%d8%a8%d9%82-5,17,0.9059
https://www.aljazeera.net/news/2026/3/24/%d8%b9%d8%a7%d8%ac%d9%84-%d8%a7%d9%84%d9%85%d8%aa%d8%ad%d8%af%d8%ab-%d8%a8%d8%a7%d8%b3%d9%85-%d8%a7%d9%84%d8%ae%d8%a7%d8%b1%d8%ac%d9%8a%d8%a9-%d8%a7%d9%84%d9%82%d8%b7%d8%b1%d9%8a%d8%a9-23,9,1.0
https://www.aljazeera.net/news/2026/3/24/%d8%a8%d9%804-%d8%b1%d8%a4%d9%88%d8%b3-%d9%85%d8%aa%d9%81%d8%ac%d8%b1%d8%a9-%d9%87%d9%83%d8%b0%d8%a7-%d8%aa%d8%b6%d9%84%d9%84-%d8%a7%d9%84%d8%b5%d9%88%d8%a7%d8%b1%d9%8a%d8%ae,1,0.5383
https://www.aljazeera.net/news/2026/3/24/%d9%84%d9%85%d8%a7%d8%b0%d8%a7-%d9%82%d8%af-%d9%84%d8%a7-%d8%aa%d9%86%d9%87%d8%a7%d8%b1-%d9%83%d9%87%d8%b1%d8%a8%d8%a7%d8%a1-%d8%a5%d9%8a%d8%b1%d8%a7%d9%86-%d8%a8%d8%b3%d9%87%d9%88%d9%84%d8%a9,0,1.0
https://www.aljazeera.net/news/2026/3/24/%d9%83%d9%8a%d9%81-%d8%b2%d9%8a%d9%81%d8%aa-%d8%a5%d8%b3%d8%b1%d8%a7%d8%a6%d9%8a%d9%84-%d8%ad%d9%82%d9%8a%d9%82%d8%a9-%d9%82%d8%b5%d9%81-%d9%85%d8%b1%d9%83%d8%a8%d8%a9,3,0.5743
https://www.aljazeera.net/news/2026/3/24/%d9%83%d8%a7%d8%aa%d8%b3-%d9%8a%d8%aa%d9%88%d8%b9%d8%af-%d8%a8%d9%81%d8%b1%d8%b6-%d9%85%d9%86%d8%b7%d9%82%d8%a9-%d8%b9%d8%a7%d8%b2%d9%84%d8%a9-%d8%ad%d8%aa%d9%89-%d9%86%d9%87%d8%b1,2,0.6041
https://www.aljazeera.net/news/2026/3/24/%d8%a7%d9%84%d9%82%d8%af%d8%b3-%d9%87%d8%af%d9%85-%d8%a7%d8%ad%d8%aa%d9%84%d8%a7%d9%84-%d9%82%d9%84%d9%86%d8%af%d9%8a%d8%a7-%d9%81%d9%84%d8%b3%d8%b7%d9%8a%d9%86,15,0.5165
https://www.aljazeera.net/news/2026/3/24/%d9%85%d8%b3%d8%a4%d9%88%d9%84%d9%88%d9%86-%d8%a5%d8%b3%d8%b1%d8%a7%d8%a6%d9%8a%d9%84%d9%8a%d9%88%d9%86-%d9%8a%d8%b3%d8%aa%d8%a8%d8%b9%d8%af%d9%88%d9%86-%d9%86%d8%ac%d8%a7%d8%ad-%d8%b9%d9%82%d8%af,0,1.0
https://www.aljazeera.net/news/2026/3/24/%d9%85%d8%b5%d8%b1%d8%b9-66-%d8%b4%d8%ae%d8%b5%d8%a7-%d8%a5%d8%ab%d8%b1-%d8%aa%d8%ad%d8%b7%d9%85-%d8%b7%d8%a7%d8%a6%d8%b1%d8%a9-%d8%b4%d8%ad%d9%86-%d8%b9%d8%b3%d9%83%d8%b1%d9%8a%d8%a9,-1,0.0
https://www.aljazeera.net/news/2026/3/24/%d8%aa%d9%82%d8%b1%d9%8a%d8%b1-%d8%a3%d9%85%d9%85%d9%8a-%d8%aa%d8%b1%d8%ad%d9%8a%d9%84-%d8%a3%d8%b7%d9%81%d8%a7%d9%84-%d8%a3%d9%88%d9%83%d8%b1%d8%a7%d9%86%d9%8a%d9%8a%d9%86-%d9%82%d8%b3%d8%b1%d8%a7,12,0.7334
https://www.aljazeera.net/news/2026/3/24/3-%d8%ae%d8%af%d8%b9-%d9%88%d9%85%d8%a8%d8%af%d8%a3-%d8%ac%d9%88%d9%87%d8%b1%d9%8a-%d8%a7%d9%84%d8%b5%d9%8a%d9%86-%d8%a7%d9%84%d8%aa%d9%8a-%d8%aa%d8%b5%d9%85%d8%aa-%d8%a7%d9%84%d9%8a%d9%88%d9%85,0,0.7526
https://www.aljazeera.net/news/2026/3/24/%d8%a7%d9%84%d8%b1%d8%a6%d9%8a%d8%b3-%d8%a7%d9%84%d8%a3%d9%84%d9%85%d8%a7%d9%86%d9%8a-%d8%a7%d9%84%d8%ad%d8%b1%d8%a8-%d8%b9%d9%84%d9%89-%d8%a5%d9%8a%d8%b1%d8%a7%d9%86-%d8%ae%d8%b7%d8%a3,0,1.0
https://www.aljazeera.net/news/2026/3/24/%d8%ae%d9%84%d9%8a%d9%81%d8%a9-%d9%84%d8%a7%d8%b1%d9%8a%d8%ac%d8%a7%d9%86%d9%8a-%d8%aa%d8%b9%d9%8a%d9%8a%d9%86-%d8%b0%d9%88-%d8%a7%d9%84%d9%82%d8%af%d8%b1-%d8%a3%d9%85%d9%8a%d9%86%d8%a7,7,1.0
https://www.aljazeera.net/news/2026/3/24/%d8%ae%d9%84%d9%8a%d9%81%d8%a9-%d9%84%d8%a7%d8%b1%d9%8a%d8%ac%d8%a7%d9%86%d9%8a-%d9%85%d8%a7%d8%b0%d8%a7-%d9%8a%d8%b9%d9%86%d9%8a-%d8%aa%d8%b9%d9%8a%d9%8a%d9%86-%d8%a8%d8%a7%d9%82%d8%b1-%d8%b0%d9%88,7,1.0
https://www.aljazeera.net/news/2026/3/24/%d8%b3%d9%8a%d8%a7%d8%b1%d8%a9-%d8%a8%d9%85%d9%82%d9%88%d8%af%d9%8a%d9%86-%d8%a7%d9%84%d8%b3%d9%81%d8%a7%d8%b1%d8%a9-%d8%a7%d9%84%d8%a5%d9%8a%d8%b1%d8%a7%d9%86%d9%8a%d8%a9-%d8%aa%d8%b9%d9%84%d9%82,0,0.9016
https://www.aljazeera.net/news/2026/3/24/%d9%83%d9%8a%d9%81-%d8%a3%d8%ab%d8%a7%d8%b1%d8%aa-%d8%b9%d9%88%d8%af%d8%a9-%d9%83%d8%a7%d8%a8%d9%8a%d9%84%d8%a7-%d8%a5%d9%84%d9%89-%d8%a7%d9%84%d9%88%d8%a7%d8%ac%d9%87%d8%a9,5,1.0
https://www.aljazeera.net/news/2026/3/24/%d9%87%d8%ac%d9%85%d8%a7%d8%aa-%d8%b9%d9%84%d9%89-%d8%a7%d9%84%d8%b9%d8%b1%d8%a7%d9%82-%d8%aa%d8%ae%d9%84%d9%81-%d8%a3%d9%83%d8%a8%d8%b1-%d8%ad%d8%b5%d9%8a%d9%84%d8%a9-%d9%82%d8%aa%d9%84%d9%89,13,0.9367
https://www.aljazeera.net/news/2026/3/24/%d9%85%d8%a7-%d8%a7%d9%84%d8%b0%d9%8a-%d8%af%d9%81%d8%b9-%d8%a8%d9%8a%d8%b1%d9%88%d8%aa-%d9%84%d8%b7%d8%b1%d8%af-%d8%a7%d9%84%d8%b3%d9%81%d9%8a%d8%b1,-1,0.0
https://www.aljazeera.net/news/2026/3/24/%d8%ae%d9%84%d9%81-%d8%af%d9%85%d8%a7%d8%b1%d8%a7-%d9%88%d8%a5%d8%b5%d8%a7%d8%a8%d8%a7%d8%aa-%d9%87%d8%ac%d9%88%d9%85-%d8%b5%d8%a7%d8%b1%d9%88%d8%ae%d9%8a-%d8%a5%d9%8a%d8%b1%d8%a7%d9%86%d9%8a,1,0.9222
https://www.aljazeera.net/news/2026/3/24/%d8%b3%d9%84%d8%a7%d8%ad-%d8%a7%d9%84%d8%a5%d9%86%d8%aa%d8%b1%d9%86%d8%aa-%d9%83%d9%8a%d9%81-%d8%aa%d8%af%d9%8a%d8%b1-%d8%a5%d9%8a%d8%b1%d8%a7%d9%86-%d9%85%d8%b9%d8%b1%d9%83%d8%a9,-1,0.0
https://www.aljazeera.net/news/2026/3/24/%d8%ae%d8%b1%d9%8a%d8%b7%d8%a9-%d8%b7%d8%b1%d9%8a%d9%82-%d8%ab%d9%84%d8%a7%d8%ab%d9%8a%d8%a9-%d9%85%d9%86-4-%d9%85%d8%b1%d8%a7%d8%ad%d9%84-%d9%87%d9%84-%d8%aa%d9%86%d8%ac%d8%ad,0,1.0
https://www.aljazeera.net/news/2026/3/24/%d8%a7%d9%84%d8%b1%d8%a6%d9%8a%d8%b3-%d8%a7%d9%84%d8%b3%d9%86%d8%ba%d8%a7%d9%84%d9%8a-%d9%81%d9%8a-%d8%a3%d9%88%d9%84-%d8%b2%d9%8a%d8%a7%d8%b1%d8%a9-%d8%b1%d8%b3%d9%85%d9%8a%d8%a9-%d8%a5%d9%84%d9%89,5,0.8029
https://www.aljazeera.net/news/2026/3/24/%d9%84%d8%a8%d9%86%d8%a7%d9%86-%d9%8a%d8%b3%d8%ad%d8%a8-%d8%a7%d8%b9%d8%aa%d9%85%d8%a7%d8%af-%d8%a7%d9%84%d8%b3%d9%81%d9%8a%d8%b1-%d8%a7%d9%84%d8%a5%d9%8a%d8%b1%d8%a7%d9%86%d9%8a,-1,0.0
https://www.aljazeera.net/news/2026/3/24/%d9%84%d8%ba%d8%b2-%d8%a7%d9%84%d8%b1%d8%ac%d9%84-%d8%a7%d9%84%d8%a3%d9%83%d8%ab%d8%b1-%d8%a7%d8%ad%d8%aa%d8%b1%d8%a7%d9%85%d8%a7-%d8%aa%d8%b5%d8%b1%d9%8a%d8%ad-%d9%84%d8%aa%d8%b1%d9%85%d8%a8,0,1.0
https://www.aljazeera.net/news/2026/3/24/%d8%aa%d9%81%d8%b3%d9%8a%d8%b1%d8%a7%d8%aa-%d9%85%d8%aa%d8%a8%d8%a7%d9%8a%d9%86%d8%a9-%d8%a8%d8%a7%d9%84%d9%85%d9%86%d8%b5%d8%a7%d8%aa-%d9%84%d9%84%d8%aa%d8%b5%d8%b9%d9%8a%d8%af-%d8%b1%d8%ba%d9%85,1,0.3766
https://www.aljazeera.net/news/2026/3/24/%d8%ae%d8%a8%d9%8a%d8%b1-%d8%b9%d8%b3%d9%83%d8%b1%d9%8a-%d8%aa%d8%af%d9%85%d9%8a%d8%b1-%d8%a7%d9%84%d8%ac%d8%b3%d9%88%d8%b1-%d9%85%d8%b1%d8%aa%d8%a8%d8%b7-%d8%a8%d8%a3%d8%b7%d9%85%d8%a7%d8%b9,2,0.6041
https://www.aljazeera.net/news/2026/3/24/%d9%86%d9%8a%d9%88%d9%8a%d9%88%d8%b1%d9%83-%d8%aa%d8%a7%d9%8a%d9%85%d8%b2-%d9%81%d9%8a-%d8%b8%d9%84-%d8%a7%d9%84%d8%ad%d8%b1%d8%a8-%d9%85%d8%b9-%d8%a5%d9%8a%d8%b1%d8%a7%d9%86,3,0.8858
https://www.aljazeera.net/news/2026/3/24/%d8%a8%d8%af%d8%a7%d9%8a%d8%a9-%d8%b9%d8%a7%d9%85-%d9%85%d8%a3%d8%b3%d8%a7%d9%88%d9%8a%d8%a9-%d9%84%d9%84%d9%85%d9%87%d8%a7%d8%ac%d8%b1%d9%8a%d9%86-%d8%a7%d9%84%d8%b9%d9%85%d9%84%d9%8a%d8%a9,10,0.4375
https://www.aljazeera.net/news/2026/3/24/%d9%85%d8%a7%d8%b0%d8%a7-%d8%a8%d9%82%d9%8a-%d9%84%d8%af%d9%89-%d8%a5%d9%8a%d8%b1%d8%a7%d9%86-%d9%85%d9%86-%d8%a3%d9%88%d8%b1%d8%a7%d9%82-%d8%a7%d9%84%d9%82%d9%88%d8%a9,0,0.7873
https://www.aljazeera.net/news/2026/3/24/%d9%83%d8%a7%d8%aa%d8%a8-%d8%a8%d8%ba%d8%a7%d8%b1%d8%af%d9%8a%d8%a7%d9%86-%d8%a8%d9%8a%d8%aa-%d9%87%d9%8a%d8%ba%d8%b3%d9%8a%d8%ab-%d9%8a%d8%b1%d9%88%d8%ac-%d9%84%d8%b9%d8%a8%d8%a7%d8%af%d8%a9,0,0.9151
https://www.aljazeera.net/news/2026/3/24/%d8%a7%d9%84%d9%85%d8%a7%d8%b1%d9%8a%d9%86%d8%b2,0,1.0
https://www.aljazeera.net/news/2026/3/24/%d9%83%d9%8a%d9%81-%d8%aa%d8%ad%d9%88%d9%84-%d8%a7%d9%84%d8%b9%d8%b1%d8%a7%d9%82-%d8%a5%d9%84%d9%89-%d9%85%d8%b1%d9%83%d8%b2-%d8%ab%d9%82%d9%84,13,0.7816
https://www.aljazeera.net/news/2026/3/24/%d8%a7%d9%84%d8%a8%d9%8a%d8%aa-%d8%a7%d9%84%d8%a3%d8%a8%d9%8a%d8%b6-%d8%aa%d8%b1%d9%85%d8%a8-%d9%8a%d8%b3%d8%aa%d9%83%d8%b4%d9%81,0,1.0
https://www.aljazeera.net/news/2026/3/24/%d9%87%d8%ac%d9%85%d8%a7%d8%aa-%d8%a5%d9%8a%d8%b1%d8%a7%d9%86%d9%8a%d8%a9-%d8%b9%d9%84%d9%89-%d8%af%d9%88%d9%84-%d8%a7%d9%84%d8%ae%d9%84%d9%8a%d8%ac,4,1.0
https://www.aljazeera.net/news/2026/3/24/%d8%b9%d8%a7%d8%ac%d9%84-%d8%a7%d9%84%d9%86%d8%a7%d8%b7%d9%82-%d8%a8%d8%a7%d8%b3%d9%85-%d9%82%d8%a7%d8%a6%d8%af-%d8%a7%d9%84%d9%82%d9%88%d8%a7%d8%aa-%d8%a7%d9%84%d9%85%d8%b3%d9%84%d8%ad%d8%a9,13,1.0
https://www.aljazeera.net/news/2026/3/24/%d9%85%d8%af%d9%8a%d8%b1-%d8%a7%d9%84%d9%85%d8%ae%d8%a7%d8%a8%d8%b1%d8%a7%d8%aa-%d8%a7%d9%84%d8%a3%d9%85%d8%b1%d9%8a%d9%83%d9%8a%d8%a9-%d8%a7%d9%84%d8%b3%d8%a7%d8%a8%d9%82-%d9%87%d8%b0%d9%87,0,1.0
https://www.aljazeera.net/news/2026/3/24/%d9%85%d8%a7%d8%b0%d8%a7-%d9%86%d8%b9%d8%b1%d9%81-%d8%b9%d9%86-%d9%85%d8%ad%d8%a7%d8%af%d8%ab%d8%a7%d8%aa-%d9%88%d8%a7%d8%b4%d9%86%d8%b7%d9%86-%d9%88%d8%b7%d9%87%d8%b1%d8%a7%d9%86,0,1.0
https://www.aljazeera.net/news/2026/3/24/%d9%87%d8%b0%d8%a7%d9%86-%d8%a7%d9%84%d8%ac%d9%86%d8%b1%d8%a7%d9%84%d8%a7%d9%86-%d9%8a%d8%b6%d9%85%d9%86%d8%a7%d9%86-%d9%84%d8%a5%d9%8a%d8%b1%d8%a7%d9%86-%d8%aa%d8%ad%d9%82%d9%8a%d9%82,0,1.0
https://www.aljazeera.net/news/2026/3/24/%d9%85%d9%86-%d9%84%d8%a7%d8%b1%d9%8a%d8%ac%d8%a7%d9%86%d9%8a-%d8%a5%d9%84%d9%89-%d8%b0%d9%88-%d8%a7%d9%84%d9%82%d8%af%d8%b1-%d9%83%d9%8a%d9%81-%d8%aa%d8%b9%d9%8a%d8%af,7,1.0
https://www.aljazeera.net/news/2026/3/24/%d9%83%d9%8a%d9%81-%d8%a7%d8%b3%d8%aa%d8%ba%d9%84%d8%aa-%d8%a5%d8%b3%d8%b1%d8%a7%d8%a6%d9%8a%d9%84-%d8%a7%d9%86%d8%b4%d8%ba%d8%a7%d9%84-%d8%a7%d9%84%d8%b9%d8%a7%d9%84%d9%85-%d8%a8%d8%ad%d8%b1%d8%a8,15,0.3821
https://www.aljazeera.net/news/2026/3/24/%d8%b1%d9%88%d8%b3%d9%8a%d8%a7-%d8%aa%d8%b4%d9%86-%d8%a3%d8%b9%d9%86%d9%81-%d9%87%d8%ac%d9%88%d9%85-%d8%b9%d9%84%d9%89-%d8%a3%d9%88%d9%83%d8%b1%d8%a7%d9%86%d9%8a%d8%a7-%d8%a8%d9%80400,12,1.0
https://www.aljazeera.net/news/2026/3/24/%d8%aa%d8%ba%d9%8a%d9%8a%d8%b1,0,0.8875
https://www.aljazeera.net/news/2026/3/24/%d8%b3%d9%85%d8%a7%d8%a1-%d8%aa%d9%85%d8%b7%d8%b1-%d9%86%d8%a7%d8%b1%d8%a7-%d9%83%d9%8a%d9%81-%d8%a7%d8%ae%d8%aa%d8%b1%d9%82%d8%aa-%d8%b5%d9%88%d8%a7%d8%b1%d9%8a%d8%ae-%d8%a5%d9%8a%d8%b1%d8%a7%d9%86,1,0.5261
https://www.aljazeera.net/news/2026/3/24/3393,-1,0.0
https://www.aljazeera.net/news/liveblog/2026/3/23/%d8%a7%d9%84%d8%ad%d8%b1%d8%a8-%d8%b9%d9%84%d9%89-%d8%a5%d9%8a%d8%b1%d8%a7%d9%86-%d9%85%d8%a8%d8%a7%d8%b4%d8%b1-%d8%a5%d8%b3%d8%b1%d8%a7%d8%a6%d9%8a%d9%84-%d8%aa%d8%a8%d8%ad%d8%ab,-1,0.0
https://www.aljazeera.net/news/2026/3/23/%d8%b5%d8%ad%d9%8a%d9%81%d8%a9-%d8%a5%d8%b3%d8%b1%d8%a7%d8%a6%d9%8a%d9%84%d9%8a%d8%a9-%d9%88%d8%a7%d8%b4%d9%86%d8%b7%d9%86-%d8%aa%d8%af%d8%b1%d8%b3-%d8%ae%d9%8a%d8%a7%d8%b1,0,1.0
https://www.aljazeera.net/news/2026/3/23/%d8%a5%d8%b3%d8%b1%d8%a7%d8%a6%d9%8a%d9%84-%d8%aa%d8%af%d8%b9%d9%85-%d9%85%d9%87%d8%a7%d8%ac%d9%85%d8%a9-%d9%85%d9%86%d8%b4%d8%a2%d8%aa-%d8%a7%d9%84%d8%b7%d8%a7%d9%82%d8%a9,0,1.0
https://www.aljazeera.net/news/2026/3/23/%d8%ad%d8%b2%d8%a8-%d8%a7%d9%84%d9%84%d9%87-%d9%8a%d9%87%d8%a7%d8%ac%d9%85-%d8%a7%d9%84%d8%ac%d9%8a%d8%b4-%d8%a7%d9%84%d8%a5%d8%b3%d8%b1%d8%a7%d8%a6%d9%8a%d9%84%d9%8a-%d8%ac%d9%86%d9%88%d8%a8%d9%8a,2,0.7844
https://www.aljazeera.net/news/2026/3/23/%d8%a5%d8%b3%d8%b1%d8%a7%d8%a6%d9%8a%d9%84-%d8%aa%d8%b6%d8%b1%d8%a8-%d8%a5%d9%8a%d8%b1%d8%a7%d9%86-%d8%a8%d8%b0%d8%ae%d9%8a%d8%b1%d8%a9-%d8%ba%d9%8a%d8%b1-%d8%af%d9%82%d9%8a%d9%82%d8%a9,1,0.6394
https://www.aljazeera.net/news/2026/3/23/%d9%88%d8%a7%d8%b4%d9%86%d8%b7%d9%86-%d8%a8%d9%88%d8%b3%d8%aa-%d9%84%d9%85%d8%a7%d8%b0%d8%a7-%d9%84%d8%a7-%d8%aa%d8%a8%d8%af%d9%88-%d8%a5%d9%8a%d8%b1%d8%a7%d9%86-%d9%85%d8%b3%d8%aa%d8%b9%d8%af%d8%a9,0,1.0
https://www.aljazeera.net/news/2026/3/23/3374,1,1.0
https://www.aljazeera.net/news/2026/3/23/%d8%ac%d9%88%d9%86-%d8%a8%d9%88%d9%84%d8%aa%d9%88%d9%86-%d8%b9%d9%84%d9%89-%d8%a3%d9%88%d8%b1%d9%88%d8%a8%d8%a7-%d8%a7%d9%84%d8%a7%d9%86%d8%b6%d9%85%d8%a7%d9%85-%d8%a5%d9%84%d9%89,0,1.0
https://www.aljazeera.net/news/2026/3/23/%d8%af%d9%88%d9%84-%d8%ae%d9%84%d9%8a%d8%ac%d9%8a%d8%a9-%d8%aa%d8%aa%d8%b5%d8%af%d9%89-%d9%84%d9%87%d8%ac%d9%85%d8%a7%d8%aa-%d8%b5%d8%a7%d8%b1%d9%88%d8%ae%d9%8a%d8%a9,4,0.915
https://www.aljazeera.net/news/2026/3/23/%d8%b9%d8%a7%d8%ac%d9%84-%d8%b1%d9%88%d9%8a%d8%aa%d8%b1%d8%b2-%d8%b9%d9%86-%d9%85%d8%af%d9%8a%d8%b1-%d9%88%d9%83%d8%a7%d9%84%d8%a9-%d8%a7%d9%84%d8%b7%d8%a7%d9%82%d8%a9,0,0.9721
https://www.aljazeera.net/news/2026/3/23/%d8%aa%d8%b1%d9%85%d8%a8-%d8%b1%d8%af%d8%a7-%d8%b9%d9%84%d9%89-%d8%b9%d8%b1%d8%a7%d9%82%d8%ac%d9%8a-%d8%b3%d9%86%d8%b1%d9%89-%d8%a5%d8%b0%d8%a7-%d9%83%d8%a7%d9%86-%d9%85%d8%ad%d9%82%d8%a7,0,1.0
https://www.aljazeera.net/news/2026/3/23/%d9%83%d8%aa%d8%a7%d8%a6%d8%a8-%d8%ad%d8%b2%d8%a8-%d8%a7%d9%84%d9%84%d9%87-%d8%a7%d9%84%d8%b9%d8%b1%d8%a7%d9%82%d9%8a%d8%a9-%d8%aa%d9%85%d8%af%d8%af-%d8%aa%d8%b9%d9%84%d9%8a%d9%82,13,1.0
https://www.aljazeera.net/news/2026/3/23/3379,0,1.0
https://www.aljazeera.net/news/2026/3/23/%d8%aa%d8%b1%d9%85%d8%a8-%d9%8a%d9%86%d8%b4%d8%b1-%d8%b9%d9%84%d9%89-%d9%85%d9%86%d8%b5%d8%aa%d9%87-%d9%85%d9%82%d8%b7%d8%b9-%d9%81%d9%8a%d8%af%d9%8a%d9%88-%d9%8a%d8%b3%d8%ae%d8%b1-%d9%85%d9%86,0,0.9268
https://www.aljazeera.net/news/2026/3/23/%d9%88%d8%a7%d8%b4%d9%86%d8%b7%d9%86-%d9%88%d8%aa%d9%84-%d8%a3%d8%a8%d9%8a%d8%a8-%d8%aa%d8%aa%d9%88%d9%82%d8%a7%d9%86-%d9%84%d9%86%d9%87%d8%a7%d9%8a%d8%a9-%d8%a7%d9%84%d8%ad%d8%b1%d8%a8,0,1.0
https://www.aljazeera.net/news/2026/3/23/%d9%87%d8%ac%d9%85%d8%a7%d8%aa-%d9%84%d9%84%d9%85%d8%b3%d8%aa%d9%88%d8%b7%d9%86%d9%8a%d9%86-%d8%a8%d8%a7%d9%84%d8%b6%d9%81%d8%a9-%d9%88%d8%ac%d9%8a%d8%b4,15,1.0
https://www.aljazeera.net/news/2026/3/23/%d8%b9%d8%a7%d8%ac%d9%84-%d8%a7%d9%84%d8%ad%d8%b1%d8%b3-%d8%a7%d9%84%d8%ab%d9%88%d8%b1%d9%8a-%d8%a7%d9%84%d8%a5%d9%8a%d8%b1%d8%a7%d9%86%d9%8a-%d8%b3%d9%86%d8%b1%d8%af-%d8%b9%d9%84%d9%89,0,0.9578
https://www.aljazeera.net/news/2026/3/23/%d9%83%d8%b0%d8%a7%d8%a8-%d9%88%d8%b6%d8%b9%d9%8a%d9%81-%d9%88%d9%85%d8%ab%d9%8a%d8%b1-%d9%84%d9%84%d8%b4%d9%81%d9%82%d8%a9-%d8%aa%d8%b1%d9%85%d8%a8-%d9%8a%d9%87%d8%a7%d8%ac%d9%85,19,1.0
https://www.aljazeera.net/news/2026/3/23/%d9%83%d9%88%d8%a8%d8%a7-%d8%b9%d9%88%d8%af%d8%a9-%d8%ac%d8%b2%d8%a6%d9%8a%d8%a9-%d9%84%d9%84%d9%83%d9%87%d8%b1%d8%a8%d8%a7%d8%a1-%d9%81%d9%8a-%d8%a7%d9%84%d8%b9%d8%a7%d8%b5%d9%85%d8%a9,11,0.6494
https://www.aljazeera.net/news/2026/3/23/%d9%87%d9%84-%d8%aa%d8%aa%d8%ac%d9%87-%d9%88%d8%a7%d8%b4%d9%86%d8%b7%d9%86-%d9%88%d8%aa%d9%84-%d8%a3%d8%a8%d9%8a%d8%a8-%d9%86%d8%ad%d9%88-%d9%85%d8%b9%d8%b1%d9%83%d8%a9-%d8%a7%d9%84%d8%ad%d8%b3%d9%85,0,0.8684
https://www.aljazeera.net/news/2026/3/23/%d9%85%d8%b1%d8%a7%d8%b3%d9%84-%d8%a7%d9%84%d8%ac%d8%b2%d9%8a%d8%b1%d8%a9-%d9%85%d9%82%d8%a7%d8%aa%d9%84%d8%a7%d8%aa-%d8%a5%d8%b3%d8%b1%d8%a7%d8%a6%d9%8a%d9%84%d9%8a%d8%a9-%d8%af%d9%85%d8%b1%d8%aa,2,0.5333
https://www.aljazeera.net/news/2026/3/23/%d8%b4%d8%b1%d8%b7%d8%a9-%d9%84%d9%86%d8%af%d9%86-%d8%ad%d8%b1%d9%8a%d9%82-%d9%85%d8%aa%d8%b9%d9%85%d8%af-%d9%8a%d9%84%d8%aa%d9%87%d9%85-4-%d8%b3%d9%8a%d8%a7%d8%b1%d8%a7%d8%aa,16,1.0
https://www.aljazeera.net/news/2026/3/23/%d8%a5%d9%8a%d8%b1%d8%a7%d9%86-%d8%aa%d8%b4%d9%86-%d9%87%d8%ac%d9%88%d9%85%d8%a7-%d8%b5%d8%a7%d8%b1%d9%88%d8%ae%d9%8a%d8%a7-%d8%ac%d8%af%d9%8a%d8%af%d8%a7-%d9%88%d9%88%d8%a7%d8%b3%d8%b9%d8%a7,1,0.8881
https://www.aljazeera.net/news/2026/3/23/%d8%aa%d9%88%d9%82%d9%81-%d8%a7%d9%84%d8%b1%d8%ad%d9%84%d8%a7%d8%aa-%d8%a8%d9%85%d8%b7%d8%a7%d8%b1-%d9%84%d8%a7%d8%ba%d9%88%d8%a7%d8%b1%d8%af%d9%8a%d8%a7,18,0.5686
https://www.aljazeera.net/news/2026/3/23/%d8%a7%d9%84%d9%8a%d8%b3%d8%a7%d8%b1-%d9%81%d9%8a-%d9%81%d8%b1%d9%86%d8%b3%d8%a7-%d9%8a%d9%81%d9%88%d8%b2-%d8%a8%d8%a3%d9%83%d8%a8%d8%b1-3-%d9%85%d8%af%d9%86,-1,0.0
https://www.aljazeera.net/news/2026/3/23/%d8%a7%d9%84%d9%85%d8%af%d9%86%d9%8a-%d9%88%d8%a7%d9%84%d9%86%d9%88%d9%88%d9%8a-%d9%85%d8%b3%d8%a7%d8%ad%d8%a9-%d8%a7%d9%84%d8%aa%d8%b5%d8%b9%d9%8a%d8%af,1,0.469
https://www.aljazeera.net/news/2026/3/23/%d8%a3%d8%b7%d9%81%d8%a4%d9%88%d8%a7-%d8%b3%d8%ac%d8%a7%d8%a6%d8%b1-%d8%a8%d8%ac%d8%b3%d8%af%d9%87-%d9%88%d8%a3%d8%af%d8%ae%d9%84%d9%88%d8%a7-%d9%85%d8%b3%d9%85%d8%a7%d8%b1%d8%a7,3,0.5896
https://www.aljazeera.net/news/2026/3/23/%d8%a7%d9%84%d8%b5%d9%8a%d9%86-%d9%88%d8%b1%d9%88%d8%b3%d9%8a%d8%a7-%d8%aa%d8%ad%d8%b0%d8%b1%d8%a7%d9%86-%d9%85%d9%86-%d9%81%d9%88%d8%b6%d9%89-%d8%b4%d8%a7%d9%85%d9%84%d8%a9,-1,0.0
https://www.aljazeera.net/news/2026/3/23/%d9%82%d9%81%d8%b2%d8%a9-%d8%ba%d9%8a%d8%b1-%d9%85%d8%b3%d8%a8%d9%88%d9%82%d8%a9-%d9%81%d9%8a-%d9%86%d9%82%d9%84-%d8%a7%d9%84%d8%a3%d8%b3%d9%84%d8%ad%d8%a9,-1,0.0
https://www.aljazeera.net/news/2026/3/23/%d9%87%d8%ac%d9%85%d8%a7%d8%aa-%d8%b9%d9%84%d9%89-%d8%af%d9%88%d9%84-%d8%ae%d9%84%d9%8a%d8%ac%d9%8a%d8%a9-%d9%88%d8%a7%d9%86%d8%b3%d8%ad%d8%a7%d8%a8-%d9%84%d9%85%d8%b3%d8%aa%d8%b4%d8%a7%d8%b1%d9%8a,4,0.4568
https://www.aljazeera.net/news/2026/3/23/%d8%a7%d9%84%d8%ac%d8%b2%d9%8a%d8%b1%d8%a9-%d8%aa%d8%b1%d8%b5%d8%af-%d8%a2%d8%ab%d8%a7%d8%b1-%d8%a7%d9%84%d9%82%d8%b5%d9%81-%d8%a7%d9%84%d8%a5%d8%b3%d8%b1%d8%a7%d8%a6%d9%8a%d9%84%d9%8a-7,-1,0.0
https://www.aljazeera.net/news/2026/3/23/%d8%b9%d8%a7%d8%ac%d9%84-%d8%aa%d8%b1%d9%85%d8%a8-%d8%a3%d8%b5%d8%af%d8%b1%d8%aa-%d8%a3%d9%88%d8%a7%d9%85%d8%b1-%d8%a8%d8%aa%d8%a3%d8%ac%d9%8a%d9%84-%d8%ac%d9%85%d9%8a%d8%b9,0,0.996
https://www.aljazeera.net/news/2026/3/23/%d9%85%d8%b3%d8%aa%d9%88%d8%b7%d9%86%d9%88%d9%86-%d9%8a%d9%82%d8%aa%d8%ad%d9%85%d9%88%d9%86-%d9%85%d8%af%d8%b1%d8%b3%d8%a9-%d8%a8%d9%86%d8%a7%d8%a8%d9%84%d8%b3,15,1.0
https://www.aljazeera.net/news/2026/3/23/4713-%d9%85%d8%b5%d8%a7%d8%a8%d8%a7-%d9%81%d9%8a-%d8%a5%d8%b3%d8%b1%d8%a7%d8%a6%d9%8a%d9%84-%d9%8813-%d9%82%d8%aa%d9%8a%d9%84%d8%a7-%d8%a3%d9%85%d8%b1%d9%8a%d9%83%d9%8a%d8%a7-%d9%85%d9%86%d8%b0,1,0.4419
https://www.aljazeera.net/news/2026/3/23/%d8%b7%d9%87%d8%b1%d8%a7%d9%86-%d8%aa%d8%a8%d8%af%d8%a3-%d8%aa%d9%86%d9%81%d9%8a%d8%b0-%d8%a3%d8%ad%d9%83%d8%a7%d9%85-%d9%86%d9%87%d8%a7%d8%a6%d9%8a%d8%a9-%d8%a8%d8%ad%d9%82,-1,0.0
https://www.aljazeera.net/news/2026/3/23/%d8%b9%d8%a7%d8%ac%d9%84-%d8%a3%d9%83%d8%b3%d9%8a%d9%88%d8%b3-%d9%88%d8%b2%d8%b1%d8%a7%d8%a1-%d8%ae%d8%a7%d8%b1%d8%ac%d9%8a%d8%a9-%d9%85%d8%b5%d8%b1-%d9%88%d8%aa%d8%b1%d9%83%d9%8a%d8%a7,0,1.0
https://www.aljazeera.net/news/2026/3/23/%d8%a7%d8%b9%d8%aa%d9%82%d8%a7%d9%84-%d8%b4%d8%ae%d8%b5%d9%8a%d8%a9-%d9%85%d8%b9%d8%a7%d8%b1%d8%b6%d8%a9-%d8%a8%d8%a7%d8%b1%d8%b2%d8%a9-%d9%81%d9%8a-%d8%b2%d9%8a%d9%85%d8%a8%d8%a7%d8%a8%d9%88%d9%8a,5,1.0
https://www.aljazeera.net/news/2026/3/23/%d8%aa%d8%ad%d9%84%d9%8a%d9%84-%d8%b1%d9%88%d9%8a%d8%aa%d8%b1%d8%b2-%d9%88%d8%aa%d8%b9%d9%84%d9%8a%d9%82-%d8%a5%d9%8a%d8%b1%d8%a7%d9%86-%d9%83%d9%8a%d9%81-%d8%a7%d8%b3%d8%aa%d9%87%d8%af%d9%81,4,1.0
https://www.aljazeera.net/news/2026/3/23/%d8%aa%d9%85%d8%af%d9%8a%d8%af-%d9%85%d9%87%d9%84%d8%a9-%d8%aa%d8%b1%d9%85%d8%a8-%d8%a8%d8%a7%d8%b3%d8%aa%d9%87%d8%af%d8%a7%d9%81-%d8%a7%d9%84%d8%b7%d8%a7%d9%82%d8%a9-%d9%87%d9%84,0,1.0
https://www.aljazeera.net/news/2026/3/23/%d8%aa%d8%ac%d8%a7%d9%88%d8%b2%d8%aa-3-%d9%85%d9%84%d9%8a%d8%a7%d8%b1%d8%a7%d8%aa-%d9%85%d8%b4%d8%a7%d9%87%d8%af%d8%a9-%d9%81%d9%8a-4-%d8%a3%d9%8a%d8%a7%d9%85-%d8%a7%d9%84%d8%a8%d9%8a%d8%aa,0,0.922
https://www.aljazeera.net/news/2026/3/23/%d8%a7%d8%aa%d9%81%d8%a7%d9%82-%d8%ba%d9%8a%d8%b1-%d9%85%d8%b9%d9%84%d9%86-%d9%81%d9%8a-%d9%85%d8%a7%d9%84%d9%8a-%d9%8a%d9%86%d9%87%d9%8a-%d8%b4%d9%84%d9%84-%d8%a7%d9%84%d8%b9%d8%a7%d8%b5%d9%85%d8%a9,5,0.892
https://www.aljazeera.net/news/2026/3/23/%d8%a7%d9%84%d9%85%d8%a8%d8%b9%d9%88%d8%ab-%d8%a7%d9%84%d8%b5%d9%8a%d9%86%d9%8a-%d9%84%d9%84%d8%b4%d8%b1%d9%82-%d8%a7%d9%84%d8%a3%d9%88%d8%b3%d8%b7-%d9%86%d8%af%d9%8a%d9%86,0,0.7798
https://www.aljazeera.net/news/2026/3/23/%d9%85%d9%82%d8%aa%d9%84-%d8%a5%d8%b3%d8%b1%d8%a7%d8%a6%d9%8a%d9%84%d9%8a-%d8%a8%d9%80%d9%86%d9%8a%d8%b1%d8%a7%d9%86-%d8%b5%d8%af%d9%8a%d9%82%d8%a9-%d8%aa%d8%b2%d8%a7%d9%85%d9%86%d8%a7-%d9%85%d8%b9,2,0.7774
https://www.aljazeera.net/news/2026/3/23/%d9%87%d9%84-%d8%a3%d9%87%d8%a7%d9%86-%d8%aa%d8%b1%d9%85%d8%a8-%d8%b3%d8%aa%d8%a7%d8%b1%d9%85%d8%b1-%d8%a7%d9%84%d9%85%d9%86%d8%b5%d8%a7%d8%aa-%d8%aa%d8%aa%d9%81%d8%a7%d8%b9%d9%84-%d9%85%d8%b9,0,0.7234
https://www.aljazeera.net/news/2026/3/23/%d8%b3%d9%8a%d9%88%d9%84-%d9%81%d9%8a-%d8%b3%d9%84%d8%b7%d9%86%d8%a9-%d8%b9%d9%85%d8%a7%d9%86-%d8%aa%d9%88%d8%af%d9%8a-%d8%a8%d8%ad%d9%8a%d8%a7%d8%a9-5-%d8%a3%d8%b4%d8%ae%d8%a7%d8%b5,-1,0.0
https://www.aljazeera.net/news/2026/3/23/%d9%81%d9%8a-%d8%ab%d9%88%d8%a7%d9%86-%d8%ad%d8%a7%d8%b3%d9%85%d8%a9-%d8%b4%d8%a7%d8%a8-%d8%b3%d8%b9%d9%88%d8%af%d9%8a-%d9%8a%d9%86%d9%82%d8%b0-%d8%b7%d9%81%d9%84%d8%a7-%d9%85%d9%86,6,0.6273
https://www.aljazeera.net/news/2026/3/23/%d9%85%d9%87%d9%84%d8%a9-%d8%a7%d9%84%d8%a3%d9%8a%d8%a7%d9%85-%d8%a7%d9%84%d8%ae%d9%85%d8%b3%d8%a9-%d9%87%d9%84-%d9%8a%d9%81%d8%aa%d8%ad-%d8%aa%d8%b1%d9%85%d8%a8-%d8%a8%d8%a7%d8%a8,0,1.0
https://www.aljazeera.net/news/2026/3/23/%d8%b3%d8%a8%d8%a7%d9%82-%d9%85%d8%b9-%d8%a7%d9%84%d8%b2%d9%85%d9%86-%d8%ac%d9%87%d9%88%d8%af-%d8%b9%d8%b1%d8%a8%d9%8a%d8%a9-%d9%88%d8%af%d9%88%d9%84%d9%8a%d8%a9-%d9%84%d9%81%d8%aa%d8%ad,0,1.0
https://www.aljazeera.net/news/2026/3/23/%d8%a7%d9%84%d8%b7%d8%a7%d9%82%d8%a9-%d8%a7%d9%84%d8%b0%d8%b1%d9%8a%d8%a9-%d8%aa%d8%ad%d8%b0%d8%b1-%d9%88%d9%85%d9%88%d8%b3%d9%83%d9%88-%d8%aa%d8%b1%d9%81%d8%b6,-1,0.0
https://www.aljazeera.net/news/2026/3/23/%d8%a7%d9%84%d8%b3%d9%88%d8%af%d8%a7%d9%86-%d9%8a%d9%88%d8%a7%d9%81%d9%82-%d8%b9%d9%84%d9%89-%d9%87%d8%a7%d9%81%d9%8a%d8%b3%d8%aa%d9%88-%d9%85%d8%a8%d8%b9%d9%88%d8%ab%d8%a7,10,0.7109
https://www.aljazeera.net/news/2026/3/23/%d9%84%d8%a8%d9%86%d8%a7%d9%86-%d8%a5%d8%b3%d8%b1%d8%a7%d8%a6%d9%8a%d9%84-%d8%aa%d8%af%d9%85%d8%b1-%d8%ac%d8%b3%d9%88%d8%b1-%d8%a7%d9%84%d9%84%d9%8a%d8%b7%d8%a7%d9%86%d9%8a-%d9%88%d8%ad%d8%b2%d8%a8,2,0.5533
https://www.aljazeera.net/news/2026/3/23/%d8%a7%d9%84%d8%b3%d9%88%d8%af%d8%a7%d9%86%d9%8a-%d8%a7%d9%84%d8%aa%d8%ad%d8%a7%d9%84%d9%81-%d8%a7%d9%84%d8%af%d9%88%d9%84%d9%8a-%d8%b3%d9%8a%d9%86%d8%b3%d8%ad%d8%a8-%d9%85%d9%86,13,0.9825
https://www.aljazeera.net/news/2026/3/23/%d8%b4%d8%b1%d9%88%d8%b7-%d8%a3%d9%85-%d9%85%d9%86%d8%a7%d9%88%d8%b1%d8%a9-%d9%83%d9%88%d8%a7%d9%84%d9%8a%d8%b3-%d8%a7%d9%84%d9%88%d8%b3%d8%a7%d8%b7%d8%a9-%d8%a8%d9%8a%d9%86,0,1.0
https://www.aljazeera.net/news/2026/3/23/%d9%85%d8%b3%d8%a4%d9%88%d9%84-%d8%a5%d9%8a%d8%b1%d8%a7%d9%86%d9%8a-%d9%84%d9%84%d8%ac%d8%b2%d9%8a%d8%b1%d8%a9-%d8%aa%d8%a8%d8%a7%d8%af%d9%84%d9%86%d8%a7-%d8%b1%d8%b3%d8%a7%d8%a6%d9%84-%d9%85%d8%b9,0,0.8128
https://www.aljazeera.net/news/2026/3/23/%d8%a5%d8%b3%d8%a8%d8%a7%d9%86%d9%8a%d8%a7-%d8%aa%d8%af%d9%8a%d9%86-%d9%85%d8%b3%d8%a7%d8%b9%d9%8a-%d8%a5%d8%b3%d8%b1%d8%a7%d8%a6%d9%8a%d9%84-%d9%84%d8%b9%d8%b2%d9%84,2,0.527
https://www.aljazeera.net/news/2026/3/23/%d9%84%d9%86%d8%af%d9%86-%d8%aa%d8%b3%d8%aa%d8%af%d8%b9%d9%8a-%d8%a7%d9%84%d8%b3%d9%81%d9%8a%d8%b1-%d8%a7%d9%84%d8%a5%d9%8a%d8%b1%d8%a7%d9%86%d9%8a-%d8%a8%d8%b3%d8%a8%d8%a8,-1,0.0
https://www.aljazeera.net/news/2026/3/22/%d9%81%d9%8a%d8%af%d8%a7%d9%86-%d8%a7%d9%84%d8%ad%d8%b1%d8%a8-%d9%82%d8%af-%d8%aa%d8%b3%d8%aa%d9%85%d8%b1-%d8%ab%d9%84%d8%a7%d8%ab%d8%a9-%d8%a3%d8%b3%d8%a7%d8%a8%d9%8a%d8%b9-%d9%88%d8%af%d9%88%d9%84,-1,0.0
https://www.aljazeera.net/news/2026/3/22/%d8%b5%d9%84%d8%a7%d8%aa-%d9%85%d8%b4%d8%a8%d9%88%d9%87%d8%a9-%d8%a8%d9%8a%d9%86-%d8%a5%d8%a8%d8%b3%d8%aa%d9%8a%d9%86-%d9%88%d9%86%d8%ae%d8%a8%d8%a9-%d8%b3%d9%8a%d8%a7%d8%b3%d9%8a%d8%a9-%d9%81%d9%8a,0,0.7372
https://www.aljazeera.net/news/2026/3/22/%d8%a3%d8%b3%d8%a8%d9%88%d8%b9-%d8%a7%d9%84%d8%ad%d8%b3%d9%85-%d9%88%d8%a7%d8%b4%d9%86%d8%b7%d9%86-%d9%88%d8%aa%d9%84-%d8%a3%d8%a8%d9%8a%d8%a8-%d8%aa%d9%84%d9%88%d8%ad%d8%a7%d9%86,0,1.0
https://www.aljazeera.net/news/2026/3/22/%d8%a7%d9%84%d8%b9%d9%8a%d9%86-%d8%a8%d8%a7%d9%84%d8%b9%d9%8a%d9%86-%d8%a5%d9%8a%d8%b1%d8%a7%d9%86-%d8%aa%d8%b3%d8%aa%d9%87%d8%af%d9%81-%d8%af%d9%8a%d9%85%d9%88%d9%86%d8%a9-%d8%b1%d8%af%d8%a7,1,0.4649
https://www.aljazeera.net/news/2026/3/22/%d8%a8%d8%b9%d8%ab%d8%a7%d8%aa-%d8%af%d8%a8%d9%84%d9%88%d9%85%d8%a7%d8%b3%d9%8a%d8%a9-%d9%81%d9%8a-%d8%a7%d9%84%d9%82%d8%af%d8%b3-%d9%88%d8%b1%d8%a7%d9%85-%d8%a7%d9%84%d9%84%d9%87,15,1.0
https://www.aljazeera.net/news/2026/3/22/%d8%aa%d8%b1%d9%85%d8%a8-%d9%8a%d9%84%d9%85%d8%ad-%d8%a5%d9%84%d9%89-%d8%a5%d9%86%d9%87%d8%a7%d8%a1-%d8%aa%d8%af%d8%b1%d9%8a%d8%ac%d9%8a-%d9%84%d9%84%d8%ad%d8%b1%d8%a8,0,1.0
https://www.aljazeera.net/news/2026/3/22/%d8%aa%d8%b1%d9%85%d8%a8-%d9%8a%d8%b9%d9%84%d9%86-%d9%85%d8%ad%d9%88-%d8%a5%d9%8a%d8%b1%d8%a7%d9%86-%d9%85%d9%86-%d8%a7%d9%84%d8%ae%d8%a7%d8%b1%d8%b7%d8%a9,0,1.0
https://www.aljazeera.net/news/2026/3/22/%d9%87%d9%84-%d8%aa%d9%85-%d8%a5%d8%b5%d8%af%d8%a7%d8%b1-%d8%aa%d8%ad%d8%b0%d9%8a%d8%b1-%d8%a5%d9%8a%d8%b1%d8%a7%d9%86%d9%8a-%d8%a8%d8%a5%d8%ae%d9%84%d8%a7%d8%a1-%d8%a7%d9%84%d8%af%d9%88%d8%ad%d8%a9,9,0.3921
https://www.aljazeera.net/news/2026/3/22/%d8%ba%d9%88%d8%a7%d8%b5%d8%a9-%d8%a8%d8%b1%d9%8a%d8%b7%d8%a7%d9%86%d9%8a%d8%a9-%d9%86%d9%88%d9%88%d9%8a%d8%a9-%d8%aa%d8%b5%d9%84-%d8%a5%d9%84%d9%89-%d8%a8%d8%ad%d8%b1-%d8%a7%d9%84%d8%b9%d8%b1%d8%a8,0,1.0
https://www.aljazeera.net/news/2026/3/22/%d8%a7%d9%84%d8%ad%d8%b1%d8%b3-%d8%a7%d9%84%d8%ab%d9%88%d8%b1%d9%8a-%d9%8a%d8%b9%d9%84%d9%86-%d8%a7%d8%ae%d8%aa%d8%b1%d8%a7%d9%82-%d8%a7%d9%84%d8%a3%d8%ac%d9%88%d8%a7%d8%a1,1,0.9669
https://www.aljazeera.net/news/2026/3/22/%d8%a7%d9%84%d8%af%d9%81%d8%a7%d8%b9-%d8%a7%d9%84%d9%82%d8%b7%d8%b1%d9%8a%d8%a9-%d8%b3%d9%82%d9%88%d8%b7-%d8%b7%d8%a7%d8%a6%d8%b1%d8%a9-%d9%85%d8%b1%d9%88%d8%ad%d9%8a%d8%a9-%d8%a8%d8%b3%d8%a8%d8%a8,-1,0.0
https://www.aljazeera.net/news/2026/3/22/%d9%85%d9%86-%d8%af%d9%8a%d9%85%d9%88%d9%86%d8%a9-%d8%a5%d9%84%d9%89-%d9%87%d8%b1%d9%85%d8%b2-%d8%a7%d9%84%d8%ad%d8%b1%d8%a8-%d8%aa%d8%af%d8%ae%d9%84-%d9%85%d8%b1%d8%ad%d9%84%d8%a9,1,0.4672
https://www.aljazeera.net/news/2026/3/22/%d8%aa%d8%b1%d9%85%d8%a8-%d9%8a%d9%87%d8%af%d8%af-%d8%a8%d9%82%d8%b5%d9%81-%d9%85%d8%ad%d8%b7%d8%a7%d8%aa-%d8%a7%d9%84%d8%b7%d8%a7%d9%82%d8%a9-%d8%a7%d9%84%d8%a5%d9%8a%d8%b1%d8%a7%d9%86%d9%8a%d8%a9,0,1.0
https://www.aljazeera.net/news/2026/3/22/%d8%ba%d8%a7%d8%b1%d8%a7%d8%aa-%d8%ac%d9%88%d9%8a%d8%a9-%d9%88%d9%87%d8%ac%d9%85%d8%a7%d8%aa-%d9%85%d8%b3%d9%8a%d8%b1%d8%a9-%d8%aa%d8%b3%d8%aa%d9%87%d8%af%d9%81-%d9%85%d9%88%d8%a7%d9%82%d8%b9,13,1.0
https://www.aljazeera.net/news/2026/3/22/%d8%a7%d9%84%d8%b5%d8%ad%d8%a9-%d8%a7%d9%84%d8%b9%d8%a7%d9%84%d9%85%d9%8a%d8%a9-%d9%87%d8%ac%d9%88%d9%85-%d8%b9%d9%84%d9%89-%d9%85%d8%b3%d8%aa%d8%b4%d9%81%d9%89,10,1.0
https://www.aljazeera.net/news/2026/3/22/%d8%a8%d8%b9%d8%af-%d8%a5%d8%b9%d9%81%d8%a7%d8%a1-%d8%a3%d9%85%d8%b1%d9%8a%d9%83%d9%8a-%d9%85%d8%a4%d9%82%d8%aa-%d9%84%d9%84%d9%86%d9%81%d8%b7-%d8%a7%d9%84%d8%a5%d9%8a%d8%b1%d8%a7%d9%86%d9%8a,0,1.0
https://www.aljazeera.net/news/2026/3/22/%d8%a7%d9%84%d8%af%d9%81%d8%a7%d8%b9%d8%a7%d8%aa-%d8%a7%d9%84%d8%ac%d9%88%d9%8a%d8%a9-%d8%a7%d9%84%d8%b3%d8%b9%d9%88%d8%af%d9%8a%d8%a9,4,0.7943
https://www.aljazeera.net/news/2026/3/22/%d8%b9%d8%a7%d8%ac%d9%84-%d8%a7%d9%84%d8%ac%d8%a8%d9%87%d8%a9-%d8%a7%d9%84%d8%af%d8%a7%d8%ae%d9%84%d9%8a%d8%a9-%d8%a7%d9%84%d8%a5%d8%b3%d8%b1%d8%a7%d8%a6%d9%8a%d9%84%d9%8a%d8%a9-17,1,0.9858
https://www.aljazeera.net/news/2026/3/22/%d8%b9%d8%a7%d8%ac%d9%84-%d9%8a%d8%af%d9%8a%d8%b9%d9%88%d8%aa-%d8%a3%d8%ad%d8%b1%d9%88%d9%86%d9%88%d8%aa-%d8%a7%d8%b1%d8%aa%d9%81%d8%a7%d8%b9-%d8%b9%d8%af%d8%af,1,0.8125
https://www.aljazeera.net/news/2026/3/22/%d8%a7%d9%84%d8%ac%d9%8a%d8%b4-%d8%a7%d9%84%d8%a5%d9%8a%d8%b1%d8%a7%d9%86%d9%8a-%d9%8a%d8%b1%d8%af-%d8%b9%d9%84%d9%89-%d8%aa%d9%87%d8%af%d9%8a%d8%af%d8%a7%d8%aa-%d8%aa%d8%b1%d9%85%d8%a8,0,1.0
https://www.aljazeera.net/news/2026/3/22/%d8%b9%d8%a7%d8%ac%d9%84-%d8%a7%d9%84%d9%82%d9%86%d8%a7%d8%a9-12-%d8%a7%d9%84%d8%a5%d8%b3%d8%b1%d8%a7%d8%a6%d9%8a%d9%84%d9%8a%d8%a9-%d9%85%d9%82%d8%aa%d9%84-%d8%b4%d8%ae%d8%b5-%d8%a5%d8%ab%d8%b1,2,0.5987
https://www.aljazeera.net/news/2026/3/22/%d8%a7%d9%86%d9%81%d8%ac%d8%a7%d8%b1-%d9%82%d8%b1%d8%a8-%d8%b3%d9%81%d9%8a%d9%86%d8%a9-%d8%aa%d8%ac%d8%a7%d8%b1%d9%8a%d8%a9-%d9%82%d8%a8%d8%a7%d9%84%d8%a9-%d8%b3%d9%88%d8%a7%d8%ad%d9%84,0,1.0
https://www.aljazeera.net/news/2026/3/22/%d9%84%d9%84%d9%85%d8%b1%d8%a9-%d8%a7%d9%84%d8%ab%d8%a7%d9%86%d9%8a%d8%a9-%d8%ae%d9%84%d8%a7%d9%84-%d8%a3%d9%8a%d8%a7%d9%85-%d8%a7%d9%86%d9%87%d9%8a%d8%a7%d8%b1,11,0.6541
https://www.aljazeera.net/news/2026/3/22/%d8%b9%d8%a7%d8%ac%d9%84-%d9%88%d8%b3%d8%a7%d8%a6%d9%84-%d8%a5%d8%b9%d9%84%d8%a7%d9%85-%d8%a5%d9%8a%d8%b1%d8%a7%d9%86%d9%8a%d8%a9-%d8%af%d9%88%d9%8a-%d8%a7%d9%86%d9%81%d8%ac%d8%a7%d8%b1%d8%a7%d8%aa-3,1,0.5133
https://www.aljazeera.net/news/2026/3/22/%d9%87%d8%b1%d9%85%d8%b2-%d8%a8%d9%8a%d9%86-%d8%a7%d9%84%d8%aa%d9%84%d8%ba%d9%8a%d9%85-%d9%88%d8%a7%d9%84%d8%aa%d8%a3%d9%85%d9%8a%d9%86-%d9%87%d9%84-%d8%aa%d8%ad%d8%b3%d9%85,0,1.0
https://www.aljazeera.net/news/2026/3/22/%d9%83%d9%8a%d9%81-%d8%aa%d9%83%d8%b4%d9%81-%d8%a7%d9%84%d8%b6%d8%b1%d8%a8%d8%a7%d8%aa-%d8%a7%d9%84%d8%a5%d9%8a%d8%b1%d8%a7%d9%86%d9%8a%d8%a9-%d8%ad%d8%af%d9%88%d8%af-%d8%a7%d9%84%d8%b1%d8%af%d8%b9,1,0.986
https://www.aljazeera.net/news/2026/3/22/%d9%84%d9%86-%d9%86%d9%82%d9%81-%d9%85%d9%83%d8%aa%d9%88%d9%81%d9%8a-%d8%a7%d9%84%d8%a3%d9%8a%d8%af%d9%8a-%d8%a7%d9%84%d8%ad%d9%88%d8%ab%d9%8a%d9%88%d9%86-%d9%8a%d8%ad%d8%b0%d8%b1%d9%88%d9%86,-1,0.0
https://www.aljazeera.net/news/2026/3/22/%d9%82%d8%b7%d8%b1-%d8%aa%d8%b9%d9%84%d9%86-%d9%85%d9%82%d8%aa%d9%84-6-%d8%a3%d8%b4%d8%ae%d8%a7%d8%b5-%d8%ac%d8%b1%d8%a7%d8%a1-%d8%b3%d9%82%d9%88%d8%b7-%d9%85%d8%b1%d9%88%d8%ad%d9%8a%d8%a9,9,0.5125
https://www.aljazeera.net/news/2026/3/22/%d8%b9%d8%a7%d8%ac%d9%84-%d9%88%d9%83%d8%a7%d9%84%d8%a9-%d8%a7%d9%84%d8%a3%d9%86%d8%a8%d8%a7%d8%a1-%d8%a7%d9%84%d8%b9%d8%b1%d8%a7%d9%82%d9%8a%d8%a9-%d8%b9%d9%86-%d8%b3%d9%84%d8%b7%d8%a9,13,1.0
https://www.aljazeera.net/news/2026/3/22/%d9%87%d9%88%d8%a7%d8%ac%d8%b3-%d8%a7%d9%84%d8%ac%d9%8a%d8%b4-%d8%a7%d9%84%d8%a3%d9%85%d8%b1%d9%8a%d9%83%d9%8a-%d8%aa%d9%86%d8%aa%d9%82%d9%84-%d9%85%d9%86-%d8%a7%d9%84%d8%ac%d8%a8%d9%87%d8%a7%d8%aa,0,0.966
https://www.aljazeera.net/news/2026/3/22/%d9%85%d8%b3%d9%8a%d8%b1%d8%a9-%d8%a2%d8%b1%d8%b4-2-%d8%aa%d8%af%d8%ae%d9%84-%d8%a7%d9%84%d9%85%d8%b9%d8%b1%d9%83%d8%a9-%d9%87%d9%84-%d9%86%d8%ac%d8%ad%d8%aa-%d9%81%d9%8a,1,0.5344
https://www.aljazeera.net/news/2026/3/22/%d8%ac%d9%8a%d8%b3%d9%8a%d9%83%d8%a7-%d9%81%d9%88%d8%b3%d8%aa%d8%b1-%d9%83%d9%8a%d9%81-%d8%ae%d8%af%d8%b9%d8%aa-%d9%85%d8%ac%d9%86%d8%af%d8%a9-%d8%a3%d9%85%d8%b1%d9%8a%d9%83%d9%8a%d8%a9,0,0.807
https://www.aljazeera.net/news/2026/3/22/%d8%aa%d9%83%d8%aa%d9%8a%d9%83%d8%a7%d8%aa-%d9%85%d8%b1%d9%83%d8%a8%d8%a9-%d9%83%d9%8a%d9%81-%d8%aa%d8%b5%d9%84-%d8%b5%d9%88%d8%a7%d8%b1%d9%8a%d8%ae-%d8%a5%d9%8a%d8%b1%d8%a7%d9%86,1,0.5607
https://www.aljazeera.net/news/2026/3/22/%d8%a3%d9%84%d9%85%d8%a7%d9%86%d9%8a%d8%a7-%d8%aa%d8%b3%d8%ad%d8%a8-%d8%af%d8%a8%d9%84%d9%88%d9%85%d8%a7%d8%b3%d9%8a%d9%8a%d9%87%d8%a7-%d9%85%d8%a4%d9%82%d8%aa%d8%a7-%d9%85%d9%86,5,1.0
https://www.aljazeera.net/news/2026/3/22/%d9%84%d9%85%d8%a7%d8%b0%d8%a7-%d8%b9%d8%a7%d8%af%d8%aa-%d8%af%d9%8a%d9%8a%d8%ba%d9%88-%d8%ba%d8%a7%d8%b1%d8%b3%d9%8a%d8%a7-%d9%84%d9%84%d9%88%d8%a7%d8%ac%d9%87%d8%a9-4,0,1.0
https://www.aljazeera.net/news/2026/3/22/%d8%a7%d8%b3%d8%aa%d8%b4%d9%87%d8%a7%d8%af-88-%d9%81%d9%8a-%d9%85%d9%82%d8%a7%d8%a8%d8%b1-%d8%a7%d9%84%d8%a3%d8%ad%d9%8a%d8%a7%d8%a1-%d8%b9%d9%88%d8%af%d8%a9-%d9%85%d8%b4%d8%b1%d9%88%d8%b9,14,1.0
https://www.aljazeera.net/news/2026/3/22/%d8%a7%d8%b9%d8%aa%d9%82%d8%a7%d9%84-4-%d8%b4%d8%a8%d8%a7%d9%86-%d9%85%d9%86-%d8%a3%d9%85-%d8%a7%d9%84%d9%81%d8%ad%d9%85-%d8%a8%d8%b2%d8%b9%d9%85-%d8%aa%d8%ae%d8%b7%d9%8a%d8%b7%d9%87%d9%85,-1,0.0
https://www.aljazeera.net/news/2026/3/22/%d9%83%d9%8a%d9%8a%d9%81-%d8%aa%d8%aa%d8%ad%d8%af%d8%ab-%d8%b9%d9%86-%d9%86%d8%ad%d9%88-1-3-%d9%85%d9%84%d9%8a%d9%88%d9%86-%d9%82%d8%aa%d9%8a%d9%84-%d9%88%d8%ac%d8%b1%d9%8a%d8%ad,12,1.0
https://www.aljazeera.net/news/2026/3/22/%d8%a7%d9%84%d8%ac%d9%8a%d8%b4-%d8%a7%d9%84%d8%a5%d9%8a%d8%b1%d8%a7%d9%86%d9%8a-%d9%8a%d8%b9%d9%84%d9%86-%d8%a5%d8%b3%d9%82%d8%a7%d8%b7-%d9%85%d9%82%d8%a7%d8%aa%d9%84%d8%a9-%d8%a5%d9%81-15,18,1.0
https://www.aljazeera.net/news/2026/3/22/%d8%b1%d8%a6%d9%8a%d8%b3-%d9%85%d8%af%d8%ba%d8%b4%d9%82%d8%b1-%d9%8a%d9%88%d8%ac%d9%87-%d8%a8%d9%81%d8%aa%d8%ad-%d8%aa%d8%ad%d9%82%d9%8a%d9%82%d8%a7%d8%aa-%d8%b9%d8%a7%d8%ac%d9%84%d8%a9-%d9%81%d9%8a,5,1.0
https://www.aljazeera.net/news/2026/3/22/%d9%82%d8%a7%d9%84%d9%8a%d8%a8%d8%a7%d9%81-%d9%8a%d8%aa%d9%82%d8%af%d9%85-%d8%b3%d9%8a%d8%a7%d8%b3%d9%8a%d8%a7-%d9%88%d8%a7%d9%84%d8%ad%d8%b1%d8%b3-%d9%8a%d9%85%d8%b3%d9%83,7,0.8968
https://www.aljazeera.net/news/2026/3/22/%d8%a7%d8%b3%d8%aa%d9%87%d8%af%d8%a7%d9%81-%d8%a7%d9%84%d8%a8%d8%a7%d8%b3%d9%8a%d8%ac-%d9%88%d9%82%d8%b7%d8%b9-%d8%a7%d9%84%d8%b1%d8%a3%d8%b3-%d9%83%d9%8a%d9%81-%d9%88%d8%a7%d8%ac%d9%87%d8%aa,7,0.9966
https://www.aljazeera.net/news/2026/3/22/%d8%a7%d9%84%d8%a8%d8%ad%d8%b1%d9%8a%d9%86-%d9%88%d8%a7%d9%84%d8%b3%d8%b9%d9%88%d8%af%d9%8a%d8%a9-%d9%88%d8%a7%d9%84%d8%a5%d9%85%d8%a7%d8%b1%d8%a7%d8%aa-%d8%aa%d8%b9%d9%84%d9%86,4,1.0
https://www.aljazeera.net/news/2026/3/22/%d8%a5%d8%b5%d8%a7%d8%a8%d8%a9-%d9%88%d8%a7%d8%b9%d8%aa%d9%82%d8%a7%d9%84-14-%d9%81%d9%84%d8%b3%d8%b7%d9%8a%d9%86%d9%8a%d8%a7-%d9%81%d9%8a-%d9%87%d8%ac%d9%85%d8%a7%d8%aa,15,1.0
https://www.aljazeera.net/news/2026/3/22/%d8%a5%d9%8a%d8%b1%d8%a7%d9%86-%d8%aa%d8%ad%d9%88%d9%84-%d8%b9%d9%82%d9%8a%d8%af%d8%aa%d9%87%d8%a7-%d8%a7%d9%84%d8%b9%d8%b3%d9%83%d8%b1%d9%8a%d8%a9-%d9%85%d9%86,1,0.3319
https://www.aljazeera.net/news/2026/3/22/%d8%a5%d8%b3%d8%b1%d8%a7%d8%a6%d9%8a%d9%84-%d8%aa%d8%b5%d8%b9%d8%af-%d8%ad%d8%b1%d8%a8-%d8%a7%d9%84%d8%ac%d8%b3%d9%88%d8%b1-%d9%81%d9%8a-%d9%84%d8%a8%d9%86%d8%a7%d9%86-%d9%81%d9%85%d8%a7,-1,0.0
https://www.aljazeera.net/news/2026/3/22/%d9%86%d8%aa%d9%86%d9%8a%d8%a7%d9%87%d9%88-%d9%8a%d8%ad%d8%ab-%d9%82%d8%a7%d8%af%d8%a9-%d8%af%d9%88%d9%84-%d9%84%d9%84%d8%a7%d9%86%d8%b6%d9%85%d8%a7%d9%85-%d9%84%d9%84%d8%ad%d8%b1%d8%a8,-1,0.0
https://www.aljazeera.net/news/2026/3/22/%d8%a7%d9%84%d8%a3%d8%ad%d9%85%d9%82-%d9%8a%d8%b1%d9%85%d9%8a%d9%86%d8%a7-%d9%84%d9%84%d8%ac%d8%ad%d9%8a%d9%85-%d9%84%d9%8a%d9%84%d8%a9-%d8%a7%d9%84%d8%b1%d8%b9%d8%a8-%d9%81%d9%8a,1,0.4399
https://www.aljazeera.net/news/2026/3/22/%d8%a8%d8%a7%d8%a8%d8%a7-%d8%a7%d9%84%d9%81%d8%a7%d8%aa%d9%8a%d9%83%d8%a7%d9%86-%d8%ad%d8%b1%d8%a8-%d8%a7%d9%84%d8%b4%d8%b1%d9%82-%d8%a7%d9%84%d8%a3%d9%88%d8%b3%d8%b7-%d8%b9%d8%a7%d8%b1,-1,0.0
https://www.aljazeera.net/news/2026/3/22/%d8%b9%d8%a7%d8%ac%d9%84-%d8%a7%d9%84%d8%a3%d9%85%d9%8a%d9%86-%d8%a7%d9%84%d8%b9%d8%a7%d9%85-%d9%84%d9%84%d9%86%d8%a7%d8%aa%d9%88-%d9%84%d8%b3%d9%8a-%d8%a8%d9%8a-%d8%a5%d8%b3,0,1.0
https://www.aljazeera.net/news/2026/3/22/%d8%ba%d8%a7%d8%b1%d8%a7%d8%aa-%d8%a5%d8%b3%d8%b1%d8%a7%d8%a6%d9%8a%d9%84%d9%8a%d8%a9-%d8%aa%d8%b3%d8%aa%d9%87%d8%af%d9%81-%d8%ac%d8%b3%d8%b1-%d8%a7%d9%84%d9%82%d8%a7%d8%b3%d9%85%d9%8a%d8%a9,2,0.5231
https://www.aljazeera.net/news/2026/3/22/%d8%aa%d8%b1%d9%85%d8%a8-5,0,0.9946
https://www.aljazeera.net/news/2026/3/22/%d8%aa%d8%b1%d9%85%d8%a8-%d9%8a%d8%b9%d8%aa%d8%a8%d8%b1-%d8%a7%d9%84%d8%ad%d8%b2%d8%a8-%d8%a7%d9%84%d8%af%d9%8a%d9%85%d9%82%d8%b1%d8%a7%d8%b7%d9%8a-%d8%a3%d9%83%d8%a8%d8%b1-%d8%b9%d8%af%d9%88,0,1.0
https://www.aljazeera.net/news/2026/3/22/%d8%b5%d8%a7%d8%b1%d9%88%d8%ae-%d9%8a%d8%b5%d9%8a%d8%a8-%d9%85%d9%82%d8%b1-%d8%b4%d8%b1%d9%83%d8%a9-%d8%a3%d9%85%d9%86-%d8%b3%d9%8a%d8%a8%d8%b1%d8%a7%d9%86%d9%8a-%d8%a8%d8%aa%d9%84,1,1.0
https://www.aljazeera.net/news/2026/3/22/%d8%a7%d9%84%d9%85%d8%a7%d8%b1%d9%8a%d9%86%d8%b2-%d8%aa%d8%aa%d8%ad%d8%b1%d9%83-%d9%83%d9%8a%d9%81-%d8%aa%d8%ae%d8%b7%d8%b7-%d9%88%d8%a7%d8%b4%d9%86%d8%b7%d9%86,0,1.0
https://www.aljazeera.net/news/2026/3/22/%d8%ba%d8%b2%d8%a9-112,3,1.0
https://www.aljazeera.net/news/2026/3/22/%d8%a7%d9%84%d8%a3%d9%83%d8%a7%d8%b0%d9%8a%d8%a8-%d8%aa%d8%aa%d9%88%d8%a7%d9%84%d9%89-%d9%85%d8%b3%d8%a4%d9%88%d9%84-%d8%a3%d9%85%d8%b1%d9%8a%d9%83%d9%8a-%d8%b3%d8%a7%d8%a8%d9%82,0,1.0
https://www.aljazeera.net/news/2026/3/22/%d9%a9%d9%a2-%d9%8a%d8%b1%d9%88%d9%86-%d8%a3%d9%86%d9%87-%d9%85%d9%86-%d8%a7%d9%84%d9%85%d9%87%d9%85-%d8%a3%d9%86-%d8%aa%d9%86%d9%87%d9%8a-%d8%a7%d9%84%d9%88%d9%84%d8%a7%d9%8a%d8%a7%d8%aa,0,0.8946
https://www.aljazeera.net/news/2026/3/22/%d8%a5%d9%8a%d8%b1%d8%a7%d9%86-%d8%aa%d8%ad%d9%88%d9%84-%d8%b9%d9%82%d9%8a%d8%af%d8%aa%d9%87%d8%a7-%d8%a7%d9%84%d8%b9%d8%b3%d9%83%d8%b1%d9%8a%d8%a9-%d9%85%d9%86-%d8%a7%d9%84%d8%af%d9%81%d8%a7%d8%b9,0,0.9447
https://www.aljazeera.net/news/2026/3/22/%d8%b9%d8%a7%d8%ac%d9%84-%d8%aa%d8%b1%d9%85%d8%a8-%d9%84%d9%84%d9%82%d9%86%d8%a7%d8%a9-13-%d8%a7%d9%84%d8%a5%d8%b3%d8%b1%d8%a7%d8%a6%d9%8a%d9%84%d9%8a%d8%a9,0,1.0
https://www.aljazeera.net/news/2026/3/22/%d9%83%d9%88%d8%a8%d8%a7-%d8%aa%d8%aa%d8%a3%d9%87%d8%a8-%d9%84%d9%87%d8%ac%d9%88%d9%85-%d8%a3%d9%85%d8%b1%d9%8a%d9%83%d9%8a-%d9%85%d8%ad%d8%aa%d9%85%d9%84,11,0.6414
https://www.aljazeera.net/news/2026/3/22/%d9%86%d8%b4%d8%b7%d8%a7%d8%a1-%d8%b6%d8%b1%d8%a8-%d8%a7%d9%84%d8%b7%d8%a7%d9%82%d8%a9-%d8%a7%d9%84%d8%a5%d9%8a%d8%b1%d8%a7%d9%86%d9%8a%d8%a9-%d8%b3%d9%8a%d9%88%d9%82%d8%b8,0,1.0
https://www.aljazeera.net/news/2026/3/22/%d8%ac%d8%a7%d8%b3%d9%88%d8%b3-%d8%a7%d9%84%d9%82%d8%a8%d8%a9-%d8%a7%d9%84%d8%ad%d8%af%d9%8a%d8%af%d9%8a%d8%a9-%d8%a8%d8%a3%d9%84%d9%81-%d8%af%d9%88%d9%84%d8%a7%d8%b1-%d8%ad%d9%82%d9%8a%d9%82%d8%a9,-1,0.0
https://www.aljazeera.net/news/2026/3/22/%d8%aa%d8%b9%d9%88%d9%8a%d8%b6%d8%a7%d8%aa,-1,0.0
https://www.aljazeera.net/news/2026/3/22/%d9%81%d9%84%d8%b3%d8%b7%d9%8a%d9%86-%d8%a7%d9%84%d9%82%d8%af%d8%b3-%d8%a7%d8%ad%d8%aa%d9%84%d8%a7%d9%84-%d9%85%d9%86%d8%b2%d9%84-%d8%b3%d9%84%d9%88%d8%a7%d9%86,-1,0.0
https://www.aljazeera.net/news/2026/3/22/%d9%85%d8%b9%d8%a7%d8%b1%d9%8a%d9%81-2734-%d8%a5%d8%b3%d8%b1%d8%a7%d8%a6%d9%8a%d9%84%d9%8a%d8%a7-%d9%86%d8%b2%d8%ad%d9%88%d8%a7-%d8%a5%d9%84%d9%89-%d9%85%d8%b1%d8%a7%d9%83%d8%b2-2,1,0.7531
https://www.aljazeera.net/news/2026/3/22/%d8%a5%d9%86%d8%b0%d8%a7%d8%b1-%d8%a7%d9%84%d9%8048-%d8%b3%d8%a7%d8%b9%d8%a9-%d9%85%d8%a7-%d8%a3%d9%87%d8%af%d8%a7%d9%81-%d8%aa%d8%b1%d9%85%d8%a8-%d9%88%d9%85%d8%a7,0,1.0
https://www.aljazeera.net/news/2026/3/22/%d8%a3%d9%85%d9%8a%d8%b1-%d9%82%d8%b7%d8%b1-%d9%8a%d8%a4%d8%af%d9%8a-%d8%b5%d9%84%d8%a7%d8%a9-%d8%a7%d9%84%d8%ac%d9%86%d8%a7%d8%b2%d8%a9-%d8%b9%d9%84%d9%89-%d8%b4%d9%87%d8%af%d8%a7%d8%a1,9,1.0
https://www.aljazeera.net/news/2026/3/22/%d8%b1%d8%a6%d9%8a%d8%b3-%d8%a7%d9%84%d8%a8%d8%b1%d9%84%d9%85%d8%a7%d9%86-%d8%a7%d9%84%d8%a5%d9%8a%d8%b1%d8%a7%d9%86%d9%8a-%d9%85%d9%85%d9%88%d9%84%d9%88-%d8%a7%d9%84%d8%ac%d9%8a%d8%b4,0,0.898
https://www.aljazeera.net/news/2026/3/22/%d8%a7%d8%b3%d8%aa%d9%87%d8%af%d8%a7%d9%81-%d9%85%d9%88%d8%a7%d9%82%d8%b9-%d9%84%d9%84%d8%ad%d8%b4%d8%af-%d8%a7%d9%84%d8%b4%d8%b9%d8%a8%d9%8a-%d9%88%d8%b3%d8%b7-%d8%a7%d9%84%d8%b9%d8%b1%d8%a7%d9%82,13,1.0
https://www.aljazeera.net/news/2026/3/22/%d9%84%d8%a8%d9%86%d8%a7%d9%86-116,2,0.6041
https://www.aljazeera.net/news/2026/3/21/%d8%a5%d8%af%d8%a7%d8%b1%d8%a9-%d8%aa%d8%b1%d8%a7%d9%85%d8%a8-%d8%aa%d9%82%d8%a7%d8%b6%d9%8a-%d8%ac%d8%a7%d9%85%d8%b9%d8%a9-%d9%87%d8%a7%d8%b1%d9%81%d8%b1%d8%af-%d8%a8%d8%b3%d8%a8%d8%a8,11,0.9358
https://www.aljazeera.net/news/2026/3/21/%d8%b5%d8%ad%d9%81%d9%8a-%d8%a5%d8%b3%d8%b1%d8%a7%d8%a6%d9%8a%d9%84%d9%8a-%d9%8a%d9%85%d9%8a%d9%86%d9%8a-%d9%8a%d8%ad%d8%b1%d8%b6-%d8%b9%d9%84%d9%89-%d9%82%d8%b5%d9%81,17,0.8307
https://www.aljazeera.net/news/2026/3/21/%d9%87%d9%84-%d8%aa%d8%b3%d8%aa%d8%b7%d9%8a%d8%b9-%d9%88%d8%a7%d8%b4%d9%86%d8%b7%d9%86-%d8%a7%d8%ad%d8%aa%d9%84%d8%a7%d9%84-%d8%ac%d8%b2%d9%8a%d8%b1%d8%a9-%d8%ae%d8%a7%d8%b1%d9%83,0,1.0
https://www.aljazeera.net/news/2026/3/21/%d8%a7%d9%84%d9%86%d8%a7%d8%aa%d9%88-%d9%8a%d8%ac%d9%84%d9%8a-%d8%a8%d8%b9%d8%ab%d8%aa%d9%87-%d9%84%d8%af%d9%89-%d8%a7%d9%84%d8%b9%d8%b1%d8%a7%d9%82-%d8%a5%d9%84%d9%89,13,0.7107
https://www.aljazeera.net/news/2026/3/21/%d9%86%d8%a7%d8%a6%d8%a8-%d8%a8%d8%b1%d9%8a%d8%b7%d8%a7%d9%86%d9%8a-%d9%8a%d8%aa%d8%b9%d9%87%d8%af-%d8%a8%d8%ad%d8%b8%d8%b1-%d8%b5%d9%84%d8%a7%d8%a9-%d8%a7%d9%84%d8%ac%d9%85%d8%a7%d8%b9%d8%a9,16,1.0
https://www.aljazeera.net/news/2026/3/21/%d8%b3%d9%8a-%d8%a8%d9%8a-%d8%a5%d8%b3-%d9%86%d9%8a%d9%88%d8%b2-%d8%a7%d9%84%d8%a8%d9%86%d8%aa%d8%a7%d8%ba%d9%88%d9%86-%d8%a3%d8%b9%d8%af-%d8%aa%d8%ad%d8%b6%d9%8a%d8%b1%d8%a7%d8%aa,0,1.0
https://www.aljazeera.net/news/2026/3/21/%d9%87%d9%84-%d8%aa%d9%88%d8%a7%d8%ac%d9%87-%d9%88%d8%a7%d8%b4%d9%86%d8%b7%d9%86-%d9%88%d8%a5%d8%b3%d8%b1%d8%a7%d8%a6%d9%8a%d9%84-%d9%85%d9%81%d8%a7%d8%ac%d8%a2%d8%aa,0,1.0
https://www.aljazeera.net/news/2026/3/21/%d8%aa%d8%b1%d8%a7%d9%85%d8%a8-%d9%8a%d8%b9%d9%84%d9%86-%d8%a7%d9%82%d8%aa%d8%b1%d8%a7%d8%a8-%d8%a7%d9%84%d9%86%d8%b5%d8%b1-%d8%b9%d9%84%d9%89-%d8%a5%d9%8a%d8%b1%d8%a7%d9%86,0,1.0
https://www.aljazeera.net/news/2026/3/21/%d8%a3%d8%a8%d8%b1%d8%b2-%d8%a7%d9%84%d8%ac%d8%b2%d8%b1-%d8%a7%d9%84%d8%a5%d9%8a%d8%b1%d8%a7%d9%86%d9%8a%d8%a9-%d8%b9%d9%84%d9%89-%d9%85%d8%b6%d9%8a%d9%82-%d9%87%d8%b1%d9%85%d8%b2,0,1.0
https://www.aljazeera.net/news/2026/3/21/%d8%a7%d9%84%d9%85%d9%88%d8%aa-%d8%b9%d8%b7%d8%b4%d8%a7-%d8%a3%d9%88-%d9%82%d8%b5%d9%81%d8%a7-20-%d8%a3%d9%84%d9%81-%d8%a8%d8%ad%d8%a7%d8%b1-%d8%b9%d8%a7%d9%84%d9%82%d9%88%d9%86-%d9%81%d9%8a,0,1.0
https://www.aljazeera.net/news/2026/3/21/%d8%ad%d9%84%d9%81%d8%a7%d8%a1-%d9%88%d8%a7%d8%b4%d9%86%d8%b7%d9%86-%d9%8a%d8%a8%d8%ad%d8%ab%d9%88%d9%86-%d9%85%d8%aa%d8%b7%d9%84%d8%a8%d8%a7%d8%aa-%d8%a5%d8%b9%d8%a7%d8%af%d8%a9-%d9%81%d8%aa%d8%ad,0,1.0
https://www.aljazeera.net/news/2026/3/21/%d9%84%d9%84%d9%85%d8%b1%d8%a9-%d8%a7%d9%84%d8%ab%d8%a7%d9%84%d8%ab%d8%a9-%d8%ae%d9%84%d8%a7%d9%84-%d8%a3%d8%b3%d8%a8%d9%88%d8%b9%d9%8a%d9%86-%d9%88%d8%a7%d8%b4%d9%86%d8%b7%d9%86,0,1.0
https://www.aljazeera.net/news/2026/3/21/%d9%82%d8%aa%d9%8a%d9%84-%d8%a8%d9%82%d8%b5%d9%81-%d8%a5%d8%b3%d8%b1%d8%a7%d8%a6%d9%8a%d9%84%d9%8a-%d8%b9%d9%84%d9%89-%d8%ac%d9%86%d9%88%d8%a8%d9%8a-%d9%84%d8%a8%d9%86%d8%a7%d9%86,2,1.0
https://www.aljazeera.net/news/2026/3/21/%d9%87%d8%ac%d9%85%d8%a7%d8%aa-%d8%a5%d9%8a%d8%b1%d8%a7%d9%86%d9%8a%d8%a9-%d8%a8%d8%a7%d9%84%d8%b5%d9%88%d8%a7%d8%b1%d9%8a%d8%ae-%d9%88%d8%a7%d9%84%d9%85%d8%b3%d9%8a%d8%b1%d8%a7%d8%aa,4,0.668
https://www.aljazeera.net/news/2026/3/21/%d9%85%d9%88%d8%ac%d8%a9-%d8%b5%d9%88%d8%a7%d8%b1%d9%8a%d8%ae-%d8%a5%d9%8a%d8%b1%d8%a7%d9%86%d9%8a%d8%a9-%d8%ac%d8%af%d9%8a%d8%af%d8%a9-%d8%aa%d8%b3%d8%aa%d9%87%d8%af%d9%81,1,0.8835
https://www.aljazeera.net/news/2026/3/21/%d9%88%d8%ad%d8%af%d8%a9-%d9%86%d8%ae%d8%a8%d8%a9-%d8%b9%d8%b3%d9%83%d8%b1%d9%8a%d8%a9-%d9%88%d8%a7%d8%b4%d9%86%d8%b7%d9%86-%d8%aa%d8%af%d8%b1%d8%b3-%d8%ae%d8%b7%d8%a9,-1,0.0
https://www.aljazeera.net/news/2026/3/21/%d8%b5%d9%88%d8%b1-%d9%81%d8%b6%d8%a7%d8%a6%d9%8a%d8%a9-%d8%aa%d9%88%d8%ab%d9%82-%d8%ad%d8%ac%d9%85-%d8%a7%d9%84%d8%af%d9%85%d8%a7%d8%b1-%d9%81%d9%8a-%d9%85%d8%b3%d8%aa%d8%b4%d9%81%d9%89,-1,0.0
https://www.aljazeera.net/news/2026/3/21/%d9%85%d8%af%d9%89-%d8%ba%d9%8a%d8%b1-%d9%85%d8%b3%d8%a8%d9%88%d9%82-%d8%b5%d9%88%d8%a7%d8%b1%d9%8a%d8%ae-%d8%a5%d9%8a%d8%b1%d8%a7%d9%86-%d8%aa%d8%b7%d8%a7%d9%84-%d9%82%d8%a7%d8%b9%d8%af%d8%a9,0,0.8416
https://www.aljazeera.net/news/2026/3/21/%d8%a5%d8%b9%d9%84%d8%a7%d9%85-%d9%8a%d8%a7%d8%a8%d8%a7%d9%86%d9%8a-%d8%a5%d9%8a%d8%b1%d8%a7%d9%86-%d9%85%d8%b3%d8%aa%d8%b9%d8%af%d8%a9-%d9%84%d9%81%d8%aa%d8%ad-%d9%85%d8%b6%d9%8a%d9%82,0,1.0
https://www.aljazeera.net/news/2026/3/21/%d8%ba%d8%b1%d8%af%d8%a7%d9%8a%d8%a9-%d8%a7%d9%84%d8%ac%d8%b2%d8%a7%d8%a6%d8%b1%d9%8a%d8%a9-%d9%81%d9%8a-%d8%b9%d9%8a%d8%af-%d8%a7%d9%84%d9%81%d8%b7%d8%b1-%d9%84%d9%88%d8%ad%d8%a9,-1,0.0
https://www.aljazeera.net/news/2026/3/21/%d8%a7%d9%84%d8%b9%d8%b1%d8%a7%d9%82-%d9%82%d8%aa%d9%8a%d9%84-%d9%85%d9%86-%d8%a7%d9%84%d8%ad%d8%b4%d8%af-%d9%88%d8%a7%d9%84%d9%85%d9%82%d8%a7%d9%88%d9%85%d8%a9,13,1.0
https://www.aljazeera.net/news/2026/3/21/%d9%83%d9%88%d8%a8%d8%a7-%d8%aa%d9%85%d9%86%d8%b9-%d8%a7%d9%84%d8%b3%d9%81%d8%a7%d8%b1%d8%a9-%d8%a7%d9%84%d8%a3%d9%85%d8%b1%d9%8a%d9%83%d9%8a%d8%a9-%d9%81%d9%8a-%d9%87%d8%a7%d9%81%d8%a7%d9%86%d8%a7,11,0.672
https://www.aljazeera.net/news/2026/3/21/%d8%aa%d8%ad%d8%af%d8%ab-%d8%b9%d9%86-%d9%88%d8%b3%d8%a7%d8%b7%d8%a9-%d8%a8%d8%b4%d8%a3%d9%86-%d9%85%d8%b6%d9%8a%d9%82-%d9%87%d8%b1%d9%85%d8%b2-%d8%ba%d9%88%d8%aa%d9%8a%d8%b1%d9%8a%d8%b4,0,1.0
https://www.aljazeera.net/news/2026/3/21/%d8%aa%d9%86%d8%af%d9%8a%d8%af-%d8%a5%d8%b3%d9%84%d8%a7%d9%85%d9%8a-%d9%88%d8%b9%d8%b1%d8%a8%d9%8a-%d8%a8%d8%a7%d9%84%d9%87%d8%ac%d9%88%d9%85,6,0.93
https://www.aljazeera.net/news/2026/3/21/%d8%a3%d9%84%d8%a8%d8%a7%d9%86%d9%8a%d8%b2%d9%8a-%d8%aa%d8%af%d8%b9%d9%88-%d9%84%d8%a7%d8%b9%d8%aa%d9%82%d8%a7%d9%84-%d9%83%d8%a7%d8%aa%d8%b3-%d9%88%d8%a8%d9%86-%d8%ba%d9%81%d9%8a%d8%b1,14,1.0
https://www.aljazeera.net/news/2026/3/21/%d9%8a%d9%88%d9%85%d9%8a%d8%a7%d8%aa-%d8%a7%d9%84%d8%ad%d8%b1%d8%a8-%d8%b9%d9%84%d9%89-%d8%a5%d9%8a%d8%b1%d8%a7%d9%86-%d9%83%d9%85%d8%a7-%d9%8a%d8%b1%d9%88%d9%8a%d9%87%d8%a7-%d9%8a%d9%88%d8%b3%d9%81,7,0.6383
https://www.aljazeera.net/news/2026/3/21/%d9%81%d9%8a%d8%af%d9%8a%d9%88-%d8%a5%d8%b3%d9%82%d8%a7%d8%b7-%d8%a5%d9%8a%d8%b1%d8%a7%d9%86-%d9%84%d8%b7%d8%a7%d8%a6%d8%b1%d8%a9-%d8%a5%d9%81-35-%d9%8a%d8%b4%d8%b9%d9%84,18,0.6501
https://www.aljazeera.net/news/2026/3/21/%d9%87%d8%ac%d9%88%d9%85-%d8%a8%d8%b7%d8%a7%d8%a6%d8%b1%d8%a9-%d9%85%d8%b3%d9%8a%d8%b1%d8%a9-%d9%81%d9%8a-%d8%aa%d8%b4%d8%a7%d8%af-%d9%87%d9%84-%d8%aa%d9%85%d8%aa%d8%af-%d9%86%d8%a7%d8%b1,10,1.0
https://www.aljazeera.net/news/2026/3/21/%d8%ba%d8%a7%d8%b1%d8%a7%d8%aa-%d8%a5%d8%b3%d8%b1%d8%a7%d8%a6%d9%8a%d9%84%d9%8a%d8%a9-%d8%b9%d9%84%d9%89-%d8%a8%d9%8a%d8%b1%d9%88%d8%aa-%d9%88%d8%ac%d9%86%d9%88%d8%a8-%d9%84%d8%a8%d9%86%d8%a7%d9%86,2,1.0
https://www.aljazeera.net/news/2026/3/21/%d8%ae%d8%a8%d9%8a%d8%b1-%d8%a3%d9%85%d9%86%d9%8a-%d9%83%d8%b3%d8%b1-%d8%a7%d9%84%d8%ae%d8%b7%d9%88%d8%b7-%d8%a7%d9%84%d8%ad%d9%85%d8%b1%d8%a7%d8%a1-%d9%8a%d9%86%d9%82%d9%84,0,1.0
https://www.aljazeera.net/news/2026/3/21/%d8%a7%d9%84%d9%82%d8%b5%d9%81-%d8%a7%d9%84%d8%a5%d9%8a%d8%b1%d8%a7%d9%86%d9%8a-%d9%84%d9%82%d8%a7%d8%b9%d8%af%d8%a9-%d8%af%d9%8a%d9%8a%d8%ba%d9%88-%d8%ba%d8%a7%d8%b1%d8%b3%d9%8a%d8%a7,-1,0.0
https://www.aljazeera.net/news/2026/3/21/%d9%83%d9%88%d8%a7%d9%84%d9%8a%d8%b3-%d8%ac%d9%88%d9%84%d8%a9-%d9%87%d8%a7%d9%83%d8%a7%d9%86-%d9%81%d9%8a%d8%af%d8%a7%d9%86-%d9%81%d9%8a-%d8%a7%d9%84%d8%ae%d9%84%d9%8a%d8%ac,-1,0.0
https://www.aljazeera.net/news/2026/3/21/%d8%a7%d9%84%d8%ae%d8%b1%d8%b7%d9%88%d9%85-%d8%aa%d8%ad%d8%aa%d9%81%d9%84-%d8%a8%d8%b9%d9%8a%d8%af-%d8%a7%d9%84%d9%81%d8%b7%d8%b1-%d9%84%d8%a3%d9%88%d9%84-%d9%85%d8%b1%d8%a9-%d8%a8%d8%b9%d8%af-2,10,1.0
https://www.aljazeera.net/news/2026/3/21/%d8%aa%d8%b9%d8%a7%d9%81-%d9%85%d8%aa%d9%88%d8%a7%d8%b5%d9%84-%d9%84%d9%84%d8%ae%d8%b7%d9%88%d8%b7-%d8%a7%d9%84%d8%ac%d9%88%d9%8a%d8%a9-%d8%a7%d9%84%d9%82%d8%b7%d8%b1%d9%8a%d8%a9,-1,0.0
https://www.aljazeera.net/news/2026/3/21/%d8%ba%d8%b2%d9%8a%d9%88%d9%86-%d9%81%d8%b1%d8%ad%d8%aa%d9%86%d8%a7-%d9%86%d8%a7%d9%82%d8%b5%d8%a9-%d9%88%d9%86%d8%b9%d9%8a%d8%af-%d8%b9%d9%84%d9%89-%d8%a3%d8%ad%d8%a8%d8%a7%d8%a8%d9%86%d8%a7,3,0.5732
https://www.aljazeera.net/news/2026/3/21/%d8%aa%d8%b9%d8%b7%d9%84-%d8%a7%d9%84%d8%a5%d9%85%d8%af%d8%a7%d8%af%d8%a7%d8%aa-%d8%b9%d8%a8%d8%b1-%d9%85%d8%b6%d9%8a%d9%82-%d9%87%d8%b1%d9%85%d8%b2-%d9%8a%d8%b1%d9%81%d8%b9,0,1.0
https://www.aljazeera.net/news/2026/3/21/%d9%87%d8%ac%d9%88%d9%85-%d8%a3%d9%85%d8%b1%d9%8a%d9%83%d9%8a-%d8%a5%d8%b3%d8%b1%d8%a7%d8%a6%d9%8a%d9%84%d9%8a-%d9%8a%d8%b3%d8%aa%d9%87%d8%af%d9%81-%d9%85%d9%86%d8%b4%d8%a3%d8%a9,1,0.3741
https://www.aljazeera.net/news/2026/3/21/%d8%b1%d9%88%d9%8a%d8%aa%d8%b1%d8%b2-%d9%85%d8%ac%d9%84%d8%b3-%d8%a7%d9%84%d8%b3%d9%84%d8%a7%d9%85-%d9%8a%d9%82%d8%af%d9%85-%d9%85%d9%82%d8%aa%d8%b1%d8%ad%d8%a7-%d9%85%d9%83%d8%aa%d9%88%d8%a8%d8%a7,-1,0.0
https://www.aljazeera.net/news/2026/3/21/%d8%a7%d9%84%d8%ac%d9%8a%d8%b4-%d8%a7%d9%84%d8%a3%d9%85%d8%b1%d9%8a%d9%83%d9%8a-%d8%a7%d8%b3%d8%aa%d8%ae%d8%af%d9%85%d9%86%d8%a7-%d8%b5%d9%88%d8%a7%d8%b1%d9%8a%d8%ae-%d8%aa%d8%b2%d9%86-5,0,0.6726
https://www.aljazeera.net/news/2026/3/21/%d8%a3%d9%87%d8%af%d8%a7%d9%81-%d8%aa%d8%b1%d9%85%d8%a8-%d8%a7%d9%84%d9%85%d8%aa%d8%b6%d8%a7%d8%b1%d8%a8%d8%a9-%d9%84%d9%84%d8%ad%d8%b1%d8%a8-%d8%aa%d8%ab%d9%8a%d8%b1,0,1.0
https://www.aljazeera.net/news/2026/3/21/%d8%ad%d9%8a%d9%86-%d9%8a%d8%a8%d8%af%d8%a3-%d8%a7%d9%84%d8%b9%d8%a7%d9%85-%d8%a8%d8%a7%d9%84%d9%87%d8%ac%d8%b1%d8%a9-%d9%88%d8%a7%d9%84%d8%b1%d8%a8%d9%8a%d8%b9-%d9%85%d8%b9%d8%a7,-1,0.0
https://www.aljazeera.net/news/2026/3/21/%d8%a7%d8%ad%d8%aa%d8%ac%d8%a7%d8%b2-39-%d8%a3%d9%85%d8%a7-%d9%81%d9%84%d8%b3%d8%b7%d9%8a%d9%86%d9%8a%d8%a9-%d9%88%d8%b3%d8%b7-%d8%aa%d8%b5%d8%a7%d8%b9%d8%af,14,0.515
https://www.aljazeera.net/news/2026/3/21/%d9%85%d9%86-%d8%ba%d8%b2%d8%a9-%d8%a7%d9%84%d9%89-%d8%a8%d9%8a%d8%b1%d9%88%d8%aa-%d8%ba%d8%b3%d8%a7%d9%86-%d8%a3%d8%a8%d9%88-%d8%b3%d8%aa%d8%a9-%d8%b7%d8%a8%d9%8a%d8%a8,3,0.8247
https://www.aljazeera.net/news/2026/3/21/%d8%af%d9%81%d8%a7%d8%b9-%d9%81%d8%b3%d9%8a%d9%81%d8%b3%d8%a7%d8%a6%d9%8a-%d9%83%d9%8a%d9%81-%d8%a3%d8%b9%d8%a7%d8%af-%d8%a7%d9%84%d8%ad%d8%b1%d8%b3-%d8%a7%d9%84%d8%ab%d9%88%d8%b1%d9%8a,7,1.0
https://www.aljazeera.net/news/2026/3/21/%d8%ad%d8%b1%d8%ac-%d9%88%d9%82%d9%84%d9%82-%d9%81%d9%8a-%d8%a7%d9%84%d9%8a%d8%a7%d8%a8%d8%a7%d9%86-%d8%a8%d8%b9%d8%af-%d8%a7%d8%b3%d8%aa%d8%ae%d8%af%d8%a7%d9%85-%d8%aa%d8%b1%d8%a7%d9%85%d8%a8,0,1.0
https://www.aljazeera.net/news/2026/3/21/%d8%ad%d8%b1%d8%a8-%d8%a7%d9%84%d8%b3%d8%b1%d8%af%d9%8a%d8%a7%d8%aa-%d9%85%d9%86-%d8%a7%d9%84%d8%ba%d8%a7%d9%8a%d8%a9-%d8%a7%d9%84%d8%a5%d9%84%d9%87%d9%8a%d8%a9-%d8%a5%d9%84%d9%89,0,0.9295
https://www.aljazeera.net/news/2026/3/21/20-%d8%af%d9%88%d9%84%d8%a9-%d8%b1%d8%ba%d8%a8%d8%aa%d9%87%d8%a7-%d8%a7%d9%84%d8%b3%d8%a8%d8%aa-%d9%81%d9%8a-%d8%a7%d9%84%d9%85%d8%b3%d8%a7%d9%87%d9%85%d8%a9-%d9%81%d9%8a,0,1.0
https://www.aljazeera.net/news/2026/3/21/%d8%a8%d9%88%d8%aa%d9%8a%d9%86-%d9%85%d9%88%d8%b3%d9%83%d9%88-%d9%84%d8%a7-%d8%aa%d8%b2%d8%a7%d9%84-%d8%b5%d8%af%d9%8a%d9%82%d8%a7-%d9%88%d9%81%d9%8a%d8%a7-%d9%88%d8%b4%d8%b1%d9%8a%d9%83%d8%a7,0,0.714
https://www.aljazeera.net/news/2026/3/21/%d8%b9%d8%a7%d8%ac%d9%84-%d8%a7%d9%84%d9%82%d9%86%d8%a7%d8%a9-12-%d8%a7%d9%84%d8%a5%d8%b3%d8%b1%d8%a7%d8%a6%d9%8a%d9%84%d9%8a%d8%a9-%d8%a5%d8%b5%d8%a7%d8%a8%d8%a9-%d9%85%d8%a8%d9%86%d9%89,1,0.6881
https://www.aljazeera.net/news/2026/3/21/%d8%a3%d8%ad%d8%a7%d9%84-%d8%a7%d9%84%d8%b9%d9%8a%d8%af-%d9%84%d9%85%d8%a3%d8%aa%d9%85-%d9%82%d8%aa%d9%84%d9%89-%d9%88%d8%ac%d8%b1%d8%ad%d9%89-%d8%a8%d8%a7%d9%86%d9%81%d8%ac%d8%a7%d8%b1,-1,0.0
https://www.aljazeera.net/news/2026/3/21/%d8%a7%d9%84%d8%ad%d8%b1%d8%a8-%d8%b9%d9%84%d9%89-%d8%a5%d9%8a%d8%b1%d8%a7%d9%86-%d9%87%d9%84-%d9%8a%d9%83%d9%88%d9%86-%d8%a7%d9%84%d8%a3%d8%b3%d8%a8%d9%88%d8%b9-%d8%a7%d9%84%d8%b1%d8%a7%d8%a8%d8%b9,0,1.0
https://www.aljazeera.net/news/2026/3/21/%d9%87%d8%b0%d9%87-%d9%84%d9%8a%d8%b3%d8%aa-%d8%ad%d8%b1%d8%a8%d9%86%d8%a7-%d8%a3%d9%88%d8%b1%d9%88%d8%a8%d8%a7-%d8%aa%d9%82%d9%88%d9%84-%d8%a3%d8%ae%d9%8a%d8%b1%d8%a7-%d9%84%d8%a7,0,1.0
https://www.aljazeera.net/news/2026/3/21/%d8%b9%d8%a7%d8%ac%d9%84-%d8%a3%d9%83%d8%b3%d9%8a%d9%88%d8%b3-%d8%b9%d9%86-%d9%85%d8%b3%d8%a4%d9%88%d9%84-%d8%a3%d9%85%d8%b1%d9%8a%d9%83%d9%8a-%d9%88%d9%85%d8%b5%d8%af%d8%b1-%d9%85%d8%b7%d9%84%d8%b9,0,1.0
https://www.aljazeera.net/news/2026/3/21/%d8%a8%d9%86-%d8%b3%d9%84%d9%85%d8%a7%d9%86-%d9%88%d8%a7%d9%84%d8%b3%d9%8a%d8%b3%d9%8a-%d8%a7%d9%84%d9%87%d8%ac%d9%85%d8%a7%d8%aa-%d8%a7%d9%84%d8%a5%d9%8a%d8%b1%d8%a7%d9%86%d9%8a%d8%a9,9,0.6073
https://www.aljazeera.net/news/2026/3/21/%d8%aa%d8%b1%d9%85%d8%a8-%d9%8a%d9%86%d8%a7%d9%82%d8%b6-%d8%aa%d8%b1%d9%85%d8%a8-%d8%a8%d8%b4%d8%a3%d9%86-%d8%a5%d9%8a%d8%b1%d8%a7%d9%86-%d8%ae%d9%84%d8%a7%d9%84-24-%d8%b3%d8%a7%d8%b9%d8%a9,0,1.0
https://www.aljazeera.net/news/2026/3/21/3363,2,0.7073
https://www.aljazeera.net/news/2026/3/21/%d8%af%d9%88%d9%84-%d8%a7%d9%84%d8%ae%d9%84%d9%8a%d8%ac-%d8%a7%d9%84%d8%b9%d8%b1%d8%a8%d9%8a-%d8%aa%d8%af%d9%85%d8%b1-%d8%b5%d9%88%d8%a7%d8%b1%d9%8a%d8%ae,4,0.729
https://www.aljazeera.net/news/liveblog/2026/3/20/%d8%a7%d9%84%d8%ad%d8%b1%d8%a8-%d8%b9%d9%84%d9%89-%d8%a5%d9%8a%d8%b1%d8%a7%d9%86-%d9%85%d8%a8%d8%a7%d8%b4%d8%b1-%d8%aa%d8%b1%d9%85%d8%a8-%d9%8a%d8%b3%d8%aa%d8%a8%d8%b9%d8%af,-1,0.0
https://www.aljazeera.net/news/2026/3/20/%d8%a5%d8%af%d8%a7%d9%86%d8%a7%d8%aa-%d8%b9%d8%b1%d8%a8%d9%8a%d8%a9-%d9%88%d8%af%d9%88%d9%84%d9%8a%d8%a9-%d9%88%d8%a7%d8%b3%d8%b9%d8%a9-%d9%84%d9%84%d9%87%d8%ac%d9%88%d9%85,9,1.0
https://www.aljazeera.net/news/2026/3/20/%d8%a7%d9%84%d8%a8%d8%ad%d8%b1%d9%8a%d8%a9-%d8%a7%d9%84%d8%af%d9%88%d9%84%d9%8a%d8%a9-%d8%aa%d8%af%d8%b9%d9%88-%d8%a5%d9%84%d9%89-%d9%85%d9%85%d8%b1-%d8%a2%d9%85%d9%86,0,1.0
https://www.aljazeera.net/news/2026/3/20/%d8%b9%d8%a7%d8%ac%d9%84-%d8%ac%d9%87%d8%a7%d8%b2-%d8%a3%d9%85%d9%86-%d8%a7%d9%84%d8%af%d9%88%d9%84%d8%a9-%d8%a7%d9%84%d8%a5%d9%85%d8%a7%d8%b1%d8%a7%d8%aa%d9%8a-%d8%aa%d9%81%d9%83%d9%8a%d9%83,4,0.4056
https://www.aljazeera.net/news/2026/3/20/%d9%85%d8%a7-%d8%a7%d8%ad%d8%aa%d9%85%d8%a7%d9%84%d8%a7%d8%aa-%d8%a5%d8%b1%d8%b3%d8%a7%d9%84-%d8%ac%d9%86%d9%88%d8%af-%d8%a3%d9%85%d8%b1%d9%8a%d9%83%d9%8a%d9%8a%d9%86,0,1.0
https://www.aljazeera.net/news/2026/3/20/%d9%85%d8%ad%d9%85%d8%af-%d8%a8%d9%86-%d8%b2%d8%a7%d9%8a%d8%af-%d9%8a%d8%a8%d8%ad%d8%ab-%d9%85%d8%b9-%d8%aa%d8%b1%d9%85%d8%a8-%d8%a7%d9%84%d8%a7%d8%b9%d8%aa%d8%af%d8%a7%d8%a1%d8%a7%d8%aa,4,0.4724
https://www.aljazeera.net/news/2026/3/20/%d8%b5%d8%b9%d9%88%d8%af-%d8%b1%d8%ac%d9%84-%d8%a7%d9%84%d9%85%d8%b1%d8%ad%d9%84%d8%a9-%d9%82%d8%a7%d9%84%db%8c%d8%a8%d8%a7%d9%81-%d9%8a%d8%b2%d8%af%d8%a7%d8%af-%d9%86%d9%81%d9%88%d8%b0%d8%a7,7,0.8893
https://www.aljazeera.net/news/2026/3/20/4-%d8%b4%d9%87%d8%af%d8%a7%d8%a1-%d9%81%d9%8a-%d8%ba%d8%b2%d8%a9-%d9%88%d8%a5%d8%b9%d8%a7%d8%af%d8%a9-%d9%81%d8%aa%d8%ad-%d9%85%d8%b9%d8%a8%d8%b1-%d8%b1%d9%81%d8%ad-%d9%84%d8%b9%d8%af%d8%af,3,0.8812
https://www.aljazeera.net/news/2026/3/20/%d9%81%d9%8a%d8%af%d9%8a%d9%88-%d8%a7%d9%84%d8%ad%d8%b1%d8%b3-%d8%a7%d9%84%d8%ab%d9%88%d8%b1%d9%8a-%d9%8a%d9%86%d8%b4%d8%b1-%d9%84%d8%ad%d8%b8%d8%a9-%d8%a7%d8%b3%d8%aa%d9%87%d8%af%d8%a7%d9%81,18,0.9943
https://www.aljazeera.net/news/2026/3/20/%d8%a5%d9%8a%d8%b1%d8%a7%d9%86-%d8%aa%d9%82%d8%b5%d9%81-%d8%a5%d8%b3%d8%b1%d8%a7%d8%a6%d9%8a%d9%84-%d8%a8%d9%805-%d8%af%d9%81%d8%b9%d8%a7%d8%aa-%d8%b5%d8%a7%d8%b1%d9%88%d8%ae%d9%8a%d8%a9,1,0.9256
https://www.aljazeera.net/news/2026/3/20/%d9%86%d8%aa%d9%86%d9%8a%d8%a7%d9%87%d9%88-%d9%8a%d8%b3%d8%aa%d8%ad%d8%b6%d8%b1-%d9%81%d9%84%d8%b3%d9%81%d8%a9-%d8%a7%d9%84%d8%b4%d8%b1-%d9%84%d8%aa%d8%a8%d8%b1%d9%8a%d8%b1,19,1.0
https://www.aljazeera.net/news/2026/3/20/%d8%a8%d9%88%d9%84%d9%8a%d8%aa%d9%8a%d9%83%d9%88-%d8%aa%d8%b1%d9%85%d8%a8-%d9%8a%d8%b3%d8%aa%d8%b9%d8%af-%d9%84%d9%84%d8%a7%d8%b3%d8%aa%d9%8a%d9%84%d8%a7%d8%a1-%d8%b9%d9%84%d9%89,0,1.0
https://www.aljazeera.net/news/2026/3/20/200-%d9%85%d9%84%d9%8a%d8%a7%d8%b1-%d8%af%d9%88%d9%84%d8%a7%d8%b1-%d8%aa%d9%85%d9%88%d9%8a%d9%84-%d8%ad%d8%b1%d8%a8-%d8%a5%d9%8a%d8%b1%d8%a7%d9%86-%d9%8a%d9%88%d8%a7%d8%ac%d9%87,0,0.9106
https://www.aljazeera.net/news/2026/3/20/%d8%a3%d9%88%d8%b1%d9%88%d8%a8%d8%a7-%d8%aa%d8%af%d9%8a%d9%86-%d8%a7%d9%84%d8%b6%d8%b1%d8%a8%d8%a7%d8%aa-%d8%a7%d9%84%d8%a5%d9%8a%d8%b1%d8%a7%d9%86%d9%8a%d8%a9,0,0.9828
https://www.aljazeera.net/news/2026/3/20/%d9%81%d9%88%d8%b1%d9%8a%d9%86-%d8%a8%d9%88%d9%84%d9%8a%d8%b3%d9%8a-%d8%a7%d9%84%d9%88%d9%84%d8%a7%d9%8a%d8%a7%d8%aa-%d8%a7%d9%84%d9%85%d8%aa%d8%ad%d8%af%d8%a9,0,1.0
https://www.aljazeera.net/news/2026/3/20/%d8%a7%d9%84%d8%b3%d8%b9%d9%88%d8%af%d9%8a%d8%a9-%d9%88%d8%a7%d9%84%d8%a5%d9%85%d8%a7%d8%b1%d8%a7%d8%aa-%d9%88%d8%a7%d9%84%d9%83%d9%88%d9%8a%d8%aa-%d8%aa%d8%aa%d8%b5%d8%af%d9%89,4,0.9427
https://www.aljazeera.net/news/2026/3/20/%d9%84%d9%82%d8%a7%d8%a1-%d8%ae%d8%a7%d8%b5,-1,0.0
https://www.aljazeera.net/news/2026/3/20/%d8%aa%d8%b1%d9%85%d8%a8-%d9%8a%d9%88%d8%ac%d9%87-%d8%a8%d8%a7%d8%aa%d8%ae%d8%a7%d8%b0-%d8%aa%d8%ba%d9%8a%d9%8a%d8%b1%d8%a7%d8%aa-%d8%ac%d8%b0%d8%b1%d9%8a%d8%a9-%d9%81%d9%8a,11,1.0
https://www.aljazeera.net/news/2026/3/20/%d8%ba%d9%88%d8%aa%d9%8a%d8%b1%d9%8a%d8%b4-%d8%a5%d8%b3%d8%b1%d8%a7%d8%a6%d9%8a%d9%84-%d8%a7%d8%b3%d8%aa%d8%af%d8%b1%d8%ac%d8%aa-%d9%88%d8%a7%d8%b4%d9%86%d8%b7%d9%86-%d9%84%d9%84%d8%ad%d8%b1%d8%a8,0,0.7116
https://www.aljazeera.net/news/2026/3/20/%d8%b9%d8%a7%d8%ac%d9%84-%d8%a7%d9%84%d8%ad%d8%b1%d8%b3-%d8%a7%d9%84%d8%ab%d9%88%d8%b1%d9%8a-%d8%a7%d9%84%d8%a5%d9%8a%d8%b1%d8%a7%d9%86%d9%8a-%d9%86%d9%86%d8%aa%d8%b8%d8%b1,0,0.8128
https://www.aljazeera.net/news/2026/3/20/%d8%ae%d8%b7%d8%a9-%d9%84%d9%84%d8%a8%d9%86%d8%aa%d8%a7%d8%ba%d9%88%d9%86-%d9%81%d9%8a-%d9%87%d8%b1%d9%85%d8%b2,0,0.9513
https://www.aljazeera.net/news/2026/3/20/%d8%b5%d8%a8%d8%b1%d9%8a%d8%a7%d9%84%d9%82%d8%af%d8%b3-%d8%a7%d9%84%d8%a3%d9%82%d8%b5%d9%89-%d8%b5%d9%84%d8%a7%d8%a9-%d8%b9%d9%8a%d8%af,17,1.0
https://www.aljazeera.net/news/2026/3/20/%d8%aa%d8%ad%d8%b0%d9%8a%d8%b1%d8%a7%d8%aa-%d8%a3%d9%88%d8%b1%d9%88%d8%a8%d9%8a%d8%a9-%d9%85%d9%86-%d9%86%d8%aa%d8%a7%d8%a6%d8%ac-%d8%b9%d9%83%d8%b3%d9%8a%d8%a9-%d9%84%d8%b1%d9%87%d8%a7%d9%86,1,0.3747
https://www.aljazeera.net/news/2026/3/20/%d8%b5%d9%84%d8%a7%d8%a9-%d8%a7%d9%84%d8%b9%d9%8a%d8%af-%d8%a8%d8%a7%d9%84%d9%85%d8%b3%d8%ac%d8%af-%d8%a7%d9%84%d8%a5%d8%a8%d8%b1%d8%a7%d9%87%d9%8a%d9%85%d9%8a-%d8%aa%d9%82%d8%aa%d8%b5%d8%b1,17,0.822
https://www.aljazeera.net/news/2026/3/20/%d8%b9%d8%a7%d8%ac%d9%84-%d8%a7%d9%84%d8%aa%d9%84%d9%81%d8%b2%d9%8a%d9%88%d9%86-%d8%a7%d9%84%d8%a5%d9%8a%d8%b1%d8%a7%d9%86%d9%8a-%d9%85%d9%82%d8%aa%d9%84-%d8%b9%d9%84%d9%8a-%d9%85%d8%ad%d9%85%d8%af,7,1.0
https://www.aljazeera.net/news/2026/3/20/%d9%85%d9%84%d8%a7%d8%ac%d8%a6-%d9%85%d8%ad%d8%b5%d9%86%d8%a9-%d9%88%d9%85%d9%82%d8%a7%d9%88%d9%85%d8%a9-%d9%84%d9%84%d8%a5%d8%b4%d8%b9%d8%a7%d8%b9%d8%a7%d8%aa-%d9%87%d9%83%d8%b0%d8%a7,4,0.3682
https://www.aljazeera.net/news/2026/3/20/%d8%aa%d8%ad%d8%aa-%d8%ba%d8%b7%d8%a7%d8%a1-%d8%a7%d9%84%d8%ad%d8%b1%d8%a8-%d8%a7%d9%84%d9%8a%d9%85%d9%8a%d9%86-%d8%a7%d9%84%d8%a5%d8%b3%d8%b1%d8%a7%d8%a6%d9%8a%d9%84%d9%8a,2,0.5391
https://www.aljazeera.net/news/2026/3/20/%d8%a5%d8%ad%d8%b5%d8%a7%d8%a6%d9%8a%d8%a7%d8%aa-%d9%85%d8%b1%d8%b9%d8%a8%d8%a9-%d8%aa%d9%83%d8%b4%d9%81-%d8%ad%d8%ac%d9%85-%d8%a7%d9%84%d9%87%d8%ac%d9%85%d8%a7%d8%aa,1,0.4838
https://www.aljazeera.net/news/2026/3/20/%d8%ae%d9%84%d9%8a%d9%81%d8%a9-%d9%85%d8%ad%d8%aa%d9%85%d9%84%d8%a9-%d9%81%d9%8a-%d9%82%d9%85%d8%b1%d8%a9-%d8%a7%d9%84%d9%82%d9%8a%d8%a7%d8%af%d8%a9-%d8%a7%d8%a8%d9%86%d8%a9,-1,0.0
https://www.aljazeera.net/news/2026/3/20/%d8%b4%d8%b1%d9%83%d8%a9-%d8%aa%d8%ac%d8%b3%d8%b3-%d8%a5%d8%b3%d8%b1%d8%a7%d8%a6%d9%8a%d9%84%d9%8a%d8%a9-%d8%aa%d9%81%d8%b3%d8%af-%d8%a7%d9%84%d8%a7%d9%86%d8%aa%d8%ae%d8%a7%d8%a8%d8%a7%d8%aa,-1,0.0
https://www.aljazeera.net/news/2026/3/20/%d8%ba%d8%b2%d9%8a%d9%88%d9%86-%d9%8a%d8%ad%d8%aa%d9%81%d9%84%d9%88%d9%86-%d8%a8%d8%a7%d9%84%d8%b9%d9%8a%d8%af-%d9%84%d9%84%d9%85%d8%b1%d8%a9-%d8%a7%d9%84%d8%a3%d9%88%d9%84%d9%89-%d8%a8%d9%84%d8%a7,3,0.5862
https://www.aljazeera.net/news/2026/3/20/%d8%ad%d8%a7%d9%85%d9%84%d8%a9-%d8%b7%d8%a7%d8%a6%d8%b1%d8%a7%d8%aa-%d9%88%d9%88%d8%ad%d8%af%d8%a9-%d8%aa%d8%af%d8%ae%d9%84-%d8%b3%d8%b1%d9%8a%d8%b9-%d8%aa%d8%b9%d8%b1%d9%81-%d8%b9%d9%84%d9%89,0,0.9178
https://www.aljazeera.net/news/2026/3/20/%d8%b3%d9%88%d8%b1%d9%8a%d8%a7-%d8%aa%d8%af%d8%b4%d9%86-%d8%b9%d8%a7%d9%85%d9%87%d8%a7-%d8%a7%d9%84%d9%85%d8%a7%d9%84%d9%8a-%d8%a7%d9%84%d8%ac%d8%af%d9%8a%d8%af-%d8%aa%d8%ad%d8%aa,6,1.0
https://www.aljazeera.net/news/2026/3/20/%d8%b3%d8%b1%d8%a8-%d8%a3%d8%b3%d8%b1%d8%a7%d8%b1-%d8%a7%d9%84%d9%82%d8%a8%d8%a9-%d8%a7%d9%84%d8%ad%d8%af%d9%8a%d8%af%d9%8a%d8%a9-%d8%a5%d8%b3%d8%b1%d8%a7%d8%a6%d9%8a%d9%84,-1,0.0
https://www.aljazeera.net/news/2026/3/20/%d9%85%d8%b1%d8%ad%d9%84%d8%a9-%d8%ac%d8%af%d9%8a%d8%af%d8%a9-%d8%a8%d8%a7%d9%84%d8%ad%d8%b1%d8%a8-%d8%b9%d9%84%d9%89-%d8%a5%d9%8a%d8%b1%d8%a7%d9%86-%d9%81%d9%85%d8%a7,1,0.3419
https://www.aljazeera.net/news/2026/3/20/%d9%88%d8%b3%d8%a7%d8%a6%d9%84-%d8%a5%d8%b9%d9%84%d8%a7%d9%85-%d8%a5%d8%b3%d8%b1%d8%a7%d8%a6%d9%8a%d9%84%d9%8a%d8%a9-8-%d9%85%d9%88%d8%ac%d8%a7%d8%aa-%d9%85%d9%86-2,1,1.0
https://www.aljazeera.net/news/2026/3/20/%d9%81%d9%8a%d8%b6%d8%a7%d9%86%d8%a7%d8%aa-%d9%85%d8%a7%d9%84%d8%a7%d9%88%d9%8a-%d8%aa%d8%ae%d9%84%d9%81-%d8%b9%d8%b4%d8%b1%d8%a7%d8%aa-%d8%a7%d9%84%d8%b6%d8%ad%d8%a7%d9%8a%d8%a7,-1,0.0
https://www.aljazeera.net/news/2026/3/20/%d9%85%d8%ae%d8%a7%d8%b7%d8%b1%d8%a9-%d8%ba%d9%8a%d8%b1-%d9%85%d8%b6%d9%85%d9%88%d9%86%d8%a9-%d8%aa%d8%b1%d9%85%d8%a8-%d9%8a%d8%af%d8%b1%d8%b3-%d8%a7%d8%ad%d8%aa%d9%84%d8%a7%d9%84,0,1.0
https://www.aljazeera.net/news/2026/3/20/%d8%a8%d8%a7%d9%84%d8%b5%d9%88%d8%b1-%d9%85%d8%b4%d8%a7%d9%87%d8%af-%d9%85%d9%87%d9%8a%d8%a8%d8%a9-%d9%85%d9%86-%d8%b5%d9%84%d8%a7%d8%a9-%d8%b9%d9%8a%d8%af-%d8%a7%d9%84%d9%81%d8%b7%d8%b1,17,0.8273
https://www.aljazeera.net/news/2026/3/20/%d8%b4%d8%a7%d9%87%d8%af-%d8%ad%d8%b2%d8%a8-%d8%a7%d9%84%d9%84%d9%87-%d9%8a%d8%ae%d8%b1%d8%ac-%d9%85%d8%b3%d9%8a%d8%b1%d8%a7%d8%aa%d9%87-%d9%85%d9%86-%d8%a7%d9%84%d8%a3%d9%86%d9%81%d8%a7%d9%82,2,0.634
https://www.aljazeera.net/news/2026/3/20/%d8%b9%d8%a7%d8%ac%d9%84-%d8%aa%d8%b1%d9%85%d8%a8-%d8%a8%d8%b9%d8%af-%d8%a3%d9%86-%d8%ad%d8%b3%d9%85%d8%aa-%d8%a7%d9%84%d9%85%d8%b9%d8%b1%d9%83%d8%a9-%d8%b9%d8%b3%d9%83%d8%b1%d9%8a%d8%a7,0,1.0
https://www.aljazeera.net/news/2026/3/20/%d8%a3%d9%85%d9%8a%d8%b1%d8%a9-%d8%a7%d9%84%d9%86%d8%b1%d9%88%d9%8a%d8%ac-%d8%aa%d8%b9%d8%aa%d8%b1%d9%81-%d8%a8%d8%aa%d8%b9%d8%b1%d8%b6%d9%87%d8%a7-%d9%84%d9%84%d8%aa%d9%84%d8%a7%d8%b9%d8%a8,0,0.8391
https://www.aljazeera.net/news/2026/3/20/%d9%85%d8%b3%d8%a4%d9%88%d9%84%d9%8a%d9%86-%d8%a3%d9%85%d8%b1%d9%8a%d9%83%d9%8a%d9%8a%d9%86-%d9%88%d8%a7%d8%b4%d9%86%d8%b7%d9%86-%d8%b3%d8%aa%d9%86%d8%b4%d8%b1-%d8%a2%d9%84%d8%a7%d9%81,0,1.0
https://www.aljazeera.net/news/2026/3/20/%d9%82%d8%aa%d9%8a%d9%84%d8%a7%d9%86-%d8%a8%d8%ba%d8%a7%d8%b1%d8%a7%d8%aa-%d8%b9%d9%84%d9%89-%d8%ac%d9%86%d9%88%d8%a8-%d9%84%d8%a8%d9%86%d8%a7%d9%86-%d9%88%d8%ad%d8%b2%d8%a8-%d8%a7%d9%84%d9%84%d9%87,2,1.0
https://www.aljazeera.net/news/2026/3/20/%d8%ad%d8%a7%d9%88%d9%84%d8%a7-%d8%af%d8%ae%d9%88%d9%84-%d9%82%d8%a7%d8%b9%d8%af%d8%a9-%d9%86%d9%88%d9%88%d9%8a%d8%a9-%d8%a8%d8%b1%d9%8a%d8%b7%d8%a7%d9%86%d9%8a%d8%a7,-1,0.0
https://www.aljazeera.net/news/2026/3/20/%d8%b9%d8%a7%d8%ac%d9%84-%d8%b1%d8%b3%d8%a7%d9%84%d8%a9-%d9%85%d9%86-%d8%a7%d9%84%d9%85%d8%b1%d8%b4%d8%af-%d8%a7%d9%84%d8%a5%d9%8a%d8%b1%d8%a7%d9%86%d9%8a-%d9%85%d8%ac%d8%aa%d8%a8%d9%89,7,0.8732
https://www.aljazeera.net/news/2026/3/20/10-%d8%b1%d8%b4%d9%82%d8%a7%d8%aa-%d8%ae%d9%84%d8%a7%d9%84-%d8%b3%d8%a7%d8%b9%d8%a7%d8%aa-%d9%85%d8%a7-%d8%b1%d8%b3%d8%a7%d8%a6%d9%84-%d8%a5%d9%8a%d8%b1%d8%a7%d9%86-%d9%85%d9%86,1,0.483
https://www.aljazeera.net/news/2026/3/20/%d9%85%d9%81%d8%a7%d8%b1%d9%82%d8%a9-%d8%a7%d9%84%d8%ad%d8%b1%d8%a8-%d9%88%d8%a7%d9%84%d8%b3%d9%88%d9%82-%d8%aa%d8%b1%d9%85%d8%a8-%d9%8a%d8%ad%d8%a7%d8%b1%d8%a8-%d8%a5%d9%8a%d8%b1%d8%a7%d9%86,0,1.0
https://www.aljazeera.net/news/2026/3/20/%d9%88%d9%81%d9%82-%d9%85%d8%a8%d8%af%d8%a3-%d8%a7%d9%84%d8%ad%d9%8a%d8%a7%d8%af-%d8%b3%d9%88%d9%8a%d8%b3%d8%b1%d8%a7-%d8%aa%d8%b9%d9%84%d9%82-%d8%b5%d8%a7%d8%af%d8%b1%d8%a7%d8%aa,-1,0.0
https://www.aljazeera.net/news/2026/3/20/%d8%aa%d9%83%d8%a8%d9%8a%d8%b1%d8%a7%d8%aa-%d8%ba%d8%b2%d8%a9-%d8%a7%d9%84%d8%b5%d8%a7%d9%85%d8%af%d8%a9-%d8%b1%d8%b3%d8%a7%d9%84%d8%a9-%d8%b5%d9%85%d9%88%d8%af-%d9%88%d9%88%d8%b9%d8%af,-1,0.0
https://www.aljazeera.net/news/2026/3/20/%d8%b3%d9%82%d9%88%d8%b7-%d8%b4%d8%b8%d8%a7%d9%8a%d8%a7-%d9%81%d9%8a-%d8%a7%d9%84%d9%82%d8%af%d8%b3-%d9%88%d8%ad%d8%b1%d8%a7%d8%a6%d9%82-%d9%81%d9%8a-%d8%ad%d9%8a%d9%81%d8%a7,1,1.0
https://www.aljazeera.net/news/2026/3/20/%d8%b9%d8%a7%d8%ac%d9%84-%d8%a7%d9%84%d8%af%d9%8a%d9%88%d8%a7%d9%86-%d8%a7%d9%84%d8%a3%d9%85%d9%8a%d8%b1%d9%8a-%d8%a7%d9%84%d9%82%d8%b7%d8%b1%d9%8a-%d8%a3%d9%85%d9%8a%d8%b1-%d9%82%d8%b7%d8%b1-9,9,0.9841
https://www.aljazeera.net/news/2026/3/20/%d8%a3%d9%88%d8%ba%d9%86%d8%af%d8%a7-%d8%aa%d8%ad%d8%b8%d8%b1-%d8%b3%d9%8a%d8%a7%d8%b1%d8%a7%d8%aa-%d8%a7%d9%84%d8%a3%d8%ac%d8%b1%d8%a9-%d8%a7%d9%84%d9%85%d8%aa%d9%87%d8%a7%d9%84%d9%83%d8%a9,5,1.0
https://www.aljazeera.net/news/2026/3/20/%d9%87%d9%8a%d9%88%d9%85%d9%86-%d8%b1%d8%a7%d9%8a%d8%aa%d8%b3-%d8%aa%d8%b7%d8%a7%d9%84%d8%a8-%d8%a7%d9%84%d9%85%d8%ac%d8%b1-%d8%a8%d8%a7%d8%b9%d8%aa%d9%82%d8%a7%d9%84,-1,0.0
https://www.aljazeera.net/news/2026/3/20/%d8%b0%d9%88-%d8%a7%d9%84%d9%81%d9%82%d8%a7%d8%b1%d9%8a-%d9%8a%d8%b9%d9%84%d9%86-%d8%a7%d8%b3%d8%aa%d9%87%d8%af%d8%a7%d9%81-%d8%a5%d8%b3%d8%b1%d8%a7%d8%a6%d9%8a%d9%84,-1,0.0
https://www.aljazeera.net/news/2026/3/20/%d9%87%d9%84-%d8%aa%d8%aa%d8%ad%d9%83%d9%85-%d8%a5%d9%8a%d8%b1%d8%a7%d9%86-%d9%81%d8%b9%d9%84%d9%8a%d8%a7-%d8%a8%d8%a3%d9%88%d8%b1%d8%a7%d9%82-%d8%a7%d9%84%d9%82%d9%88%d8%a9-%d9%81%d9%8a,0,1.0
https://www.aljazeera.net/news/2026/3/20/%d8%af%d9%81%d8%a7%d8%b9%d8%a7%d8%aa-%d8%a7%d9%84%d8%ae%d9%84%d9%8a%d8%ac-%d8%aa%d9%88%d8%a7%d8%ac%d9%87-%d9%85%d9%88%d8%ac%d8%a9-%d8%ac%d8%af%d9%8a%d8%af%d8%a9-%d9%85%d9%86,4,0.3364
https://www.aljazeera.net/news/2026/3/20/%d9%82%d8%b7%d8%b1-%d9%88%d8%a7%d9%84%d8%a3%d8%b1%d8%af%d9%86-%d8%aa%d8%af%d9%8a%d9%86%d8%a7%d9%86-%d8%a7%d9%84%d8%a7%d8%b9%d8%aa%d8%af%d8%a7%d8%a1,6,1.0
https://www.aljazeera.net/news/2026/3/20/%d9%87%d9%84-%d8%aa%d8%b9%d8%b2%d8%b2-%d8%a7%d9%84%d8%ad%d8%b1%d8%a8-%d8%b9%d9%84%d9%89-%d8%a5%d9%8a%d8%b1%d8%a7%d9%86-%d9%85%d9%88%d9%82%d8%b9-%d8%a7%d9%84%d8%b5%d9%8a%d9%86-%d8%b9%d9%84%d9%89,0,0.7204
https://www.aljazeera.net/news/2026/3/20/%d8%b9%d9%8a%d8%af-%d8%b9%d9%84%d9%89-%d8%a7%d9%84%d8%b1%d8%b5%d9%8a%d9%81-%d8%a7%d9%84%d9%86%d8%a7%d8%b2%d8%ad%d9%88%d9%86-%d9%81%d9%8a-%d8%a8%d9%8a%d8%b1%d9%88%d8%aa-%d8%a8%d9%8a%d9%86,-1,0.0
https://www.aljazeera.net/news/2026/3/20/%d8%a5%d8%b5%d8%a7%d8%a8%d8%a9-232-%d8%ac%d9%86%d8%af%d9%8a%d8%a7-%d8%a3%d9%85%d8%b1%d9%8a%d9%83%d9%8a%d8%a7,-1,0.0
https://www.aljazeera.net/news/2026/3/20/%d8%a8%d8%b9%d8%af-%d9%85%d9%88%d8%ac%d8%a9-%d8%a7%d9%86%d8%aa%d9%82%d8%a7%d8%af%d8%a7%d8%aa-%d9%86%d8%aa%d9%86%d9%8a%d8%a7%d9%87%d9%88-%d9%8a%d9%86%d9%81%d9%8a,19,1.0
https://www.aljazeera.net/news/2026/3/19/119-%d8%a3%d9%84%d9%81-%d8%b3%d9%88%d8%b1%d9%8a-%d9%8a%d8%b9%d9%88%d8%af%d9%88%d9%86-%d9%85%d9%86-%d9%84%d8%a8%d9%86%d8%a7%d9%86-%d8%ae%d9%84%d8%a7%d9%84-%d8%a7%d9%84%d8%ad%d8%b1%d8%a8,2,0.5859
https://www.aljazeera.net/news/2026/3/19/%d9%85%d8%b5%d8%b1-%d9%86%d8%af%d9%8a%d9%86-%d8%b9%d8%af%d9%88%d8%a7%d9%86-%d8%a5%d9%8a%d8%b1%d8%a7%d9%86-%d8%b9%d9%84%d9%89-%d8%a7%d9%84%d8%ae%d9%84%d9%8a%d8%ac-%d9%88%d9%84%d9%86,-1,0.0
https://www.aljazeera.net/news/2026/3/19/%d8%a8%d8%a7%d8%b1%d8%b3-%d8%a7%d9%84%d8%ac%d9%86%d9%88%d8%a8%d9%8a-%d8%aa%d8%ad%d8%aa-%d8%a7%d9%84%d9%86%d8%a7%d8%b1-%d9%83%d9%8a%d9%81-%d8%aa%d8%b3%d8%aa%d9%87%d8%af%d9%81,1,0.4009
https://www.aljazeera.net/news/2026/3/19/%d8%a7%d8%aa%d9%81%d8%a7%d9%82-%d8%b9%d9%84%d9%89-%d8%a7%d9%84%d9%87%d8%af%d9%86%d8%a9-%d8%a8%d9%8a%d9%86-%d8%a8%d8%a7%d9%83%d8%b3%d8%aa%d8%a7%d9%86,-1,0.0
https://www.aljazeera.net/news/2026/3/19/%d8%a3%d9%84%d9%85%d8%a7%d9%86%d9%8a%d8%a7-%d9%88%d9%81%d8%b1%d9%86%d8%b3%d8%a7-%d8%aa%d8%ad%d8%b0%d8%b1%d8%a7%d9%86-%d9%85%d9%86-%d8%a3%d8%b2%d9%85%d8%a9-%d8%b9%d8%a7%d9%84%d9%85%d9%8a%d8%a9,0,0.839
https://www.aljazeera.net/news/2026/3/19/%d8%a3%d8%b1%d8%af%d9%88%d8%ba%d8%a7%d9%86-%d8%a5%d8%ba%d9%84%d8%a7%d9%82-%d8%a7%d9%84%d8%ad%d9%83%d9%88%d9%85%d8%a9-%d8%a7%d9%84%d8%a5%d8%b3%d8%b1%d8%a7%d8%a6%d9%8a%d9%84%d9%8a%d8%a9,17,1.0
https://www.aljazeera.net/news/2026/3/19/%d9%84%d8%a8%d9%86%d8%a7%d9%86-%d9%8a%d9%86%d9%81%d9%8a-%d8%a7%d8%b3%d8%aa%d8%ae%d8%af%d8%a7%d9%85-%d8%a7%d9%84%d9%85%d8%b3%d8%aa%d8%b4%d9%81%d9%8a%d8%a7%d8%aa,2,0.6999
https://www.aljazeera.net/news/2026/3/19/%d9%84%d9%85%d8%a7%d8%b0%d8%a7-%d9%85%d8%b6%d8%aa-%d8%a3%d9%85%d8%b1%d9%8a%d9%83%d8%a7-%d8%a5%d9%84%d9%89-%d8%a7%d8%b3%d8%aa%d9%87%d8%af%d8%a7%d9%81-%d8%a8%d8%a7%d8%b1%d8%b3,1,0.3905
https://www.aljazeera.net/news/2026/3/19/%d9%82%d8%aa%d9%8a%d9%84-%d9%88%d9%85%d8%b5%d8%a7%d8%a8%d9%88%d9%86-%d8%a8%d9%87%d8%ac%d9%88%d9%85-%d8%b5%d8%a7%d8%b1%d9%88%d8%ae%d9%8a-%d8%a5%d9%8a%d8%b1%d8%a7%d9%86%d9%8a-%d8%ac%d8%af%d9%8a%d8%af,1,1.0
https://www.aljazeera.net/news/2026/3/19/%d8%b9%d8%a7%d8%ac%d9%84-%d9%88%d8%a7%d8%b4%d9%86%d8%b7%d9%86-%d8%a8%d9%88%d8%b3%d8%aa-%d8%b9%d9%86-%d9%85%d8%b3%d8%a4%d9%88%d9%84-%d8%b1%d9%81%d9%8a%d8%b9-%d9%81%d9%8a,0,0.9262
https://www.aljazeera.net/news/2026/3/19/%d8%b9%d8%a7%d8%ac%d9%84-%d9%88%d8%b2%d9%8a%d8%b1-%d8%a7%d9%84%d8%ae%d8%a7%d8%b1%d8%ac%d9%8a%d8%a9-%d8%a7%d9%84%d8%b3%d8%b9%d9%88%d8%af%d9%8a-%d8%a5%d8%b5%d8%b1%d8%a7%d8%b1,9,0.965
https://www.aljazeera.net/news/2026/3/19/%d8%a3%d9%84%d9%85%d8%a7%d9%86%d9%8a%d8%a7-%d8%aa%d8%b4%d9%83%d9%83-%d9%81%d9%8a-%d9%85%d8%a8%d8%b1%d8%b1%d8%a7%d8%aa-%d8%a7%d9%84%d8%ad%d8%b1%d8%a8-%d9%88%d8%aa%d8%ac%d9%85%d8%af,0,1.0
https://www.aljazeera.net/news/2026/3/19/%d8%a7%d9%84%d9%83%d9%88%d9%8a%d8%aa-%d8%a3%d9%88%d9%82%d9%81%d9%86%d8%a7-%d8%b9%d9%86%d8%a7%d8%b5%d8%b1-%d9%85%d9%86-%d8%ad%d8%b2%d8%a8-%d8%a7%d9%84%d9%84%d9%87-%d8%ae%d8%b7%d8%b7%d9%88%d8%a7,4,0.5165
https://www.aljazeera.net/news/2026/3/19/%d8%ae%d8%b7%d8%a9-%d8%b3%d9%88%d8%b1%d9%8a%d8%a9-%d9%84%d9%84%d8%aa%d8%ae%d9%84%d8%b5-%d9%85%d9%86-%d8%a3%d8%b3%d9%84%d8%ad%d8%a9-%d8%a7%d9%84%d8%a3%d8%b3%d8%af,6,1.0
https://www.aljazeera.net/news/2026/3/19/%d9%85%d9%82%d8%aa%d9%84-3-%d9%81%d9%84%d8%b3%d8%b7%d9%8a%d9%86%d9%8a%d8%a7%d8%aa-%d8%ac%d8%b1%d8%a7%d8%a1-%d8%b3%d9%82%d9%88%d8%b7-%d8%b4%d8%b8%d8%a7%d9%8a%d8%a7,1,0.7803
https://www.aljazeera.net/news/2026/3/19/%d9%85%d9%86-%d8%a7%d8%ba%d8%aa%d9%8a%d8%a7%d9%84-%d9%82%d8%a7%d8%af%d8%a9-%d8%a7%d9%84%d8%a3%d9%85%d9%86-%d8%a5%d9%84%d9%89-%d8%aa%d8%b4%d8%af%d9%8a%d8%af-%d8%a7%d9%84%d8%aa%d9%81%d8%aa%d9%8a%d8%b4,7,1.0
https://www.aljazeera.net/news/2026/3/19/%d8%a5%d9%8a%d8%b1%d8%a7%d9%86-%d8%aa%d9%87%d8%a7%d8%ac%d9%85-5-%d8%af%d9%88%d9%84-%d8%ae%d9%84%d9%8a%d8%ac%d9%8a%d8%a9-%d8%a8%d8%a7%d9%84%d8%b5%d9%88%d8%a7%d8%b1%d9%8a%d8%ae,4,0.4987
https://www.aljazeera.net/news/2026/3/19/%d8%b9%d8%a7%d8%ac%d9%84-%d8%ac%d9%88-%d9%83%d9%8a%d9%86%d8%aa-%d8%a5%d8%b3%d8%b1%d8%a7%d8%a6%d9%8a%d9%84-%d9%87%d9%8a-%d9%85%d9%86-%d8%af%d9%81%d8%b9%d8%aa-%d9%86%d8%ad%d9%88,0,1.0
https://www.aljazeera.net/news/2026/3/19/%d8%b9%d8%a7%d8%ac%d9%84-%d9%82%d8%b7%d8%b1-%d9%84%d9%84%d8%b7%d8%a7%d9%82%d8%a9-%d8%aa%d8%b9%d8%b1%d8%b6-%d9%85%d8%b1%d8%a7%d9%81%d9%82-%d8%b9%d8%af%d8%a9-%d9%84%d9%84%d8%ba%d8%a7%d8%b2,4,0.3334
https://www.aljazeera.net/news/2026/3/19/%d8%b9%d8%a7%d8%ac%d9%84-%d8%aa%d8%b1%d9%85%d8%a8-%d8%a3%d9%85%d8%b1%d9%8a%d9%83%d8%a7-%d9%84%d9%85-%d8%aa%d9%83%d9%86-%d8%b9%d9%84%d9%89-%d8%b9%d9%84%d9%85-%d8%a8%d9%87%d8%ac%d9%88%d9%85,1,0.3669
https://www.aljazeera.net/news/2026/3/19/%d9%85%d8%a7%d9%83%d8%b1%d9%88%d9%86-%d9%8a%d8%af%d8%b9%d9%88-%d9%84%d9%88%d9%82%d9%81-%d8%a7%d8%b3%d8%aa%d9%87%d8%af%d8%a7%d9%81-%d9%85%d9%86%d8%b4%d8%a2%d8%aa-%d8%a7%d9%84%d8%b7%d8%a7%d9%82%d8%a9,0,1.0
https://www.aljazeera.net/news/2026/3/19/%d8%a5%d9%86%d8%af%d8%a8%d9%86%d8%af%d9%86%d8%aa-%d9%86%d8%b8%d8%a7%d9%85-%d8%a5%d9%8a%d8%b1%d8%a7%d9%86-%d9%83%d8%a7%d9%86-%d9%8a%d8%ae%d8%b7%d8%b7-%d9%84%d9%87%d8%b0%d9%87,0,1.0
https://www.aljazeera.net/news/2026/3/19/%d9%88%d8%b2%d9%8a%d8%b1-%d8%ae%d8%a7%d8%b1%d8%ac%d9%8a%d8%a9-%d8%b9%d9%85%d8%a7%d9%86-%d8%a3%d9%85%d8%b1%d9%8a%d9%83%d8%a7-%d8%aa%d8%ba%d8%b1%d9%82-%d9%81%d9%8a-%d8%ad%d8%b1%d8%a8,0,0.8357
https://www.aljazeera.net/news/2026/3/19/%d8%a8%d9%88%d9%84%d9%8a%d8%aa%d9%8a%d9%83%d9%88-%d8%ae%d8%b7%d8%a9-%d8%a7%d9%84%d8%a8%d9%8a%d8%aa-%d8%a7%d9%84%d8%a3%d8%a8%d9%8a%d8%b6-%d9%84%d8%aa%d8%b3%d9%88%d9%8a%d9%82-%d8%ad%d8%b1%d8%a8,0,0.8911
https://www.aljazeera.net/news/2026/3/19/%d9%88%d8%a7%d8%b4%d9%86%d8%b7%d9%86-%d8%aa%d8%a8%d8%ad%d8%ab-%d8%a7%d9%84%d8%ae%d9%8a%d8%a7%d8%b1-%d8%a7%d9%84%d8%a8%d8%b1%d9%8a-%d9%81%d9%8a-%d8%a5%d9%8a%d8%b1%d8%a7%d9%86,0,1.0
https://www.aljazeera.net/news/2026/3/19/%d9%85%d9%82%d8%b0%d9%88%d9%81-%d9%8a%d8%b3%d8%aa%d9%87%d8%af%d9%81-%d8%b3%d9%81%d9%8a%d9%86%d8%a9-%d9%82%d8%a8%d8%a7%d9%84%d8%a9-%d8%b3%d9%88%d8%a7%d8%ad%d9%84,0,1.0
https://www.aljazeera.net/news/2026/3/19/%d8%ad%d8%b2%d8%a8-%d8%a7%d9%84%d9%84%d9%87-%d8%a7%d9%84%d8%b9%d8%b1%d8%a7%d9%82%d9%8a-%d9%8a%d8%aa%d8%b4%d8%b1%d8%b7-%d9%84%d9%88%d9%82%d9%81-%d8%a7%d8%b3%d8%aa%d9%87%d8%af%d8%a7%d9%81,13,1.0
https://www.aljazeera.net/news/2026/3/19/%d8%a5%d8%b3%d8%aa%d8%b1%d8%a7%d8%aa%d9%8a%d8%ac%d9%8a%d8%a9-%d8%a7%d9%84%d9%88%d9%84%d8%a7%d9%8a%d8%a7%d8%aa-%d8%a7%d9%84%d9%85%d8%aa%d8%ad%d8%af%d8%a9,7,0.6687
https://www.aljazeera.net/news/2026/3/19/%d8%b9%d8%a7%d8%ac%d9%84-%d8%a7%d9%84%d8%af%d9%8a%d9%88%d8%a7%d9%86-%d8%a7%d9%84%d8%a3%d9%85%d9%8a%d8%b1%d9%8a-%d8%a7%d9%84%d9%82%d8%b7%d8%b1%d9%8a-%d8%a3%d9%85%d9%8a%d8%b1-%d9%82%d8%b7%d8%b1-8,9,1.0
https://www.aljazeera.net/news/2026/3/19/%d8%a5%d9%81-%d8%a8%d9%8a-%d8%a2%d9%8a-%d9%8a%d8%ad%d9%82%d9%82-%d9%85%d8%b9-%d8%ac%d9%88-%d9%83%d9%8a%d9%86%d8%aa-%d8%a8%d8%b9%d8%af-%d8%a7%d8%b3%d8%aa%d9%82%d8%a7%d9%84%d8%aa%d9%87,0,0.9802
https://www.aljazeera.net/news/2026/3/19/%d8%ae%d8%b7%d8%a9-%d8%a7%d9%84%d8%ac%d8%b2%d8%b1-%d9%87%d9%84-%d8%aa%d9%86%d8%ac%d8%ad-%d9%88%d8%a7%d8%b4%d9%86%d8%b7%d9%86-%d9%81%d9%8a-%d8%a5%d8%b9%d8%a7%d8%af%d8%a9-%d9%81%d8%aa%d8%ad,0,1.0
https://www.aljazeera.net/news/2026/3/19/%d8%ad%d8%b3%d8%a7%d8%a8-%d8%a7%d9%84%d8%ae%d8%a7%d8%b1%d8%ac%d9%8a%d8%a9-%d8%a7%d9%84%d8%a5%d8%b3%d8%b1%d8%a7%d8%a6%d9%8a%d9%84%d9%8a%d8%a9-%d9%8a%d8%a4%d8%ac%d8%ac,-1,0.0
https://www.aljazeera.net/news/2026/3/19/%d8%a7%d9%84%d9%88%d8%a7%d8%b4%d9%86%d8%b7%d9%86-%d8%a8%d9%88%d8%b3%d8%aa-%d9%85%d8%ae%d8%a7%d9%88%d9%81-%d8%a3%d9%85%d9%86%d9%8a%d8%a9-%d8%a8%d8%b9%d8%af-%d8%aa%d8%ad%d9%84%d9%8a%d9%82,0,0.8156
https://www.aljazeera.net/news/2026/3/19/%d8%a7%d9%84%d8%b9%d8%b1%d8%a7%d9%82-%d8%ba%d8%a7%d8%b1%d8%a7%d8%aa-%d8%b9%d9%84%d9%89-%d9%82%d9%88%d8%a7%d8%b9%d8%af-%d8%a3%d9%85%d8%b1%d9%8a%d9%83%d9%8a%d8%a9-%d9%88%d9%82%d8%b5%d9%81,13,1.0
https://www.aljazeera.net/news/2026/3/19/%d8%a8%d8%b1%d9%88%d9%83%d8%b3%d9%84-%d9%82%d9%85%d8%a9-%d8%a7%d9%84%d8%a7%d8%aa%d8%ad%d8%a7%d8%af-%d8%a7%d9%84%d8%a3%d9%88%d8%b1%d9%88%d8%a8%d9%8a-%d8%aa%d8%a8%d8%ad%d8%ab,0,0.8524
https://www.aljazeera.net/news/2026/3/19/%d8%a8%d9%86-%d8%ba%d9%81%d9%8a%d8%b1-%d8%a3%d9%85%d8%a7%d9%85-%d8%a7%d9%84%d9%85%d8%b4%d9%86%d9%82%d8%a9-%d9%8a%d9%86%d9%81%d9%8a-%d9%88%d9%81%d8%a7%d8%aa%d9%87-%d9%88%d9%8a%d8%b9%d9%84%d9%86,14,1.0
https://www.aljazeera.net/news/2026/3/19/%d9%88%d8%b2%d8%b1%d8%a7%d8%a1-%d8%ae%d8%a7%d8%b1%d8%ac%d9%8a%d8%a9-12-%d8%af%d9%88%d9%84%d8%a9-%d8%b9%d8%b1%d8%a8%d9%8a%d8%a9-%d9%88%d8%a5%d8%b3%d9%84%d8%a7%d9%85%d9%8a%d8%a9,4,0.2401
https://www.aljazeera.net/news/2026/3/19/%d8%b9%d8%af%d8%af-%d8%a7%d9%84%d9%82%d8%aa%d9%84%d9%89-%d9%81%d9%8a-%d8%a7%d9%84%d8%ad%d8%b1%d8%a8-%d8%a7%d9%84%d8%a3%d9%85%d8%b1%d9%8a%d9%83%d9%8a%d8%a9,1,0.4258
https://www.aljazeera.net/news/2026/3/19/%d8%a7%d8%b3%d8%aa%d9%87%d8%af%d8%a7%d9%81-%d8%ad%d9%82%d9%84-%d8%a8%d8%a7%d8%b1%d8%b3-%d9%88%d8%ba%d9%8a%d8%b1%d9%87-%d9%87%d9%84-%d8%aa%d8%b4%d8%b9%d9%84-%d8%a5%d8%b3%d8%b1%d8%a7%d8%a6%d9%8a%d9%84,1,0.368
https://www.aljazeera.net/news/2026/3/19/%d8%ad%d8%b1%d8%a7%d8%a6%d9%82-%d9%81%d9%8a-%d9%85%d9%86%d8%b4%d8%a2%d8%aa-%d8%b7%d8%a7%d9%82%d8%a9-%d8%ae%d9%84%d9%8a%d8%ac%d9%8a%d8%a9-%d8%a5%d8%ab%d8%b1-%d9%87%d8%ac%d9%85%d8%a7%d8%aa,4,0.4284
https://www.aljazeera.net/news/2026/3/19/%d9%84%d8%a8%d9%86%d8%a7%d9%86-115,2,0.6448
https://www.aljazeera.net/news/2026/3/19/%d8%b9%d8%a7%d8%ac%d9%84-%d9%82%d8%b7%d8%b1-%d8%aa%d8%af%d9%8a%d9%86-%d8%a7%d9%84%d9%87%d8%ac%d9%85%d8%a7%d8%aa-%d8%a7%d9%84%d8%a5%d9%8a%d8%b1%d8%a7%d9%86%d9%8a%d8%a9-%d8%b9%d9%84%d9%89,9,0.6347
https://www.aljazeera.net/news/2026/3/19/%d8%a5%d9%8a%d8%b1%d8%a7%d9%86-%d8%aa%d8%b9%d8%af%d9%85-3-%d8%a3%d8%b4%d8%ae%d8%a7%d8%b5-%d8%b9%d9%84%d9%89-%d8%b5%d9%84%d8%a9-%d8%a8%d8%a7%d8%ad%d8%aa%d8%ac%d8%a7%d8%ac%d8%a7%d8%aa,-1,0.0
https://www.aljazeera.net/news/2026/3/19/%d9%85%d8%b9%d8%a8%d8%b1-%d8%b1%d9%81%d8%ad-2,3,0.7091
https://www.aljazeera.net/news/2026/3/19/%d9%84%d9%85%d8%a7%d8%b0%d8%a7-%d8%aa%d8%b9%d8%af-%d8%a7%d9%84%d9%87%d8%ac%d9%85%d8%a7%d8%aa-%d8%b9%d9%84%d9%89-%d8%ad%d9%82%d9%88%d9%84-%d8%a7%d9%84%d8%ba%d8%a7%d8%b2,1,0.412
https://www.aljazeera.net/news/2026/3/19/%d9%86%d9%87%d8%ac-%d8%a7%d9%84%d8%ae%d8%b1%d8%a7%d8%a8-%d9%8a%d8%aa%d9%85%d8%af%d8%af-%d8%ac%d9%86%d9%88%d8%af-%d8%a5%d8%b3%d8%b1%d8%a7%d8%a6%d9%8a%d9%84%d9%8a%d9%88%d9%86,-1,0.0
https://www.aljazeera.net/news/2026/3/19/%d9%87%d9%84-%d8%aa%d8%b3%d8%b1%d8%b9-%d8%a7%d9%84%d8%ad%d8%b1%d8%a8-%d8%a7%d9%84%d8%a8%d8%b1%d9%86%d8%a7%d9%85%d8%ac-%d8%a7%d9%84%d9%86%d9%88%d9%88%d9%8a,-1,0.0
https://www.aljazeera.net/news/2026/3/19/%d8%ae%d8%a8%d9%8a%d8%b1-%d8%b9%d8%b3%d9%83%d8%b1%d9%8a-%d8%b4%d9%85%d9%88%d9%84%d9%8a%d8%a9-%d8%a7%d9%84%d8%a3%d9%87%d8%af%d8%a7%d9%81-%d8%a7%d9%84%d8%a5%d9%8a%d8%b1%d8%a7%d9%86%d9%8a%d8%a9,1,0.4629
https://www.aljazeera.net/news/2026/3/19/%d8%a8%d8%b9%d9%8a%d8%af%d8%a7-%d8%b9%d9%86-%d8%ad%d8%b1%d8%a8-%d8%a5%d9%8a%d8%b1%d8%a7%d9%86-%d9%87%d8%b0%d9%87-%d8%a3%d8%a8%d8%b1%d8%b2-%d8%aa%d8%b7%d9%88%d8%b1%d8%a7%d8%aa-3,3,0.7039
https://www.aljazeera.net/news/2026/3/19/%d9%81%d8%b1%d9%86%d8%b3%d8%a7-28,8,0.5308
https://www.aljazeera.net/news/2026/3/19/%d9%84%d8%a3%d9%88%d9%84-%d9%85%d8%b1%d8%a9-%d9%85%d9%86%d8%b0-59-%d8%b9%d8%a7%d9%85%d8%a7-%d8%a7%d9%84%d9%85%d8%b3%d8%ac%d8%af-%d8%a7%d9%84%d8%a3%d9%82%d8%b5%d9%89-%d8%a8%d9%84%d8%a7,17,1.0
https://www.aljazeera.net/news/2026/3/19/%d8%a7%d9%84%d8%b5%d9%8a%d9%86-%d8%aa%d9%86%d8%af%d8%af-%d8%a8%d9%82%d8%aa%d9%84-%d9%84%d8%a7%d8%b1%d9%8a%d8%ac%d8%a7%d9%86%d9%8a-%d9%88%d8%aa%d8%af%d8%b9%d9%88-%d9%84%d9%88%d9%82%d9%81,7,1.0
https://www.aljazeera.net/news/2026/3/19/%d8%a5%d9%8a%d8%b1%d8%a7%d9%86-%d8%aa%d8%aa%d9%88%d8%b9%d8%af-%d8%a8%d9%80%d8%b1%d8%af-%d9%82%d9%88%d9%8a-%d8%a5%d8%b0%d8%a7-%d8%aa%d8%ac%d8%af%d8%af,1,0.3357
https://www.aljazeera.net/news/2026/3/19/%d9%81%d9%8a-%d9%84%d8%ad%d8%b8%d8%a9-%d8%ad%d8%b1%d8%ac%d8%a9-%d9%82%d8%a7%d8%af%d8%a9-%d8%a3%d9%88%d8%b1%d9%88%d8%a8%d8%a7-%d9%8a%d8%ac%d8%aa%d8%b9%d9%85%d9%88%d9%86-%d9%84%d8%a8%d8%ad%d8%ab,0,0.8311
https://www.aljazeera.net/news/2026/3/19/%d8%a7%d9%84%d8%ac%d8%b2%d9%8a%d8%b1%d8%a9-%d8%aa%d8%b1%d8%b5%d8%af-%d8%a2%d8%ab%d8%a7%d8%b1-%d8%a7%d9%84%d8%af%d9%85%d8%a7%d8%b1-%d9%81%d9%8a-%d8%a8%d9%84%d8%af%d8%a9-%d8%b4%d8%b9%d8%ab,2,0.6539
https://www.aljazeera.net/news/2026/3/19/%d8%b9%d8%a7%d8%ac%d9%84-%d9%85%d8%af%d9%8a%d8%b1%d8%a9-%d8%a7%d9%84%d8%a7%d8%b3%d8%aa%d8%ae%d8%a8%d8%a7%d8%b1%d8%a7%d8%aa-%d8%a7%d9%84%d9%88%d8%b7%d9%86%d9%8a%d8%a9-3,7,0.7208
https://www.aljazeera.net/news/2026/3/19/%d9%83%d9%8a%d9%81-%d8%aa%d8%af%d9%87%d9%88%d8%b1%d8%aa-%d8%ac%d9%88%d8%af%d8%a9-%d8%a7%d9%84%d9%87%d9%88%d8%a7%d8%a1-%d9%81%d9%8a-%d8%b7%d9%87%d8%b1%d8%a7%d9%86-%d8%a8%d8%b9%d8%af-%d9%82%d8%b5%d9%81,1,0.3858
https://www.aljazeera.net/news/2026/3/19/%d8%a3%d9%85%d9%8a%d8%b1-%d9%82%d8%b7%d8%b1-%d9%8a%d8%b3%d8%aa%d9%82%d8%a8%d9%84-%d8%a7%d9%84%d8%b1%d8%a6%d9%8a%d8%b3-%d8%a7%d9%84%d9%85%d8%b5%d8%b1%d9%8a-%d9%81%d9%8a,9,1.0
https://www.aljazeera.net/news/2026/3/19/%d8%a7%d8%b1%d8%aa%d8%a8%d8%a7%d9%83-%d8%b9%d8%a7%d9%84%d9%85%d9%8a-%d8%a8%d8%b1%d8%ad%d9%84%d8%a7%d8%aa-%d8%a7%d9%84%d8%b7%d9%8a%d8%b1%d8%a7%d9%86-%d8%a8%d8%b3%d8%a8%d8%a8,-1,0.0
https://www.aljazeera.net/news/2026/3/19/%d9%83%d8%b9%d9%83-%d9%81%d9%88%d9%82-%d8%a7%d9%84%d8%a3%d9%86%d9%82%d8%a7%d8%b6-%d8%a7%d9%85%d8%b1%d8%a3%d8%a9-%d9%85%d9%86-%d8%ba%d8%b2%d8%a9-%d8%aa%d8%b9%d8%ac%d9%86-%d9%81%d8%b1%d8%ad%d8%a9,3,0.5898
https://www.aljazeera.net/news/2026/3/19/%d8%b9%d8%a7%d8%ac%d9%84-%d8%b1%d8%a6%d9%8a%d8%b3-%d8%a7%d9%84%d9%88%d8%b2%d8%b1%d8%a7%d8%a1-%d9%88%d8%b2%d9%8a%d8%b1-%d8%a7%d9%84%d8%ae%d8%a7%d8%b1%d8%ac%d9%8a%d8%a9-20,9,1.0
https://www.aljazeera.net/news/2026/3/19/%d8%ad%d8%b1%d8%a8-%d8%b9%d8%a8%d8%ab%d9%8a%d8%a9-%d9%88%d8%b5%d9%88%d8%a7%d8%b1%d9%8a%d8%ae-%d8%a5%d9%8a%d8%b1%d8%a7%d9%86-%d8%aa%d8%b3%d8%aa%d9%87%d8%af%d9%81-%d8%a7%d9%84%d8%ae%d9%84%d9%8a%d8%ac,1,0.3928
https://www.aljazeera.net/news/2026/3/19/%d8%aa%d9%81%d8%a7%d8%b9%d9%84-%d9%88%d8%a7%d8%b3%d8%b9-%d8%a5%d8%ab%d8%b1-%d8%a7%d8%b3%d8%aa%d9%87%d8%af%d8%a7%d9%81-%d9%88%d8%a7%d8%b4%d9%86%d8%b7%d9%86-%d8%b5%d9%88%d8%a7%d8%b1%d9%8a%d8%ae,0,1.0
https://www.aljazeera.net/news/2026/3/19/%d8%b9%d8%a7%d8%ac%d9%84-%d8%aa%d8%b1%d9%85%d8%a8-%d9%82%d9%84%d8%aa-%d9%84%d9%86%d8%aa%d9%86%d9%8a%d8%a7%d9%87%d9%88-%d9%84%d8%a7-%d8%aa%d8%b3%d8%aa%d9%87%d8%af%d9%81-%d8%ad%d9%82%d9%88%d9%84,0,1.0
https://www.aljazeera.net/news/2026/3/19/%d9%85%d8%b3%d8%aa%d8%b4%d8%a7%d8%b1-%d9%82%d8%a7%d8%a6%d8%af-%d8%a7%d9%84%d8%ad%d8%b1%d8%b3-%d8%a7%d9%84%d8%ab%d9%88%d8%b1%d9%8a-%d8%a7%d9%84%d8%a5%d9%8a%d8%b1%d8%a7%d9%86%d9%8a-3,0,0.8817
https://www.aljazeera.net/news/2026/3/19/%d9%88%d8%b2%d9%8a%d8%b1-%d8%a5%d8%b3%d8%b1%d8%a7%d8%a6%d9%8a%d9%84%d9%8a-%d8%a7%d9%84%d8%ad%d8%b1%d8%a8-%d8%b9%d9%84%d9%89-%d8%a5%d9%8a%d8%b1%d8%a7%d9%86-%d9%86%d8%b9%d9%85%d8%a9,-1,0.0
https://www.aljazeera.net/news/2026/3/19/%d8%b9%d8%a7%d8%ac%d9%84-%d8%a7%d9%84%d8%ad%d8%b1%d8%b3-%d8%a7%d9%84%d8%ab%d9%88%d8%b1%d9%8a-%d8%a7%d9%84%d8%a5%d9%8a%d8%b1%d8%a7%d9%86%d9%8a-%d8%af%d9%81%d8%a7%d8%b9%d8%a7%d8%aa%d9%86%d8%a7,18,1.0
https://www.aljazeera.net/news/2026/3/19/%d8%ac%d9%88-%d9%83%d9%8a%d9%86%d8%aa-%d8%a8%d8%b6%d9%8a%d8%a7%d9%81%d8%a9-%d8%aa%d8%a7%d9%83%d8%b1-%d9%83%d8%a7%d8%b1%d9%84%d8%b3%d9%88%d9%86-%d9%85%d8%a7%d8%b0%d8%a7-%d9%83%d8%b4%d9%81%d8%aa,0,1.0
https://www.aljazeera.net/news/2026/3/19/%d8%b5%d9%88%d8%a7%d8%b1%d9%8a%d8%ae-%d9%85%d8%aa%d8%b4%d8%b8%d9%8a%d8%a9-%d9%88%d8%ad%d8%b1%d9%8a%d9%82-%d8%a8%d9%85%d8%b5%d9%81%d8%a7%d8%a9-%d8%ad%d9%8a%d9%81%d8%a7-%d9%85%d8%a7%d8%b0%d8%a7,1,0.6122
https://www.aljazeera.net/news/2026/3/19/%d8%b4%d8%a7%d9%87%d8%af-%d9%87%d8%ac%d9%88%d9%85-%d8%a5%d9%8a%d8%b1%d8%a7%d9%86%d9%8a-%d9%8a%d8%b5%d9%8a%d8%a8-%d9%85%d8%b5%d9%81%d8%a7%d8%a9-%d9%86%d9%81%d8%b7-%d9%81%d9%8a,1,0.6785
https://www.aljazeera.net/news/2026/3/19/6-%d8%af%d9%88%d9%84-%d8%aa%d8%b9%d9%84%d9%86-%d8%a7%d8%b3%d8%aa%d8%b9%d8%af%d8%a7%d8%af%d9%87%d8%a7-%d9%84%d8%aa%d8%a3%d9%85%d9%8a%d9%86-%d9%85%d8%b6%d9%8a%d9%82-%d9%87%d8%b1%d9%85%d8%b2,0,1.0
https://www.aljazeera.net/news/2026/3/19/%d8%b1%d8%a6%d9%8a%d8%b3-%d9%88%d8%b2%d8%b1%d8%a7%d8%a1-%d9%84%d8%a8%d9%86%d8%a7%d9%86-%d9%86%d8%b1%d9%81%d8%b6-%d9%85%d9%86%d8%b7%d9%82-%d8%a7%d9%84%d8%b3%d8%a7%d8%ad%d8%a7%d8%aa,8,0.6049
https://www.aljazeera.net/news/2026/3/19/%d8%a5%d9%8a%d8%b1%d8%a7%d9%86-%d8%aa%d8%b9%d9%84%d9%86-%d8%a7%d8%b9%d8%aa%d9%82%d8%a7%d9%84-178-%d8%b4%d8%ae%d8%b5%d8%a7-%d8%a8%d8%aa%d9%87%d9%85%d8%a9-%d8%a7%d9%84%d8%aa%d8%ac%d8%b3%d8%b3,-1,0.0
https://www.aljazeera.net/news/2026/3/19/%d8%a3%d9%82%d9%85%d8%a7%d8%b1-%d8%b5%d9%86%d8%a7%d8%b9%d9%8a%d8%a9-%d8%aa%d9%83%d8%b4%d9%81-%d9%85%d9%88%d9%82%d8%b9-%d8%ac%d9%8a%d8%b1%d8%a7%d9%84%d8%af-%d9%81%d9%88%d8%b1%d8%af,-1,0.0
https://www.aljazeera.net/news/2026/3/19/%d9%87%d9%84-%d8%aa%d8%ba%d9%8a%d8%b1-%d8%a5%d9%8a%d8%b1%d8%a7%d9%86-%d9%82%d9%88%d8%a7%d8%b9%d8%af-%d8%a7%d9%84%d8%a7%d8%b4%d8%aa%d8%a8%d8%a7%d9%83-%d9%85%d8%b9,1,0.469
https://www.aljazeera.net/news/2026/3/19/%d8%b9%d8%a7%d8%ac%d9%84-%d9%85%d8%b1%d8%a7%d8%b3%d9%84%d8%a9-%d8%a7%d9%84%d8%ac%d8%b2%d9%8a%d8%b1%d8%a9-%d9%86%d8%aa%d9%86%d9%8a%d8%a7%d9%87%d9%88-%d9%8a%d8%b9%d9%82%d8%af,19,1.0
https://www.aljazeera.net/news/2026/3/19/%d8%a7%d9%84%d8%ad%d8%b1%d8%a8-5,0,0.861
https://www.aljazeera.net/news/2026/3/19/%d9%85%d8%a7-%d8%a7%d9%84%d8%b0%d9%8a-%d9%83%d8%b4%d9%81%d8%aa%d9%87-%d8%b4%d9%87%d8%a7%d8%af%d8%a9-%d9%82%d8%a7%d8%af%d8%a9-%d8%a7%d9%84%d8%a7%d8%b3%d8%aa%d8%ae%d8%a8%d8%a7%d8%b1%d8%a7%d8%aa,0,0.8847
https://www.aljazeera.net/news/2026/3/19/%d8%a5%d8%b3%d8%aa%d8%b1%d8%a7%d8%aa%d9%8a%d8%ac%d9%8a%d8%a9-%d9%82%d8%b7%d8%b9-%d8%a7%d9%84%d8%b1%d8%a3%d8%b3-%d9%87%d9%84-%d8%aa%d9%81%d9%83%d9%83-%d8%a7%d9%84%d8%b6%d8%b1%d8%a8%d8%a7%d8%aa,7,0.774
https://www.aljazeera.net/news/2026/3/19/%d9%88%d8%b2%d9%8a%d8%b1-%d8%a7%d9%84%d8%ae%d8%a7%d8%b1%d8%ac%d9%8a%d8%a9-%d8%a7%d9%84%d8%aa%d8%b1%d9%83%d9%8a-%d8%a7%d9%84%d9%87%d8%ac%d9%88%d9%85-%d8%a7%d9%84%d8%a5%d9%8a%d8%b1%d8%a7%d9%86%d9%8a,-1,0.0
https://www.aljazeera.net/news/2026/3/19/%d8%ad%d8%b2%d8%a8-%d8%a7%d9%84%d9%84%d9%87-%d9%8a%d8%b4%d9%86-20-%d9%87%d8%ac%d9%88%d9%85%d8%a7-%d9%88%d8%a5%d8%b3%d8%b1%d8%a7%d8%a6%d9%8a%d9%84-%d8%aa%d8%af%d9%85%d8%b1,2,0.9122
https://www.aljazeera.net/news/2026/3/19/%d8%a5%d9%8a%d8%b1%d8%a7%d9%86-%d8%aa%d9%83%d8%ab%d9%81-%d9%87%d8%ac%d9%85%d8%a7%d8%aa%d9%87%d8%a7-%d8%b9%d9%84%d9%89-%d8%af%d9%88%d9%84-%d8%a7%d9%84%d8%ae%d9%84%d9%8a%d8%ac,4,0.7444
https://www.aljazeera.net/news/liveblog/2026/3/18/%d8%a7%d9%84%d8%ad%d8%b1%d8%a8-%d8%b9%d9%84%d9%89-%d8%a5%d9%8a%d8%b1%d8%a7%d9%86-%d9%85%d8%a8%d8%a7%d8%b4%d8%b1-%d8%b7%d9%87%d8%b1%d8%a7%d9%86-%d8%aa%d8%b9%d9%84%d9%86-%d9%85%d9%82%d8%aa%d9%84,-1,0.0
https://www.aljazeera.net/news/2026/3/18/%d8%b9%d8%a7%d8%ac%d9%84-%d9%85%d8%ac%d9%84%d8%b3-%d8%a7%d9%84%d8%a3%d9%85%d9%86-%d8%a7%d9%84%d9%82%d9%88%d9%85%d9%8a-%d8%a7%d9%84%d8%a5%d9%8a%d8%b1%d8%a7%d9%86%d9%8a-2,7,1.0
https://www.aljazeera.net/news/2026/3/18/%d8%b1%d9%88%d9%8a%d8%aa%d8%b1%d8%b2-%d8%a7%d9%84%d9%85%d8%b1%d8%b4%d8%af-%d8%a7%d9%84%d8%a5%d9%8a%d8%b1%d8%a7%d9%86%d9%8a-%d8%a7%d9%84%d8%ac%d8%af%d9%8a%d8%af-%d9%8a%d8%b1%d9%81%d8%b6,7,0.6423
https://www.aljazeera.net/news/2026/3/18/%d9%83%d9%8a%d9%81-%d8%aa%d8%a4%d8%ab%d8%b1-%d8%a7%d9%84%d8%a7%d8%ba%d8%aa%d9%8a%d8%a7%d9%84%d8%a7%d8%aa-%d8%b9%d9%84%d9%89-%d8%a8%d9%86%d9%8a%d8%a9-%d8%a7%d9%84%d9%86%d8%b8%d8%a7%d9%85,7,1.0
https://www.aljazeera.net/news/2026/3/18/%d8%a3%d9%85%d8%b1%d9%8a%d9%83%d8%a7-%d8%aa%d9%82%d8%b1-%d8%a8%d8%a7%d8%aa%d8%b5%d8%a7%d9%84%d8%a7%d8%aa-%d8%ba%d9%8a%d8%b1-%d9%85%d8%a8%d8%a7%d8%b4%d8%b1%d8%a9-%d9%85%d8%b9,0,0.8236
https://www.aljazeera.net/news/2026/3/18/%d8%a8%d8%aa%d9%87%d9%85%d8%a9-%d8%a7%d9%84%d8%af%d8%b9%d8%a7%d9%8a%d8%a9-%d9%84%d9%84%d8%a5%d8%b1%d9%87%d8%a7%d8%a8-%d9%81%d8%b1%d9%86%d8%b3%d8%a7-%d8%aa%d9%88%d9%82%d9%81,16,1.0
https://www.aljazeera.net/news/2026/3/18/%d8%a7%d9%84%d8%a8%d8%ad%d8%a7%d8%b1%d8%a9-%d9%81%d9%82%d8%af%d9%88%d8%a7-%d8%a3%d8%b3%d8%b1%d8%aa%d9%87%d9%85-%d8%ad%d8%b1%d9%8a%d9%82-%d8%ad%d8%a7%d9%85%d9%84%d8%a9,-1,0.0
https://www.aljazeera.net/news/2026/3/18/%d8%ad%d8%a7%d9%85%d9%84%d8%a9-%d8%a7%d9%84%d8%b7%d8%a7%d8%a6%d8%b1%d8%a7%d8%aa-%d9%81%d9%88%d8%b1%d8%af-%d8%aa%d9%86%d8%b3%d8%ad%d8%a8-%d8%a5%d9%84%d9%89-%d8%a7%d9%84%d9%8a%d9%88%d9%86%d8%a7%d9%86,-1,0.0
https://www.aljazeera.net/news/2026/3/18/%d9%81%d9%8a%d8%af%d8%a7%d9%86-%d9%8a%d8%a8%d8%af%d8%a3-%d8%ac%d9%88%d9%84%d8%a9-%d9%81%d9%8a-%d8%a7%d9%84%d9%85%d9%86%d8%b7%d9%82%d8%a9-%d8%a7%d9%84%d8%a3%d8%b1%d8%a8%d8%b9%d8%a7%d8%a1,-1,0.0
https://www.aljazeera.net/news/2026/3/18/%d9%85%d8%b3%d8%a4%d9%88%d9%84-%d8%a5%d9%8a%d8%b1%d8%a7%d9%86%d9%8a-%d9%8a%d9%83%d8%b4%d9%81-%d9%84%d9%84%d8%ac%d8%b2%d9%8a%d8%b1%d8%a9-%d8%b4%d8%b1%d9%88%d8%b7-%d8%b7%d9%87%d8%b1%d8%a7%d9%86,-1,0.0
https://www.aljazeera.net/news/2026/3/18/%d8%a7%d9%84%d8%ba%d8%a7%d8%b1%d8%af%d9%8a%d8%a7%d9%86-%d9%84%d9%86%d8%af%d9%86-%d9%83%d8%a7%d9%86%d8%aa-%d9%85%d9%86%d8%ae%d8%b1%d8%b7%d8%a9-%d9%81%d9%8a-%d9%85%d8%ad%d8%a7%d8%af%d8%ab%d8%a7%d8%aa,0,1.0
https://www.aljazeera.net/news/2026/3/18/%d8%b2%d9%8a%d9%84%d9%8a%d9%86%d8%b3%d9%83%d9%8a-%d8%a3%d9%88%d9%83%d8%b1%d8%a7%d9%86%d9%8a%d8%a7-%d8%aa%d9%86%d8%aa%d8%ac-2000-%d8%b7%d8%a7%d8%a6%d8%b1%d8%a9,12,0.4893
https://www.aljazeera.net/news/2026/3/18/%d8%b9%d8%a7%d8%ac%d9%84-%d8%a7%d9%84%d9%82%d9%86%d8%a7%d8%a9-14-%d8%a7%d9%84%d8%a5%d8%b3%d8%b1%d8%a7%d8%a6%d9%8a%d9%84%d9%8a%d8%a9-%d9%82%d8%aa%d9%8a%d9%84%d8%a7%d9%86-%d9%81%d9%8a,1,0.8638
https://www.aljazeera.net/news/2026/3/18/%d8%a7%d9%84%d8%a3%d8%b2%d9%87%d8%b1-%d9%8a%d8%b7%d8%a7%d9%84%d8%a8-%d8%a5%d9%8a%d8%b1%d8%a7%d9%86-%d8%a8%d9%88%d9%82%d9%81-%d9%81%d9%88%d8%b1%d9%8a-%d9%88%d8%ba%d9%8a%d8%b1,-1,0.0
https://www.aljazeera.net/news/2026/3/18/%d8%b7%d9%87%d8%b1%d8%a7%d9%86-%d8%aa%d8%aa%d9%88%d8%b9%d8%af-%d8%a8%d8%a7%d9%84%d8%ab%d8%a3%d8%b1-%d9%84%d9%85%d9%82%d8%aa%d9%84-%d9%84%d8%a7%d8%b1%d9%8a%d8%ac%d8%a7%d9%86%d9%8a,7,1.0
https://www.aljazeera.net/news/2026/3/18/%d8%a8%d8%b0%d8%ae%d8%a7%d8%a6%d8%b1-%d8%ae%d8%a7%d8%b1%d9%82%d8%a9-%d9%84%d9%84%d8%aa%d8%ad%d8%b5%d9%8a%d9%86%d8%a7%d8%aa-%d9%88%d8%a7%d8%b4%d9%86%d8%b7%d9%86-%d8%aa%d9%82%d8%b5%d9%81,0,1.0
https://www.aljazeera.net/news/2026/3/18/%d8%a3%d8%af%d9%89-%d9%84%d9%85%d9%82%d8%aa%d9%84-%d8%a7%d8%ab%d9%86%d9%8a%d9%86-%d9%88%d8%af%d9%85%d8%a7%d8%b1-%d9%88%d8%a7%d8%b3%d8%b9-%d9%84%d8%ad%d8%b8%d8%a9-%d8%b3%d9%82%d9%88%d8%b7,1,1.0
https://www.aljazeera.net/news/2026/3/18/%d8%b9%d8%a7%d8%ac%d9%84-%d8%a7%d9%84%d9%88%d9%83%d8%a7%d9%84%d8%a9-%d8%a7%d9%84%d8%af%d9%88%d9%84%d9%8a%d8%a9-%d9%84%d9%84%d8%b7%d8%a7%d9%82%d8%a9-%d8%a7%d9%84%d8%b0%d8%b1%d9%8a%d8%a9-6,-1,0.0
https://www.aljazeera.net/news/2026/3/18/%d8%ba%d8%a7%d8%b1%d8%a7%d8%aa-%d8%a5%d8%b3%d8%b1%d8%a7%d8%a6%d9%8a%d9%84%d9%8a%d8%a9-%d8%aa%d8%b3%d8%aa%d9%87%d8%af%d9%81-%d8%a8%d9%8a%d8%b1%d9%88%d8%aa,2,1.0
https://www.aljazeera.net/news/2026/3/18/%d9%87%d8%ac%d9%85%d8%a7%d8%aa-%d8%a5%d9%8a%d8%b1%d8%a7%d9%86%d9%8a%d8%a9-%d8%b9%d9%84%d9%89-%d8%af%d9%88%d9%84-%d8%ae%d9%84%d9%8a%d8%ac%d9%8a%d8%a9-%d9%88%d8%ad%d8%b2%d8%a8-%d8%a7%d9%84%d9%84%d9%87,4,1.0
https://www.aljazeera.net/news/2026/3/18/%d8%aa%d8%b1%d8%a7%d9%85%d8%a8-%d9%8a%d8%aa%d8%b9%d9%87%d8%af-%d8%a8%d9%80%d8%a5%d8%ac%d8%b1%d8%a7%d8%a1%d8%a7%d8%aa-%d9%88%d8%b4%d9%8a%d9%83%d8%a9-%d8%b6%d8%af-%d9%83%d9%88%d8%a8%d8%a7,11,0.6635
https://www.aljazeera.net/news/2026/3/18/%d8%ae%d8%a8%d9%8a%d8%b1-%d8%a3%d9%85%d8%b1%d9%8a%d9%83%d9%8a-%d8%a7%d9%84%d8%ad%d8%b1%d8%a8-%d8%a7%d9%84%d8%a5%d9%8a%d8%b1%d8%a7%d9%86%d9%8a%d8%a9-%d8%ae%d8%b1%d8%ac%d8%aa-%d8%b9%d9%86,0,0.9782
https://www.aljazeera.net/news/2026/3/18/%d8%ad%d9%85%d8%a7%d8%b3-%d8%aa%d8%b9%d8%b2%d9%8a-%d8%b7%d9%87%d8%b1%d8%a7%d9%86-%d9%81%d9%8a-%d9%85%d9%82%d8%aa%d9%84-%d9%84%d8%a7%d8%b1%d9%8a%d8%ac%d8%a7%d9%86%d9%8a,7,1.0
https://www.aljazeera.net/news/2026/3/18/%d8%a7%d9%84%d8%b3%d9%81%d8%a7%d8%b1%d8%a9-%d8%a7%d9%84%d8%a3%d9%85%d8%b1%d9%8a%d9%83%d9%8a%d8%a9-%d9%81%d9%8a-%d8%a8%d8%ba%d8%af%d8%a7%d8%af-%d8%aa%d8%aa%d8%b9%d8%b1%d8%b6,13,1.0
https://www.aljazeera.net/news/2026/3/18/%d8%b3%d8%a7%d8%b1%d9%83%d9%88%d8%b2%d9%8a-%d9%8a%d9%86%d9%81%d9%8a-%d8%a7%d8%b1%d8%aa%d9%83%d8%a7%d8%a8-%d8%a3%d9%8a-%d9%81%d8%b9%d9%84-%d9%81%d8%b3%d8%a7%d8%af-%d9%81%d9%8a-%d8%a3%d9%88%d9%84,5,0.6755
https://www.aljazeera.net/news/2026/3/18/%d8%a3%d9%83%d8%ab%d8%b1-%d9%85%d9%86-200-%d9%85%d8%b5%d8%a7%d8%a8-%d8%a8%d8%b5%d9%81%d9%88%d9%81-%d8%a7%d9%84%d9%82%d9%88%d8%a7%d8%aa-%d8%a7%d9%84%d8%a3%d9%85%d8%b1%d9%8a%d9%83%d9%8a%d8%a9,1,0.3496
https://www.aljazeera.net/news/2026/3/18/%d8%a8%d9%8a%d8%b1%d9%88%d8%aa-%d9%85%d8%b4%d8%a7%d9%87%d8%af-%d8%ad%d8%b5%d8%b1%d9%8a%d8%a9-%d9%84%d9%84%d8%ad%d8%b8%d8%a9-%d9%86%d8%b3%d9%81-%d9%85%d8%a8%d9%86%d9%89,2,0.7837
https://www.aljazeera.net/news/2026/3/18/%d8%b9%d8%b1%d8%a7%d9%82%d8%ac%d9%8a-%d9%8a%d8%ad%d8%b0%d8%b1-%d8%a7%d9%84%d8%b9%d8%a7%d9%84%d9%85-%d9%83%d9%84%d9%87-%d8%b3%d9%8a%d8%b4%d8%b9%d8%b1-%d8%a8%d8%aa%d8%af%d8%a7%d8%b9%d9%8a%d8%a7%d8%aa,-1,0.0
https://www.aljazeera.net/news/2026/3/18/%d8%a5%d8%b3%d8%b1%d8%a7%d8%a6%d9%8a%d9%84-%d8%aa%d8%b9%d9%8a%d8%b4-%d8%a3%d9%82%d8%b3%d9%89-%d9%84%d9%8a%d8%a7%d9%84%d9%8a%d9%87%d8%a7-%d9%85%d9%86%d8%b0-%d8%a8%d8%af%d8%a1,1,0.8173
https://www.aljazeera.net/news/2026/3/18/%d8%a5%d9%8a%d8%b1%d8%a7%d9%86-%d8%aa%d8%b9%d8%af%d9%85-%d9%85%d8%aa%d9%87%d9%85%d8%a7-%d8%a8%d8%a7%d9%84%d8%aa%d8%ac%d8%b3%d8%b3-%d9%84%d8%b5%d8%a7%d9%84%d8%ad-2,-1,0.0
https://www.aljazeera.net/news/2026/3/18/%d8%ac%d9%8a%d8%b1%d9%88%d8%b2%d8%a7%d9%84%d9%8a%d9%85-%d8%a8%d9%88%d8%b3%d8%aa-%d8%b3%d9%8a%d9%86%d8%a7%d8%b1%d9%8a%d9%88-%d8%a7%d8%ac%d8%aa%d9%8a%d8%a7%d8%ad-%d8%a3%d8%b5%d9%81%d9%87%d8%a7%d9%86,-1,0.0
https://www.aljazeera.net/news/2026/3/18/%d8%a7%d9%84%d9%83%d9%88%d9%86%d8%ba%d8%b1%d8%b3-%d9%8a%d8%ad%d9%82%d9%82-%d9%81%d9%8a-%d8%ad%d8%b1%d8%a8-%d8%a5%d9%8a%d8%b1%d8%a7%d9%86-%d9%88%d8%b3%d8%b7-%d8%b6%d8%ba%d9%88%d8%b7-%d8%b9%d9%84%d9%89,0,1.0
https://www.aljazeera.net/news/2026/3/18/%d9%88%d9%88%d9%84-%d8%b3%d8%aa%d8%b1%d9%8a%d8%aa-%d8%ac%d9%88%d8%b1%d9%86%d8%a7%d9%84-%d8%aa%d9%83%d8%b4%d9%81-%d9%83%d9%88%d8%a7%d9%84%d9%8a%d8%b3-%d8%ae%d8%b7%d8%a9,7,1.0
https://www.aljazeera.net/news/2026/3/18/%d9%85%d8%ad%d8%a7%d9%88%d9%84%d8%a9-%d8%a5%d8%b3%d8%b1%d8%a7%d8%a6%d9%8a%d9%84%d9%8a%d8%a9-%d9%84%d8%a7%d8%ba%d8%aa%d9%8a%d8%a7%d9%84-%d9%88%d8%b2%d9%8a%d8%b1-%d8%a5%d9%8a%d8%b1%d8%a7%d9%86%d9%8a,-1,0.0
https://www.aljazeera.net/news/2026/3/18/%d9%85%d8%b2%d8%a7%d8%b9%d9%85-%d9%85%d9%82%d8%aa%d9%84-%d9%86%d8%aa%d9%86%d9%8a%d8%a7%d9%87%d9%88-%d8%aa%d8%b4%d8%b9%d9%84-%d8%a7%d9%84%d9%85%d9%86%d8%b5%d8%a7%d8%aa-%d9%85%d8%a7,-1,0.0
https://www.aljazeera.net/news/2026/3/18/%d8%b9%d8%b1%d8%a7%d9%82%d8%ac%d9%8a-%d9%84%d9%84%d8%ac%d8%b2%d9%8a%d8%b1%d8%a9-%d8%a7%d8%ba%d8%aa%d9%8a%d8%a7%d9%84-%d9%84%d8%a7%d8%b1%d9%8a%d8%ac%d8%a7%d9%86%d9%8a-%d9%84%d9%86,7,1.0
https://www.aljazeera.net/news/2026/3/18/%d9%85%d9%86-%d8%a7%d9%84%d8%b9%d9%85%d9%84%d9%8a%d8%a7%d8%aa%d9%8a-%d9%84%d9%84%d8%a7%d8%b3%d8%aa%d8%ae%d8%a8%d8%a7%d8%b1%d9%8a-%d9%83%d9%8a%d9%81-%d8%ba%d9%8a%d8%b1%d8%aa,-1,0.0
https://www.aljazeera.net/news/2026/3/18/%d8%b9%d8%a7%d8%ac%d9%84-%d8%a7%d9%84%d9%82%d9%86%d8%a7%d8%a9-12-%d8%a7%d9%84%d8%a5%d8%b3%d8%b1%d8%a7%d8%a6%d9%8a%d9%84%d9%8a%d8%a9-%d8%af%d9%88%d9%8a-%d8%a7%d9%86%d9%81%d8%ac%d8%a7%d8%b1-3,1,0.8407
https://www.aljazeera.net/news/2026/3/18/%d8%b3%d9%88%d8%b1%d9%8a%d9%88%d9%86-%d9%81%d9%8a-%d8%a7%d9%84%d8%b0%d9%83%d8%b1%d9%89-%d8%a7%d9%84%d9%8015-%d9%84%d9%84%d8%ab%d9%88%d8%b1%d8%a9-%d8%b1%d8%ad%d9%84%d8%a9-18-%d8%a2%d8%b0%d8%a7%d8%b1,6,0.9417
https://www.aljazeera.net/news/2026/3/18/%d8%b6%d8%b1%d8%a8%d8%a7%d8%aa-%d9%81%d9%8a-%d9%82%d9%84%d8%a8-%d8%aa%d9%84-%d8%a3%d8%a8%d9%8a%d8%a8-%d9%85%d8%ad%d8%b7%d8%a7%d8%aa-%d8%a7%d9%84%d9%82%d8%b7%d8%a7%d8%b1-%d8%aa%d8%ad%d8%aa,1,1.0
https://www.aljazeera.net/news/2026/3/18/%d8%a7%d9%84%d8%b1%d9%8a%d8%a7%d8%b6-3,-1,0.0
https://www.aljazeera.net/news/2026/3/18/%d9%85%d9%86-%d9%87%d9%88-%d8%ac%d9%88-%d9%83%d9%8a%d9%86%d8%aa-%d9%88%d9%84%d9%85%d8%a7%d8%b0%d8%a7-%d8%a7%d8%b3%d8%aa%d9%82%d8%a7%d9%84-%d9%85%d9%86-%d8%a7%d9%84%d9%85%d8%b1%d9%83%d8%b2,0,1.0
https://www.aljazeera.net/news/2026/3/18/%d9%87%d9%84-%d8%ae%d8%af%d8%b9-%d8%ad%d8%b2%d8%a8-%d8%a7%d9%84%d9%84%d9%87-%d8%a5%d8%b3%d8%b1%d8%a7%d8%a6%d9%8a%d9%84-%d8%a8%d8%b4%d8%a3%d9%86-%d9%82%d8%af%d8%b1%d8%a7%d8%aa%d9%87,-1,0.0
https://www.aljazeera.net/news/2026/3/18/%d8%ad%d8%b1%d8%a8-%d8%a5%d9%8a%d8%b1%d8%a7%d9%86-%d8%a7%d9%84%d8%ab%d8%a7%d9%86%d9%8a%d8%a9-%d8%ae%d8%a7%d8%b1%d8%b7%d8%a9-%d8%a7%d9%84%d9%82%d9%88%d8%a9-%d8%a7%d9%84%d9%86%d8%a7%d8%b1%d9%8a%d8%a9,1,0.3556
https://www.aljazeera.net/news/2026/3/18/%d9%84%d9%85%d8%a7%d8%b0%d8%a7-%d8%ad%d8%b5%d8%af%d8%aa-%d8%aa%d8%ba%d8%b1%d9%8a%d8%af%d8%a9-%d8%ac%d9%88-%d9%83%d9%8a%d9%86%d8%aa-%d8%a3%d9%83%d8%ab%d8%b1-%d9%85%d9%86-80,0,0.9898
https://www.aljazeera.net/news/2026/3/18/%d8%a7%d9%84%d9%83%d8%a7%d9%85%d9%8a%d8%b1%d9%88%d9%86-%d8%aa%d8%ba%d9%8a%d8%b1-%d8%b1%d8%a6%d9%8a%d8%b3-%d8%a7%d9%84%d8%a8%d8%b1%d9%84%d9%85%d8%a7%d9%86-%d8%a8%d8%b9%d8%af-34-%d8%b9%d8%a7%d9%85%d8%a7,5,0.9656
https://www.aljazeera.net/news/2026/3/18/%d8%b9%d8%a7%d8%ac%d9%84-%d9%87%d9%8a%d8%a6%d8%a9-%d8%a7%d9%84%d8%a8%d8%ab-%d8%b9%d9%86-%d9%85%d8%b3%d8%a4%d9%88%d9%84-%d8%a5%d8%b3%d8%b1%d8%a7%d8%a6%d9%8a%d9%84%d9%8a,1,0.3861
https://www.aljazeera.net/news/2026/3/18/%d9%8a%d8%ac%d8%a8-%d8%a3%d9%86-%d8%a3%d8%a8%d9%82%d9%89-%d9%87%d9%86%d8%a7-%d8%a8%d8%b3%d8%a8%d8%a8-%d8%a7%d9%84%d8%ad%d8%b1%d8%a8-%d8%aa%d8%b1%d9%85%d8%a8-%d9%8a%d8%a4%d8%ac%d9%84,0,0.72
https://www.aljazeera.net/news/2026/3/18/%d8%b3%d8%a7%d8%b3%d9%88-%d9%86%d8%ba%d9%8a%d8%b3%d9%88-%d8%b1%d8%a6%d9%8a%d8%b3%d8%a7-%d9%84%d9%84%d9%83%d9%88%d9%86%d8%ba%d9%88-%d9%84%d9%88%d9%84%d8%a7%d9%8a%d8%a9-%d8%ae%d8%a7%d9%85%d8%b3%d8%a9,5,1.0
https://www.aljazeera.net/news/2026/3/18/%d9%82%d8%b6%d8%a7%d8%a1-%d8%a8%d9%84%d8%ac%d9%8a%d9%83%d8%a7-%d9%8a%d9%83%d8%b3%d8%b1-%d8%a7%d9%84%d8%b5%d9%85%d8%aa-%d9%88%d9%8a%d8%b7%d8%a7%d9%84%d8%a8-%d8%a8%d9%85%d8%ad%d8%a7%d9%83%d9%85%d8%a9,5,0.7154
https://www.aljazeera.net/news/2026/3/18/%d8%a8%d8%b9%d8%af-%d8%aa%d9%87%d8%af%d9%8a%d8%af%d8%a7%d8%aa-%d8%aa%d8%b1%d9%85%d8%a8-%d8%b1%d8%a6%d9%8a%d8%b3-%d9%83%d9%88%d8%a8%d8%a7-%d9%8a%d8%aa%d9%88%d8%b9%d8%af,11,0.6358
https://www.aljazeera.net/news/2026/3/18/%d8%b2%d9%8a%d8%a7%d8%b1%d8%a9-%d8%aa%d8%a7%d8%b1%d9%8a%d8%ae%d9%8a%d8%a9-%d8%aa%d9%8a%d9%86%d9%88%d8%a8%d9%88-%d9%81%d9%8a-%d8%a8%d8%b1%d9%8a%d8%b7%d8%a7%d9%86%d9%8a%d8%a7,-1,0.0
https://www.aljazeera.net/news/2026/3/18/%d8%b9%d8%a7%d8%ac%d9%84-%d8%a7%d9%84%d9%85%d8%aa%d8%ad%d8%af%d8%ab-%d8%a8%d8%a7%d8%b3%d9%85-%d8%a7%d9%84%d8%ae%d8%a7%d8%b1%d8%ac%d9%8a%d8%a9-%d8%a7%d9%84%d9%82%d8%b7%d8%b1%d9%8a%d8%a9-22,9,0.7276
https://www.aljazeera.net/news/2026/3/18/%d8%aa%d9%88%d8%b2%d9%8a%d8%b9-%d8%a7%d9%84%d8%a3%d8%af%d9%88%d8%a7%d8%b1-%d9%83%d9%8a%d9%81-%d8%aa%d8%aa%d9%82%d8%a7%d8%b3%d9%85-%d9%88%d8%a7%d8%b4%d9%86%d8%b7%d9%86-%d9%88%d8%aa%d9%84,0,0.6548
https://www.aljazeera.net/news/2026/3/18/%d9%83%d9%8a%d9%81-%d8%aa%d8%b6%d8%a7%d8%b9%d9%81-%d8%a5%d8%b3%d9%86%d8%a7%d8%af-%d8%b7%d8%a7%d8%a6%d8%b1%d8%a7%d8%aa-%d8%a7%d9%84%d9%88%d9%82%d9%88%d8%af-%d9%81%d9%8a-%d8%a7%d9%84%d8%ad%d8%b1%d8%a8,-1,0.0
https://www.aljazeera.net/news/2026/3/18/%d9%87%d9%84-%d8%aa%d9%86%d8%ac%d8%ad-%d8%aa%d8%b4%d8%a7%d8%af-%d8%ad%d9%8a%d8%ab-%d9%81%d8%b4%d9%84%d8%aa-%d9%83%d9%8a%d9%86%d9%8a%d8%a7-%d9%81%d9%8a-%d9%87%d8%a7%d9%8a%d8%aa%d9%8a,5,0.6928
https://www.aljazeera.net/news/2026/3/18/%d8%b9%d8%a7%d8%ac%d9%84-%d9%85%d8%af%d9%8a%d8%b1%d8%a9-%d8%a7%d9%84%d8%a7%d8%b3%d8%aa%d8%ae%d8%a8%d8%a7%d8%b1%d8%a7%d8%aa-%d8%a7%d9%84%d9%88%d8%b7%d9%86%d9%8a%d8%a9-2,0,0.8765
https://www.aljazeera.net/news/2026/3/18/%d8%b6%d8%b1%d8%a8%d8%a9-%d8%ba%d9%8a%d8%b1-%d9%85%d8%b3%d8%a8%d9%88%d9%82%d8%a9-%d9%84%d9%85%d9%86%d8%b4%d8%a2%d8%aa-%d8%a7%d9%84%d8%ba%d8%a7%d8%b2-%d9%81%d9%8a-%d8%a5%d9%8a%d8%b1%d8%a7%d9%86,1,0.469
https://www.aljazeera.net/news/2026/3/18/%d9%87%d8%a7%d8%a8%d8%a7-%d8%a8%d8%a7%d8%aa%d9%88%d8%b1-%d9%85%d8%aa%d8%ad%d8%af%d8%ab-%d8%a5%d8%b3%d8%b1%d8%a7%d8%a6%d9%8a%d9%84%d9%8a-%d8%b3%d8%a7%d8%a8%d9%82-%d9%8a%d8%ae%d8%af%d8%b9,7,1.0
https://www.aljazeera.net/news/2026/3/18/%d8%b4%d9%83%d9%88%d9%83-%d8%ad%d9%88%d9%84-%d8%b1%d9%88%d8%a7%d9%8a%d8%a9-%d8%aa%d8%b1%d9%85%d8%a8-%d9%87%d9%84-%d9%8a%d8%aa%d8%ac%d8%a7%d9%87%d9%84-%d8%a7%d9%84%d8%a8%d9%8a%d8%aa,0,1.0
https://www.aljazeera.net/news/2026/3/18/%d8%a7%d9%84%d9%85%d8%b1%d8%b4%d8%af-%d9%85%d8%ac%d8%aa%d8%a8%d9%89-%d9%84%d8%a7%d8%b1%d9%8a%d8%ac%d8%a7%d9%86%d9%8a-%d8%a7%d9%84%d8%a8%d8%a7%d8%b3%d9%8a%d8%ac,7,0.9144
https://www.aljazeera.net/news/2026/3/18/%d8%a7%d8%ba%d8%aa%d9%8a%d8%a7%d9%84%d8%a7%d8%aa-%d9%82%d8%a7%d8%af%d8%a9-%d8%a5%d9%8a%d8%b1%d8%a7%d9%86-%d8%aa%d8%b4%d8%b9%d9%84-%d8%a7%d9%84%d9%85%d9%86%d8%b5%d8%a7%d8%aa,7,1.0
https://www.aljazeera.net/news/2026/3/18/%d8%a5%d8%b3%d8%b1%d8%a7%d8%a6%d9%8a%d9%84-%d8%aa%d8%b9%d8%aa%d8%b2%d9%85-%d9%82%d8%b5%d9%81-%d8%ac%d8%b3%d9%88%d8%b1-%d8%a8%d9%86%d9%87%d8%b1-%d8%a7%d9%84%d9%84%d9%8a%d8%b7%d8%a7%d9%86%d9%8a,-1,0.0
https://www.aljazeera.net/news/2026/3/18/%d8%b4%d9%87%d9%8a%d8%af-%d9%88%d9%85%d8%b5%d8%a7%d8%a8-%d9%81%d9%8a-%d8%ba%d8%b2%d8%a9-%d8%a8%d9%82%d8%b5%d9%81-%d8%a5%d8%b3%d8%b1%d8%a7%d8%a6%d9%8a%d9%84%d9%8a,3,1.0
https://www.aljazeera.net/news/2026/3/18/%d8%a7%d9%84%d8%a8%d9%8a%d8%aa-%d8%a7%d9%84%d8%a3%d8%a8%d9%8a%d8%b6-%d9%8a%d8%b9%d9%84%d9%86-%d8%a7%d9%84%d8%ad%d8%b1%d8%a8-%d8%b9%d9%84%d9%89-%d8%a7%d9%84%d8%aa%d8%b3%d8%b1%d9%8a%d8%a8%d8%a7%d8%aa,0,1.0
https://www.aljazeera.net/news/2026/3/18/%d9%85%d9%86-%d9%85%d8%b5%d8%af%d9%82-%d8%a5%d9%84%d9%89-%d9%87%d8%b1%d9%85%d8%b2-75-%d8%b9%d8%a7%d9%85%d8%a7-%d9%85%d9%86-%d9%86%d8%a7%d8%b1-%d8%a7%d9%84%d9%86%d9%81%d8%b7-%d8%a8%d9%8a%d9%86,0,0.9601
https://www.aljazeera.net/news/2026/3/18/%d8%ac%d9%8a%d8%b1%d8%a7%d9%84%d8%af-%d9%81%d9%88%d8%b1%d8%af-%d8%aa%d9%86%d8%b3%d8%ad%d8%a8-%d9%86%d8%ad%d9%88-%d8%a7%d9%84%d9%8a%d9%88%d9%86%d8%a7%d9%86,-1,0.0
https://www.aljazeera.net/news/2026/3/18/%d9%8a%d8%ad%d9%85%d9%84-%d8%b2%d8%ae%d8%b1%d9%81%d8%a9-%d8%b4%d9%85%d8%b9%d8%af%d8%a7%d9%86-%d8%b6%d8%a7%d8%a8%d8%b7-%d8%a5%d8%b3%d8%b1%d8%a7%d8%a6%d9%8a%d9%84%d9%8a-%d9%8a%d8%b3%d8%b1%d9%82,-1,0.0
https://www.aljazeera.net/news/2026/3/18/%d8%b9%d8%a7%d8%ac%d9%84-%d8%a7%d9%84%d8%af%d8%a7%d8%ae%d9%84%d9%8a%d8%a9-%d8%a7%d9%84%d9%82%d8%b7%d8%b1%d9%8a%d8%a9-%d8%a7%d9%84%d8%af%d9%81%d8%a7%d8%b9-%d8%a7%d9%84%d9%85%d8%af%d9%86%d9%8a,4,0.3067
https://www.aljazeera.net/news/2026/3/18/%d9%85%d8%a7-%d8%a7%d9%84%d8%af%d9%88%d8%a7%d8%a6%d8%b1-%d8%a7%d9%84%d8%ae%d9%85%d8%b3-%d8%a7%d9%84%d8%aa%d9%8a-%d8%aa%d8%b3%d8%aa%d9%87%d8%af%d9%81%d9%87%d8%a7,1,0.469
https://www.aljazeera.net/news/2026/3/18/%d8%a7%d9%84%d9%83%d8%b1%d9%85%d9%84%d9%8a%d9%86-%d9%8a%d9%86%d8%af%d8%af-%d8%a8%d8%a7%d8%ba%d8%aa%d9%8a%d8%a7%d9%84-%d9%84%d8%a7%d8%b1%d9%8a%d8%ac%d8%a7%d9%86%d9%8a,7,1.0
https://www.aljazeera.net/news/2026/3/18/%d9%87%d8%b1%d9%85%d8%b2-2,0,1.0
https://www.aljazeera.net/news/2026/3/18/%d9%85%d8%b5%d8%b1-%d8%aa%d8%af%d8%b9%d9%88-%d8%a5%d9%84%d9%89-%d9%88%d8%a3%d8%af-%d8%a7%d9%84%d9%81%d8%aa%d9%86%d8%a9-%d9%88-%d8%aa%d9%84%d9%88%d8%ad,9,0.39
https://www.aljazeera.net/news/2026/3/18/%d8%aa%d8%b1%d8%a7%d8%ac%d8%b9-%d9%88%d8%aa%d9%8a%d8%b1%d8%a9-%d8%b5%d9%88%d8%a7%d8%b1%d9%8a%d8%ae-%d8%a5%d9%8a%d8%b1%d8%a7%d9%86-%d9%88%d9%85%d8%b3%d9%8a%d8%b1%d8%a7%d8%aa%d9%87%d8%a7,-1,0.0
https://www.aljazeera.net/news/2026/3/18/%d9%82%d8%b7%d8%b1-%d9%86%d8%af%d9%8a%d9%86-%d8%a7%d9%84%d8%a7%d8%b3%d8%aa%d9%87%d8%af%d8%a7%d9%81-%d8%a7%d9%84%d8%a5%d9%8a%d8%b1%d8%a7%d9%86%d9%8a-%d8%a7%d9%84%d8%ba%d8%a7%d8%b4%d9%85,-1,0.0
https://www.aljazeera.net/news/2026/3/18/%d8%a7%d9%84%d8%b3%d9%84%d8%b7%d8%a7%d8%aa-%d8%a7%d9%84%d8%a5%d8%b3%d8%b1%d8%a7%d8%a6%d9%8a%d9%84%d9%8a%d8%a9-%d8%aa%d8%ad%d9%82%d9%82-%d9%85%d8%b9-%d8%a7%d9%84%d8%b4%d9%8a%d8%ae,17,0.5712
https://www.aljazeera.net/news/2026/3/18/%d9%86%d8%a7%d8%a6%d8%a8-%d9%81%d8%b1%d9%86%d8%b3%d9%8a-%d8%a7%d9%84%d8%ad%d8%b1%d8%a8-%d8%b9%d9%84%d9%89-%d8%a5%d9%8a%d8%b1%d8%a7%d9%86-%d9%81%d8%b4%d9%84%d8%aa-%d8%ad%d8%aa%d9%89,0,1.0
https://www.aljazeera.net/news/2026/3/18/%d8%b9%d8%a7%d8%ac%d9%84-%d8%a7%d9%84%d8%ae%d8%a7%d8%b1%d8%ac%d9%8a%d8%a9-%d8%a7%d9%84%d9%82%d8%b7%d8%b1%d9%8a%d8%a9-%d8%a5%d8%b9%d9%84%d8%a7%d9%86-%d8%a7%d9%84%d9%85%d9%84%d8%ad%d9%82%d9%8a%d9%86,9,0.4792
https://www.aljazeera.net/news/2026/3/18/%d8%ad%d8%b5%d9%8a%d9%84%d8%a9-%d8%b6%d8%b1%d8%a8%d8%a7%d8%aa-%d8%a5%d9%8a%d8%b1%d8%a7%d9%86%d9%8a%d8%a9-%d8%a7%d8%ad%d8%aa%d8%b1%d8%a7%d9%82-%d8%b7%d8%a7%d8%a6%d8%b1%d8%a7%d8%aa,1,1.0
https://www.aljazeera.net/news/2026/3/18/%d8%b9%d9%82%d8%a8-%d8%a7%d9%84%d8%a7%d8%ba%d8%aa%d9%8a%d8%a7%d9%84%d8%a7%d8%aa-%d8%a7%d9%84%d8%a3%d8%ae%d9%8a%d8%b1%d8%a9-%d8%ad%d9%85%d9%84%d8%a9-%d8%a7%d8%b9%d8%aa%d9%82%d8%a7%d9%84%d8%a7%d8%aa,7,0.3869
https://www.aljazeera.net/news/2026/3/18/%d8%a5%d9%8a%d8%b1%d8%a7%d9%86-%d8%aa%d8%a4%d9%83%d8%af-%d9%85%d9%82%d8%aa%d9%84-%d9%88%d8%b2%d9%8a%d8%b1-%d8%a7%d9%84%d8%a7%d8%b3%d8%aa%d8%ae%d8%a8%d8%a7%d8%b1%d8%a7%d8%aa,7,1.0
https://www.aljazeera.net/news/2026/3/17/%d8%b9%d8%a7%d8%ac%d9%84-%d9%86%d8%a7%d8%a6%d8%a8-%d8%a7%d9%84%d9%85%d8%aa%d8%ad%d8%af%d8%ab-%d8%a8%d8%a7%d8%b3%d9%85-%d8%a7%d9%84%d8%ad%d9%83%d9%88%d9%85%d8%a9,-1,0.0
https://www.aljazeera.net/news/2026/3/17/%d8%aa%d9%88%d8%a8%d9%8a%d8%ae-%d9%84%d9%84%d9%86%d8%a7%d8%aa%d9%88-%d9%88%d8%aa%d8%a3%d8%ac%d9%8a%d9%84-%d8%b2%d9%8a%d8%a7%d8%b1%d8%a9-%d8%a7%d9%84%d8%b5%d9%8a%d9%86-%d9%88%d9%88%d8%b9%d9%8a%d8%af,0,1.0
https://www.aljazeera.net/news/2026/3/17/%d8%ad%d8%b2%d8%a8-%d8%a7%d9%84%d9%84%d9%87-%d8%a7%d9%84%d8%b9%d8%b1%d8%a7%d9%82%d9%8a-%d9%8a%d9%86%d8%b9%d9%89-%d9%85%d8%b3%d8%a4%d9%88%d9%84%d9%87-%d8%a7%d9%84%d8%a3%d9%85%d9%86%d9%8a,13,0.8542
https://www.aljazeera.net/news/2026/3/17/%d8%a7%d9%84%d9%83%d9%88%d9%8a%d8%aa-%d8%aa%d8%b9%d9%84%d9%86-%d8%aa%d9%81%d9%83%d9%8a%d9%83-%d8%ae%d9%84%d9%8a%d8%a9-%d9%85%d8%b1%d8%aa%d8%a8%d8%b7%d8%a9-%d8%a8%d8%ad%d8%b2%d8%a8,4,0.4969
https://www.aljazeera.net/news/2026/3/17/%d9%87%d8%ac%d9%85%d8%a7%d8%aa-%d8%b9%d9%84%d9%89-%d8%af%d9%88%d9%84-%d8%ae%d9%84%d9%8a%d8%ac%d9%8a%d8%a9-%d8%a8%d8%b9%d8%af-%d8%aa%d9%87%d8%af%d9%8a%d8%af-%d8%a5%d9%8a%d8%b1%d8%a7%d9%86%d9%8a,4,0.6669
https://www.aljazeera.net/news/2026/3/17/%d8%a7%d9%84%d8%ae%d8%b3%d8%a7%d8%a6%d8%b1-%d8%a7%d9%84%d8%a8%d8%b4%d8%b1%d9%8a%d8%a9-%d8%a7%d9%84%d9%85%d8%b9%d9%84%d9%86%d8%a9-%d9%84%d9%88%d8%a7%d8%b4%d9%86%d8%b7%d9%86-%d9%88%d8%aa%d9%84,1,0.358
https://www.aljazeera.net/news/2026/3/17/%d8%a7%d9%84%d8%ac%d9%8a%d8%b4-%d8%a7%d9%84%d8%a5%d8%b3%d8%b1%d8%a7%d8%a6%d9%8a%d9%84%d9%8a-%d8%a3%d8%b7%d9%84%d9%82%d9%86%d8%a7-%d9%85%d9%88%d8%ac%d8%a9-%d9%88%d8%a7%d8%b3%d8%b9%d8%a9,1,0.7348
https://www.aljazeera.net/news/2026/3/17/%d9%88%d8%a7%d8%b4%d9%86%d8%b7%d9%86-%d8%aa%d8%ad%d8%b0%d8%b1-%d9%85%d9%86-%d9%87%d8%ac%d9%85%d8%a7%d8%aa-%d8%a5%d9%8a%d8%b1%d8%a7%d9%86%d9%8a%d8%a9-%d9%88%d8%aa%d8%b6%d8%ba%d8%b7,0,1.0
https://www.aljazeera.net/news/2026/3/17/%d8%a7%d9%84%d8%b9%d8%b1%d8%a7%d9%82-36,13,1.0
https://www.aljazeera.net/news/2026/3/17/%d9%85%d8%a7%d8%b0%d8%a7-%d9%8a%d8%b9%d9%86%d9%8a-%d8%aa%d8%b1%d9%85%d8%a8-%d8%a8%d9%85%d9%88%d8%a7%d8%b5%d9%84%d8%a9-%d8%a7%d9%84%d8%ad%d8%b1%d8%a8-%d8%ad%d8%aa%d9%89-%d8%a5%d8%aa%d9%85%d8%a7%d9%85,0,1.0
https://www.aljazeera.net/news/2026/3/17/%d8%ac%d8%a8%d9%87%d8%aa%d8%a7-%d8%a5%d9%8a%d8%b1%d8%a7%d9%86-%d9%88%d9%84%d8%a8%d9%86%d8%a7%d9%86-%d9%81%d9%8a%d9%85-%d8%aa%d8%aa%d9%81%d9%82%d8%a7%d9%86-%d9%88%d8%a3%d9%8a%d9%86,-1,0.0
https://www.aljazeera.net/news/2026/3/17/%d8%a5%d9%8a%d8%b1%d8%a7%d9%86-%d8%a7%d9%84%d8%ad%d8%b1%d8%a8-%d8%b3%d8%aa%d8%b9%d9%8a%d8%af-%d8%b1%d8%b3%d9%85-%d8%a7%d9%84%d9%85%d9%86%d8%b7%d9%82%d8%a9-%d9%88%d8%aa%d8%b1%d8%af%d8%b9-%d8%a3%d9%8a,0,0.7504
https://www.aljazeera.net/news/2026/3/17/%d8%a3%d9%86%d8%a7-%d8%ad%d8%b1%d8%a9-%d8%a3%d8%ae%d9%8a%d8%b1%d8%a7-%d8%a7%d9%84%d9%82%d8%b6%d8%a7%d8%a1-%d8%a7%d9%84%d8%a3%d9%85%d8%b1%d9%8a%d9%83%d9%8a-%d9%8a%d9%81%d8%b1%d8%ac-%d8%b9%d9%86,11,1.0
https://www.aljazeera.net/news/2026/3/17/%d9%87%d9%8a%d8%a6%d8%a9-%d8%a7%d9%84%d8%a8%d8%ab-%d8%a7%d9%84%d8%a5%d8%b3%d8%b1%d8%a7%d8%a6%d9%8a%d9%84%d9%8a%d8%a9-%d8%b9%d9%86-%d9%85%d8%b3%d8%a4%d9%88%d9%84,7,1.0
https://www.aljazeera.net/news/2026/3/17/%d8%a3%d9%83%d8%b3%d9%8a%d9%88%d8%b3-4-%d9%86%d9%82%d8%a7%d8%b7-%d8%b6%d8%ba%d8%b7-%d9%81%d9%8a-%d8%a7%d9%84%d8%ad%d8%b1%d8%a8-%d8%b9%d9%84%d9%89-%d8%a5%d9%8a%d8%b1%d8%a7%d9%86-%d9%8a%d8%ac%d8%a8,-1,0.0
https://www.aljazeera.net/news/2026/3/17/%d8%b1%d8%a6%d9%8a%d8%b3-%d8%a7%d8%aa%d8%ad%d8%a7%d8%af-%d8%a8%d9%84%d8%af%d9%8a%d8%a7%d8%aa-%d8%a8%d8%ac%d9%86%d9%88%d8%a8%d9%8a-%d9%84%d8%a8%d9%86%d8%a7%d9%86-%d8%aa%d9%85%d8%b3%d9%83,2,0.5973
https://www.aljazeera.net/news/2026/3/17/%d9%85%d9%86-%d8%a7%d9%84%d8%ae%d9%84%d9%8a%d8%ac-%d8%a5%d9%84%d9%89-%d8%a7%d9%84%d8%a8%d8%ad%d8%b1-%d8%a7%d9%84%d8%a3%d8%ad%d9%85%d8%b1-%d8%aa%d8%ad%d8%b1%d9%83-%d9%86%d9%81%d8%b7%d9%8a,0,1.0
https://www.aljazeera.net/news/2026/3/17/%d8%aa%d8%b1%d9%85%d8%a8-%d8%b1%d8%a6%d9%8a%d8%b3-%d8%a3%d9%85%d8%b1%d9%8a%d9%83%d9%8a-%d8%b3%d8%a7%d8%a8%d9%82-%d8%aa%d9%85%d9%86%d9%89-%d8%b6%d8%b1%d8%a8-%d8%a5%d9%8a%d8%b1%d8%a7%d9%86,0,1.0
https://www.aljazeera.net/news/2026/3/17/%d8%a7%d9%84%d8%b1%d8%a6%d8%a7%d8%b3%d9%8a-%d8%a7%d9%84%d9%8a%d9%85%d9%86%d9%8a-%d9%8a%d8%aa%d9%87%d9%85-%d8%a7%d9%84%d8%ad%d9%88%d8%ab%d9%8a%d9%8a%d9%86-%d8%a8%d9%82%d8%aa%d9%84-8,-1,0.0
https://www.aljazeera.net/news/2026/3/17/%d9%85%d8%a7%d8%b0%d8%a7-%d9%8a%d9%85%d9%8a%d8%b2-%d8%b7%d9%81%d9%84%d9%8a-%d8%b9%d9%86-%d8%a3%d8%b7%d9%81%d8%a7%d9%84-%d9%81%d9%84%d8%b3%d8%b7%d9%8a%d9%86-%d8%b1%d8%af-%d8%a3%d9%85,3,0.5415
https://www.aljazeera.net/news/2026/3/17/%d8%a8%d8%b9%d8%af-17-%d9%8a%d9%88%d9%85%d8%a7-%d9%85%d9%86-%d8%a7%d9%84%d8%ad%d8%b1%d8%a8-%d8%b9%d9%84%d9%89-%d8%a5%d9%8a%d8%b1%d8%a7%d9%86,0,1.0
https://www.aljazeera.net/news/2026/3/17/%d8%a7%d9%84%d8%ae%d8%b6%d8%b1%d8%a7%d8%a1-%d8%aa%d8%ad%d8%aa-%d8%a7%d9%84%d9%86%d8%a7%d8%b1-%d9%88%d8%a7%d9%84%d8%a7%d9%82%d8%aa%d8%b5%d8%a7%d8%af-%d9%8a%d9%86%d8%b2%d9%81,13,1.0
https://www.aljazeera.net/news/2026/3/17/%d8%aa%d8%b1%d9%85%d8%a8-%d8%b3%d8%a3%d8%ad%d8%b8%d9%89-%d8%a8%d8%b4%d8%b1%d9%81-%d8%a7%d9%84%d8%a7%d8%b3%d8%aa%d9%8a%d9%84%d8%a7%d8%a1-%d8%b9%d9%84%d9%89-%d9%83%d9%88%d8%a8%d8%a7,11,0.6801
https://www.aljazeera.net/news/2026/3/17/%d9%82%d9%85%d8%a9-%d8%ab%d9%84%d8%a7%d8%ab%d9%8a%d8%a9-%d9%81%d9%8a-%d9%83%d9%88%d9%86%d8%a7%d9%83%d8%b1%d9%8a-%d9%84%d9%85%d8%a7%d8%b0%d8%a7-%d8%aa%d8%ac%d9%85%d8%b9-%d9%82%d8%a7%d8%af%d8%a9,5,0.8256
https://www.aljazeera.net/news/2026/3/17/%d8%a7%d9%86%d9%81%d8%ac%d8%a7%d8%b1%d8%a7%d8%aa-%d8%af%d8%a7%d9%85%d9%8a%d8%a9-%d8%aa%d9%87%d8%b2-%d9%85%d8%a7%d9%8a%d8%af%d9%88%d8%ba%d9%88%d8%b1%d9%8a-%d8%b9%d9%88%d8%af%d8%a9,5,1.0
https://www.aljazeera.net/news/2026/3/17/%d9%83%d9%8a%d9%81-%d8%b1%d8%af-%d9%85%d8%ba%d8%b1%d8%af%d9%88%d9%86-%d9%88%d9%85%d8%ad%d9%84%d9%84%d9%88%d9%86-%d8%b9%d9%84%d9%89-%d8%b1%d8%b3%d8%a7%d9%84%d8%a9,-1,0.0
https://www.aljazeera.net/news/2026/3/17/%d8%ae%d8%a8%d9%8a%d8%b1-%d8%b9%d8%b3%d9%83%d8%b1%d9%8a-%d8%ad%d8%b2%d8%a8-%d8%a7%d9%84%d9%84%d9%87-%d8%ba%d9%8a%d8%b1-%d8%aa%d9%83%d8%aa%d9%8a%d9%83%d9%87,2,0.5464
https://www.aljazeera.net/news/2026/3/17/%d9%82%d8%a7%d8%b0%d9%81%d8%a7%d8%aa-%d8%a8%d8%b9%d9%8a%d8%af%d8%a9-%d8%a7%d9%84%d9%85%d8%af%d9%89-%d9%81%d9%88%d9%82-%d8%a7%d9%84%d8%b4%d8%b1%d9%82-%d8%a7%d9%84%d8%a3%d9%88%d8%b3%d8%b7,-1,0.0
https://www.aljazeera.net/news/2026/3/17/%d8%aa%d8%b5%d8%b9%d9%8a%d8%af-%d9%81%d9%8a-%d8%a7%d9%84%d8%ae%d9%8a%d8%a7%d9%85-%d9%88%d8%af%d9%85%d8%a7%d8%b1-%d9%81%d9%8a-%d8%b9%d8%b1%d8%a8-%d8%a7%d9%84%d8%ac%d9%84-%d8%ac%d9%86%d9%88%d8%a8,2,0.8992
https://www.aljazeera.net/news/2026/3/17/%d8%a3%d9%85%d9%8a%d8%b1-%d9%82%d8%b7%d8%b1-%d9%88%d9%85%d9%84%d9%83-%d8%a7%d9%84%d8%a3%d8%b1%d8%af%d9%86-%d9%8a%d8%a8%d8%ad%d8%ab%d8%a7%d9%86-%d8%a7%d9%84%d8%aa%d8%b5%d8%b9%d9%8a%d8%af-%d9%81%d9%8a,9,0.6181
https://www.aljazeera.net/news/2026/3/17/%d8%aa%d9%82%d8%b1%d9%8a%d8%b1-%d8%a3%d9%85%d9%85%d9%8a-%d8%a5%d8%b3%d8%b1%d8%a7%d8%a6%d9%8a%d9%84-%d8%aa%d9%87%d8%ac%d8%b1-36-%d8%a3%d9%84%d9%81-%d9%81%d9%84%d8%b3%d8%b7%d9%8a%d9%86%d9%8a,15,0.4655
https://www.aljazeera.net/news/2026/3/17/%d8%a7%d9%84%d8%ad%d8%b1%d8%a8-%d8%b9%d9%84%d9%89-%d8%a5%d9%8a%d8%b1%d8%a7%d9%86-%d9%85%d8%a7-%d8%a7%d9%84%d8%b0%d9%8a-%d8%ad%d8%af%d8%ab-%d9%81%d9%8a-%d8%a7%d9%84%d9%8a%d9%88%d9%85,1,0.5232
https://www.aljazeera.net/news/2026/3/17/%d8%a7%d9%84%d9%82%d8%af%d8%b3-%d8%a7%d9%84%d8%a3%d9%82%d8%b5%d9%89-%d9%81%d9%84%d8%b3%d8%b7%d9%8a%d9%86-%d8%a7%d8%ad%d8%aa%d9%84%d8%a7%d9%84-%d8%b9%d9%8a%d8%af-%d8%a5%d8%ba%d9%84%d8%a7%d9%82,17,1.0
https://www.aljazeera.net/news/2026/3/17/%d8%a8%d9%8a%d9%86%d9%87%d8%a7-%d9%83%d9%88%d8%b1%d9%8a%d8%a7-%d8%a7%d9%84%d8%ac%d9%86%d9%88%d8%a8%d9%8a%d8%a9-%d9%88%d8%a7%d9%84%d8%a7%d8%aa%d8%ad%d8%a7%d8%af,0,1.0
https://www.aljazeera.net/news/2026/3/17/%d8%aa%d9%88%d8%ba%d9%84-%d9%85%d8%ad%d8%af%d9%88%d8%af-%d8%a3%d9%85-%d8%a7%d8%ad%d8%aa%d9%84%d8%a7%d9%84-%d8%b7%d9%88%d9%8a%d9%84-%d9%85%d8%a7%d8%b0%d8%a7-%d8%aa%d8%ae%d8%b7%d8%b7,2,0.6041
https://www.aljazeera.net/news/2026/3/17/%d9%83%d9%8a%d9%81-%d9%8a%d9%86%d8%b9%d9%83%d8%b3-%d8%ba%d9%8a%d8%a7%d8%a8-%d9%84%d8%a7%d8%b1%d9%8a%d8%ac%d8%a7%d9%86%d9%8a-%d9%88%d8%b3%d9%84%d9%8a%d9%85%d8%a7%d9%86%d9%8a-%d8%b9%d9%84%d9%89,7,1.0
https://www.aljazeera.net/news/2026/3/17/%d8%a3%d8%b5%d8%a8%d8%ad%d9%86%d8%a7-%d9%83%d8%a3%d9%87%d9%84-%d8%ba%d8%b2%d8%a9-%d9%86%d8%a7%d8%b2%d8%ad%d9%88%d9%86-%d9%84%d8%a8%d9%86%d8%a7%d9%86%d9%8a%d9%88%d9%86-%d9%8a%d8%b1%d9%88%d9%88%d9%86,-1,0.0
https://www.aljazeera.net/news/2026/3/17/%d8%af%d8%a8%d9%84%d9%88%d9%85%d8%a7%d8%b3%d9%8a%d8%a9-%d8%a7%d9%84%d8%a7%d8%b3%d8%aa%d8%ab%d9%86%d8%a7%d8%a1%d8%a7%d8%aa-%d9%84%d9%85%d8%a7%d8%b0%d8%a7-%d8%aa%d8%b3%d9%85%d8%ad,0,1.0
https://www.aljazeera.net/news/2026/3/17/%d8%a8%d8%b9%d9%8a%d8%af%d8%a7-%d8%b9%d9%86-%d8%ad%d8%b1%d8%a8-%d8%a5%d9%8a%d8%b1%d8%a7%d9%86-%d9%87%d8%b0%d9%87-%d8%a3%d8%a8%d8%b1%d8%b2-%d8%aa%d8%b7%d9%88%d8%b1%d8%a7%d8%aa-2,3,0.6747
https://www.aljazeera.net/news/2026/3/17/%d9%83%d9%8a%d9%81-%d8%aa%d9%88%d8%a7%d8%ac%d9%87-%d8%a7%d9%84%d8%ad%d9%83%d9%88%d9%85%d8%a7%d8%aa-%d8%a7%d9%84%d8%a3%d9%81%d8%b1%d9%8a%d9%82%d9%8a%d8%a9-%d8%b4%d8%a8%d9%83%d8%a7%d8%aa,12,0.4112
https://www.aljazeera.net/news/2026/3/17/1000-%d9%87%d8%af%d9%81-%d9%83%d9%84-24-%d8%b3%d8%a7%d8%b9%d8%a9-%d8%ad%d8%b1%d8%a8-%d8%a5%d9%8a%d8%b1%d8%a7%d9%86-%d8%aa%d9%83%d8%b3%d8%b1-%d9%83%d9%84-%d9%82%d9%88%d8%a7%d8%b9%d8%af,1,0.415
https://www.aljazeera.net/news/2026/3/17/%d8%b9%d8%a7%d8%ac%d9%84-%d9%85%d8%af%d9%8a%d8%b1-%d8%a7%d9%84%d9%85%d8%b1%d9%83%d8%b2-%d8%a7%d9%84%d9%88%d8%b7%d9%86%d9%8a-%d9%84%d9%85%d9%83%d8%a7%d9%81%d8%ad%d8%a9,0,0.9895
https://www.aljazeera.net/news/2026/3/17/%d8%ba%d8%b2%d8%a9-%d8%aa%d9%88%d8%a7%d8%ac%d9%87-%d8%b4%d8%a8%d8%ad-%d8%a7%d9%84%d9%85%d8%ac%d8%a7%d8%b9%d8%a9-%d9%82%d8%a8%d9%84-%d8%a7%d9%84%d8%b9%d9%8a%d8%af-%d8%b1%d9%81%d9%88%d9%81,3,1.0
https://www.aljazeera.net/news/2026/3/17/%d8%ac%d8%b2%d9%8a%d8%b1%d8%a9-%d9%82%d8%b4%d9%85-%d8%a7%d9%84%d8%a5%d9%8a%d8%b1%d8%a7%d9%86%d9%8a%d8%a9-%d9%84%d9%85%d8%a7%d8%b0%d8%a7-%d8%aa%d8%b7%d8%b1%d8%ad-%d9%83%d9%87%d8%af%d9%81,0,1.0
https://www.aljazeera.net/news/2026/3/17/%d9%87%d9%84-%d9%81%d8%b9%d9%84%d8%a7-%d8%aa%d8%b9%d8%b1%d8%b6-%d8%b9%d9%86%d8%a7%d8%b5%d8%b1-%d8%a7%d9%84%d8%a8%d8%a7%d8%b3%d9%8a%d8%ac-%d9%84%d8%a7%d8%b3%d8%aa%d9%87%d8%af%d8%a7%d9%81,-1,0.0
https://www.aljazeera.net/news/2026/3/17/%d8%a7%d8%b3%d8%aa%d9%82%d8%a7%d9%84%d8%a9-%d9%85%d8%af%d9%88%d9%8a%d8%a9-%d8%aa%d9%87%d8%b2-%d9%88%d8%a7%d8%b4%d9%86%d8%b7%d9%86-%d9%85%d8%b3%d8%a4%d9%88%d9%84-%d9%85%d9%83%d8%a7%d9%81%d8%ad%d8%a9,0,0.9886
https://www.aljazeera.net/news/2026/3/17/%d8%a3%d9%83%d8%b3%d9%8a%d9%88%d8%b3-%d9%84%d8%a7%d8%b1%d9%8a%d8%ac%d8%a7%d9%86%d9%8a-%d9%83%d8%a7%d9%86-%d9%8a%d8%af%d9%81%d8%b9-%d8%a8%d8%a7%d8%aa%d8%ac%d8%a7%d9%87,7,1.0
https://www.aljazeera.net/news/2026/3/17/%d9%81%d8%aa%d8%b4-%d8%b9%d9%86-%d8%a3%d8%b5%d8%a7%d8%a8%d8%b9-%d8%a3%d9%85%d8%b1%d9%8a%d9%83%d8%a7-%d9%86%d8%a7%d8%b4%d8%b7%d9%88%d9%86-%d9%8a%d8%b9%d9%84%d9%82%d9%88%d9%86-%d8%b9%d9%84%d9%89,-1,0.0
https://www.aljazeera.net/news/2026/3/17/%d9%83%d9%8a%d9%81-%d8%aa%d8%b5%d8%af%d8%b1-%d8%a5%d9%8a%d8%b1%d8%a7%d9%86-%d9%86%d9%81%d8%b7%d9%87%d8%a7-%d8%a8%d8%b3%d9%84%d8%a7%d8%b3%d8%a9-%d8%b1%d8%ba%d9%85-%d8%a5%d8%ba%d9%84%d8%a7%d9%82,0,1.0
https://www.aljazeera.net/news/2026/3/17/%d8%a5%d8%b3%d8%b1%d8%a7%d8%a6%d9%8a%d9%84-%d8%aa%d8%b9%d9%84%d9%86-%d8%a7%d8%ba%d8%aa%d9%8a%d8%a7%d9%84-%d8%b9%d9%84%d9%8a-%d9%84%d8%a7%d8%b1%d9%8a%d8%ac%d8%a7%d9%86%d9%8a,7,1.0
https://www.aljazeera.net/news/2026/3/17/%d9%85%d9%82%d8%aa%d9%84-3-%d8%ac%d9%86%d9%88%d8%af-%d9%84%d8%a8%d9%86%d8%a7%d9%86%d9%8a%d9%8a%d9%86-%d8%a8%d9%82%d8%b5%d9%81-%d8%a5%d8%b3%d8%b1%d8%a7%d8%a6%d9%8a%d9%84%d9%8a-%d9%88%d8%b9%d9%88%d9%86,2,1.0
https://www.aljazeera.net/news/2026/3/17/%d8%a3%d8%b3%d8%b1%d8%a7%d8%a8-%d8%a7%d9%84%d9%85%d8%b3%d9%8a%d8%b1%d8%a7%d8%aa-%d9%81%d9%8a-%d8%a8%d8%ba%d8%af%d8%a7%d8%af-%d8%a7%d8%ae%d8%aa%d8%a8%d8%a7%d8%b1-%d9%85%d8%b9%d9%82%d8%af,13,0.6657
https://www.aljazeera.net/news/2026/3/17/%d8%b9%d8%a7%d8%ac%d9%84-%d8%a7%d9%84%d8%ad%d8%b1%d8%b3-%d8%a7%d9%84%d8%ab%d9%88%d8%b1%d9%8a-%d8%a7%d9%84%d8%a5%d9%8a%d8%b1%d8%a7%d9%86%d9%8a-%d8%a7%d8%b3%d8%aa%d8%b4%d9%87%d8%a7%d8%af,7,1.0
https://www.aljazeera.net/news/2026/3/17/%d8%aa%d8%b1%d9%85%d8%a8-%d9%8a%d8%b4%d9%83%d9%88-%d8%b1%d9%81%d8%b6-%d8%a7%d9%84%d9%86%d8%a7%d8%aa%d9%88-%d8%a7%d9%84%d9%85%d8%b4%d8%a7%d8%b1%d9%83%d8%a9-%d9%81%d9%8a-%d8%a7%d9%84%d8%ad%d8%b1%d8%a8,0,1.0
https://www.aljazeera.net/news/2026/3/17/%d8%a8%d8%b9%d8%af-%d8%a3%d9%86%d8%a8%d8%a7%d8%a1-%d9%85%d9%82%d8%aa%d9%84-%d9%84%d8%a7%d8%b1%d9%8a%d8%ac%d8%a7%d9%86%d9%8a-%d9%88%d8%b3%d9%84%d9%8a%d9%85%d8%a7%d9%86%d9%8a,0,0.9163
https://www.aljazeera.net/news/2026/3/17/%d9%84%d8%a7-%d9%82%d8%b5%d9%81-%d9%8a%d9%85%d9%86%d8%b9%d9%87%d9%85-%d8%b9%d9%86-%d8%b7%d9%84%d8%a8-%d8%a7%d9%84%d8%b1%d8%b2%d9%82-%d8%b3%d8%a7%d8%a6%d9%82%d9%88,-1,0.0
https://www.aljazeera.net/news/2026/3/17/%d8%a7%d8%ba%d8%aa%d9%8a%d8%a7%d9%84-%d9%84%d8%a7%d8%b1%d9%8a%d8%ac%d8%a7%d9%86%d9%8a-%d9%87%d9%84-%d8%aa%d8%af%d9%81%d8%b9-%d8%a7%d9%84%d8%ad%d8%b1%d8%a8-%d8%a5%d9%8a%d8%b1%d8%a7%d9%86,7,1.0
https://www.aljazeera.net/news/2026/3/17/%d8%aa%d9%84%d9%85%d9%8a%d8%ad%d8%a7%d8%aa-%d9%81%d9%8a-%d8%b7%d9%87%d8%b1%d8%a7%d9%86-%d9%84%d8%b5%d8%ad%d8%a9-%d8%b1%d9%88%d8%a7%d9%8a%d8%a9-%d8%a7%d9%84%d8%a7%d8%ba%d8%aa%d9%8a%d8%a7%d9%84,7,1.0
https://www.aljazeera.net/news/2026/3/17/%d8%b9%d8%a7%d8%ac%d9%84-%d9%87%d9%8a%d8%a6%d8%a9-%d8%a7%d9%84%d8%a8%d8%ab-%d8%a7%d9%84%d8%a5%d8%b3%d8%b1%d8%a7%d8%a6%d9%8a%d9%84%d9%8a%d8%a9-%d8%b1%d8%b5%d8%af-%d8%a5%d8%b7%d9%84%d8%a7%d9%82,2,0.8714
https://www.aljazeera.net/news/2026/3/17/%d8%a7%d9%84%d8%a3%d9%85%d9%85-%d8%a7%d9%84%d9%85%d8%aa%d8%ad%d8%af%d8%a9-%d8%aa%d8%ad%d8%b0%d8%b1-45-%d9%85%d9%84%d9%8a%d9%88%d9%86-%d8%b4%d8%ae%d8%b5-%d8%a5%d8%b6%d8%a7%d9%81%d9%8a%d9%8a%d9%86,-1,0.0
https://www.aljazeera.net/news/2026/3/17/%d8%b3%d9%85%d8%a7%d8%a1-%d8%a7%d9%84%d8%b4%d8%b1%d9%82-%d8%a7%d9%84%d8%a3%d9%88%d8%b3%d8%b7-%d9%85%d8%b2%d8%af%d8%ad%d9%85%d8%a9-%d8%a8%d8%a7%d9%84%d8%a5%d9%85%d8%af%d8%a7%d8%af%d8%a7%d8%aa,-1,0.0
https://www.aljazeera.net/news/2026/3/17/%d9%85%d8%ad%d9%85%d8%af-%d8%a7%d9%84%d9%85%d8%b3%d9%81%d8%b1-%d8%b9%d9%84%d9%89-%d8%a7%d9%84%d8%b9%d8%b1%d8%a8-%d8%aa%d9%88%d8%ac%d9%8a%d9%87-%d8%b1%d8%b3%d8%a7%d8%a6%d9%84,0,1.0
https://www.aljazeera.net/news/2026/3/17/%d8%a7%d9%84%d9%84%d9%88%d8%a8%d9%8a-%d8%a7%d9%84%d8%a5%d8%b3%d8%b1%d8%a7%d8%a6%d9%8a%d9%84%d9%8a-%d9%81%d9%8a-%d9%82%d9%84%d8%a8-%d8%a7%d9%84%d8%b9%d8%a7%d8%b5%d9%81%d8%a9-%d9%85%d8%a7,0,0.9467
https://www.aljazeera.net/news/2026/3/17/%d8%a7%d9%84%d8%b3%d9%88%d8%af%d8%a7%d9%86-%d9%8a%d8%aa%d8%ac%d9%87-%d9%84%d8%a3%d9%88%d9%84-%d8%aa%d8%b9%d8%af%d9%8a%d9%84-%d9%88%d8%b2%d8%a7%d8%b1%d9%8a-%d9%81%d9%8a-%d8%ad%d9%83%d9%88%d9%85%d8%a9,10,0.5108
https://www.aljazeera.net/news/2026/3/17/%d8%a5%d8%b5%d8%a7%d8%a8%d8%a9-%d8%b4%d8%ae%d8%b5%d9%8a%d9%86-%d8%a8%d8%a7%d9%84%d9%83%d9%88%d9%8a%d8%aa-%d9%88%d8%aa%d8%b9%d8%b7%d9%84-%d9%85%d9%8a%d9%86%d8%a7%d8%a1,4,0.806
https://www.aljazeera.net/news/2026/3/17/%d8%a7%d9%84%d8%b9%d8%b1%d8%a7%d9%82-%d8%aa%d8%ac%d8%af%d8%af-%d8%a7%d9%84%d9%87%d8%ac%d9%85%d8%a7%d8%aa-%d8%b9%d9%84%d9%89-%d8%a7%d9%84%d8%b3%d9%81%d8%a7%d8%b1%d8%a9,13,1.0
https://www.aljazeera.net/news/2026/3/17/%d8%a7%d9%84%d9%82%d8%af%d8%b3-%d8%a7%d9%84%d8%a3%d9%82%d8%b5%d9%89-%d9%81%d9%84%d8%b3%d8%b7%d9%8a%d9%86-%d9%82%d9%85%d8%b9-%d8%b5%d9%84%d8%a7%d8%a9-%d8%b1%d9%85%d8%b6%d8%a7%d9%86,17,0.9247
https://www.aljazeera.net/news/liveblog/2026/3/16/%d8%a7%d9%84%d8%ad%d8%b1%d8%a8-%d8%b9%d9%84%d9%89-%d8%a5%d9%8a%d8%b1%d8%a7%d9%86-%d9%85%d8%a8%d8%a7%d8%b4%d8%b1-%d8%ad%d8%b2%d8%a8-%d8%a7%d9%84%d9%84%d9%87-%d9%8a%d9%83%d8%ab%d9%81,7,0.8616
https://www.aljazeera.net/news/2026/3/16/%d9%85%d8%ad%d9%84%d9%84-%d8%b9%d8%b1%d8%a7%d9%82%d9%8a-%d8%aa%d8%b5%d8%a7%d8%b9%d8%af-%d8%a7%d9%84%d8%ad%d8%b1%d8%a8-%d8%b3%d9%8a%d8%ac%d8%b9%d9%84-%d8%a7%d9%84%d8%b9%d8%b1%d8%a7%d9%82,13,0.9733
https://www.aljazeera.net/news/2026/3/16/%d8%b9%d8%a7%d8%ac%d9%84-%d8%aa%d8%b1%d9%85%d8%a8-%d9%86%d8%ad%d9%86-%d9%84%d8%a7-%d9%86%d8%ad%d8%b5%d9%84-%d8%b9%d9%84%d9%89-%d8%b4%d9%8a%d8%a1-%d9%85%d9%86-%d9%85%d8%b6%d9%8a%d9%82,0,1.0
https://www.aljazeera.net/news/2026/3/16/%d8%aa%d8%b4%d8%a7%d8%af-%d8%aa%d8%af%d8%a7%d9%81%d8%b9-%d8%b9%d9%86-%d8%b3%d8%ac%d9%84%d9%87%d8%a7-%d8%a7%d9%84%d8%ad%d9%82%d9%88%d9%82%d9%8a-%d8%a3%d9%85%d8%a7%d9%85-%d9%85%d8%ac%d9%84%d8%b3,5,0.6016
https://www.aljazeera.net/news/2026/3/16/%d8%b2%d8%b9%d9%8a%d9%85-%d8%a7%d9%84%d9%85%d8%b9%d8%a7%d8%b1%d8%b6%d8%a9-%d8%a7%d9%84%d8%a3%d9%88%d8%ba%d9%86%d8%af%d9%8a%d8%a9-%d8%a8%d9%88%d8%a8%d9%8a-%d9%88%d8%a7%d9%8a%d9%86,5,0.9435
https://www.aljazeera.net/news/2026/3/16/%d8%a7%d9%84%d9%86%d9%8a%d8%ac%d8%b1-%d8%aa%d8%b3%d8%aa%d8%af%d8%b9%d9%8a-%d9%85%d9%85%d8%ab%d9%84-%d8%a7%d9%84%d8%a7%d8%aa%d8%ad%d8%a7%d8%af-%d8%a7%d9%84%d8%a3%d9%88%d8%b1%d9%88%d8%a8%d9%8a,5,1.0
https://www.aljazeera.net/news/2026/3/16/%d8%a5%d9%8a%d8%b1%d8%a7%d9%86-%d8%aa%d8%b9%d8%aa%d9%82%d9%84-500-%d8%b4%d8%ae%d8%b5-%d8%a8%d8%aa%d9%87%d9%85%d8%a9-%d8%a7%d9%84%d8%aa%d8%ae%d8%a7%d8%a8%d8%b1-%d9%85%d8%b9-%d8%ac%d9%87%d8%a7%d8%aa,-1,0.0
https://www.aljazeera.net/news/2026/3/16/%d8%ae%d8%a8%d9%8a%d8%b1-%d8%a5%d8%b3%d8%b1%d8%a7%d8%a6%d9%8a%d9%84%d9%8a-%d8%a7%d9%84%d9%82%d9%86%d8%a7%d8%a8%d9%84-%d8%a7%d9%84%d8%b9%d9%86%d9%82%d9%88%d8%af%d9%8a%d8%a9,1,0.9426
https://www.aljazeera.net/news/2026/3/16/%d8%aa%d8%b1%d9%83%d9%8a%d8%a7-%d9%86%d9%85%d8%aa%d9%84%d9%83-65-%d9%85%d9%86-%d8%b3%d9%88%d9%82-%d8%a7%d9%84%d9%85%d8%b3%d9%8a%d8%b1%d8%a7%d8%aa,-1,0.0
https://www.aljazeera.net/news/2026/3/16/%d8%b9%d8%a7%d8%ac%d9%84-%d8%af%d9%88%d9%8a-%d8%a7%d9%86%d9%81%d8%ac%d8%a7%d8%b1%d8%a7%d8%aa-%d9%81%d9%8a-%d8%b7%d9%87%d8%b1%d8%a7%d9%86-%d9%88%d9%87%d8%ac%d9%88%d9%85,1,0.8084
https://www.aljazeera.net/news/2026/3/16/%d9%82%d8%b7%d8%b1-%d9%88%d8%a7%d9%84%d8%b3%d8%b9%d9%88%d8%af%d9%8a%d8%a9-%d8%aa%d8%af%d9%8a%d9%86%d8%a7%d9%86-%d8%a7%d9%84%d8%a7%d8%b9%d8%aa%d8%af%d8%a7%d8%a1%d8%a7%d8%aa,9,0.8747
https://www.aljazeera.net/news/2026/3/16/%d8%a7%d9%84%d8%b3%d9%81%d8%a7%d8%b1%d8%a9-%d8%a7%d9%84%d8%a3%d9%85%d8%b1%d9%8a%d9%83%d9%8a%d8%a9-%d9%81%d9%8a-%d8%a7%d9%84%d8%a3%d8%b1%d8%af%d9%86-%d8%aa%d8%b9%d9%84%d9%82,13,0.2553
https://www.aljazeera.net/news/2026/3/16/%d8%ad%d9%84%d9%81%d8%a7%d8%a1-%d9%88%d8%a7%d8%b4%d9%86%d8%b7%d9%86-%d9%81%d9%8a-%d8%ad%d9%8a%d8%b1%d8%a9-%d8%aa%d8%b1%d9%85%d8%a8-%d9%8a%d8%ae%d9%81%d9%8a,0,1.0
https://www.aljazeera.net/news/2026/3/16/%d8%a8%d8%b9%d8%af-%d9%87%d8%af%d9%88%d8%a1-%d8%ad%d8%b0%d8%b1-%d8%b9%d9%88%d8%af%d8%a9-%d8%a7%d9%84%d8%ba%d8%a7%d8%b1%d8%a7%d8%aa-%d8%a7%d9%84%d8%a5%d8%b3%d8%b1%d8%a7%d8%a6%d9%8a%d9%84%d9%8a%d8%a9,2,1.0
https://www.aljazeera.net/news/2026/3/16/%d9%88%d8%b1%d8%a7%d8%a1-%d8%a7%d9%84%d9%82%d8%b5%d9%81-%d9%88%d8%a7%d9%84%d8%af%d9%85%d8%a7%d8%b1-%d9%83%d9%8a%d9%81-%d8%aa%d9%81%d8%aa%d9%83-%d8%ad%d8%b1%d9%88%d8%a8,1,0.3766
https://www.aljazeera.net/news/2026/3/16/%d8%b9%d8%a7%d8%ac%d9%84-%d8%a3%d9%83%d8%b3%d9%8a%d9%88%d8%b3-%d8%b9%d9%86-%d9%85%d8%b3%d8%a4%d9%88%d9%84-%d8%a3%d9%85%d8%b1%d9%8a%d9%83%d9%8a-%d8%aa%d8%b1%d9%85%d8%a8,0,1.0
https://www.aljazeera.net/news/2026/3/16/%d8%b3%d9%84%d8%b7%d8%a7%d8%aa-%d8%a7%d9%84%d8%a7%d8%ad%d8%aa%d9%84%d8%a7%d9%84-%d8%aa%d8%b9%d9%84%d9%86-%d8%a5%d8%b9%d8%a7%d8%af%d8%a9-%d9%81%d8%aa%d8%ad-%d9%85%d8%b9%d8%a8%d8%b1-%d8%b1%d9%81%d8%ad,3,0.6672
https://www.aljazeera.net/news/2026/3/16/%d8%a5%d8%b3%d8%b1%d8%a7%d8%a6%d9%8a%d9%84-%d8%aa%d9%88%d8%b3%d8%b9-%d8%b9%d9%85%d9%84%d9%8a%d8%aa%d9%87%d8%a7-%d8%a8%d9%84%d8%a8%d9%86%d8%a7%d9%86-%d9%88%d8%aa%d8%b9%d8%aa%d8%b2%d9%85,2,0.7817
https://www.aljazeera.net/news/2026/3/16/%d8%a7%d9%84%d9%87%d9%86%d8%af-%d8%aa%d9%86%d8%ac%d8%ad-%d9%81%d9%8a-%d8%b9%d8%a8%d9%88%d8%b1-%d9%85%d8%b6%d9%8a%d9%82-%d9%87%d8%b1%d9%85%d8%b2-%d9%88%d8%aa%d8%b9%d8%b1%d8%b6,0,1.0
https://www.aljazeera.net/news/2026/3/16/%d8%b4%d8%b8%d8%a7%d9%8a%d8%a7-%d8%b5%d8%a7%d8%b1%d9%88%d8%ae-%d8%a5%d9%8a%d8%b1%d8%a7%d9%86%d9%8a-%d8%aa%d8%b5%d9%8a%d8%a8-%d9%85%d8%a8%d9%86%d9%89-%d9%8a%d8%b3%d9%83%d9%86%d9%87,1,1.0
https://www.aljazeera.net/news/2026/3/16/%d8%a5%d8%b3%d8%a8%d8%a7%d9%86%d9%8a%d8%a7-%d8%aa%d9%86%d9%82%d9%84-%d9%82%d9%88%d8%a7%d8%aa%d9%87%d8%a7-%d8%a7%d9%84%d8%ae%d8%a7%d8%b5%d8%a9-%d8%a7%d9%84%d9%85%d8%aa%d9%85%d8%b1%d9%83%d8%b2%d8%a9,-1,0.0
https://www.aljazeera.net/news/2026/3/16/%d8%b9%d8%a7%d8%ac%d9%84-%d8%b1%d9%88%d9%8a%d8%aa%d8%b1%d8%b2-%d9%85%d9%8a%d9%86%d8%a7%d8%a1-%d8%a7%d9%84%d9%81%d8%ac%d9%8a%d8%b1%d8%a9-%d8%a7%d9%84%d8%a5%d9%85%d8%a7%d8%b1%d8%a7%d8%aa%d9%8a,4,0.5949
https://www.aljazeera.net/news/2026/3/16/%d8%b5%d9%88%d8%b1-%d9%81%d8%b6%d8%a7%d8%a6%d9%8a%d8%a9-%d8%aa%d8%b8%d9%87%d8%b1-%d8%a7%d8%b3%d8%aa%d9%85%d8%b1%d8%a7%d8%b1-%d8%aa%d8%b5%d8%a7%d8%b9%d8%af-%d8%a7%d9%84%d8%af%d8%ae%d8%a7%d9%86,4,0.7435
https://www.aljazeera.net/news/2026/3/16/%d8%a8%d8%b9%d8%af-%d8%af%d8%b9%d9%88%d8%a9-%d8%aa%d8%b1%d9%85%d8%a8-%d8%a7%d9%84%d9%8a%d8%a7%d8%a8%d8%a7%d9%86-%d9%88%d8%a3%d8%b3%d8%aa%d8%b1%d8%a7%d9%84%d9%8a%d8%a7-%d9%84%d8%a7,0,1.0
https://www.aljazeera.net/news/2026/3/16/%d8%aa%d8%b1%d9%85%d8%a8-%d9%8a%d9%87%d8%a7%d8%ac%d9%85-%d8%a7%d9%84%d8%a5%d8%b9%d9%84%d8%a7%d9%85-%d8%a8%d8%b3%d8%a8%d8%a8-%d8%aa%d8%ba%d8%b7%d9%8a%d8%a9-%d8%ad%d8%b1%d8%a8,0,0.9851
https://www.aljazeera.net/news/2026/3/16/%d9%85%d9%82%d8%aa%d9%84-%d8%a7%d8%ab%d9%86%d9%8a%d9%86-%d8%a8%d9%82%d8%b5%d9%81-%d8%b9%d9%84%d9%89-%d8%a7%d9%84%d8%ad%d8%b4%d8%af-%d8%a7%d9%84%d8%b4%d8%b9%d8%a8%d9%8a,13,1.0
https://www.aljazeera.net/news/2026/3/16/%d9%85%d8%a7%d8%b0%d8%a7-%d9%88%d8%b1%d8%a7%d8%a1-%d8%b1%d9%81%d8%b9-%d8%a5%d8%b3%d8%b1%d8%a7%d8%a6%d9%8a%d9%84-%d9%82%d9%88%d8%a7%d8%aa-%d8%a7%d9%84%d8%a7%d8%ad%d8%aa%d9%8a%d8%a7%d8%b7,2,0.6041
https://www.aljazeera.net/news/2026/3/16/%d8%a8%d9%8a%d9%88%d9%85-%d9%88%d8%a7%d8%ad%d8%af-16-%d8%b4%d9%87%d9%8a%d8%af%d8%a7-%d8%a8%d9%86%d9%8a%d8%b1%d8%a7%d9%86-%d8%a7%d9%84%d8%a7%d8%ad%d8%aa%d9%84%d8%a7%d9%84-%d9%81%d9%8a,3,1.0
https://www.aljazeera.net/news/2026/3/16/%d9%84%d9%8a%d8%b3-%d8%a7%d9%84%d8%af%d9%85%d8%a7%d8%b1-%d9%88%d8%ad%d8%af%d9%87-%d8%a3%d8%ab%d9%85%d8%a7%d9%86-%d8%a3%d8%ae%d8%b1%d9%89-%d9%84%d9%84%d8%ad%d8%b1%d8%a8,1,0.3841
https://www.aljazeera.net/news/2026/3/16/%d9%82%d8%b7%d8%b1-%d8%a7%d9%84%d8%ae%d9%8a%d8%b1%d9%8a%d8%a9-%d8%aa%d8%ac%d9%85%d8%b9-40-%d9%85%d9%84%d9%8a%d9%88%d9%86-%d8%b1%d9%8a%d8%a7%d9%84-%d9%81%d9%8a-%d8%aa%d8%ad%d8%af%d9%8a,-1,0.0
https://www.aljazeera.net/news/2026/3/16/%d8%ad%d9%8a%d9%86-%d8%b5%d8%a7%d8%b1-%d8%a7%d9%84%d8%ac%d9%88%d8%a7%d8%b1-%d9%85%d9%82%d8%a7%d9%88%d9%85%d8%a9-%d8%aa%d9%88%d9%85%d8%a7%d8%b3-%d9%81%d8%b1%d9%8a%d8%af%d9%85%d8%a7%d9%86,0,0.7633
https://www.aljazeera.net/news/2026/3/16/%d8%aa%d8%b1%d9%85%d8%a8-%d9%8a%d8%aa%d9%87%d9%85-%d8%a5%d9%8a%d8%b1%d8%a7%d9%86-%d8%a8%d9%81%d8%a8%d8%b1%d9%83%d8%a9-%d9%85%d8%b4%d8%a7%d9%87%d8%af-%d8%ad%d8%b1%d8%a8,0,0.8092
https://www.aljazeera.net/news/2026/3/16/%d8%b9%d8%b1%d8%a7%d9%82%d8%ac%d9%8a-%d8%a5%d8%b3%d8%b1%d8%a7%d8%a6%d9%8a%d9%84-%d9%85%d8%b3%d8%aa%d9%88%d8%af%d8%b9%d8%a7%d8%aa-%d9%88%d9%82%d9%88%d8%af-%d8%b7%d9%87%d8%b1%d8%a7%d9%86,1,0.4516
https://www.aljazeera.net/news/2026/3/16/%d8%a3%d9%88%d8%b1%d9%88%d8%a8%d8%a7-%d8%aa%d9%86%d8%a7%d9%82%d8%b4-%d8%aa%d8%af%d8%a7%d8%b9%d9%8a%d8%a7%d8%aa-%d8%a5%d8%ba%d9%84%d8%a7%d9%82-%d9%85%d8%b6%d9%8a%d9%82-%d9%87%d8%b1%d9%85%d8%b2,0,1.0
https://www.aljazeera.net/news/2026/3/16/%d8%a7%d9%84%d8%ae%d8%a7%d8%b1%d8%ac%d9%8a%d8%a9-%d8%a7%d9%84%d9%82%d8%b7%d8%b1%d9%8a%d8%a9-%d8%b9%d9%84%d9%89-%d8%a5%d9%8a%d8%b1%d8%a7%d9%86-%d9%88%d9%82%d9%81-2,9,0.9174
https://www.aljazeera.net/news/2026/3/16/%d9%83%d9%8a%d9%81-%d8%aa%d8%ad%d8%a7%d9%88%d9%84-%d8%a5%d9%8a%d8%b1%d8%a7%d9%86-%d9%85%d8%b4%d8%a7%d8%ba%d9%84%d8%a9-%d8%af%d9%81%d8%a7%d8%b9%d8%a7%d8%aa,1,0.7121
https://www.aljazeera.net/news/2026/3/16/142-%d9%85%d8%b5%d8%a7%d8%a8%d8%a7-%d9%81%d9%8a-24-%d8%b3%d8%a7%d8%b9%d8%a9-%d8%a7%d9%84%d9%85%d9%88%d8%ac%d8%a9-%d8%a7%d9%84%d9%80-55-%d9%85%d9%86,1,1.0
https://www.aljazeera.net/news/2026/3/16/%d9%85%d9%86-%d9%8a%d9%82%d8%a7%d8%aa%d9%84-%d9%81%d9%8a-%d8%a7%d9%84%d8%b4%d9%88%d8%a7%d8%b1%d8%b9-%d9%88%d9%85%d9%86-%d9%8a%d9%82%d9%88%d8%af-%d8%a7%d9%84%d8%ad%d8%b1%d8%a8,7,1.0
https://www.aljazeera.net/news/2026/3/16/%d8%ad%d8%b1%d8%a8-%d9%85%d8%b3%d9%8a%d8%b1%d8%a7%d8%aa-%d9%81%d9%88%d9%82-%d9%83%d9%8a%d9%8a%d9%81-%d9%88%d9%85%d9%88%d8%b3%d9%83%d9%88-%d9%88%d9%87%d8%ac%d9%85%d8%a7%d8%aa,12,1.0
https://www.aljazeera.net/news/2026/3/16/%d8%a3%d9%81%d8%ba%d8%a7%d9%86%d8%b3%d8%aa%d8%a7%d9%86-%d8%aa%d8%b9%d9%84%d9%86-%d9%85%d9%82%d8%aa%d9%84-%d9%85%d8%af%d9%86%d9%8a%d9%8a%d9%86-%d8%a7%d8%ab%d9%86%d9%8a%d9%86-%d8%ac%d8%b1%d8%a7%d8%a1,-1,0.0
https://www.aljazeera.net/news/2026/3/16/%d9%85%d8%b3%d9%82%d8%b7-%d9%88%d8%a7%d9%84%d9%82%d8%a7%d9%87%d8%b1%d8%a9-%d8%aa%d8%a4%d9%83%d8%af%d8%a7%d9%86-%d8%b6%d8%b1%d9%88%d8%b1%d8%a9-%d8%aa%d9%88%d8%ad%d9%8a%d8%af,9,0.3767
https://www.aljazeera.net/news/2026/3/16/%d8%a8%d9%8a%d9%86-%d8%a7%d9%84%d8%a3%d9%86%d9%82%d8%a7%d8%b6-%d9%88%d8%a7%d9%84%d8%b1%d9%83%d8%a7%d9%85-%d8%a7%d9%84%d8%ba%d8%b2%d9%8a%d9%88%d9%86-%d9%8a%d8%ad%d9%8a%d9%88%d9%86,3,0.5978
https://www.aljazeera.net/news/2026/3/16/40-%d9%85%d9%86%d8%b8%d9%85%d8%a9-%d8%aa%d8%b7%d8%a7%d9%84%d8%a8-%d8%a8%d8%a7%d9%84%d8%a5%d9%81%d8%b1%d8%a7%d8%ac-%d8%b9%d9%86-%d8%b5%d8%ad%d9%81%d9%8a%d8%a9,11,1.0
https://www.aljazeera.net/news/2026/3/16/%d8%a3%d9%85%d8%b1%d9%8a%d9%83%d8%a7-%d8%a7%d9%84%d8%ac%d9%86%d8%b3%d9%8a%d8%a9-%d8%b1%d8%b3%d9%88%d9%85-%d9%88%d8%b2%d8%a7%d8%b1%d8%a9-%d8%a7%d9%84%d8%ae%d8%a7%d8%b1%d8%ac%d9%8a%d8%a9,11,1.0
https://www.aljazeera.net/news/2026/3/16/%d8%ac%d9%85%d8%a7%d8%b9%d8%a9-%d8%ad%d9%82%d9%88%d9%82%d9%8a%d8%a9-%d8%aa%d8%b7%d8%a7%d9%84%d8%a8-%d8%a8%d8%aa%d8%ad%d9%82%d9%8a%d9%82-%d8%b9%d8%a7%d8%ac%d9%84-%d9%81%d9%8a-%d9%88%d9%81%d8%a7%d8%a9,11,1.0
https://www.aljazeera.net/news/2026/3/16/5-%d8%a3%d8%b3%d8%a6%d9%84%d8%a9-%d8%ad%d9%88%d9%84-%d8%a7%d9%86%d8%aa%d8%ae%d8%a7%d8%a8%d8%a7%d8%aa-2026-%d9%88%d9%85%d8%b3%d8%aa%d9%82%d8%a8%d9%84-%d8%a7%d9%84%d8%b1%d8%ac%d9%84,5,1.0
https://www.aljazeera.net/news/2026/3/16/%d8%b3%d8%aa%d8%a7%d8%b1%d9%85%d8%b1-%d9%84%d9%86-%d9%86%d9%86%d8%ac%d8%b1-%d9%84%d9%84%d8%ad%d8%b1%d8%a8-%d9%88%d9%81%d8%aa%d8%ad-%d9%87%d8%b1%d9%85%d8%b2-%d9%84%d9%8a%d8%b3-%d8%b3%d9%87%d9%84%d8%a7,0,0.9677
https://www.aljazeera.net/news/2026/3/16/%d8%b1%d8%a6%d9%8a%d8%b3-%d9%85%d8%af%d8%ba%d8%b4%d9%82%d8%b1-%d9%8a%d8%b9%d9%8a%d9%86-%d9%85%d8%b3%d8%a4%d9%88%d9%84-%d9%85%d9%83%d8%a7%d9%81%d8%ad%d8%a9-%d8%ba%d8%b3%d9%84,5,1.0
https://www.aljazeera.net/news/2026/3/16/%d9%87%d9%84-%d9%83%d8%a7%d9%86-%d8%b8%d9%87%d9%88%d8%b1-%d9%86%d8%aa%d9%86%d9%8a%d8%a7%d9%87%d9%88-%d9%81%d9%8a-%d9%85%d9%82%d9%87%d9%89-%d8%a7%d9%84%d8%ac%d9%86%d9%88%d8%af,-1,0.0
https://www.aljazeera.net/news/2026/3/16/%d8%b9%d8%a7%d8%ac%d9%84-%d9%88%d9%83%d8%a7%d9%84%d8%a9-%d9%85%d9%87%d8%b1-%d8%a7%d9%84%d9%85%d8%b1%d8%b4%d8%af-%d8%a7%d9%84%d8%a5%d9%8a%d8%b1%d8%a7%d9%86%d9%8a-%d9%85%d8%ac%d8%aa%d8%a8%d9%89,7,0.9144
https://www.aljazeera.net/news/2026/3/16/%d8%b9%d8%a7%d8%ac%d9%84-%d9%84%d8%a7%d8%b1%d9%8a%d8%ac%d8%a7%d9%86%d9%8a-%d8%a5%d9%8a%d8%b1%d8%a7%d9%86-%d9%85%d8%a7%d8%b6%d9%8a%d8%a9-%d9%81%d9%8a-%d8%b7%d8%b1%d9%8a%d9%82,-1,0.0
https://www.aljazeera.net/news/2026/3/16/%d9%85%d8%a7-%d8%b3%d9%8a%d9%86%d8%a7%d8%b1%d9%8a%d9%88%d9%87%d8%a7%d8%aa-%d8%a7%d9%84%d8%b3%d9%8a%d8%b7%d8%b1%d8%a9-%d8%a7%d9%84%d8%a3%d9%85%d8%b1%d9%8a%d9%83%d9%8a%d8%a9-%d8%b9%d9%84%d9%89,0,1.0
https://www.aljazeera.net/news/2026/3/16/%d8%aa%d8%b1%d9%85%d8%a8-%d9%8a%d8%b7%d8%a7%d8%b1%d8%af-%d8%a7%d9%84%d9%86%d8%b5%d8%b1-%d9%88%d8%a5%d9%8a%d8%b1%d8%a7%d9%86-%d8%aa%d9%85%d8%b3%d8%b7,0,1.0
https://www.aljazeera.net/news/2026/3/16/%d8%aa%d8%b1%d9%85%d8%a8-%d9%8a%d9%87%d8%af%d8%af-%d8%a8%d8%aa%d8%af%d9%85%d9%8a%d8%b1-%d8%ac%d8%b2%d9%8a%d8%b1%d8%a9-%d8%ae%d8%a7%d8%b1%d9%83-%d9%88%d9%8a%d8%af%d8%b9%d9%88,0,1.0
https://www.aljazeera.net/news/2026/3/16/%d9%81%d8%b1%d8%a7%d8%b1-%d9%85%d8%b3%d8%a4%d9%88%d9%84-%d9%85%d8%ad%d9%84%d9%8a-%d9%88%d8%b9%d8%b3%d9%83%d8%b1%d9%8a%d9%8a%d9%86-%d9%85%d9%86-%d9%82%d8%a8%d8%b6%d8%a9,5,0.7776
https://www.aljazeera.net/news/2026/3/16/%d8%b1%d9%88%d8%a8%d9%8a%d9%88-%d8%a3%d9%85-%d9%81%d8%a7%d9%86%d8%b3-%d9%85%d9%86-%d8%b3%d9%8a%d8%ae%d9%84%d9%81-%d8%aa%d8%b1%d9%85%d8%a8-%d8%af%d8%a7%d8%ae%d9%84-%d8%a7%d9%84%d8%ad%d8%b2%d8%a8,0,0.7135
https://www.aljazeera.net/news/2026/3/16/%d9%83%d9%8a%d9%81-%d8%aa%d9%81%d8%a7%d8%b9%d9%84-%d8%a7%d9%84%d9%85%d8%ba%d8%b1%d8%af%d9%88%d9%86-%d9%85%d8%b9-%d8%a7%d9%84%d8%b9%d9%85%d9%84%d9%8a%d8%a9,2,0.5988
https://www.aljazeera.net/news/2026/3/16/%d9%85%d8%ae%d8%b7%d8%b7-%d9%84%d9%84%d8%aa%d8%b7%d9%87%d9%8a%d8%b1-%d8%a7%d9%84%d8%b9%d8%b1%d9%82%d9%8a-%d9%87%d9%84-%d8%aa%d9%83%d8%b1%d8%b1-%d8%a5%d8%b3%d8%b1%d8%a7%d8%a6%d9%8a%d9%84,2,0.5709
https://www.aljazeera.net/news/2026/3/16/%d9%83%d8%a7%d9%85%d9%8a%d8%b1%d8%a7-%d8%b3%d9%8a%d8%a7%d8%b1%d8%a9-%d8%aa%d9%88%d8%ab%d9%82-%d9%84%d8%ad%d8%b8%d8%a7%d8%aa-%d8%b1%d8%b9%d8%a8-%d8%b9%d8%a7%d8%b4%d9%87%d8%a7,1,0.3765
https://www.aljazeera.net/news/2026/3/16/%d8%aa%d9%88%d8%ba%d9%84-%d8%a8%d8%b1%d9%8a-%d8%a5%d8%b3%d8%b1%d8%a7%d8%a6%d9%8a%d9%84%d9%8a-%d9%85%d8%aa%d8%b5%d8%a7%d8%b9%d8%af-%d9%88%d9%83%d8%a7%d8%aa%d8%b3-%d9%8a%d9%87%d8%af%d8%af,2,0.6041
https://www.aljazeera.net/news/2026/3/16/%d8%b4%d8%a7%d9%87%d8%af-%d8%b5%d8%a7%d8%b1%d9%88%d8%ae-%d9%84%d8%ad%d8%b2%d8%a8-%d8%a7%d9%84%d9%84%d9%87-%d9%8a%d8%af%d9%85%d8%b1-%d9%85%d8%a8%d9%86%d9%89-%d9%81%d9%8a,2,0.7463
https://www.aljazeera.net/news/2026/3/16/%d8%b9%d8%a7%d8%ac%d9%84-%d8%a7%d9%84%d9%82%d9%86%d8%a7%d8%a9-12-%d8%a7%d9%84%d8%a5%d8%b3%d8%b1%d8%a7%d8%a6%d9%8a%d9%84%d9%8a%d8%a9-%d8%b9%d9%86-%d9%85%d8%b5%d8%af%d8%b1-%d9%85%d8%b7%d9%84%d8%b9-3,0,1.0
https://www.aljazeera.net/news/2026/3/16/%d8%a7%d9%84%d9%82%d8%af%d8%b3-%d8%b5%d8%a7%d8%b1%d9%88%d8%ae-%d8%b4%d8%b8%d8%a7%d9%8a%d8%a7-%d8%a7%d9%84%d8%a3%d9%82%d8%b5%d9%89-%d8%a7%d9%84%d9%82%d9%8a%d8%a7%d9%85%d8%a9,1,0.8595
https://www.aljazeera.net/news/2026/3/16/%d8%a5%d9%8a%d8%b1%d8%a7%d9%86-%d8%aa%d9%84%d9%88%d8%ad-%d8%a8%d8%b6%d8%b1%d8%a8-%d8%a7%d9%84%d8%b4%d8%b1%d9%83%d8%a7%d8%aa-%d8%a7%d9%84%d8%a3%d9%85%d8%b1%d9%8a%d9%83%d9%8a%d8%a9,-1,0.0
https://www.aljazeera.net/news/2026/3/16/%d8%b1%d9%88%d9%8a%d8%aa%d8%b1%d8%b2-%d9%85%d8%ac%d9%84%d8%b3-%d8%a7%d9%84%d8%b3%d9%84%d8%a7%d9%85-%d9%8a%d8%ac%d8%b1%d9%8a-%d9%85%d8%a8%d8%a7%d8%ad%d8%ab%d8%a7%d8%aa-%d9%85%d8%b9,-1,0.0
https://www.aljazeera.net/news/2026/3/16/%d8%b5%d9%88%d8%a7%d8%b1%d9%8a%d8%ae-%d8%a5%d9%8a%d8%b1%d8%a7%d9%86-%d8%aa%d8%a8%d9%84%d8%ba-%d9%85%d9%83%d8%aa%d8%a8-%d9%86%d8%aa%d9%86%d9%8a%d8%a7%d9%87%d9%88,1,0.7622
https://www.aljazeera.net/news/2026/3/16/%d8%a7%d9%84%d8%a7%d8%ad%d8%aa%d9%84%d8%a7%d9%84-%d9%8a%d9%81%d8%b1%d9%82-%d9%85%d8%b5%d9%84%d9%8a%d9%86-%d8%a8%d9%85%d8%ad%d9%8a%d8%b7-%d8%a7%d9%84%d8%a3%d9%82%d8%b5%d9%89,17,1.0
https://www.aljazeera.net/news/2026/3/16/%d8%a8%d9%8a%d9%86-%d9%87%d8%ac%d9%85%d8%a7%d8%aa-%d8%a5%d9%8a%d8%b1%d8%a7%d9%86-%d9%88%d9%85%d8%ae%d8%b7%d8%b7%d8%a7%d8%aa-%d8%a5%d8%b3%d8%b1%d8%a7%d8%a6%d9%8a%d9%84-%d9%83%d9%8a%d9%81,0,0.7873
https://www.aljazeera.net/news/2026/3/15/%d8%b9%d8%a7%d8%ac%d9%84-%d9%88%d8%b3%d8%a7%d8%a6%d9%84-%d8%a5%d8%b9%d9%84%d8%a7%d9%85-%d8%a5%d9%8a%d8%b1%d8%a7%d9%86%d9%8a%d8%a9-%d8%af%d9%88%d9%8a-%d8%a7%d9%86%d9%81%d8%ac%d8%a7%d8%b1,1,0.9256
https://www.aljazeera.net/news/2026/3/15/%d8%a8%d9%8a%d9%86-%d8%a8%d8%a7%d8%a8-%d8%a7%d9%84%d9%85%d9%84%d8%ac%d8%a3-%d9%88%d9%83%d9%84%d8%a8-%d8%a7%d9%84%d8%ac%d8%a7%d8%b1-%d8%b4%d9%87%d8%a7%d8%af%d8%a7%d8%aa,-1,0.0
https://www.aljazeera.net/news/2026/3/15/%d8%a7%d9%84%d8%ae%d9%84%d9%8a%d8%ac-2,4,1.0
https://www.aljazeera.net/news/2026/3/15/%d8%a5%d9%8a%d8%b1%d8%a7%d9%86-%d8%aa%d8%b3%d8%aa%d8%ab%d9%85%d8%b1-%d9%81%d9%8a-%d8%a7%d9%84%d8%a7%d8%b3%d8%aa%d9%86%d8%b2%d8%a7%d9%81-%d9%88%d8%a3%d9%85%d8%b1%d9%8a%d9%83%d8%a7,0,1.0
https://www.aljazeera.net/news/2026/3/15/%d9%85%d8%aa%d8%b8%d8%a7%d9%87%d8%b1%d9%88%d9%86-%d9%8a%d8%ad%d8%b1%d9%82%d9%88%d9%86-%d8%b5%d9%88%d8%b1%d8%a7-%d9%84%d8%aa%d8%b1%d8%a7%d9%85%d8%a8-%d9%88%d9%85%d9%8a%d9%84%d9%88%d9%86%d9%8a,-1,0.0
https://www.aljazeera.net/news/2026/3/15/%d8%b9%d8%a7%d8%ac%d9%84-%d8%aa%d8%b1%d9%85%d8%a8-%d8%b9%d9%84%d9%89-%d9%85%d8%ac%d8%aa%d8%a8%d9%89-%d8%ae%d8%a7%d9%85%d9%86%d8%a6%d9%8a-%d8%a3%d9%86-%d9%8a%d9%81%d8%b9%d9%84,0,1.0
https://www.aljazeera.net/news/2026/3/15/%d8%a7%d9%84%d8%b9%d8%b1%d8%a7%d9%82-%d9%87%d8%ac%d9%85%d8%a7%d8%aa-%d8%a8%d9%85%d8%b3%d9%8a%d8%b1%d8%a7%d8%aa-%d8%b9%d9%84%d9%89-%d9%85%d8%b5%d9%81%d8%a7%d8%a9-%d9%86%d9%81%d8%b7,13,1.0
https://www.aljazeera.net/news/2026/3/15/%d8%a5%d8%b3%d8%b1%d8%a7%d8%a6%d9%8a%d9%84-%d8%aa%d9%87%d8%af%d8%af-%d8%a8%d9%82%d8%b5%d9%81-%d8%b3%d9%8a%d8%a7%d8%b1%d8%a7%d8%aa-%d8%a7%d9%84%d8%a5%d8%b3%d8%b9%d8%a7%d9%81,2,0.659
https://www.aljazeera.net/news/2026/3/15/%d9%88%d9%81%d8%af-%d9%85%d9%86-%d8%ad%d9%85%d8%a7%d8%b3-%d8%a8%d8%a7%d9%84%d9%82%d8%a7%d9%87%d8%b1%d8%a9-%d9%84%d8%a8%d8%ad%d8%ab-%d8%a3%d9%88%d8%b6%d8%a7%d8%b9-%d8%ba%d8%b2%d8%a9-%d8%a8%d8%b9%d8%af,-1,0.0
https://www.aljazeera.net/news/2026/3/15/%d8%a5%d9%8a%d8%b1%d8%a7%d9%86-%d8%aa%d8%aa%d9%87%d9%85-%d8%a7%d9%84%d8%ac%d9%8a%d8%b4-%d8%a7%d9%84%d8%a3%d9%85%d8%b1%d9%8a%d9%83%d9%8a-%d8%a8%d8%a7%d8%b3%d8%aa%d9%86%d8%b3%d8%a7%d8%ae,-1,0.0
https://www.aljazeera.net/news/2026/3/15/%d8%b9%d8%a7%d8%ac%d9%84-%d8%ad%d8%b2%d8%a8-%d8%a7%d9%84%d9%84%d9%87-%d8%a7%d8%b3%d8%aa%d9%87%d8%af%d9%81%d9%86%d8%a7-%d8%a8%d8%a7%d9%84%d8%b5%d9%88%d8%a7%d8%b1%d9%8a%d8%ae,2,0.8658
https://www.aljazeera.net/news/2026/3/15/%d9%88%d9%84%d9%84%d8%a8%d9%8a%d8%a6%d8%a9-%d9%86%d8%b5%d9%8a%d8%a8-%d9%85%d9%86-%d8%a7%d9%84%d8%a3%d8%b0%d9%89-%d9%81%d9%8a-%d8%ad%d8%b1%d8%a8-%d8%a7%d9%84%d8%b4%d8%b1%d9%82,1,0.3842
https://www.aljazeera.net/news/2026/3/15/%d9%83%d9%8a%d9%81-%d8%ac%d8%b9%d9%84%d8%aa-%d8%a5%d9%8a%d8%b1%d8%a7%d9%86-%d8%a7%d9%84%d8%a7%d9%82%d8%aa%d8%b1%d8%a7%d8%a8-%d9%85%d9%86-%d9%87%d8%b1%d9%85%d8%b2,0,1.0
https://www.aljazeera.net/news/2026/3/15/%d9%86%d9%82%d8%b5,1,0.4225
https://www.aljazeera.net/news/2026/3/15/%d8%b9%d8%a7%d8%ac%d9%84-%d8%a7%d9%84%d8%af%d8%a7%d8%ae%d9%84%d9%8a%d8%a9-%d8%a7%d9%84%d8%a5%d9%85%d8%a7%d8%b1%d8%a7%d8%aa%d9%8a%d8%a9-%d8%a7%d9%84%d8%af%d9%81%d8%a7%d8%b9%d8%a7%d8%aa,4,1.0
https://www.aljazeera.net/news/2026/3/15/%d8%a3%d8%a8-%d9%88%d8%a3%d9%85-%d9%88%d8%b7%d9%81%d9%84%d8%a7%d9%87%d9%85%d8%a7-%d8%a7%d9%84%d8%a7%d8%ad%d8%aa%d9%84%d8%a7%d9%84-%d9%8a%d8%b1%d8%aa%d9%83%d8%a8-%d9%85%d8%ac%d8%b2%d8%b1%d8%a9,15,1.0
https://www.aljazeera.net/news/2026/3/15/%d9%85%d9%83%d8%aa%d8%a8-%d9%86%d8%aa%d9%86%d9%8a%d8%a7%d9%87%d9%88-%d9%8a%d9%86%d9%81%d9%8a-%d8%b4%d8%a7%d8%a6%d8%b9%d8%a7%d8%aa-%d8%a7%d8%ba%d8%aa%d9%8a%d8%a7%d9%84%d9%87,7,0.6709
https://www.aljazeera.net/news/2026/3/15/%d9%81%d9%8a%d8%af%d9%8a%d9%88%d9%87%d8%a7%d8%aa-%d8%ae%d8%a7%d8%b1%d8%ac-%d8%a7%d9%84%d8%b3%d9%8a%d8%a7%d9%82-%d8%aa%d8%b4%d8%b9%d9%84-%d8%a7%d9%84%d8%aa%d9%88%d8%aa%d8%b1-%d9%81%d9%8a,-1,0.0
https://www.aljazeera.net/news/2026/3/15/%d8%a3%d9%85%d8%b1%d9%8a%d9%83%d8%a7-%d8%aa%d9%83%d8%b4%d9%81-%d9%87%d9%88%d9%8a%d8%a9-6-%d8%ac%d9%86%d9%88%d8%af-%d9%82%d8%aa%d9%84%d9%88%d8%a7-%d8%a8%d8%a7%d9%84%d8%b9%d8%b1%d8%a7%d9%82,13,0.3341
https://www.aljazeera.net/news/2026/3/15/%d9%85%d8%b7%d8%a7%d9%84%d8%a8-%d8%a8%d8%a7%d9%84%d8%a5%d9%81%d8%b1%d8%a7%d8%ac-%d8%b9%d9%86-%d9%86%d8%b4%d8%b7%d8%a7%d8%a1-%d8%aa%d9%88%d9%86%d8%b3%d9%8a%d9%8a%d9%86-%d8%b6%d9%85%d9%86,-1,0.0
https://www.aljazeera.net/news/2026/3/15/%d8%a7%d9%84%d9%87%d8%af%d9%86%d8%a9-%d8%a3%d9%88%d9%84%d8%a7-%d8%aa%d8%b5%d8%b7%d8%af%d9%85-%d8%a8%d8%b4%d8%b1%d9%88%d8%b7-%d8%a5%d8%b3%d8%b1%d8%a7%d8%a6%d9%8a%d9%84,8,0.8642
https://www.aljazeera.net/news/2026/3/15/%d8%a3%d9%83%d8%a8%d8%b1-%d9%87%d8%ac%d9%88%d9%85-%d9%85%d8%aa%d8%b2%d8%a7%d9%85%d9%86-%d9%85%d9%86%d8%b0-%d8%a8%d8%af%d8%a1-%d8%a7%d9%84%d8%aa%d8%b5%d8%b9%d9%8a%d8%af,1,0.8323
https://www.aljazeera.net/news/2026/3/15/%d8%a8%d9%8a%d9%86-%d8%a7%d9%84%d8%aa%d8%ad%d8%b0%d9%8a%d8%b1-%d8%a7%d9%84%d8%b9%d8%b3%d9%83%d8%b1%d9%8a-%d9%88%d8%a7%d9%84%d8%ad%d8%af%d8%b3-%d8%a7%d9%84%d8%b1%d8%a6%d8%a7%d8%b3%d9%8a,0,0.9349
https://www.aljazeera.net/news/2026/3/15/%d8%a3%d9%8a%d9%86-%d8%aa%d8%aa%d8%b1%d9%83%d8%b2-%d8%b6%d8%b1%d8%a8%d8%a7%d8%aa-%d8%a5%d9%8a%d8%b1%d8%a7%d9%86-%d9%88%d8%ad%d8%b2%d8%a8-%d8%a7%d9%84%d9%84%d9%87-%d8%af%d8%a7%d8%ae%d9%84,2,0.5745
https://www.aljazeera.net/news/2026/3/15/%d8%ae%d8%b1%d8%ac%d9%88%d8%a7-%d9%84%d8%b4%d8%b1%d8%a7%d8%a1-%d9%85%d9%84%d8%a7%d8%a8%d8%b3-%d8%a7%d9%84%d8%b9%d9%8a%d8%af-%d9%81%d8%b9%d8%a7%d8%af%d9%88%d8%a7-%d9%81%d9%8a,-1,0.0
https://www.aljazeera.net/news/2026/3/15/%d8%a7%d9%84%d9%82%d8%b6%d9%85-%d8%a7%d9%84%d8%a8%d8%b7%d9%8a%d8%a1-%d9%88%d8%ad%d8%b1%d8%a8-%d8%a7%d9%84%d8%b9%d8%b5%d8%a7%d8%a8%d8%a7%d8%aa-%d8%ae%d8%a8%d9%8a%d8%b1-%d8%b9%d8%b3%d9%83%d8%b1%d9%8a,2,0.5497
https://www.aljazeera.net/news/2026/3/15/%d8%a8%d8%b9%d8%af-%d8%b7%d9%84%d8%a8-%d8%aa%d8%b1%d9%85%d8%a8-%d8%b3%d9%88%d9%84-%d8%aa%d8%af%d8%b1%d8%b3-%d8%a5%d8%b1%d8%b3%d8%a7%d9%84-%d8%b3%d9%81%d9%86-%d8%ad%d8%b1%d8%a8%d9%8a%d8%a9,0,1.0
https://www.aljazeera.net/news/2026/3/15/%d9%87%d8%ac%d9%85%d8%a7%d8%aa-%d8%ac%d8%af%d9%8a%d8%af%d8%a9-%d8%a8%d9%85%d8%b3%d9%8a%d8%b1%d8%a7%d8%aa-%d8%a5%d9%8a%d8%b1%d8%a7%d9%86%d9%8a%d8%a9-%d8%b9%d9%84%d9%89,4,0.9462
https://www.aljazeera.net/news/2026/3/15/%d8%ae%d8%b7%d8%a7%d8%a8-%d9%85%d8%b9%d8%a7%d8%af-%d9%84%d9%84%d9%85%d8%b3%d9%84%d9%85%d9%8a%d9%86-%d8%a8%d9%8a%d9%86-%d8%a7%d9%84%d8%ac%d9%85%d9%87%d9%88%d8%b1%d9%8a%d9%8a%d9%86,0,1.0
https://www.aljazeera.net/news/2026/3/15/%d8%a7%d9%84%d9%82%d9%88%d8%a9-%d8%a7%d9%84%d8%b9%d8%b1%d8%a8%d9%8a%d8%a9-%d8%a7%d9%84%d9%85%d8%b4%d8%aa%d8%b1%d9%83%d8%a9-%d8%ac%d9%88%d9%84%d8%a9-%d9%85%d8%b5%d8%b1%d9%8a%d8%a9,9,0.3807
https://www.aljazeera.net/news/2026/3/15/%d8%a7%d8%b0%d9%87%d8%a8%d9%88%d8%a7-%d9%88%d8%b5%d9%84%d9%88%d8%a7-%d9%81%d9%8a-%d8%a8%d9%8a%d9%88%d8%aa%d9%83%d9%85-%d8%ae%d8%b7%d9%8a%d8%a8-%d8%ac%d9%85%d8%b9%d8%a9,16,1.0
https://www.aljazeera.net/news/2026/3/15/%d9%82%d8%b5%d9%81-%d8%a5%d9%8a%d8%b1%d8%a7%d9%86%d9%8a-%d9%8a%d9%88%d9%82%d8%b9-%d8%a5%d8%b5%d8%a7%d8%a8%d8%a7%d8%aa-%d9%81%d9%8a-%d8%a5%d9%8a%d9%84%d8%a7%d8%aa-%d9%88%d8%a7%d9%84%d9%86%d9%82%d8%a8,1,1.0
https://www.aljazeera.net/news/2026/3/15/%d9%85%d9%88%d8%a7%d8%ac%d9%87%d8%a9-%d8%a5%d9%8a%d8%b1%d8%a7%d9%86%d9%8a%d8%a9-%d8%a3%d9%85%d8%b1%d9%8a%d9%83%d9%8a%d8%a9-%d8%aa%d9%84%d9%88%d8%ac-%d8%a8%d9%85%d8%b6%d9%8a%d9%82,0,1.0
https://www.aljazeera.net/news/2026/3/15/%d8%ad%d8%b4%d8%af-%d9%82%d8%a7%d8%b0%d9%81%d8%a7%d8%aa-%d8%a3%d9%85%d8%b1%d9%8a%d9%83%d9%8a%d8%a9-%d9%81%d9%8a-%d8%a8%d8%b1%d9%8a%d8%b7%d8%a7%d9%86%d9%8a%d8%a7-%d9%85%d8%a4%d8%b4%d8%b1%d8%a7%d8%aa,-1,0.0
https://www.aljazeera.net/news/2026/3/15/%d8%ae%d9%85%d8%b3%d8%a9-%d8%a3%d8%b3%d8%a6%d9%84%d8%a9-%d8%aa%d9%83%d8%b4%d9%81-%d9%83%d9%8a%d9%81-%d8%aa%d8%ae%d8%b7%d8%b7-%d8%a3%d9%85%d8%b1%d9%8a%d9%83%d8%a7,0,1.0
https://www.aljazeera.net/news/2026/3/15/%d8%a3%d9%85%d9%86%d8%b3%d8%aa%d9%8a-%d8%aa%d8%a8%d8%b1%d8%a6%d8%a9-%d8%ac%d9%86%d9%88%d8%af-%d8%a5%d8%b3%d8%b1%d8%a7%d8%a6%d9%8a%d9%84%d9%8a%d9%8a%d9%86-%d8%b9%d8%b0%d8%a8%d9%88%d8%a7,14,0.8395
https://www.aljazeera.net/news/2026/3/15/%d8%b1%d8%ad%d9%8a%d9%84-%d8%a7%d9%84%d8%b2%d9%85%d9%8a%d9%84-%d8%ac%d9%85%d8%a7%d9%84-%d8%b1%d9%8a%d8%a7%d9%86-%d8%a3%d9%88%d9%84-%d9%85%d8%b0%d9%8a%d8%b9-%d8%b8%d9%87%d8%b1-%d8%b9%d9%84%d9%89,-1,0.0
https://www.aljazeera.net/news/2026/3/15/%d8%a5%d8%b3%d8%b1%d8%a7%d8%a6%d9%8a%d9%84-%d8%aa%d8%ae%d8%b5%d8%b5-827-%d9%85%d9%84%d9%8a%d9%88%d9%86-%d8%af%d9%88%d9%84%d8%a7%d8%b1-%d9%84%d8%b4%d8%b1%d8%a7%d8%a1-%d9%85%d8%b9%d8%af%d8%a7%d8%aa-2,1,0.3244
https://www.aljazeera.net/news/2026/3/15/%d9%84%d8%a3%d9%88%d9%84-%d9%85%d8%b1%d8%a9-%d8%a5%d9%8a%d8%b1%d8%a7%d9%86-%d8%aa%d8%b9%d9%84%d9%86-%d8%a7%d8%b3%d8%aa%d8%ae%d8%af%d8%a7%d9%85-%d8%b5%d9%88%d8%a7%d8%b1%d9%8a%d8%ae,1,0.6151
https://www.aljazeera.net/news/2026/3/15/%d8%b9%d8%a7%d8%ac%d9%84-%d9%88%d8%b2%d9%8a%d8%b1-%d8%a7%d9%84%d8%ae%d8%a7%d8%b1%d8%ac%d9%8a%d8%a9-%d8%a7%d9%84%d8%a5%d9%8a%d8%b1%d8%a7%d9%86%d9%8a-%d9%84%d8%b3%d9%8a-%d8%a8%d9%8a-%d8%a5%d8%b3,0,0.7538
https://www.aljazeera.net/news/2026/3/15/%d8%ba%d8%b2%d8%a9-%d8%a7%d8%b3%d8%aa%d8%b4%d9%87%d8%a7%d8%af-8-%d9%85%d9%86-%d8%b6%d8%a8%d8%a7%d8%b7-%d9%88%d8%b9%d9%86%d8%a7%d8%b5%d8%b1-%d8%a7%d9%84%d8%b4%d8%b1%d8%b7%d8%a9,3,1.0
https://www.aljazeera.net/news/2026/3/15/%d9%81%d9%8a-%d8%b4%d9%88%d8%a7%d8%b1%d8%b9-%d9%84%d8%a8%d9%86%d8%a7%d9%86-%d8%a3%d8%b7%d9%81%d8%a7%d9%84-%d9%88%d9%86%d8%a7%d8%b2%d8%ad%d9%88%d9%86-%d9%8a%d9%88%d8%a7%d8%ac%d9%87%d9%88%d9%86,-1,0.0
https://www.aljazeera.net/news/2026/3/15/%d9%84%d8%a7%d8%b1%d9%8a%d8%ac%d8%a7%d9%86%d9%8a-%d9%8a%d8%ad%d8%b0%d8%b1-%d9%85%d9%86-%d9%85%d8%a4%d8%a7%d9%85%d8%b1%d8%a9-%d9%84%d8%a7%d9%81%d8%aa%d8%b9%d8%a7%d9%84-11,7,1.0
https://www.aljazeera.net/news/2026/3/15/%d9%85%d8%a7%d8%b0%d8%a7-%d9%86%d8%b9%d8%b1%d9%81-%d8%b9%d9%86-%d8%a7%d9%84%d9%81%d8%b5%d8%a7%d8%a6%d9%84-%d8%a7%d9%84%d8%b9%d8%b1%d8%a7%d9%82%d9%8a%d8%a9,13,0.8017
https://www.aljazeera.net/news/2026/3/15/%d8%b4%d8%a7%d9%87%d8%af-%d8%aa%d8%b1%d8%a8%d9%83-%d8%a7%d9%84%d8%af%d9%81%d8%a7%d8%b9%d8%a7%d8%aa-%d8%a7%d9%84%d8%a3%d9%85%d8%b1%d9%8a%d9%83%d9%8a%d8%a9-%d9%81%d9%87%d9%84-%d8%aa%d8%ad%d9%84,-1,0.0
https://www.aljazeera.net/news/2026/3/15/%d8%a7%d8%b3%d8%aa%d9%87%d8%af%d8%a7%d9%81-%d8%a7%d9%84%d9%85%d8%b3%d8%b9%d9%81%d9%8a%d9%86-%d9%88%d8%a7%d9%84%d9%86%d8%b2%d9%88%d8%ad-%d9%87%d9%84-%d8%a8%d8%af%d8%a3-%d8%a7%d9%84%d8%b9%d8%af,2,0.7656
https://www.aljazeera.net/news/2026/3/15/%d9%85%d8%b5%d8%a7%d8%af%d8%b1-%d9%85%d8%b7%d9%84%d8%b9%d8%a9-%d9%84%d9%84%d8%ac%d8%b2%d9%8a%d8%b1%d8%a9-%d9%84%d9%87%d8%b0%d9%87-%d8%a7%d9%84%d8%a3%d8%b3%d8%a8%d8%a7%d8%a8-%d8%aa%d8%b1%d9%81%d8%b6,0,0.8376
https://www.aljazeera.net/news/2026/3/15/%d8%a8%d9%805-%d8%a3%d8%b5%d8%a7%d8%a8%d8%b9-%d9%86%d8%aa%d9%86%d9%8a%d8%a7%d9%87%d9%88-%d9%8a%d8%b1%d8%af-%d8%b9%d9%84%d9%89-%d8%b4%d8%a7%d8%a6%d8%b9%d8%a7%d8%aa-%d9%85%d9%82%d8%aa%d9%84%d9%87,19,1.0
https://www.aljazeera.net/news/2026/3/15/%d8%a5%d9%8a%d8%b1%d8%a7%d9%86-%d8%aa%d8%af%d8%b9%d9%88-%d8%af%d9%88%d9%84-%d8%a7%d9%84%d8%b9%d8%a7%d9%84%d9%85-%d8%b9%d9%84%d9%89-%d8%aa%d8%ac%d9%86%d8%a8-%d8%aa%d9%88%d8%b3%d9%8a%d8%b9,0,1.0
https://www.aljazeera.net/news/2026/3/15/%d8%b5%d9%85%d9%88%d8%af-%d8%ad%d8%b2%d8%a8-%d8%a7%d9%84%d9%84%d9%87-%d9%8a%d9%83%d8%b4%d9%81-%d8%ad%d8%af%d9%88%d8%af-%d8%a7%d9%84%d8%a5%d8%b3%d8%aa%d8%b1%d8%a7%d8%aa%d9%8a%d8%ac%d9%8a%d8%a9,-1,0.0
https://www.aljazeera.net/news/2026/3/15/%d9%87%d8%ac%d9%85%d8%a7%d8%aa-%d8%a8%d8%a7%d9%84%d8%b5%d9%88%d8%a7%d8%b1%d9%8a%d8%ae-%d9%88%d8%a7%d9%84%d9%85%d8%b3%d9%8a%d8%b1%d8%a7%d8%aa-%d8%aa%d8%b3%d8%aa%d9%87%d8%af%d9%81,4,0.6026
https://www.aljazeera.net/news/2026/3/15/%d9%83%d9%8a%d9%81-%d9%8a%d9%85%d9%83%d9%86-%d8%a3%d9%86-%d8%aa%d8%a4%d8%af%d9%8a-%d8%a7%d9%84%d8%ad%d8%b1%d8%a8-%d9%81%d9%8a-%d8%a5%d9%8a%d8%b1%d8%a7%d9%86-2,0,1.0
https://www.aljazeera.net/news/2026/3/15/%d8%b9%d8%a7%d8%ac%d9%84-%d9%87%d9%8a%d8%a6%d8%a9-%d8%a7%d9%84%d8%a8%d8%ab-%d8%b9%d9%86-%d9%85%d8%b5%d8%a7%d8%af%d8%b1-%d8%a5%d8%b3%d8%b1%d8%a7%d8%a6%d9%8a%d9%84%d9%8a%d8%a9,0,0.6642
https://www.aljazeera.net/news/2026/3/15/%d8%b9%d8%a7%d8%ac%d9%84-%d8%a7%d9%84%d9%85%d8%aa%d8%ad%d8%af%d8%ab-%d8%a8%d8%a7%d8%b3%d9%85-%d8%a7%d9%84%d8%ad%d8%b1%d8%b3-%d8%a7%d9%84%d8%ab%d9%88%d8%b1%d9%8a-%d9%85%d8%b9%d8%b8%d9%85,1,0.4668
https://www.aljazeera.net/news/2026/3/15/%d9%84%d9%85%d8%a7%d8%b0%d8%a7-%d9%82%d8%af-%d8%aa%d8%b5%d8%a8%d8%ad-%d8%a7%d9%84%d8%ae%d9%8a%d8%a7%d9%85-%d8%a3%d9%85-%d8%a7%d9%84%d9%85%d8%b9%d8%a7%d8%b1%d9%83-%d9%81%d9%8a,2,0.5732
https://www.aljazeera.net/news/2026/3/15/%d8%a7%d9%84%d9%82%d8%af%d8%b3-%d8%a7%d9%84%d8%a3%d9%82%d8%b5%d9%89-%d9%81%d9%84%d8%b3%d8%b7%d9%8a%d9%86-%d8%b1%d9%85%d8%b6%d8%a7%d9%86-%d9%84%d9%8a%d9%84%d8%a9-%d8%a7%d9%84%d9%82%d8%af%d8%b1,17,1.0
https://www.aljazeera.net/news/2026/3/15/%d9%85%d8%b5%d8%b1-%d9%88%d9%82%d8%b7%d8%b1-%d8%aa%d8%a8%d8%ad%d8%ab%d8%a7%d9%86-%d8%aa%d9%86%d8%b3%d9%8a%d9%82-%d8%a7%d9%84%d8%ac%d9%87%d9%88%d8%af-%d9%84%d9%85%d9%88%d8%a7%d8%ac%d9%87%d8%a9,9,1.0
https://www.aljazeera.net/news/2026/3/15/%d8%b1%d8%ad%d9%8a%d9%84-%d8%ac%d9%85%d8%a7%d9%84-%d8%b1%d9%8a%d8%a7%d9%86-%d8%a5%d8%b9%d9%84%d8%a7%d9%85%d9%8a%d9%88%d9%86-%d9%88%d9%85%d8%ba%d8%b1%d8%af%d9%88%d9%86,-1,0.0
https://www.aljazeera.net/news/2026/3/15/%d9%84%d9%88%d9%85%d9%88%d9%86%d8%af-%d8%ad%d8%b3%d8%a7%d8%a8%d8%a7%d8%aa-%d8%a5%d8%b3%d8%b1%d8%a7%d8%a6%d9%8a%d9%84-%d8%a7%d9%84%d8%ae%d8%b7%d9%8a%d8%b1%d8%a9-%d9%81%d9%8a,-1,0.0
https://www.aljazeera.net/news/2026/3/15/%d8%a3%d9%88%d9%83%d8%b1%d8%a7%d9%86%d9%8a%d8%a7-%d8%aa%d8%b6%d8%b9-%d8%aa%d8%b3%d8%b9%d9%8a%d8%b1%d8%a9-%d9%84%d8%ae%d8%a8%d8%b1%d8%aa%d9%87%d8%a7,12,0.5416
https://www.aljazeera.net/news/2026/3/14/%d8%a7%d9%84%d8%a3%d9%85%d9%85-%d8%a7%d9%84%d9%85%d8%aa%d8%ad%d8%af%d8%a9-%d8%a7%d9%84%d9%88%d8%b6%d8%b9-%d8%a7%d9%84%d8%a5%d9%86%d8%b3%d8%a7%d9%86%d9%8a-%d9%81%d9%8a-%d9%84%d8%a8%d9%86%d8%a7%d9%86,-1,0.0
https://www.aljazeera.net/news/2026/3/14/%d8%a3%d9%85%d9%8a%d8%b1-%d9%82%d8%b7%d8%b1-%d9%88%d8%b3%d9%84%d8%b7%d8%a7%d9%86-%d8%b9%d9%85%d8%a7%d9%86-%d9%8a%d8%af%d8%b9%d9%88%d8%a7%d9%86-%d9%84%d8%ae%d9%81%d8%b6,9,0.8104
https://www.aljazeera.net/news/2026/3/14/%d8%a3%d8%b1%d8%af%d9%88%d8%ba%d8%a7%d9%86-%d9%8a%d8%ad%d8%b0%d8%b1-%d9%85%d9%86-%d8%a7%d9%84%d9%85%d9%83%d8%a7%d8%a6%d8%af-%d8%a7%d9%84%d8%aa%d9%8a-%d8%aa%d9%87%d8%af%d9%81-%d9%84%d8%ac%d8%b1,-1,0.0
https://www.aljazeera.net/news/2026/3/14/%d9%84%d8%a7%d8%b1%d9%8a%d8%ac%d8%a7%d9%86%d9%8a-%d9%84%d9%87%d9%8a%d8%ba%d8%b3%d9%8a%d8%ab-%d9%82%d8%a7%d8%af%d8%aa%d9%86%d8%a7-%d8%a8%d9%8a%d9%86-%d8%a7%d9%84%d9%86%d8%a7%d8%b3,7,1.0
https://www.aljazeera.net/news/2026/3/14/%d8%b9%d8%a7%d8%ac%d9%84-%d8%aa%d8%b1%d9%85%d8%a8-%d8%a7%d9%84%d9%82%d9%8a%d8%a7%d8%af%d8%a9-%d8%a7%d9%84%d9%85%d8%b1%d9%83%d8%b2%d9%8a%d8%a9-%d8%a7%d9%84%d8%a3%d9%85%d8%b1%d9%8a%d9%83%d9%8a%d8%a9,0,1.0
https://www.aljazeera.net/news/2026/3/14/%d8%a5%d8%b9%d9%84%d8%a7%d9%85-%d8%a5%d8%b3%d8%b1%d8%a7%d8%a6%d9%8a%d9%84%d9%8a-%d9%85%d9%87%d9%84%d8%a9-%d8%a3%d9%85%d8%b1%d9%8a%d9%83%d9%8a%d8%a9-%d9%84%d8%aa%d9%84-%d8%a3%d8%a8%d9%8a%d8%a8,0,0.9298
https://www.aljazeera.net/news/2026/3/14/%d8%b9%d8%a7%d8%ac%d9%84-%d9%88%d9%88%d9%84-%d8%b3%d8%aa%d8%b1%d9%8a%d8%aa-%d8%ac%d9%88%d8%b1%d9%86%d8%a7%d9%84-%d8%b9%d9%86-%d9%85%d8%b3%d8%a4%d9%88%d9%84-%d8%a3%d9%85%d8%b1%d9%8a%d9%83%d9%8a,-1,0.0
https://www.aljazeera.net/news/2026/3/14/%d9%85%d8%a4%d8%b4%d8%b1%d8%a7%d8%aa-%d9%85%d9%8a%d8%af%d8%a7%d9%86%d9%8a%d8%a9-%d8%aa%d9%83%d8%b4%d9%81-%d8%b0%d9%87%d8%a7%d8%a8-%d8%a7%d9%84%d8%ad%d8%b1%d8%a8,0,0.9258
https://www.aljazeera.net/news/2026/3/14/%d9%85%d8%ad%d9%84%d9%84-%d8%a3%d9%85%d8%b1%d9%8a%d9%83%d9%8a-%d8%b3%d8%a8%d8%b9%d8%a9-%d8%a3%d8%b3%d8%a8%d8%a7%d8%a8-%d9%84%d8%b9%d8%af%d9%85-%d9%81%d9%88%d8%b2-%d8%aa%d8%b1%d8%a7%d9%85%d8%a8,0,1.0
https://www.aljazeera.net/news/2026/3/14/12-%d9%82%d8%aa%d9%8a%d9%84%d8%a7-%d9%85%d9%86-%d8%a7%d9%84%d8%a3%d8%b7%d9%82%d9%85-%d8%a7%d9%84%d8%b7%d8%a8%d9%8a%d8%a9-%d8%a8%d8%a7%d8%b3%d8%aa%d9%87%d8%af%d8%a7%d9%81,2,0.9097
https://www.aljazeera.net/news/2026/3/14/%d9%85%d9%82%d8%a7%d9%84-%d8%a8%d9%88%d8%a7%d8%b4%d9%86%d8%b7%d9%86-%d8%a8%d9%88%d8%b3%d8%aa-%d8%a5%d9%8a%d8%b1%d8%a7%d9%86-%d9%81%d8%ae-%d8%a5%d9%85%d8%a8%d8%b1%d8%a7%d8%b7%d9%88%d8%b1%d9%8a,0,1.0
https://www.aljazeera.net/news/2026/3/14/%d9%88%d8%a7%d8%b4%d9%86%d8%b7%d9%86-%d8%aa%d8%b3%d8%a7%d8%a8%d9%82-%d8%a7%d9%84%d8%b2%d9%85%d9%86-%d9%84%d8%aa%d8%b3%d9%84%d9%8a%d9%85-%d8%a3%d9%86%d8%b8%d9%85%d8%a9,0,0.9349
https://www.aljazeera.net/news/2026/3/14/%d9%83%d9%8a%d9%81-%d8%aa%d8%aa%d8%b9%d8%a7%d9%85%d9%84-%d9%88%d8%a7%d8%b4%d9%86%d8%b7%d9%86-%d9%85%d8%b9-%d8%a3%d9%87%d8%af%d8%a7%d9%81-%d9%88%d9%85%d8%ac%d8%b1%d9%8a%d8%a7%d8%aa,0,1.0
https://www.aljazeera.net/news/2026/3/14/%d9%85%d8%a7%d8%b0%d8%a7-%d9%86%d8%b9%d8%b1%d9%81-%d8%b9%d9%86-%d8%a7%d9%84%d9%82%d8%a7%d8%af%d8%a9-%d8%a7%d9%84%d8%a5%d9%8a%d8%b1%d8%a7%d9%86%d9%8a%d9%8a%d9%86-%d8%a7%d9%84%d8%b9%d8%b4%d8%b1%d8%a9,7,0.7786
https://www.aljazeera.net/news/2026/3/14/%d8%b9%d8%a7%d8%ac%d9%84-%d9%85%d8%b1%d8%a7%d8%b3%d9%84-%d8%a7%d9%84%d8%ac%d8%b2%d9%8a%d8%b1%d8%a9-%d9%87%d8%ac%d9%88%d9%85-%d9%8a%d8%b3%d8%aa%d9%87%d8%af%d9%81,13,0.8591
https://www.aljazeera.net/news/2026/3/14/%d8%aa%d8%b1%d9%85%d8%a8-%d9%8a%d8%ad%d9%8a%d9%84-%d9%85%d9%88%d8%b9%d8%af-%d8%a7%d9%86%d8%aa%d9%87%d8%a7%d8%a1-%d8%a7%d9%84%d8%ad%d8%b1%d8%a8-%d8%b9%d9%84%d9%89-%d8%a5%d9%8a%d8%b1%d8%a7%d9%86,0,1.0
https://www.aljazeera.net/news/2026/3/14/%d9%86%d9%8a%d9%88%d9%8a%d9%88%d8%b1%d9%83-%d8%aa%d8%a7%d9%8a%d9%85%d8%b2-%d9%87%d9%83%d8%b0%d8%a7-%d9%8a%d9%85%d9%83%d9%86-%d9%84%d8%ad%d8%b1%d8%a8-%d8%a5%d9%8a%d8%b1%d8%a7%d9%86-%d8%a3%d9%86,0,0.6871
https://www.aljazeera.net/news/2026/3/14/%d8%aa%d8%b5%d8%a7%d8%b9%d8%af-%d8%a7%d9%84%d9%82%d8%b5%d9%81-%d8%a8%d9%8a%d9%86-%d8%ad%d8%b2%d8%a8-%d8%a7%d9%84%d9%84%d9%87-%d9%88%d8%a5%d8%b3%d8%b1%d8%a7%d8%a6%d9%8a%d9%84,2,0.9177
https://www.aljazeera.net/news/2026/3/14/%d8%ad%d9%85%d8%a7%d8%b3-%d8%aa%d8%af%d9%8a%d9%86-%d8%a7%d9%84%d8%b9%d8%af%d9%88%d8%a7%d9%86-%d9%88%d8%aa%d8%af%d8%b9%d9%88-%d8%a5%d9%8a%d8%b1%d8%a7%d9%86-%d9%84%d8%b9%d8%af%d9%85,-1,0.0
https://www.aljazeera.net/news/2026/3/14/%d8%a7%d8%b3%d8%aa%d9%87%d8%af%d8%a7%d9%81%d8%a7%d8%aa-%d9%85%d8%aa%d9%81%d8%b1%d9%82%d8%a9-%d8%af%d8%a7%d8%ae%d9%84-%d8%b7%d9%87%d8%b1%d8%a7%d9%86-%d8%aa%d9%84%d8%ad%d9%82,1,0.4177
https://www.aljazeera.net/news/2026/3/14/%d8%a7%d8%b9%d8%aa%d8%b1%d8%a7%d8%b6-%d9%85%d8%b3%d9%8a%d8%b1%d8%a7%d8%aa-%d9%88%d8%b5%d9%88%d8%a7%d8%b1%d9%8a%d8%ae-%d9%81%d9%8a-%d8%a7%d9%84%d8%b3%d8%b9%d9%88%d8%af%d9%8a%d8%a9,4,0.7034
https://www.aljazeera.net/news/2026/3/14/%d8%b7%d9%87%d8%b1%d8%a7%d9%86-%d8%aa%d9%86%d9%81%d9%8a-%d9%88%d9%82%d9%88%d8%b9-%d8%a3%d8%b6%d8%b1%d8%a7%d8%b1-%d9%81%d9%8a-%d8%a7%d9%84%d9%85%d9%86%d8%b4%d8%a2%d8%aa,0,1.0
https://www.aljazeera.net/news/2026/3/14/%d9%87%d9%84-%d8%aa%d8%aa%d8%ad%d9%88%d9%84-%d8%ad%d8%b1%d8%a8-%d8%a5%d9%8a%d8%b1%d8%a7%d9%86-%d8%a5%d9%84%d9%89-%d8%a3%d8%b2%d9%85%d8%a9-%d8%a7%d9%86%d8%aa%d8%ae%d8%a7%d8%a8%d9%8a%d8%a9,0,1.0
https://www.aljazeera.net/news/2026/3/14/%d9%82%d8%b5%d9%81-%d8%ae%d8%a7%d8%b1%d9%83-%d9%87%d9%84-%d8%aa%d8%af%d8%ae%d9%84-%d8%ae%d8%b7%d8%b7-%d8%aa%d8%b1%d9%85%d8%a8-%d9%84%d8%b6%d8%b1%d8%a8-%d8%b4%d8%b1%d9%8a%d8%a7%d9%86,0,1.0
https://www.aljazeera.net/news/2026/3/14/%d8%ac%d8%a8%d9%87%d8%a9-%d8%a7%d9%84%d9%8a%d9%85%d9%86-%d9%87%d9%84-%d9%8a%d8%b6%d8%b1%d8%a8-%d8%a7%d9%84%d8%ad%d9%88%d8%ab%d9%8a%d9%88%d9%86-%d8%a3%d9%87%d8%af%d8%a7%d9%81%d8%a7,-1,0.0
https://www.aljazeera.net/news/2026/3/14/%d9%82%d8%aa%d9%84%d9%89-%d9%88%d8%ac%d8%b1%d8%ad%d9%89-%d8%a8%d9%87%d8%ac%d9%88%d9%85-%d8%b1%d9%88%d8%b3%d9%8a-%d9%88%d8%a7%d8%b3%d8%b9-%d8%b9%d9%84%d9%89-%d9%83%d9%8a%d9%8a%d9%81,12,1.0
https://www.aljazeera.net/news/2026/3/14/%d8%aa%d8%b1%d9%85%d8%a8-%d9%8a%d8%b1%d9%81%d8%b6-%d8%b9%d8%b1%d8%b6%d8%a7-%d9%85%d9%86-%d8%a8%d9%88%d8%aa%d9%8a%d9%86-%d8%a8%d8%b4%d8%a3%d9%86,-1,0.0
https://www.aljazeera.net/news/2026/3/14/%d9%82%d8%b5%d9%81-%d8%a7%d9%84%d8%a8%d8%ad%d8%b1%d9%8a%d9%86-%d9%88%d8%a7%d9%84%d8%b1%d9%8a%d8%a7%d8%b6-%d9%88%d8%a7%d9%84%d8%b4%d8%a7%d8%b1%d9%82%d8%a9,-1,0.0
https://www.aljazeera.net/news/2026/3/14/%d8%a5%d8%b5%d8%a7%d8%a8%d8%a9-%d8%a3%d8%b1%d8%a8%d8%b9%d8%a9-%d9%81%d9%84%d8%b3%d8%b7%d9%8a%d9%86%d9%8a%d9%8a%d9%86-%d8%a8%d9%87%d8%ac%d9%88%d9%85-%d9%85%d8%b3%d8%aa%d9%88%d8%b7%d9%86%d9%8a%d9%86,15,1.0
https://www.aljazeera.net/news/2026/3/14/%d8%b9%d8%a7%d8%ac%d9%84-%d9%85%d9%82%d8%b1-%d8%ae%d8%a7%d8%aa%d9%85-%d8%a7%d9%84%d8%a3%d9%86%d8%a8%d9%8a%d8%a7%d8%a1-%d9%86%d8%b9%d9%84%d9%86-%d9%84%d9%82%d8%a7%d8%af%d8%a9,-1,0.0
https://www.aljazeera.net/news/2026/3/14/%d8%b7%d9%87%d8%b1%d8%a7%d9%86-%d8%aa%d8%b9%d9%84%d9%86-%d8%a5%d8%ae%d8%b1%d8%a7%d8%ac-%d8%ad%d8%a7%d9%85%d9%84%d8%a9-%d8%b7%d8%a7%d8%a6%d8%b1%d8%a7%d8%aa-%d8%a3%d9%85%d8%b1%d9%8a%d9%83%d9%8a%d8%a9,1,0.4035
https://www.aljazeera.net/news/2026/3/14/%d9%84%d8%ad%d8%b8%d8%a7%d8%aa-%d9%85%d8%a4%d9%84%d9%85%d8%a9-%d8%ac%d9%86%d8%af%d9%8a-%d8%a8%d8%b1%d9%8a%d8%b7%d8%a7%d9%86%d9%8a-%d9%8a%d9%88%d8%ab%d9%82-%d9%88%d8%ad%d8%b4%d9%8a%d8%a9,3,0.6354
https://www.aljazeera.net/news/2026/3/14/%d9%85%d8%a7-%d8%a7%d9%84%d8%b0%d9%8a-%d8%aa%d8%ae%d8%b7%d8%b7-%d9%84%d9%87-%d9%88%d8%a7%d8%b4%d9%86%d8%b7%d9%86-%d8%a8%d8%b9%d8%af-%d8%a5%d8%b1%d8%b3%d8%a7%d9%84-%d9%82%d9%88%d8%a9,0,1.0
https://www.aljazeera.net/news/2026/3/14/%d8%b9%d8%a7%d8%ac%d9%84-%d8%b9%d8%b6%d9%88-%d9%85%d8%ac%d9%85%d8%b9-%d8%aa%d8%b4%d8%ae%d9%8a%d8%b5-%d9%85%d8%b5%d9%84%d8%ad%d8%a9-%d8%a7%d9%84%d9%86%d8%b8%d8%a7%d9%85-%d9%81%d9%8a,0,1.0
https://www.aljazeera.net/news/2026/3/14/5-%d8%a3%d8%b3%d8%a6%d9%84%d8%a9-%d8%b9%d9%86-%d8%a7%d9%84%d9%82%d8%b5%d9%81-%d8%a7%d9%84%d8%a3%d9%85%d8%b1%d9%8a%d9%83%d9%8a-%d9%84%d8%ac%d8%b2%d9%8a%d8%b1%d8%a9-%d8%ae%d8%a7%d8%b1%d9%83,0,1.0
https://www.aljazeera.net/news/2026/3/14/%d8%a5%d9%8a%d8%b1%d8%a7%d9%86-%d9%83%d9%84%d9%85%d8%a9-%d8%a7%d9%84%d8%b3%d8%b1-%d8%a7%d9%84%d9%86%d9%81%d8%b7-%d8%a7%d9%84%d8%b1%d9%88%d8%b3%d9%8a-%d9%8a%d8%b9%d9%88%d8%af,0,0.9606
https://www.aljazeera.net/news/2026/3/14/%d8%b9%d8%a7%d8%ac%d9%84-%d9%85%d8%b5%d8%af%d8%b1-%d8%b1%d8%b3%d9%85%d9%8a-%d9%84%d8%a8%d9%86%d8%a7%d9%86%d9%8a-%d9%84%d9%84%d8%ac%d8%b2%d9%8a%d8%b1%d8%a9-%d9%85%d8%b4%d8%a7%d9%88%d8%b1%d8%a7%d8%aa,8,0.4959
https://www.aljazeera.net/news/2026/3/14/%d8%a3%d9%88%d8%b1%d9%88%d8%a8%d8%a7-%d8%aa%d8%b1%d8%af-%d8%a7%d9%84%d8%ac%d9%85%d9%8a%d9%84-%d8%a7%d9%84%d9%8a%d8%a7%d8%a8%d8%a7%d9%86-%d8%aa%d9%82%d9%88%d8%af-%d8%a3%d9%83%d8%a8%d8%b1,0,1.0
https://www.aljazeera.net/news/2026/3/14/%d8%a5%d9%86%d9%81%d8%a7%d9%82-%d9%88%d8%b2%d8%a7%d8%b1%d8%a9-%d8%a7%d9%84%d8%ad%d8%b1%d8%a8-%d8%a7%d9%84%d8%a3%d9%85%d8%b1%d9%8a%d9%83%d9%8a%d8%a9-%d8%b9%d9%84%d9%89,0,0.966
https://www.aljazeera.net/news/2026/3/14/%d9%86%d8%b4%d8%a7%d8%b7-%d9%84%d8%a7%d9%81%d8%aa-%d9%84%d8%b7%d8%a7%d8%a6%d8%b1%d8%a7%d8%aa-%d8%a7%d9%84%d8%aa%d8%b2%d9%88%d8%af-%d8%a8%d8%a7%d9%84%d9%88%d9%82%d9%88%d8%af,-1,0.0
https://www.aljazeera.net/news/2026/3/14/%d8%ba%d9%85%d9%88%d8%b6-%d9%8a%d8%ad%d9%8a%d8%b7-%d8%a8%d8%a7%d8%b3%d8%aa%d9%87%d8%af%d8%a7%d9%81-%d8%b3%d9%81%d8%a7%d8%b1%d8%a9-%d9%88%d8%a7%d8%b4%d9%86%d8%b7%d9%86-%d9%81%d9%8a,13,0.5861
https://www.aljazeera.net/news/2026/3/14/%d8%a5%d9%8a%d8%b1%d8%a7%d9%86-%d8%aa%d8%ad%d8%b0%d8%b1-%d8%a7%d9%84%d8%a5%d9%85%d8%a7%d8%b1%d8%a7%d8%aa-%d8%a8%d8%b9%d8%af-%d9%82%d8%b5%d9%81-%d8%a3%d8%a8%d9%88-%d9%85%d9%88%d8%b3%d9%89,-1,0.0
https://www.aljazeera.net/news/2026/3/14/%d8%b9%d8%a7%d8%ac%d9%84-%d8%aa%d8%b1%d9%85%d8%a8-%d8%a5%d8%ad%d8%af%d9%89-%d8%a7%d9%84%d9%82%d9%88%d8%a7%d8%b9%d8%af-%d8%a8%d8%a7%d9%84%d8%b3%d8%b9%d9%88%d8%af%d9%8a%d8%a9,0,0.9828
https://www.aljazeera.net/news/2026/3/14/%d8%b7%d9%87%d8%b1%d8%a7%d9%86-%d8%aa%d8%b3%d8%aa%d8%b9%d8%b1%d8%b6-%d8%b1%d8%ac%d8%a7%d9%84%d9%87%d8%a7-%d9%88%d9%88%d8%a7%d8%b4%d9%86%d8%b7%d9%86-%d8%aa%d8%b3%d8%a7%d9%88%d9%85-%d8%b9%d9%84%d9%89,7,0.7632
https://www.aljazeera.net/news/2026/3/14/%d8%ae%d8%a8%d8%b1%d8%a7%d8%a1-%d9%8a%d8%ad%d8%b0%d8%b1%d9%88%d9%86-%d9%85%d9%86-%d9%81%d8%b1%d8%a7%d8%b1-%d8%b9%d9%86%d8%a7%d8%b5%d8%b1-%d8%aa%d9%86%d8%b8%d9%8a%d9%85,13,0.9433
https://www.aljazeera.net/news/2026/3/14/%d8%b3%d9%8a-%d8%a5%d9%86-%d8%a5%d9%86-%d8%a7%d9%84%d9%87%d8%ac%d9%88%d9%85-%d8%a7%d9%84%d8%a3%d9%85%d8%b1%d9%8a%d9%83%d9%8a-%d8%b9%d9%84%d9%89-%d8%a5%d9%8a%d8%b1%d8%a7%d9%86-%d8%a3%d8%b3%d9%81%d8%b1,0,0.644
https://www.aljazeera.net/news/2026/3/14/%d8%a5%d8%b5%d8%a7%d8%a8%d8%a7%d8%aa-%d9%88%d8%aa%d8%b6%d8%b1%d8%b1-%d9%85%d8%a8%d8%a7%d9%86-%d8%a5%d8%ab%d8%b1-%d9%82%d8%b5%d9%81-%d8%a5%d9%8a%d8%b1%d8%a7%d9%86%d9%8a-%d8%b9%d9%84%d9%89,1,0.8065
https://www.aljazeera.net/news/2026/3/14/%d9%85%d8%a7-%d8%af%d9%84%d8%a7%d9%84%d8%a7%d8%aa-%d9%86%d8%b4%d8%b1-%d8%a7%d9%84%d8%b3%d9%81%d9%8a%d9%86%d8%a9-%d8%a7%d9%84%d9%87%d8%ac%d9%88%d9%85%d9%8a%d8%a9-%d9%8a%d9%88-%d8%a5%d8%b3,0,1.0
https://www.aljazeera.net/news/2026/3/14/%d8%a7%d9%84%d8%ac%d9%8a%d8%b4-%d8%a7%d9%84%d8%b3%d9%88%d8%b1%d9%8a-%d9%8a%d8%aa%d8%b3%d9%84%d9%85-%d9%82%d8%a7%d8%b9%d8%af%d8%a9-%d8%b1%d9%85%d9%8a%d9%84%d8%a7%d9%86,6,0.9607
https://www.aljazeera.net/news/2026/3/14/%d8%af%d8%b1%d8%a9-%d8%a7%d9%84%d8%aa%d8%a7%d8%ac-%d8%a7%d9%84%d8%a5%d9%8a%d8%b1%d8%a7%d9%86%d9%8a-%d9%82%d8%b5%d9%81-%d8%ae%d8%a7%d8%b1%d9%83-%d9%8a%d8%b4%d8%b9%d9%84,0,1.0
https://www.aljazeera.net/news/2026/3/14/%d8%ba%d8%b2%d8%a9-7-%d8%b4%d9%87%d8%af%d8%a7%d8%a1-%d9%8813-%d9%85%d8%b5%d8%a7%d8%a8%d8%a7-%d9%88%d8%b9%d8%a7%d8%b5%d9%81%d8%a9-%d8%b1%d9%85%d9%84%d9%8a%d8%a9-%d8%aa%d8%b6%d8%a7%d8%b9%d9%81,3,0.7309
https://www.aljazeera.net/news/2026/3/14/%d9%85%d9%86-%d9%8a%d8%b6%d8%b9-%d8%a7%d9%84%d9%84%d8%ab%d8%a7%d9%85-%d8%b9%d9%84%d9%89-%d8%a3%d8%a8%d9%88-%d8%b9%d8%a8%d9%8a%d8%af%d8%a9-%d9%84%d8%ad%d8%b8%d8%a9,-1,0.0
https://www.aljazeera.net/news/2026/3/14/%d8%b9%d8%a7%d8%ac%d9%84-%d9%85%d8%b5%d8%af%d8%b1-%d9%82%d9%8a%d8%a7%d8%af%d9%8a-%d9%81%d9%8a-%d8%ad%d8%b2%d8%a8-%d8%a7%d9%84%d9%84%d9%87-%d9%84%d9%84%d8%ac%d8%b2%d9%8a%d8%b1%d8%a9-2,8,0.9739
https://www.aljazeera.net/news/2026/3/14/%d9%85%d8%b3%d8%aa%d8%b4%d8%a7%d8%b1-%d9%84%d8%aa%d8%b1%d9%85%d8%a8-%d9%8a%d8%aa%d8%b9%d9%8a%d9%86-%d8%b9%d9%84%d9%89-%d8%a3%d9%85%d8%b1%d9%8a%d9%83%d8%a7-%d8%a5%d9%8a%d8%ac%d8%a7%d8%af,0,1.0
https://www.aljazeera.net/news/2026/3/14/%d8%ad%d8%b5%d9%8a%d9%84%d8%a9-%d8%ae%d8%b3%d8%a7%d8%a6%d8%b1-%d9%83%d8%a8%d8%b1%d9%89-%d8%a8%d8%b9%d8%af-%d8%a3%d8%b3%d8%a8%d9%88%d8%b9%d9%8a%d9%86-%d9%85%d9%86-%d8%a7%d9%84%d8%ad%d8%b1%d8%a8,1,0.4408
https://www.aljazeera.net/news/2026/3/14/%d8%aa%d8%b1%d9%85%d8%a8-%d8%af%d9%88%d9%84-%d9%83%d8%ab%d9%8a%d8%b1%d8%a9-%d8%b3%d8%aa%d8%b1%d8%b3%d9%84-%d8%b3%d9%81%d9%86%d8%a7-%d8%ad%d8%b1%d8%a8%d9%8a%d8%a9-%d9%84%d8%a5%d8%a8%d9%82%d8%a7%d8%a1,0,1.0
https://www.aljazeera.net/news/2026/3/14/%d8%b9%d8%a7%d8%ac%d9%84-%d8%b1%d9%88%d9%8a%d8%aa%d8%b1%d8%b2-%d8%b9%d9%86-%d9%85%d8%b5%d8%af%d8%b1-%d8%a5%d9%8a%d8%b1%d8%a7%d9%86%d9%8a-%d8%a7%d9%84%d8%ad%d8%b1%d8%b3,0,1.0
https://www.aljazeera.net/news/2026/3/14/%d8%b9%d8%a7%d8%ac%d9%84-%d8%a3%d9%83%d8%b3%d9%8a%d9%88%d8%b3-%d8%b9%d9%86-%d9%85%d8%b5%d8%a7%d8%af%d8%b1-%d9%85%d8%b7%d9%84%d8%b9%d8%a9-%d9%81%d8%b1%d9%86%d8%b3%d8%a7-%d8%a3%d8%b9%d8%af%d8%aa,8,0.7274
https://www.aljazeera.net/news/2026/3/14/%d8%b9%d8%b1%d8%a7%d9%82%d8%ac%d9%8a-%d8%a7%d9%84%d9%87%d8%ac%d9%88%d9%85-%d8%b9%d9%84%d9%89-%d8%ac%d8%b2%d9%8a%d8%b1%d8%a9-%d8%ae%d8%a7%d8%b1%d9%83-%d8%b4%d9%86-%d9%85%d9%86,-1,0.0
https://www.aljazeera.net/news/2026/3/14/%d8%a5%d9%8a%d8%b1%d8%a7%d9%86-%d8%aa%d9%82%d9%84%d9%84-%d9%85%d9%86-%d8%af%d9%88%d8%b1-%d8%a3%d9%88%d9%83%d8%b1%d8%a7%d9%86%d9%8a%d8%a7-%d9%81%d9%8a-%d8%a7%d9%84%d8%ad%d8%b1%d8%a8,12,0.5364
https://www.aljazeera.net/news/2026/3/13/%d8%b9%d8%a7%d8%ac%d9%84-%d9%85%d8%ad%d8%a7%d9%81%d8%b8-%d8%a3%d8%b1%d8%a8%d9%8a%d9%84-%d8%a5%d8%b5%d8%a7%d8%a8%d8%a9-6-%d8%ac%d9%86%d9%88%d8%af-%d9%81%d8%b1%d9%86%d8%b3%d9%8a%d9%8a%d9%86,13,0.8371
https://www.aljazeera.net/news/2026/3/13/%d8%a5%d9%8a%d8%b1%d8%a7%d9%86-%d9%85%d8%b6%d9%8a%d9%82-%d9%87%d8%b1%d9%85%d8%b2-%d8%b3%d9%8a%d8%a8%d9%82%d9%89-%d9%85%d8%ba%d9%84%d9%82%d8%a7-%d9%88%d8%ad%d9%82%d9%88%d9%84,0,0.7631
https://www.aljazeera.net/news/2026/3/13/%d9%82%d8%af-%d8%aa%d9%86%d8%aa%d9%87%d9%8a-%d8%ae%d9%84%d8%a7%d9%84-%d8%a3%d8%b3%d8%a8%d9%88%d8%b9-%d8%aa%d8%b6%d8%a7%d8%b1%d8%a8-%d8%a7%d9%84%d8%aa%d9%88%d9%82%d8%b9%d8%a7%d8%aa-%d8%ad%d9%88%d9%84,0,1.0
https://www.aljazeera.net/news/2026/3/13/%d8%b6%d8%b1%d8%a8%d8%a7%d8%aa-%d9%82%d8%b1%d8%a8-%d9%85%d9%82%d8%a7%d8%b1-%d8%a7%d9%84%d8%ad%d9%83%d9%85-%d9%81%d9%8a-%d8%a8%d9%8a%d8%b1%d9%88%d8%aa-%d9%88%d8%ad%d8%b4%d9%88%d8%af,2,0.5681
https://www.aljazeera.net/news/2026/3/13/%d8%b9%d8%a7%d8%ac%d9%84-%d8%a7%d9%84%d9%82%d9%8a%d8%a7%d8%af%d8%a9-%d8%a7%d9%84%d9%85%d8%b1%d9%83%d8%b2%d9%8a%d8%a9-%d8%a7%d9%84%d8%a3%d9%85%d8%b1%d9%8a%d9%83%d9%8a%d8%a9-2,18,0.3801
https://www.aljazeera.net/news/2026/3/13/%d8%ad%d8%a7%d8%b1%d8%b3-%d8%a7%d9%84%d8%aa%d8%b1%d8%a7%d8%a8-%d9%88%d8%ad%d8%a7%d8%b1%d8%b3-%d8%a7%d9%84%d8%ab%d9%88%d8%b1%d8%a9-%d9%84%d9%85%d8%a7%d8%b0%d8%a7-%d8%aa%d8%af%d8%a7%d8%b1,7,1.0
https://www.aljazeera.net/news/2026/3/13/%d8%ac%d9%86%d9%88%d8%a8-%d8%a3%d9%81%d8%b1%d9%8a%d9%82%d9%8a%d8%a7-%d8%aa%d8%b3%d8%aa%d8%af%d8%b9%d9%8a-%d8%a7%d9%84%d8%b3%d9%81%d9%8a%d8%b1-%d8%a7%d9%84%d8%a3%d9%85%d9%8a%d8%b1%d9%83%d9%8a,-1,0.0
https://www.aljazeera.net/news/2026/3/13/%d8%b6%d8%b1%d8%a8%d8%a9-%d8%a8%d8%b7%d8%a7%d8%a6%d8%b1%d8%a9-%d9%85%d8%b3%d9%8a%d8%b1%d8%a9-%d8%aa%d9%82%d8%aa%d9%84-%d9%85%d9%88%d8%b8%d9%81%d8%a9-%d9%81%d8%b1%d9%86%d8%b3%d9%8a%d8%a9,5,0.7137
https://www.aljazeera.net/news/2026/3/13/%d9%87%d9%84-%d8%a3%d8%ae%d8%b7%d8%a3%d8%aa-%d9%88%d8%a7%d8%b4%d9%86%d8%b7%d9%86-%d9%81%d9%87%d9%85-%d8%a5%d9%8a%d8%b1%d8%a7%d9%86-%d9%85%d9%86%d8%b0,0,1.0
https://www.aljazeera.net/news/2026/3/13/%d8%a5%d8%ba%d9%86%d8%a7%d8%aa%d9%8a%d9%88%d8%b3-%d8%ac%d9%85%d9%87%d9%88%d8%b1%d9%8a%d8%a9-%d8%a5%d9%8a%d8%b1%d8%a7%d9%86-%d8%a7%d9%84%d8%a5%d8%b3%d9%84%d8%a7%d9%85%d9%8a%d8%a9-2-0,0,1.0
https://www.aljazeera.net/news/2026/3/13/%d8%a7%d8%b3%d8%aa%d8%ae%d8%a8%d8%a7%d8%b1%d8%a7%d8%aa-%d8%a3%d9%85%d8%b1%d9%8a%d9%83%d9%8a%d8%a9-%d8%a7%d9%84%d9%86%d8%b8%d8%a7%d9%85-%d8%a7%d9%84%d8%a5%d9%8a%d8%b1%d8%a7%d9%86%d9%8a-%d9%84%d8%a7,0,0.6513
https://www.aljazeera.net/news/2026/3/13/%d8%ab%d9%84%d8%a7%d8%ab-%d9%85%d9%88%d8%ac%d8%a7%d8%aa-%d8%ae%d9%84%d8%a7%d9%84-%d8%b3%d8%a7%d8%b9%d8%a9-%d8%a5%d9%8a%d8%b1%d8%a7%d9%86-%d8%aa%d9%88%d8%b3%d8%b9,1,0.8442
https://www.aljazeera.net/news/2026/3/13/%d8%ad%d9%85%d8%a7%d8%b3-%d8%aa%d8%b4%d9%8a%d8%af-%d8%a8%d9%85%d9%88%d9%82%d9%81-%d8%b9%d9%85%d8%a7%d9%86-%d8%a7%d9%84%d8%b1%d8%a7%d9%81%d8%b6-%d9%84%d9%84%d8%aa%d8%b7%d8%a8%d9%8a%d8%b9,0,0.6547
https://www.aljazeera.net/news/2026/3/13/%d8%b9%d8%a7%d8%ac%d9%84-%d8%aa%d8%b1%d9%85%d8%a8-%d8%b9%d9%84%d9%89-%d8%a7%d9%84%d8%b3%d9%81%d9%86-%d8%a5%d8%b8%d9%87%d8%a7%d8%b1-%d8%a8%d8%b9%d8%b6-%d8%a7%d9%84%d8%b4%d8%ac%d8%a7%d8%b9%d8%a9,0,0.8882
https://www.aljazeera.net/news/2026/3/13/%d8%ba%d8%a7%d8%b1%d8%af%d9%8a%d8%a7%d9%86-%d8%b9%d9%86-%d9%85%d8%b5%d8%a7%d8%af%d8%b1-%d8%a3%d9%85%d9%86%d9%8a%d8%a9-%d8%a5%d8%b3%d8%b1%d8%a7%d8%a6%d9%8a%d9%84%d9%8a%d8%a9,0,0.9078
https://www.aljazeera.net/news/2026/3/13/%d9%82%d8%b7%d8%b1-%d8%aa%d8%af%d9%8a%d9%86-%d8%a7%d9%84%d8%a7%d8%b9%d8%aa%d8%af%d8%a7%d8%a1%d8%a7%d8%aa-%d8%a7%d9%84%d8%a5%d8%b3%d8%b1%d8%a7%d8%a6%d9%8a%d9%84%d9%8a%d8%a9-%d8%b9%d9%84%d9%89,9,0.8994
https://www.aljazeera.net/news/2026/3/13/%d8%a7%d9%84%d8%ad%d8%b1%d8%b3-%d8%a7%d9%84%d8%ab%d9%88%d8%b1%d9%8a-%d9%8a%d8%aa%d8%ad%d8%af%d8%ab-%d8%b9%d9%86-%d8%a7%d9%86%d8%b3%d8%ad%d8%a7%d8%a8-%d8%ad%d8%a7%d9%85%d9%84%d8%a9,0,0.7315
https://www.aljazeera.net/news/2026/3/13/%d9%88%d8%b3%d8%a7%d8%a6%d9%84-%d8%a5%d8%b9%d9%84%d8%a7%d9%85-%d8%a5%d8%b3%d8%b1%d8%a7%d8%a6%d9%8a%d9%84%d9%8a%d8%a9-%d8%a7%d8%b1%d8%aa%d9%81%d8%a7%d8%b9-%d8%b9%d8%af%d8%af-2,1,0.5065
https://www.aljazeera.net/news/2026/3/13/%d8%b9%d8%a7%d8%ac%d9%84-%d9%88%d8%b3%d8%a7%d8%a6%d9%84-%d8%a5%d8%b9%d9%84%d8%a7%d9%85-%d8%a5%d9%8a%d8%b1%d8%a7%d9%86%d9%8a%d8%a9-%d8%af%d9%88%d9%8a-%d8%a7%d9%86%d9%81%d8%ac%d8%a7%d8%b1%d8%a7%d8%aa-2,1,0.5198
https://www.aljazeera.net/news/2026/3/13/%d8%a7%d9%84%d9%87%d8%ac%d9%85%d8%a7%d8%aa-%d8%b9%d9%84%d9%89-%d8%a7%d9%84%d8%ae%d9%84%d9%8a%d8%ac-%d9%82%d8%aa%d9%8a%d9%84%d8%a7%d9%86-%d9%81%d9%8a-%d8%b9%d9%85%d8%a7%d9%86,4,0.8694
https://www.aljazeera.net/news/2026/3/13/%d8%b5%d8%b1%d8%a7%d8%b9-%d8%af%d8%a7%d8%ae%d9%84%d9%8a-%d8%a8%d8%a7%d9%84%d8%a8%d9%8a%d8%aa-%d8%a7%d9%84%d8%a3%d8%a8%d9%8a%d8%b6-%d8%aa%d8%b1%d9%85%d8%a8-%d9%8a%d9%88%d8%a7%d8%ac%d9%87,0,1.0
https://www.aljazeera.net/news/2026/3/13/%d8%b5%d9%88%d8%a7%d8%b1%d9%8a%d8%ae-%d8%a7%d9%84%d8%ac%d9%84%d9%8a%d9%84-%d9%88%d8%b3%d9%82%d9%88%d8%b7-%d8%b7%d8%a7%d8%a6%d8%b1%d8%a9-%d8%a3%d9%85%d8%b1%d9%8a%d9%83%d9%8a%d8%a9-%d9%87%d9%84,1,0.6695
https://www.aljazeera.net/news/2026/3/13/%d8%a8%d8%b1%d8%b3%d8%a7%d8%a6%d9%84-%d8%aa%d8%b9%d8%a8%d8%a6%d8%a9-%d9%88%d8%aa%d8%b5%d8%b9%d9%8a%d8%af-%d8%b5%d8%a7%d8%b1%d9%88%d8%ae%d9%8a-%d9%87%d9%83%d8%b0%d8%a7,1,0.3835
https://www.aljazeera.net/news/2026/3/13/%d9%84%d8%a3%d9%88%d9%84-%d9%85%d8%b1%d8%a9-%d9%85%d9%86%d8%b0-1967-%d8%a7%d9%84%d8%ac%d9%85%d8%b9%d8%a9-%d8%a7%d9%84%d8%a3%d8%ae%d9%8a%d8%b1%d8%a9-%d9%85%d9%86-%d8%b1%d9%85%d8%b6%d8%a7%d9%86,17,0.7018
https://www.aljazeera.net/news/2026/3/13/%d9%82%d8%aa%d9%84%d9%89-%d8%a8%d8%ba%d8%a7%d8%b1%d8%a7%d8%aa-%d8%a5%d8%b3%d8%b1%d8%a7%d8%a6%d9%8a%d9%84%d9%8a%d8%a9-%d9%88%d8%a5%d9%86%d8%b0%d8%a7%d8%b1%d8%a7%d8%aa-%d8%a5%d8%ae%d9%84%d8%a7%d8%a1,2,0.5902
https://www.aljazeera.net/news/2026/3/13/%d8%a5%d8%b7%d9%84%d8%a7%d9%82-%d8%b5%d9%81%d8%a7%d8%b1%d8%a7%d8%aa-%d8%a7%d9%84%d8%a5%d9%86%d8%b0%d8%a7%d8%b1-%d8%a8%d9%82%d8%a7%d8%b9%d8%af%d8%a9-%d8%a5%d9%86%d8%ac%d8%b1%d9%84%d9%8a%d9%83,-1,0.0
https://www.aljazeera.net/news/2026/3/13/%d9%88%d9%81%d8%a7%d8%a9-4-%d8%a3%d9%85%d8%b1%d9%8a%d9%83%d9%8a%d9%8a%d9%86-%d9%81%d9%8a-%d8%aa%d8%ad%d8%b7%d9%85-%d8%b7%d8%a7%d8%a6%d8%b1%d8%a9-%d8%aa%d8%b2%d9%88%d9%8a%d8%af,18,0.4712
https://www.aljazeera.net/news/2026/3/13/2975-%d9%85%d8%b5%d8%a7%d8%a8%d8%a7-%d8%a8%d8%a5%d8%b3%d8%b1%d8%a7%d8%a6%d9%8a%d9%84-%d9%85%d9%86%d8%b0-%d8%a8%d8%af%d8%a1-%d8%a7%d9%84%d8%ad%d8%b1%d8%a8-%d8%b9%d9%84%d9%89,1,0.4424
https://www.aljazeera.net/news/2026/3/13/%d9%85%d8%ae%d8%a7%d9%88%d9%81-%d8%a3%d9%85%d9%86%d9%8a%d8%a9-%d9%81%d9%8a-%d8%a3%d9%85%d8%b1%d9%8a%d9%83%d8%a7-%d8%b9%d9%82%d8%a8-%d9%87%d8%ac%d9%85%d8%a7%d8%aa-%d9%85%d8%b3%d9%84%d8%ad%d8%a9,-1,0.0
https://www.aljazeera.net/news/2026/3/13/%d8%ad%d9%82%d9%8a%d9%82%d8%a9-%d9%81%d9%8a%d8%af%d9%8a%d9%88-%d8%a7%d8%ad%d8%aa%d8%b1%d8%a7%d9%82-%d8%b7%d8%a7%d8%a6%d8%b1%d8%a9-%d8%aa%d8%b2%d9%88%d9%8a%d8%af,18,0.5551
https://www.aljazeera.net/news/2026/3/13/%d8%aa%d8%b1%d9%85%d8%a8-%d9%82%d8%aa%d9%84-%d8%a7%d9%84%d8%a5%d9%8a%d8%b1%d8%a7%d9%86%d9%8a%d9%8a%d9%86-%d8%b4%d8%b1%d9%81-%d8%b9%d8%b8%d9%8a%d9%85-%d9%84%d9%8a,0,0.9468
https://www.aljazeera.net/news/2026/3/13/%d9%85%d8%a7%d8%b0%d8%a7-%d8%b3%d8%aa%d9%81%d8%b9%d9%84-%d8%a5%d8%b3%d8%b1%d8%a7%d8%a6%d9%8a%d9%84-%d8%a5%d8%b0%d8%a7-%d8%aa%d8%b1%d9%83%d8%aa%d9%87%d8%a7-%d8%a3%d9%85%d8%b1%d9%8a%d9%83%d8%a7,0,1.0
https://www.aljazeera.net/news/2026/3/13/%d8%a7%d8%b1%d8%aa%d9%81%d8%a7%d8%b9-%d8%b6%d8%ad%d8%a7%d9%8a%d8%a7-%d8%a7%d9%84%d8%a7%d9%86%d9%87%d9%8a%d8%a7%d8%b1%d8%a7%d8%aa-%d8%a7%d9%84%d8%a3%d8%b1%d8%b6%d9%8a%d8%a9,-1,0.0
https://www.aljazeera.net/news/2026/3/13/%d8%ad%d8%b2%d8%a8-%d8%a7%d9%84%d9%84%d9%87-%d9%8a%d8%b7%d9%84%d9%82-%d8%a7%d9%84%d8%b9%d8%b5%d9%81-%d8%a7%d9%84%d9%85%d8%a3%d9%83%d9%88%d9%84-%d8%b6%d8%af-%d8%a5%d8%b3%d8%b1%d8%a7%d8%a6%d9%8a%d9%84,-1,0.0
https://www.aljazeera.net/news/2026/3/13/%d9%88%d8%b2%d9%8a%d8%b1-%d8%a7%d9%84%d8%ae%d8%a7%d8%b1%d8%ac%d9%8a%d8%a9-%d8%a7%d9%84%d9%81%d8%b1%d9%86%d8%b3%d9%8a-%d9%8a%d8%b2%d9%88%d8%b1-%d8%a3%d9%81%d8%b1%d9%8a%d9%82%d9%8a%d8%a7,5,0.9964
https://www.aljazeera.net/news/2026/3/13/%d9%87%d8%ac%d9%88%d9%85-%d8%a5%d9%84%d9%83%d8%aa%d8%b1%d9%88%d9%86%d9%8a-%d9%8a%d8%b2%d9%8a%d8%af-%d8%a7%d9%84%d9%85%d8%ae%d8%a7%d9%88%d9%81-%d9%85%d9%86-%d9%81%d8%aa%d8%ad-%d8%ac%d8%a8%d9%87%d8%a9,0,0.8006
https://www.aljazeera.net/news/2026/3/13/%d8%a3%d9%83%d8%ab%d8%b1-%d9%85%d9%86-200-%d8%b1%d8%ad%d9%84%d8%a9-%d8%aa%d9%81%d8%a7%d8%b5%d9%8a%d9%84-%d8%ac%d8%af%d9%8a%d8%af%d8%a9-%d8%b9%d9%86-%d8%ac%d8%b3%d8%b1,-1,0.0
https://www.aljazeera.net/news/2026/3/13/%d8%a7%d9%84%d8%ac%d9%8a%d8%b4-%d8%a7%d9%84%d9%81%d8%b1%d9%86%d8%b3%d9%8a-%d9%85%d8%b3%d9%8a%d9%91%d8%b1%d8%a9-%d8%b4%d8%a7%d9%87%d8%af-%d9%82%d8%aa%d9%84%d8%aa-%d8%b6%d8%a7%d8%a8%d8%b7,13,0.7511
https://www.aljazeera.net/news/2026/3/13/%d8%a3%d9%81%d8%ba%d8%a7%d9%86%d8%b3%d8%aa%d8%a7%d9%86-%d8%aa%d8%b4%d9%86-%d9%87%d8%ac%d9%85%d8%a7%d8%aa-%d8%b9%d9%84%d9%89-%d8%a8%d8%a7%d9%83%d8%b3%d8%aa%d8%a7%d9%86-%d8%b1%d8%af%d8%a7,-1,0.0
https://www.aljazeera.net/news/2026/3/13/%d8%b1%d8%ba%d9%85-%d8%a7%d9%84%d9%82%d8%b5%d9%81-%d9%83%d8%a8%d8%a7%d8%b1-%d8%a7%d9%84%d9%85%d8%b3%d8%a4%d9%88%d9%84%d9%8a%d9%86-%d8%a7%d9%84%d8%a5%d9%8a%d8%b1%d8%a7%d9%86%d9%8a%d9%8a%d9%86,7,0.7578
https://www.aljazeera.net/news/2026/3/13/%d8%a5%d9%8a%d8%b1%d8%a7%d9%86-%d8%aa%d8%b3%d8%aa%d8%b9%d8%af-%d9%84%d9%86%d9%82%d9%84-%d8%ac%d8%ab%d8%a7%d9%85%d9%8a%d9%86-84-%d8%a8%d8%ad%d8%a7%d8%b1%d8%a7-%d9%85%d9%86,0,1.0
https://www.aljazeera.net/news/2026/3/13/%d8%b9%d8%a7%d8%ac%d9%84-%d8%a7%d9%84%d8%b1%d8%a6%d9%8a%d8%b3-%d8%a7%d9%84%d8%a5%d9%8a%d8%b1%d8%a7%d9%86%d9%8a-%d9%84%d9%86-%d8%aa%d8%b7%d8%b1%d8%ad-%d8%a3%d9%8a-%d8%b3%d9%8a%d8%a7%d8%b3%d8%a9,7,0.7056
https://www.aljazeera.net/news/2026/3/13/%d9%85%d8%b5%d8%b1-%d8%aa%d8%af%d8%b9%d9%88-%d9%84%d8%aa%d8%b4%d9%83%d9%8a%d9%84-%d9%82%d9%88%d8%a9-%d9%85%d8%b4%d8%aa%d8%b1%d9%83%d8%a9-%d9%88-%d8%aa%d9%81%d8%b9%d9%8a%d9%84,-1,0.0
https://www.aljazeera.net/news/2026/3/13/%d8%a7%d9%84%d8%a8%d8%b1%d9%84%d9%85%d8%a7%d9%86-%d8%a7%d9%84%d8%a3%d9%88%d8%b1%d9%88%d8%a8%d9%8a-%d9%8a%d8%b7%d8%a7%d9%84%d8%a8-%d8%a8%d8%a7%d9%84%d8%a5%d9%81%d8%b1%d8%a7%d8%ac,5,1.0
https://www.aljazeera.net/news/2026/3/13/%d8%b1%d8%ba%d9%85-%d9%88%d8%ac%d9%88%d8%af-%d9%81%d9%8a%d8%af%d9%8a%d9%88-%d9%8a%d9%88%d8%ab%d9%82-%d8%a7%d8%b9%d8%aa%d8%af%d8%a7%d8%a1%d9%87%d9%85-%d8%a5%d9%84%d8%ba%d8%a7%d8%a1,14,1.0
https://www.aljazeera.net/news/2026/3/13/%d9%82%d8%a8%d9%84-18-%d8%b9%d8%a7%d9%85%d8%a7-%d8%ac%d9%88%d8%b2%d9%8a%d9%81-%d9%86%d8%a7%d9%8a-%d9%8a%d8%aa%d9%88%d9%82%d8%b9-%d9%84%d9%84%d8%ac%d8%b2%d9%8a%d8%b1%d8%a9-%d9%85%d8%b5%d9%8a%d8%b1,0,1.0
https://www.aljazeera.net/news/2026/3/13/%d8%ad%d8%b2%d8%a8-%d8%a7%d9%84%d9%84%d9%87-%d9%8a%d9%87%d8%a7%d8%ac%d9%85-12-%d9%87%d8%af%d9%81%d8%a7-%d8%a5%d8%b3%d8%b1%d8%a7%d8%a6%d9%8a%d9%84%d9%8a%d8%a7,2,0.5136
https://www.aljazeera.net/news/2026/3/13/%d8%a3%d8%b2%d9%85%d8%a9-%d9%85%d8%b6%d9%8a%d9%82-%d9%87%d8%b1%d9%85%d8%b2-%d8%a3%d9%85%d8%b1%d9%8a%d9%83%d8%a7-%d8%aa%d8%b3%d8%aa%d8%b9%d8%af-%d8%b9%d8%b3%d9%83%d8%b1%d9%8a%d8%a7,0,1.0
https://www.aljazeera.net/news/2026/3/13/%d9%88%d8%b2%d9%8a%d8%b1-%d8%a7%d9%84%d8%ad%d8%b1%d8%a8-%d8%a7%d9%84%d8%a3%d9%85%d8%b1%d9%8a%d9%83%d9%8a-%d8%a7%d9%84%d9%8a%d9%88%d9%85-%d8%b3%d9%8a%d8%b4%d9%87%d8%af-%d8%a3%d8%b9%d9%84%d9%89,7,0.5328
https://www.aljazeera.net/news/2026/3/13/%d8%aa%d9%84%d9%82%d9%89-%d8%a7%d8%aa%d8%b5%d8%a7%d9%84%d8%a7-%d9%85%d9%86-%d8%a8%d8%b2%d8%b4%d9%83%d9%8a%d8%a7%d9%86-%d8%a7%d9%84%d8%b3%d9%8a%d8%b3%d9%8a-%d9%8a%d8%af%d9%8a%d9%86,9,0.459
https://www.aljazeera.net/news/2026/3/13/%d8%b1%d8%af%d9%88%d8%af-%d9%85%d8%aa%d8%a8%d8%a7%d9%8a%d9%86%d8%a9-%d8%a8%d8%a7%d9%84%d9%85%d9%86%d8%b5%d8%a7%d8%aa-%d8%a8%d8%b9%d8%af-%d8%a5%d8%b9%d9%84%d8%a7%d9%86-%d8%a5%d9%8a%d8%b1%d8%a7%d9%86,0,0.6754
https://www.aljazeera.net/news/2026/3/13/%d9%83%d9%8a%d9%81-%d8%b9%d9%84%d9%82-%d9%85%d8%ba%d8%b1%d8%af%d9%88%d9%86-%d8%b9%d9%84%d9%89-%d8%b3%d9%82%d9%88%d8%b7-%d8%a7%d9%84%d8%b7%d8%a7%d8%a6%d8%b1%d8%a9,18,0.5631
https://www.aljazeera.net/news/2026/3/13/%d8%ad%d8%b1%d8%a7%d8%a6%d9%82-%d9%88%d8%b3%d8%b7-%d8%a5%d8%b3%d8%b1%d8%a7%d8%a6%d9%8a%d9%84-%d8%ac%d8%b1%d8%a7%d8%a1-%d8%b3%d9%82%d9%88%d8%b7-%d8%b4%d8%b8%d8%a7%d9%8a%d8%a7,1,1.0
https://www.aljazeera.net/news/2026/3/13/%d8%b9%d8%a7%d8%ac%d9%84-%d8%a7%d9%84%d8%ae%d8%a7%d8%b1%d8%ac%d9%8a%d8%a9-%d8%a7%d9%84%d8%a3%d9%85%d8%b1%d9%8a%d9%83%d9%8a%d8%a9-%d9%86%d8%b9%d9%84%d9%86-%d8%aa%d9%82%d8%af%d9%8a%d9%85,7,0.8661
https://www.aljazeera.net/news/2026/3/13/%d8%b9%d8%a7%d8%ac%d9%84-%d9%88%d8%b2%d9%8a%d8%b1-%d8%a7%d9%84%d8%af%d8%a7%d8%ae%d9%84%d9%8a%d8%a9-%d8%a7%d9%84%d9%82%d8%b7%d8%b1%d9%8a-%d9%85%d8%ae%d8%b2%d9%88%d9%86-%d8%a7%d9%84%d8%a3%d9%85%d9%86,9,1.0
https://www.aljazeera.net/news/2026/3/13/%d8%a8%d8%a7%d8%a8%d8%a7-%d8%a7%d9%84%d9%81%d8%a7%d8%aa%d9%8a%d9%83%d9%8a%d8%a7%d9%86-%d8%b9%d9%84%d9%89-%d8%a7%d9%84%d9%85%d8%b3%d9%8a%d8%ad%d9%8a%d9%8a%d9%86-%d8%a7%d9%84%d8%b0%d9%8a%d9%86,-1,0.0
https://www.aljazeera.net/news/2026/3/13/%d9%85%d9%86-%d9%8a%d9%88%d9%85%d9%8a%d8%a7%d8%aa-%d8%a8%d8%ad%d8%a7%d8%b1-%d8%b5%d9%8a%d9%86%d9%8a-%d8%b9%d8%a7%d9%84%d9%82-%d9%81%d9%8a-%d8%a7%d9%84%d8%ae%d9%84%d9%8a%d8%ac-%d8%a8%d8%b3%d8%a8%d8%a8,0,1.0
https://www.aljazeera.net/news/2026/3/13/%d8%b9%d8%a7%d8%ac%d9%84-%d8%a7%d9%84%d8%a3%d9%85%d9%8a%d9%86-%d8%a7%d9%84%d8%b9%d8%a7%d9%85-%d9%84%d8%ad%d8%b2%d8%a8-%d8%a7%d9%84%d9%84%d9%87-%d9%86%d8%ad%d9%86-%d9%81%d9%8a-2,-1,0.0
https://www.aljazeera.net/news/2026/3/13/%d9%81%d9%8a-%d9%8a%d9%88%d9%85-%d8%a7%d9%84%d9%82%d8%af%d8%b3-%d8%a7%d9%84%d9%85%d8%af%d9%8a%d9%86%d8%a9-%d9%85%d8%ad%d8%a7%d8%b5%d8%b1%d8%a9-%d9%88%d8%a7%d9%84%d8%a3%d9%82%d8%b5%d9%89,17,1.0
https://www.aljazeera.net/news/2026/3/13/3-%d8%b4%d9%87%d8%af%d8%a7%d8%a1-%d9%885-%d9%85%d8%b5%d8%a7%d8%a8%d9%8a%d9%86-%d8%a8%d9%87%d8%ac%d9%85%d8%a7%d8%aa-%d8%a5%d8%b3%d8%b1%d8%a7%d8%a6%d9%8a%d9%84%d9%8a%d8%a9-%d8%b9%d9%84%d9%89,3,1.0
https://www.aljazeera.net/news/2026/3/13/%d8%a3%d9%85%d8%b1%d9%8a%d9%83%d8%a7-%d8%aa%d8%b9%d8%b2%d8%b2-%d9%88%d8%ac%d9%88%d8%af%d9%87%d8%a7-%d8%a7%d9%84%d8%b9%d8%b3%d9%83%d8%b1%d9%8a-%d9%81%d9%8a-%d8%a7%d9%84%d9%85%d9%86%d8%b7%d9%82%d8%a9,0,1.0
https://www.aljazeera.net/news/2026/3/13/%d9%88%d8%a7%d8%b4%d9%86%d8%b7%d9%86-%d8%aa%d8%aa%d8%af%d8%ae%d9%84-%d8%b1%d8%b3%d9%85%d9%8a%d8%a7-%d9%84%d9%84%d8%af%d9%81%d8%a7%d8%b9-%d8%b9%d9%86-%d8%a5%d8%b3%d8%b1%d8%a7%d8%a6%d9%8a%d9%84,3,0.886
https://www.aljazeera.net/news/liveblog/2026/3/13/%d8%a7%d9%84%d8%ad%d8%b1%d8%a8-%d8%b9%d9%84%d9%89-%d8%a5%d9%8a%d8%b1%d8%a7%d9%86-%d9%85%d8%a8%d8%a7%d8%b4%d8%b1-%d8%a7%d9%86%d9%81%d8%ac%d8%a7%d8%b1%d8%a7%d8%aa-%d9%81%d9%8a,-1,0.0
https://www.aljazeera.net/news/2026/3/13/%d8%b3%d9%84%d8%a7%d9%85-%d8%a7%d9%84%d8%ac%d9%8a%d8%b4-%d8%a7%d9%84%d9%84%d8%a8%d9%86%d8%a7%d9%86%d9%8a-%d9%81%d9%83%d9%83-500,8,1.0
https://www.aljazeera.net/news/2026/3/12/%d8%a7%d9%84%d8%b9%d8%b5%d9%81-%d8%a7%d9%84%d9%85%d8%a3%d9%83%d9%88%d9%84-%d9%85%d8%a7%d8%b0%d8%a7-%d8%aa%d9%83%d8%b4%d9%81-%d8%a3%d9%83%d8%a8%d8%b1-%d8%b1%d8%b4%d9%82%d8%a9,2,0.5224
https://www.aljazeera.net/news/2026/3/12/%d8%b9%d8%a7%d8%ac%d9%84-%d9%85%d8%b3%d8%a4%d9%88%d9%84-%d9%81%d9%8a-%d9%85%d9%8a%d9%86%d8%a7%d8%a1-%d8%b9%d8%b1%d8%a7%d9%82%d9%8a-%d9%84%d8%b1%d9%88%d9%8a%d8%aa%d8%b1%d8%b2,13,0.7357
https://www.aljazeera.net/news/2026/3/12/%d9%85%d8%b3%d8%a4%d9%88%d9%84-%d8%a5%d9%8a%d8%b1%d8%a7%d9%86%d9%8a-%d9%84%d9%84%d8%ac%d8%b2%d9%8a%d8%b1%d8%a9-%d8%b6%d8%b1%d8%a8%d8%a7%d8%aa%d9%86%d8%a7-%d8%aa%d8%b5%d9%8a%d8%a8,0,0.9596
https://www.aljazeera.net/news/2026/3/12/%d9%84%d9%85%d8%a7%d8%b0%d8%a7-%d8%b3%d8%ad%d8%a8%d8%aa-%d8%b1%d9%88%d8%b3%d9%8a%d8%a7-%d9%85%d9%88%d8%b8%d9%81%d9%8a%d9%86-%d9%85%d9%86-%d9%85%d8%ad%d8%b7%d8%a9-%d8%a8%d9%88%d8%b4%d9%87%d8%b1,-1,0.0
https://www.aljazeera.net/news/2026/3/12/%d8%a3%d9%85%d9%8a%d8%b1-%d9%82%d8%b7%d8%b1-%d9%88%d8%a7%d9%84%d8%b1%d8%a6%d9%8a%d8%b3-%d8%a7%d9%84%d8%aa%d8%b1%d9%83%d9%8a-%d9%8a%d8%a8%d8%ad%d8%ab%d8%a7%d9%86-6,9,1.0
https://www.aljazeera.net/news/2026/3/12/%d8%a8%d8%b9%d8%af-%d9%82%d8%b1%d8%a7%d8%b1-%d9%85%d8%ac%d9%84%d8%b3-%d8%a7%d9%84%d8%a3%d9%85%d9%86-%d8%a7%d8%b9%d8%aa%d8%b1%d8%a7%d8%b6-%d8%b5%d9%88%d8%a7%d8%b1%d9%8a%d8%ae,4,1.0
https://www.aljazeera.net/news/2026/3/12/%d8%aa%d9%88%d9%82%d9%8a%d9%81-3-%d8%a3%d8%b4%d9%82%d8%a7%d8%a1-%d9%85%d9%86-%d8%a3%d8%b5%d9%88%d9%84-%d8%b9%d8%b1%d8%a7%d9%82%d9%8a%d8%a9-%d8%a8%d8%aa%d9%87%d9%85%d8%a9,13,0.8369
https://www.aljazeera.net/news/2026/3/12/%d8%ba%d8%a7%d8%b1%d8%a9-%d8%a5%d8%b3%d8%b1%d8%a7%d8%a6%d9%8a%d9%84%d9%8a%d8%a9-%d8%aa%d8%b6%d8%b1%d8%a8-%d8%b3%d8%a7%d8%ad%d9%84-%d8%a8%d9%8a%d8%b1%d9%88%d8%aa-%d9%88%d8%ad%d8%b2%d8%a8,2,1.0
https://www.aljazeera.net/news/2026/3/12/%d8%b9%d8%a7%d8%ac%d9%84-%d9%87%d9%8a%d8%a6%d8%a9-%d8%a8%d8%ad%d8%b1%d9%8a%d8%a9-%d8%a8%d8%b1%d9%8a%d8%b7%d8%a7%d9%86%d9%8a%d8%a9-%d8%aa%d9%82%d8%a7%d8%b1%d9%8a%d8%b1-%d8%b9%d9%86,0,1.0
https://www.aljazeera.net/news/2026/3/12/%d9%85%d9%86-%d9%8a%d8%b5%d8%b1%d8%ae-%d8%a3%d9%88%d9%84%d8%a7-%d8%a8%d8%b2%d8%b4%d9%83%d9%8a%d8%a7%d9%86-%d9%8a%d8%b6%d8%b9-%d8%b4%d8%b1%d9%88%d8%b7%d8%a7-%d9%84%d8%a5%d9%86%d9%87%d8%a7%d8%a1,0,1.0
https://www.aljazeera.net/news/2026/3/12/%d8%ad%d8%b1%d8%a8-%d8%a5%d9%8a%d8%b1%d8%a7%d9%86-%d8%aa%d9%83%d9%84%d9%81-%d8%a7%d9%84%d9%88%d9%84%d8%a7%d9%8a%d8%a7%d8%aa-%d8%a7%d9%84%d9%85%d8%aa%d8%ad%d8%af%d8%a9-11-3,0,0.9388
https://www.aljazeera.net/news/2026/3/12/%d8%b1%d9%88%d9%8a%d8%aa%d8%b1%d8%b2-%d8%a7%d9%84%d9%85%d8%ae%d8%a7%d8%a8%d8%b1%d8%a7%d8%aa-%d8%a7%d9%84%d8%a3%d9%85%d8%b1%d9%8a%d9%83%d9%8a%d8%a9-%d8%aa%d8%ae%d9%84%d8%b5-%d8%a5%d9%84%d9%89,-1,0.0
https://www.aljazeera.net/news/2026/3/12/%d9%88%d8%b2%d9%8a%d8%b1-%d8%a7%d9%84%d8%af%d9%81%d8%a7%d8%b9-%d8%a7%d9%84%d8%a5%d9%86%d8%af%d9%88%d9%86%d9%8a%d8%b3%d9%8a-%d9%86%d8%b4%d8%b1-%d9%82%d9%88%d8%a7%d8%aa-%d8%a8%d8%ba%d8%b2%d8%a9,0,0.6547
https://www.aljazeera.net/news/2026/3/12/%d9%82%d8%aa%d9%84%d9%89-%d9%81%d9%8a-%d9%87%d8%ac%d9%88%d9%85-%d8%b9%d9%84%d9%89-%d9%85%d9%82%d8%b1%d8%a7%d8%aa-%d9%84%d9%84%d8%ad%d8%b4%d8%af-%d8%a7%d9%84%d8%b4%d8%b9%d8%a8%d9%8a,13,0.7814
https://www.aljazeera.net/news/2026/3/12/%d9%88%d9%81%d8%a7%d8%a9-%d8%a7%d9%84%d9%82%d9%8a%d8%a7%d8%af%d9%8a-%d8%a7%d9%84%d9%83%d8%b1%d8%af%d9%8a-%d8%a7%d9%84%d8%b3%d9%88%d8%b1%d9%8a-%d8%a7%d9%84%d8%a8%d8%a7%d8%b1%d8%b2,13,0.3201
https://www.aljazeera.net/news/2026/3/12/%d9%85%d8%a7%d9%83%d8%b1%d9%88%d9%86-%d9%8a%d8%b7%d8%a7%d9%84%d8%a8-%d8%a5%d8%b3%d8%b1%d8%a7%d8%a6%d9%8a%d9%84-%d8%a8%d8%a7%d9%84%d8%aa%d8%ae%d9%84%d9%8a-%d8%b9%d9%86-%d8%a3%d9%8a,8,0.4536
https://www.aljazeera.net/news/2026/3/12/%d9%83%d9%8a%d9%81-%d8%aa%d8%ad%d9%88%d9%84%d8%aa-%d8%a7%d9%84%d8%b7%d8%a7%d9%82%d8%a9-%d8%a5%d9%84%d9%89-%d8%b3%d8%a7%d8%ad%d8%a9-%d9%88%d8%b3%d9%84%d8%a7%d8%ad-%d9%81%d9%8a,0,1.0
https://www.aljazeera.net/news/2026/3/12/%d8%a5%d9%8a%d8%b7%d8%a7%d9%84%d9%8a%d8%a7-%d8%aa%d8%b9%d9%84%d9%86-%d8%aa%d8%b9%d8%b1%d8%b6-%d9%82%d8%a7%d8%b9%d8%af%d8%aa%d9%87%d8%a7-%d8%a7%d9%84%d8%b9%d8%b3%d9%83%d8%b1%d9%8a%d8%a9,13,1.0
https://www.aljazeera.net/news/2026/3/12/%d9%83%d9%8a%d9%81-%d9%83%d8%a7%d9%86%d8%aa-%d8%a3%d8%b5%d8%b9%d8%a8-%d9%84%d9%8a%d9%84%d8%a9-%d8%b9%d8%a7%d8%b4%d8%aa%d9%87%d8%a7-%d8%a5%d8%b3%d8%b1%d8%a7%d8%a6%d9%8a%d9%84-%d9%85%d9%86%d8%b0,1,0.7676
https://www.aljazeera.net/news/2026/3/12/%d8%a7%d9%84%d8%a3%d8%b1%d8%af%d9%86-%d8%b3%d9%82%d9%88%d8%b7-%d8%b4%d8%b8%d8%a7%d9%8a%d8%a7-%d8%b5%d8%a7%d8%b1%d9%88%d8%ae-%d8%a8%d9%85%d9%86%d8%b7%d9%82%d8%a9-%d9%85%d8%a3%d9%87%d9%88%d9%84%d8%a9,4,0.2311
https://www.aljazeera.net/news/2026/3/12/%d9%84%d9%85%d8%a7%d8%b0%d8%a7-%d8%aa%d9%88%d9%82%d9%81%d8%aa-%d8%a5%d9%8a%d8%b1%d8%a7%d9%86-%d8%b9%d9%86-%d8%a5%d8%b9%d9%84%d8%a7%d9%86-%d8%b9%d8%af%d8%af,-1,0.0
https://www.aljazeera.net/news/2026/3/12/%d9%87%d8%ac%d9%85%d8%a7%d8%aa-%d8%a5%d8%b3%d8%b1%d8%a7%d8%a6%d9%8a%d9%84%d9%8a%d8%a9-%d8%a8%d8%a7%d9%84%d9%85%d8%b3%d9%8a%d8%b1%d8%a7%d8%aa-%d9%88%d8%a7%d9%84%d8%ad%d8%b1%d8%b3,1,0.8783
https://www.aljazeera.net/news/2026/3/12/%d8%a7%d9%84%d9%87%d8%ac%d9%85%d8%a7%d8%aa-%d8%b9%d9%84%d9%89-%d8%a7%d9%84%d8%ae%d9%84%d9%8a%d8%ac-%d8%aa%d8%b5%d8%af%d9%8a-%d9%81%d9%8a-%d8%a7%d9%84%d8%a5%d9%85%d8%a7%d8%b1%d8%a7%d8%aa,4,0.8219
https://www.aljazeera.net/news/2026/3/12/%d8%a5%d8%b9%d8%a7%d8%af%d8%a9-%d8%aa%d9%85%d9%88%d8%b6%d8%b9-%d8%a5%d8%ae%d9%84%d8%a7%d8%a1-19-%d8%b7%d8%a7%d8%a6%d8%b1%d8%a9-%d8%b1%d9%83%d8%a7%d8%a8-%d9%88%d8%b4%d8%ad%d9%86-%d9%85%d9%86,-1,0.0
https://www.aljazeera.net/news/2026/3/12/3-%d9%81%d8%b1%d9%82-%d8%b9%d8%b3%d9%83%d8%b1%d9%8a%d8%a9-%d9%88%d8%aa%d8%b9%d8%a8%d8%a6%d8%a9-%d8%a5%d8%ad%d8%aa%d9%8a%d8%a7%d8%b7%d9%8a%d8%a9-%d8%a7%d9%84%d8%ac%d9%8a%d8%b4,2,0.5822
https://www.aljazeera.net/news/2026/3/12/%d9%85%d8%b3%d8%aa%d9%88%d8%b7%d9%86%d9%88%d9%86-%d9%8a%d8%ad%d8%b1%d9%82%d9%88%d9%86-%d8%ac%d8%b2%d8%a1%d8%a7-%d9%85%d9%86-%d9%85%d8%b3%d8%ac%d8%af-%d8%a8%d9%86%d8%a7%d8%a8%d9%84%d8%b3,15,0.7976
https://www.aljazeera.net/news/2026/3/12/%d8%a5%d9%86-%d8%a8%d9%8a-%d8%b3%d9%8a-%d9%85%d8%ae%d8%a7%d9%88%d9%81-%d9%81%d9%8a-%d8%a7%d9%84%d8%a8%d9%8a%d8%aa-%d8%a7%d9%84%d8%a3%d8%a8%d9%8a%d8%b6-%d9%85%d9%86-%d8%aa%d8%ad%d9%88%d9%84,0,1.0
https://www.aljazeera.net/news/2026/3/12/%d8%a3%d9%86%d9%82%d8%b1%d8%a9-%d8%a5%d9%86%d8%ac%d8%b1%d9%84%d9%8a%d9%83-%d9%82%d8%a7%d8%b9%d8%af%d8%a9-%d8%aa%d8%b1%d9%83%d9%8a%d8%a9,-1,0.0
https://www.aljazeera.net/news/2026/3/12/%d8%b7%d9%87%d8%b1%d8%a7%d9%86-%d8%aa%d8%b9%d9%84%d9%86-%d8%b9%d9%86-%d8%a7%d8%ba%d8%aa%d9%8a%d8%a7%d9%84-%d9%82%d9%8a%d8%a7%d8%af%d9%8a-%d8%a8%d8%a7%d9%84%d8%ad%d8%b1%d8%b3,-1,0.0
https://www.aljazeera.net/news/2026/3/12/%d8%a3%d8%b5%d9%88%d8%a7%d8%aa-%d8%a5%d8%b3%d8%b1%d8%a7%d8%a6%d9%8a%d9%84%d9%8a%d8%a9-%d9%87%d8%b0%d9%87-%d9%84%d9%8a%d8%b3%d8%aa-%d8%ad%d8%b1%d8%a8%d9%86%d8%a7-%d8%a5%d9%86%d9%87%d8%a7,19,1.0
https://www.aljazeera.net/news/2026/3/12/%d8%b7%d8%a7%d8%a6%d8%b1%d8%a7%d8%aa-%d9%85%d8%b3%d9%8a%d8%b1%d8%a9-%d8%a3%d9%88%d9%83%d8%b1%d8%a7%d9%86%d9%8a%d8%a9-%d8%aa%d8%b3%d8%aa%d9%87%d8%af%d9%81-%d9%85%d8%ad%d8%b7%d8%a9-%d9%86%d9%81%d8%b7,12,0.8876
https://www.aljazeera.net/news/2026/3/12/%d9%85%d8%a7-%d8%ae%d9%8a%d8%a7%d8%b1%d8%a7%d8%aa-%d8%b7%d9%87%d8%b1%d8%a7%d9%86-%d9%84%d9%84%d8%b1%d8%af-%d8%b9%d9%84%d9%89-%d8%a7%d8%ad%d8%aa%d9%84%d8%a7%d9%84-%d8%a3%d9%8a-%d9%85%d9%86,0,0.7826
https://www.aljazeera.net/news/2026/3/12/%d8%b5%d9%88%d8%a7%d8%b1%d9%8a%d8%ae-%d8%a5%d9%8a%d8%b1%d8%a7%d9%86%d9%8a%d8%a9-%d8%aa%d8%ae%d8%aa%d8%b1%d9%82-%d8%a7%d9%84%d8%af%d9%81%d8%a7%d8%b9%d8%a7%d8%aa,1,0.679
https://www.aljazeera.net/news/2026/3/12/%d8%b4%d8%a7%d9%87%d8%af-%d9%88%d8%a7%d9%84%d8%af%d8%a9-%d9%87%d9%86%d8%af-%d8%b1%d8%ac%d8%a8-%d8%a7%d8%a8%d9%86%d8%aa%d9%8a-%d8%aa%d8%b1%d9%83%d8%aa-%d9%84%d9%84%d9%85%d9%88%d8%aa,3,0.5867
https://www.aljazeera.net/news/2026/3/12/%d8%a8%d8%b9%d8%af-%d8%a7%d8%b3%d8%aa%d9%87%d8%af%d8%a7%d9%81-%d8%b3%d9%81%d9%8a%d9%86%d8%a9-%d9%81%d9%8a-%d9%85%d8%b6%d9%8a%d9%82-%d9%87%d8%b1%d9%85%d8%b2-%d8%aa%d8%a7%d9%8a%d9%84%d9%86%d8%af,0,1.0
https://www.aljazeera.net/news/2026/3/12/%d8%a8%d9%8a%d8%a7%d9%86-%d8%a7%d9%84%d9%85%d8%b1%d8%b4%d8%af-%d8%a7%d9%84%d8%a5%d9%8a%d8%b1%d8%a7%d9%86%d9%8a-%d9%85%d8%ac%d8%aa%d8%a8%d9%89-%d8%ae%d8%a7%d9%85%d9%86%d8%a6%d9%8a,7,0.72
https://www.aljazeera.net/news/2026/3/12/%d9%86%d8%b2%d9%88%d8%ad-%d8%a3%d9%83%d8%ab%d8%b1-%d9%85%d9%86-%d8%ab%d9%84%d8%a7%d8%ab%d8%a9-%d9%85%d9%84%d8%a7%d9%8a%d9%8a%d9%86-%d8%b4%d8%ae%d8%b5-%d8%af%d8%a7%d8%ae%d9%84,1,0.4199
https://www.aljazeera.net/news/2026/3/12/%d8%ae%d8%b1%d9%88%d9%82%d8%a7%d8%aa-%d8%a5%d8%b3%d8%b1%d8%a7%d8%a6%d9%8a%d9%84%d9%8a%d8%a9-%d9%85%d8%aa%d9%88%d8%a7%d8%b5%d9%84%d8%a9-%d8%a5%d8%b5%d8%a7%d8%a8%d8%a7%d8%aa-%d9%81%d9%8a,3,1.0
https://www.aljazeera.net/news/2026/3/12/%d8%aa%d8%b7%d9%88%d8%b1-%d8%af%d8%b1%d8%a7%d9%85%d8%a7%d8%aa%d9%8a%d9%83%d9%8a-%d8%a3%d9%85-%d9%81%d8%a8%d8%b1%d9%83%d8%a9-%d8%a7%d9%84%d9%82%d8%b5%d8%a9,-1,0.0
https://www.aljazeera.net/news/2026/3/12/%d9%85%d9%88%d8%b3%d9%83%d9%88-%d8%aa%d8%af%d8%b9%d9%88-%d8%a3%d9%85%d8%b1%d9%8a%d9%83%d8%a7-%d9%88%d8%a5%d8%b3%d8%b1%d8%a7%d8%a6%d9%8a%d9%84-%d9%84%d9%84%d9%85%d9%81%d8%a7%d9%88%d8%b6%d8%a7%d8%aa,-1,0.0
https://www.aljazeera.net/news/2026/3/12/%d9%85%d8%ac%d8%aa%d8%a8%d9%89-%d8%ae%d8%a7%d9%85%d9%86%d8%a6%d9%8a-%d9%8a%d8%b7%d9%84%d9%82-%d8%ad%d8%b3%d8%a7%d8%a8%d9%87-%d8%b9%d9%84%d9%89-%d8%a5%d9%83%d8%b3-%d8%a8%d8%b9%d8%af,7,0.7123
https://www.aljazeera.net/news/2026/3/12/%d8%a7%d9%84%d9%88%d9%84%d8%a7%d9%8a%d8%a7%d8%aa-%d8%a7%d9%84%d9%85%d8%aa%d8%ad%d8%af%d8%a9-%d8%aa%d9%82%d8%aa%d8%b1%d8%a8-%d9%85%d9%86-%d8%a7%d8%aa%d9%81%d8%a7%d9%82-%d9%8a%d8%b3%d9%85%d8%ad,5,0.8632
https://www.aljazeera.net/news/2026/3/12/%d8%b1%d8%a7%d9%8a%d8%aa%d8%b3-%d9%88%d9%88%d8%aa%d8%b4-%d8%aa%d8%ad%d8%a7%d9%84%d9%81-%d9%85%d9%86%d8%b9-%d8%a7%d9%84%d9%81%d8%b8%d8%a7%d8%a6%d8%b9-%d9%81%d9%8a,10,0.578
https://www.aljazeera.net/news/2026/3/12/%d9%88%d8%b2%d9%8a%d8%b1-%d8%a7%d9%84%d8%a5%d8%b9%d9%84%d8%a7%d9%85-%d8%a7%d9%84%d9%84%d8%a8%d9%86%d8%a7%d9%86%d9%8a-%d8%b3%d9%86%d8%aa%d8%ae%d8%b0-%d8%a5%d8%ac%d8%b1%d8%a7%d8%a1%d8%a7%d8%aa,-1,0.0
https://www.aljazeera.net/news/2026/3/12/%d8%a5%d9%8a%d8%b1%d8%a7%d9%86-%d8%aa%d8%aa%d9%88%d8%b9%d8%af-%d8%a8%d8%a7%d9%86%d9%82%d8%b7%d8%a7%d8%b9-%d8%b4%d8%a7%d9%85%d9%84-%d9%84%d9%84%d9%83%d9%87%d8%b1%d8%a8%d8%a7%d8%a1-%d9%81%d9%8a,0,0.9869
https://www.aljazeera.net/news/2026/3/12/%d9%83%d9%8a%d9%85-%d9%88%d8%a7%d8%a8%d9%86%d8%aa%d9%87-%d9%8a%d8%ae%d8%aa%d8%a8%d8%b1%d8%a7%d9%86-%d8%b5%d9%88%d8%a7%d8%b1%d9%8a%d8%ae-%d8%a5%d8%b3%d8%aa%d8%b1%d8%a7%d8%aa%d9%8a%d8%ac%d9%8a%d8%a9,-1,0.0
https://www.aljazeera.net/news/2026/3/12/%d8%a3%d9%84%d8%ba%d8%a7%d9%85-%d9%87%d8%b1%d9%85%d8%b2,0,1.0
https://www.aljazeera.net/news/2026/3/12/%d8%b9%d8%a7%d8%ac%d9%84-%d9%88%d9%83%d8%a7%d9%84%d8%a9-%d8%a7%d9%84%d8%a3%d9%86%d8%a8%d8%a7%d8%a1-%d8%a7%d9%84%d8%b9%d9%85%d8%a7%d9%86%d9%8a%d8%a9-%d8%b9%d9%86-%d9%85%d8%b5%d8%af%d8%b1-3,4,0.4605
https://www.aljazeera.net/news/2026/3/12/%d8%b1%d8%b3%d8%a7%d8%a6%d9%84-%d8%ad%d8%a7%d8%b3%d9%85%d8%a9-%d9%85%d9%86-%d8%a7%d9%84%d9%85%d8%b1%d8%b4%d8%af-%d8%a7%d9%84%d8%a5%d9%8a%d8%b1%d8%a7%d9%86%d9%8a-%d9%83%d9%8a%d9%81-%d8%b1%d8%b3%d9%85,7,0.82
https://www.aljazeera.net/news/2026/3/12/%d8%a7%d9%84%d8%a7%d8%ad%d8%aa%d9%84%d8%a7%d9%84-%d9%8a%d9%86%d8%b0%d8%b1-%d8%a8%d8%a5%d8%ae%d9%84%d8%a7%d8%a1-10-%d9%85%d9%86-%d9%85%d8%b3%d8%a7%d8%ad%d8%a9-%d9%84%d8%a8%d9%86%d8%a7%d9%86,2,0.6041
https://www.aljazeera.net/news/2026/3/12/%d9%81%d9%8a-%d8%a8%d9%8a%d8%a7%d9%86%d9%87-%d8%a7%d9%84%d8%a3%d9%88%d9%84-%d9%84%d9%85%d8%a7%d8%b0%d8%a7-%d9%84%d9%85-%d9%8a%d8%b8%d9%87%d8%b1-%d9%85%d8%ac%d8%aa%d8%a8%d9%89,7,0.7215
https://www.aljazeera.net/news/2026/3/12/6-%d9%87%d8%ac%d9%85%d8%a7%d8%aa-%d8%b9%d9%84%d9%89-%d8%b3%d9%81%d9%86-%d8%ae%d9%84%d8%a7%d9%84-24-%d8%b3%d8%a7%d8%b9%d8%a9-%d8%a8%d9%85%d8%b6%d9%8a%d9%82-%d9%87%d8%b1%d9%85%d8%b2,0,1.0
https://www.aljazeera.net/news/2026/3/12/%d8%ad%d8%b1%d9%8a%d9%82-%d8%b9%d9%84%d9%89-%d9%85%d8%aa%d9%86-%d8%ad%d8%a7%d9%85%d9%84%d8%a9-%d8%a7%d9%84%d8%b7%d8%a7%d8%a6%d8%b1%d8%a7%d8%aa-%d8%a7%d9%84%d8%a3%d9%85%d8%b1%d9%8a%d9%83%d9%8a%d8%a9,-1,0.0
https://www.aljazeera.net/news/2026/3/12/%d8%b4%d9%87%d8%a8%d8%a7%d8%b2-%d8%b4%d8%b1%d9%8a%d9%81-%d8%a8%d8%a7%d9%83%d8%b3%d8%aa%d8%a7%d9%86-%d8%a7%d9%84%d8%b3%d8%b9%d9%88%d8%af%d9%8a%d8%a9-%d9%88%d9%84%d9%8a-%d8%a7%d9%84%d8%b9%d9%87%d8%af,0,1.0
https://www.aljazeera.net/news/2026/3/12/%d8%b1%d8%a6%d9%8a%d8%b3-%d9%88%d8%b2%d8%b1%d8%a7%d8%a1-%d9%84%d8%a8%d9%86%d8%a7%d9%86-%d8%b9%d8%a7%d8%b2%d9%85%d9%88%d9%86-%d8%b9%d9%84%d9%89-%d8%a5%d9%86%d9%87%d8%a7%d8%a1,8,0.4834
https://www.aljazeera.net/news/2026/3/12/%d8%b9%d8%a7%d8%ac%d9%84-%d9%85%d8%b5%d8%a7%d8%af%d8%b1-%d8%a3%d9%85%d9%86%d9%8a%d8%a9-%d8%aa%d8%b1%d9%83%d9%8a%d8%a9-%d8%b1%d9%81%d9%8a%d8%b9%d8%a9-%d8%a7%d9%84%d9%85%d8%b3%d8%aa%d9%88%d9%89,-1,0.0
https://www.aljazeera.net/news/2026/3/12/%d8%aa%d9%82%d8%b1%d9%8a%d8%b1-3,1,0.3982
https://www.aljazeera.net/news/2026/3/12/%d8%aa%d8%b1%d9%83%d9%8a%d8%a7-%d8%aa%d8%aa%d9%88%d8%a7%d8%b5%d9%84-%d9%85%d8%b9-%d8%a3%d8%b7%d8%b1%d8%a7%d9%81-%d8%a7%d9%84%d8%b5%d8%b1%d8%a7%d8%b9-%d9%88%d9%85%d8%b5%d8%b1-%d8%aa%d8%af%d8%b9%d9%88,-1,0.0
https://www.aljazeera.net/news/2026/3/12/75-%d8%a3%d8%b3%d8%b7%d9%88%d8%a7%d9%86%d8%a9-%d9%83%d9%8a%d9%85%d9%8a%d8%a7%d8%a6%d9%8a%d8%a9-%d9%85%d8%b4%d8%a8%d9%88%d9%87%d8%a9-%d8%a7%d9%86%d8%aa%d9%87%d8%aa-%d8%a8%d8%ae%d8%b7%d8%a3,6,1.0
https://www.aljazeera.net/news/2026/3/12/%d8%a3%d9%84%d8%ba%d8%a7%d9%85-%d8%a5%d9%8a%d8%b1%d8%a7%d9%86-%d9%81%d9%8a-%d9%85%d8%b6%d9%8a%d9%82-%d9%87%d8%b1%d9%85%d8%b2-%d9%88%d8%b1%d9%82%d8%a9-%d8%b6%d8%ba%d8%b7-%d8%a3%d9%85,0,1.0
https://www.aljazeera.net/news/2026/3/12/%d8%b9%d8%a7%d8%ac%d9%84-%d9%86%d8%aa%d9%86%d9%8a%d8%a7%d9%87%d9%88-%d9%86%d9%82%d9%88%d9%85-%d8%a8%d8%aa%d8%ba%d9%8a%d9%8a%d8%b1-%d8%a7%d9%84%d8%b4%d8%b1%d9%82-%d8%a7%d9%84%d8%a3%d9%88%d8%b3%d8%b7,19,1.0
https://www.aljazeera.net/news/2026/3/12/%d8%b4%d8%a7%d9%87%d8%af-%d8%a7%d9%84%d8%ad%d8%b1%d8%b3-%d8%a7%d9%84%d8%ab%d9%88%d8%b1%d9%8a-%d9%8a%d9%82%d8%b5%d9%81-%d9%86%d8%a7%d9%82%d9%84%d8%a9-%d9%86%d9%81%d8%b7,0,0.8088
https://www.aljazeera.net/news/2026/3/12/%d9%84%d9%8a%d8%b3%d8%aa-%d8%a7%d9%84%d9%85%d8%b3%d8%a7%d8%b9%d8%af%d8%a7%d8%aa-%d9%81%d8%ad%d8%b3%d8%a8-%d8%b7%d8%a8%d9%8a%d8%a8-%d8%a3%d8%b1%d8%af%d9%86%d9%8a-%d9%8a%d8%b1%d9%88%d9%8a,3,1.0
https://www.aljazeera.net/news/2026/3/12/%d9%83%d9%8a%d9%81-%d9%82%d8%b1%d8%a3-%d8%a7%d9%84%d9%85%d8%ad%d9%84%d9%84%d9%88%d9%86-%d9%83%d9%84%d9%85%d8%a9-%d9%85%d8%ac%d8%aa%d8%a8%d9%89-%d8%ae%d8%a7%d9%85%d9%86%d8%a6%d9%8a,7,0.9144
https://www.aljazeera.net/news/2026/3/12/%d8%a7%d9%84%d9%85%d8%ac%d9%84%d8%b3-%d8%a7%d9%84%d9%85%d8%b5%d8%ba%d8%b1-%d8%a7%d9%84%d8%a5%d8%b3%d8%b1%d8%a7%d8%a6%d9%8a%d9%84%d9%8a-%d9%8a%d8%a8%d8%ad%d8%ab-%d8%a7%d9%84%d9%84%d9%8a%d9%84%d8%a9,2,0.6041
https://www.aljazeera.net/news/2026/3/12/%d8%b7%d9%87%d8%b1%d8%a7%d9%86-%d8%aa%d8%aa%d9%85%d8%b3%d9%83-%d8%a8%d8%a5%d8%ba%d9%84%d8%a7%d9%82-%d9%87%d8%b1%d9%85%d8%b2-%d9%88%d9%88%d8%a7%d8%b4%d9%86%d8%b7%d9%86-%d8%aa%d9%82%d8%b1,0,0.9571
https://www.aljazeera.net/news/2026/3/11/%d8%a7%d9%84%d8%ad%d8%b1%d8%a8-4,1,0.3499
https://www.aljazeera.net/news/2026/3/11/%d8%b9%d8%a7%d8%ac%d9%84-%d9%88%d9%83%d8%a7%d9%84%d8%a9-%d8%a3%d9%86%d8%a8%d8%a7%d8%a1-%d9%83%d9%88%d8%b1%d9%8a%d8%a7-%d8%a7%d9%84%d8%b4%d9%85%d8%a7%d9%84%d9%8a%d8%a9-%d8%a8%d9%8a%d9%88%d9%86%d8%ba,7,0.9046
https://www.aljazeera.net/news/2026/3/11/%d8%aa%d8%b5%d9%88%d9%8a%d8%aa-%d9%85%d8%b1%d8%aa%d9%82%d8%a8-%d9%81%d9%8a-%d9%85%d8%ac%d9%84%d8%b3-%d8%a7%d9%84%d8%a3%d9%85%d9%86-%d8%b9%d9%84%d9%89-%d9%85%d8%b4%d8%b1%d9%88%d8%b9,4,1.0
https://www.aljazeera.net/news/2026/3/11/%d8%b9%d8%a7%d8%ac%d9%84-%d8%a7%d9%84%d8%ad%d8%b1%d8%b3-%d8%a7%d9%84%d8%ab%d9%88%d8%b1%d9%8a-%d8%a7%d9%84%d8%a5%d9%8a%d8%b1%d8%a7%d9%86%d9%8a-%d8%a7%d9%84%d9%85%d9%88%d8%ac%d8%a9,1,0.6152
https://www.aljazeera.net/news/2026/3/11/%d8%aa%d9%87%d8%ac%d9%8a%d8%b1-%d9%88%d8%ac%d9%88%d8%b9-%d9%88%d9%85%d8%b1%d8%b6-%d8%a7%d9%84%d8%b9%d9%81%d9%88-%d8%a7%d9%84%d8%af%d9%88%d9%84%d9%8a%d8%a9-%d9%86%d8%b3%d8%a7%d8%a1,3,1.0
https://www.aljazeera.net/news/2026/3/11/%d8%a8%d8%b9%d8%af-%d8%b1%d9%81%d8%b9-%d8%a7%d9%84%d8%aa%d8%b9%d8%aa%d9%8a%d9%85-%d8%ac%d8%b2%d8%a6%d9%8a%d8%a7-%d8%a5%d8%b9%d9%84%d8%a7%d9%85-%d8%a5%d8%b3%d8%b1%d8%a7%d8%a6%d9%8a%d9%84%d9%8a,2,0.72
https://www.aljazeera.net/news/2026/3/11/%d9%85%d9%86-%d8%ac%d9%86%d9%8a%d9%81-%d8%a5%d9%84%d9%89-%d8%a7%d9%84%d8%ad%d8%b1%d8%a8-%d9%88%d9%8a%d8%aa%d9%83%d9%88%d9%81-%d9%8a%d9%83%d8%b4%d9%81-%d9%85%d8%a7-%d8%ac%d8%b1%d9%89-%d9%81%d9%8a,0,1.0
https://www.aljazeera.net/news/2026/3/11/%d8%ae%d8%a8%d9%8a%d8%b1-%d8%b9%d8%b3%d9%83%d8%b1%d9%8a-%d8%a7%d9%84%d9%88%d8%a7%d9%82%d8%b9-%d8%a7%d9%84%d9%85%d9%8a%d8%af%d8%a7%d9%86%d9%8a-%d9%8a%d8%af%d9%81%d8%b9,0,1.0
https://www.aljazeera.net/news/2026/3/11/%d8%a8%d8%b9%d8%af-%d8%a5%d8%ad%d8%a7%d8%b7%d8%a9-%d8%b3%d8%b1%d9%8a%d8%a9-%d8%a8%d9%85%d8%ac%d9%84%d8%b3-%d8%a7%d9%84%d8%b4%d9%8a%d9%88%d8%ae-%d9%85%d8%b4%d8%b1%d8%b9%d9%88%d9%86,0,0.8611
https://www.aljazeera.net/news/2026/3/11/%d9%85%d9%86-%d9%8a%d9%82%d9%88%d8%af-%d9%85%d9%86-%d9%83%d9%8a%d9%81-%d9%8a%d8%af%d9%8a%d8%b1-%d8%aa%d8%b1%d9%85%d8%a8-%d8%ad%d8%b1%d8%a8%d9%87-%d8%b9%d9%84%d9%89,0,1.0
https://www.aljazeera.net/news/2026/3/11/%d8%a7%d9%84%d9%85%d8%aa%d8%ad%d8%af%d8%ab-%d8%a8%d8%a7%d8%b3%d9%85-%d8%ac%d9%8a%d8%b4-%d8%a7%d9%84%d8%a7%d8%ad%d8%aa%d9%84%d8%a7%d9%84-%d9%8a%d8%ad%d8%aa%d9%85%d9%8a-%d8%af%d8%a7%d8%ae%d9%84,1,0.8658
https://www.aljazeera.net/news/2026/3/11/%d8%b4%d8%b1%d9%83%d8%a9-%d8%a3%d9%82%d9%85%d8%a7%d8%b1-%d8%b5%d9%86%d8%a7%d8%b9%d9%8a%d8%a9-%d8%aa%d8%a4%d8%ae%d8%b1-%d8%a8%d8%ab-%d8%a7%d9%84%d8%b5%d9%88%d8%b1-%d9%81%d9%8a,0,0.6842
https://www.aljazeera.net/news/2026/3/11/%d8%a7%d9%84%d8%a7%d8%ad%d8%aa%d9%84%d8%a7%d9%84-%d9%8a%d8%ad%d8%a7%d8%b5%d8%b1-30-%d8%b9%d8%a7%d8%a6%d9%84%d8%a9-%d9%88%d9%85%d8%b3%d8%aa%d9%88%d8%b7%d9%86%d9%88%d9%86,15,1.0
https://www.aljazeera.net/news/2026/3/11/%d8%a8%d9%8a%d9%86%d9%87%d8%a7-%d9%85%d9%86%d8%b4%d8%a3%d8%a9-%d8%af%d9%8a%d8%a8%d9%84%d9%88%d9%85%d8%a7%d8%b3%d9%8a%d8%a9-%d8%a3%d9%83%d8%ab%d8%b1-%d9%85%d9%86-30-%d9%87%d8%ac%d9%88%d9%85,13,0.9913
https://www.aljazeera.net/news/2026/3/11/%d8%a7%d9%84%d9%87%d8%ac%d9%85%d8%a7%d8%aa-%d8%b9%d9%84%d9%89-%d8%a7%d9%84%d8%ae%d9%84%d9%8a%d8%ac,4,1.0
https://www.aljazeera.net/news/2026/3/11/%d8%ba%d8%a7%d8%b1%d8%a9-%d8%a5%d8%b3%d8%b1%d8%a7%d8%a6%d9%8a%d9%84%d9%8a%d8%a9-%d8%aa%d8%b3%d8%aa%d9%87%d8%af%d9%81-%d9%85%d8%a8%d9%86%d9%89-%d8%b3%d9%83%d9%86%d9%8a-%d9%81%d9%8a-%d9%82%d9%84%d8%a8,2,0.911
https://www.aljazeera.net/news/2026/3/11/%d8%a8%d9%80-289-%d9%85%d9%84%d9%8a%d9%88%d9%86-%d8%af%d9%88%d9%84%d8%a7%d8%b1-%d8%a8%d9%88%d9%8a%d9%86%d8%ba-%d8%aa%d8%a8%d8%b1%d9%85-%d8%b5%d9%81%d9%82%d8%a9-%d9%84%d8%aa%d8%b2%d9%88%d9%8a%d8%af,-1,0.0
https://www.aljazeera.net/news/2026/3/11/%d8%a7%d9%86%d8%aa%d8%b5%d8%a7%d8%b1-%d8%a3%d8%b1%d8%b4%d9%8a%d9%81%d9%8a-%d8%a5%d8%b3%d8%b1%d8%a7%d8%a6%d9%8a%d9%84-%d8%aa%d8%b1%d9%88%d8%ac,-1,0.0
https://www.aljazeera.net/news/2026/3/11/%d9%85%d8%ac%d8%b2%d8%b1%d8%a9-%d8%ab%d9%82%d8%a7%d9%81%d9%8a%d8%a9-%d9%84%d9%85%d8%a7%d8%b0%d8%a7-%d8%aa%d9%82%d8%b5%d9%81-%d8%a3%d8%b5%d9%81%d9%87%d8%a7%d9%86-%d9%82%d9%84%d8%a8,1,0.469
https://www.aljazeera.net/news/2026/3/11/%d9%85%d8%ac%d8%b2%d8%b1%d8%a9-%d8%ac%d8%af%d9%8a%d8%af%d8%a9-%d9%81%d9%8a-%d9%83%d8%b1%d8%af%d9%81%d8%a7%d9%86-%d9%88%d8%a7%d9%84%d8%ae%d8%b1%d8%b7%d9%88%d9%85-%d8%aa%d8%b7%d8%a7%d9%84%d8%a8,10,1.0
https://www.aljazeera.net/news/2026/3/11/%d8%aa%d8%b9%d8%b1%d8%b6-%d8%a7%d9%84%d9%82%d9%86%d8%b5%d9%84%d9%8a%d8%a9-%d8%a7%d9%84%d8%b1%d9%88%d8%b3%d9%8a%d8%a9-%d9%81%d9%8a-%d8%a3%d8%b5%d9%81%d9%87%d8%a7%d9%86,-1,0.0
https://www.aljazeera.net/news/2026/3/11/%d8%a7%d9%84%d9%82%d8%b6%d8%a7%d8%a1-%d8%a7%d9%84%d8%b3%d8%b1%d9%8a%d9%84%d8%a7%d9%86%d9%83%d9%8a-%d9%8a%d8%a3%d9%85%d8%b1-%d8%a8%d8%aa%d8%b3%d9%8a%d9%84%d9%85-%d8%ac%d8%ab%d8%ab-84,0,1.0
https://www.aljazeera.net/news/2026/3/11/%d9%85%d8%b3%d8%a4%d9%88%d9%84%d9%88%d9%86-%d8%a8%d8%a7%d9%84%d8%a8%d9%86%d8%aa%d8%a7%d8%ba%d9%88%d9%86-%d8%a7%d9%84%d8%ac%d9%8a%d8%b4-%d8%a7%d9%84%d8%a5%d9%8a%d8%b1%d8%a7%d9%86%d9%8a-2,0,0.966
https://www.aljazeera.net/news/2026/3/11/%d8%a5%d8%b5%d8%a7%d8%a8%d8%a9-%d8%b3%d9%81%d9%8a%d9%86%d8%aa%d9%8a-%d8%b4%d8%ad%d9%86-%d8%a8%d9%85%d9%82%d8%b0%d9%88%d9%81-%d9%85%d8%ac%d9%87%d9%88%d9%84-%d9%82%d8%a8%d8%a7%d9%84%d8%a9,0,0.9271
https://www.aljazeera.net/news/2026/3/11/%d8%a8%d8%b2%d8%b4%d9%83%d9%8a%d8%a7%d9%86-%d8%a7%d8%b3%d8%aa%d9%87%d8%af%d8%a7%d9%81-%d8%af%d9%88%d9%84-%d8%a7%d9%84%d8%ac%d9%88%d8%a7%d8%b1-%d9%8a%d9%82%d8%aa%d8%b5%d8%b1-%d8%b9%d9%84%d9%89,-1,0.0
https://www.aljazeera.net/news/2026/3/11/%d8%a8%d8%b3%d8%b1%d8%a8-%d9%85%d9%86-%d8%a7%d9%84%d9%85%d8%b3%d9%8a%d8%b1%d8%a7%d8%aa-%d8%b7%d9%87%d8%b1%d8%a7%d9%86-%d8%aa%d9%87%d8%a7%d8%ac%d9%85-%d8%ad%d8%b2%d8%a8%d8%a7,13,0.6135
https://www.aljazeera.net/news/2026/3/11/%d8%a5%d8%b5%d8%a7%d8%a8%d8%a9-29-%d8%a5%d8%b3%d8%b1%d8%a7%d8%a6%d9%8a%d9%84%d9%8a%d8%a7-%d8%a8%d8%b9%d8%af-%d9%85%d9%88%d8%ac%d8%a9-%d8%b5%d8%a7%d8%b1%d9%88%d8%ae%d9%8a%d8%a9-%d9%85%d9%86,1,0.837
https://www.aljazeera.net/news/2026/3/11/%d8%a5%d9%8a%d8%b1%d8%a7%d9%86-%d8%aa%d8%aa%d9%87%d9%85-%d8%a5%d8%b3%d8%b1%d8%a7%d8%a6%d9%8a%d9%84-%d8%a8%d8%a7%d8%b3%d8%aa%d9%87%d8%af%d8%a7%d9%81-%d8%a8%d9%86%d9%83,1,0.338
https://www.aljazeera.net/news/2026/3/11/%d8%a8%d8%a7%d9%84%d8%b5%d9%88%d8%aa-%d9%88%d8%a7%d9%84%d8%b5%d9%88%d8%b1%d8%a9-%d9%88%d8%a8%d8%af%d9%88%d9%86-%d9%84%d8%ab%d8%a7%d9%85-%d8%a7%d9%84%d9%82%d8%b3%d8%a7%d9%85-%d8%aa%d9%86%d8%b4%d8%b1,-1,0.0
https://www.aljazeera.net/news/2026/3/11/%d8%a7%d9%84%d8%ae%d8%b3%d8%a7%d8%a6%d8%b1-%d8%a7%d9%84%d8%a3%d9%85%d9%8a%d8%b1%d9%83%d9%8a%d8%a9-%d9%88%d8%a7%d9%84%d8%a5%d9%8a%d8%b1%d8%a7%d9%86%d9%8a%d8%a9-%d9%81%d9%8a,0,0.7579
https://www.aljazeera.net/news/2026/3/11/%d8%a7%d9%84%d8%b3%d9%81%d8%a7%d8%b1%d8%a9-%d8%a7%d9%84%d8%a3%d9%85%d8%b1%d9%8a%d9%83%d9%8a%d8%a9-%d9%81%d9%8a-%d8%a7%d9%84%d8%b9%d8%b1%d8%a7%d9%82,13,0.5969
https://www.aljazeera.net/news/2026/3/11/%d8%a3%d8%b1%d8%af%d9%88%d8%ba%d8%a7%d9%86-%d8%a5%d8%b3%d8%b1%d8%a7%d8%a6%d9%8a%d9%84-%d8%aa%d8%b4%d8%b9%d9%84-%d8%a7%d9%84%d9%85%d9%86%d8%b7%d9%82%d8%a9-%d9%88%d8%a7%d9%84%d8%b9%d8%a7%d9%84%d9%85,-1,0.0
https://www.aljazeera.net/news/2026/3/11/%d8%a8%d8%b9%d8%af-%d8%a3%d9%86%d8%a8%d8%a7%d8%a1-%d8%b9%d9%86-%d8%a5%d8%b5%d8%a7%d8%a8%d8%aa%d9%87-%d9%86%d8%ac%d9%84-%d8%a8%d8%b2%d8%b4%d9%83%d9%8a%d8%a7%d9%86,7,0.7641
https://www.aljazeera.net/news/2026/3/11/%d8%b1%d8%a6%d9%8a%d8%b3-%d9%88%d8%b2%d8%b1%d8%a7%d8%a1-%d9%83%d9%86%d8%af%d8%a7-%d9%84%d9%85-%d9%88%d9%84%d9%86-%d9%86%d8%b4%d8%a7%d8%b1%d9%83-%d9%81%d9%8a-%d8%a7%d9%84%d9%87%d8%ac%d9%88%d9%85,0,0.6656
https://www.aljazeera.net/news/2026/3/11/%d9%85%d8%b9%d8%b1%d9%83%d8%a9-%d8%a7%d9%84%d8%a3%d9%84%d8%ba%d8%a7%d9%85-%d9%81%d9%8a-%d9%87%d8%b1%d9%85%d8%b2-%d9%87%d9%84-%d8%aa%d8%b9%d9%8a%d8%af-%d8%b3%d9%8a%d9%86%d8%a7%d8%b1%d9%8a%d9%88,0,1.0
https://www.aljazeera.net/news/2026/3/11/%d8%b9%d8%a7%d8%ac%d9%84-%d8%a5%d9%84-%d8%a8%d8%a7%d9%8a%d9%8a%d8%b3-%d8%a5%d8%b3%d8%a8%d8%a7%d9%86%d9%8a%d8%a7-%d8%aa%d8%b9%d9%81%d9%8a-%d8%b3%d9%81%d9%8a%d8%b1%d9%87%d8%a7-%d9%81%d9%8a,16,0.835
https://www.aljazeera.net/news/2026/3/11/%d8%a3%d8%b6%d8%b1%d8%a7%d8%b1-%d8%a8%d9%82%d8%a7%d8%b9%d8%af%d8%a9-%d8%ae%d8%a7%d8%aa%d9%85%d9%8a-%d8%a7%d9%84%d8%ac%d9%88%d9%8a%d8%a9-%d9%88%d9%85%d9%86%d8%b4%d8%a3%d8%a9,-1,0.0
https://www.aljazeera.net/news/2026/3/11/%d8%a5%d9%8a%d8%b1%d8%a7%d9%86-%d8%b3%d9%8a%d8%a7%d8%b3%d8%a9-%d8%a7%d9%84%d8%b6%d8%b1%d8%a8%d8%a7%d8%aa-%d8%a7%d9%84%d9%85%d8%aa%d8%a8%d8%a7%d8%af%d9%84%d8%a9-%d8%a7%d9%86%d8%aa%d9%87%d8%aa,0,0.6781
https://www.aljazeera.net/news/2026/3/11/%d8%b1%d8%ba%d9%85-%d8%a7%d9%84%d9%82%d8%b5%d9%81-%d8%ad%d8%b4%d9%88%d8%af-%d9%81%d9%8a-%d8%b3%d8%a7%d8%ad%d8%a9-%d8%a7%d9%84%d8%ab%d9%88%d8%b1%d8%a9-%d8%a8%d8%b7%d9%87%d8%b1%d8%a7%d9%86,-1,0.0
https://www.aljazeera.net/news/2026/3/11/%d9%82%d8%b3%d9%88%d8%a9-%d8%a7%d8%b3%d8%aa%d8%ab%d9%86%d8%a7%d8%a6%d9%8a%d8%a9-%d8%a7%d9%84%d8%af%d8%b9%d9%85-%d8%a7%d9%84%d8%b3%d8%b1%d9%8a%d8%b9-%d8%aa%d9%86%d8%aa%d9%87%d8%ac,10,1.0
https://www.aljazeera.net/news/2026/3/11/%d9%85%d8%ac%d9%84%d8%b3-%d8%a7%d9%84%d9%88%d8%b2%d8%b1%d8%a7%d8%a1-%d8%a7%d9%84%d9%82%d8%b7%d8%b1%d9%8a-%d9%8a%d8%af%d9%8a%d9%86-%d8%a7%d8%b3%d8%aa%d9%85%d8%b1%d8%a7%d8%b1,9,1.0
https://www.aljazeera.net/news/2026/3/11/%d8%a5%d8%b3%d8%b1%d8%a7%d8%a6%d9%8a%d9%84-%d8%aa%d9%86%d9%82%d9%84-%d9%84%d9%88%d8%a7%d8%a1-%d8%ba%d9%88%d9%84%d8%a7%d9%86%d9%8a-%d8%a5%d9%84%d9%89-%d8%ad%d8%af%d9%88%d8%af,2,0.6462
https://www.aljazeera.net/news/2026/3/11/%d9%85%d9%88%d8%ac%d8%a9-%d8%ba%d8%a7%d8%b1%d8%a7%d8%aa-%d8%a5%d8%b3%d8%b1%d8%a7%d8%a6%d9%8a%d9%84%d9%8a%d8%a9-%d9%85%d9%83%d8%ab%d9%81%d8%a9-%d9%88%d8%b7%d9%87%d8%b1%d8%a7%d9%86,1,0.4432
https://www.aljazeera.net/news/2026/3/11/%d8%b3%d8%a7%d8%a8%d9%82%d8%a9-%d9%85%d9%86%d8%b0-2012-%d8%a8%d8%b1%d9%8a%d8%b7%d8%a7%d9%86%d9%8a%d8%a7-%d8%aa%d8%ad%d8%b8%d8%b1-%d9%85%d8%b3%d9%8a%d8%b1%d8%a9-%d9%8a%d9%88%d9%85,16,0.964
https://www.aljazeera.net/news/2026/3/11/%d8%b9%d8%a7%d8%ac%d9%84-%d9%88%d9%83%d8%a7%d9%84%d8%a9-%d8%a7%d9%84%d8%a3%d9%86%d8%a8%d8%a7%d8%a1-%d8%a7%d9%84%d8%b9%d9%85%d8%a7%d9%86%d9%8a%d8%a9-%d8%b9%d9%86-%d9%85%d8%b5%d8%af%d8%b1-2,4,1.0
https://www.aljazeera.net/news/2026/3/11/%d8%ab%d9%84%d8%a7%d8%ab-%d9%87%d8%ac%d9%85%d8%a7%d8%aa-%d8%a8%d8%ad%d8%b1%d9%8a%d8%a9-%d9%82%d8%b1%d8%a8-%d9%87%d8%b1%d9%85%d8%b2-%d8%aa%d8%ad%d8%b0%d9%8a%d8%b1%d8%a7%d8%aa,0,1.0
https://www.aljazeera.net/news/2026/3/11/%d9%82%d8%a7%d8%b0%d9%81%d8%a7%d8%aa-%d8%a8%d9%8a-2-%d8%aa%d9%82%d8%b5%d9%81-%d8%a5%d9%8a%d8%b1%d8%a7%d9%86-%d9%81%d9%8a%d8%af%d9%8a%d9%88-%d9%84%d8%b9%d8%a8%d8%a9,18,0.1611
https://www.aljazeera.net/news/2026/3/11/%d8%a7%d9%84%d9%85%d8%b7%d8%b1-%d8%a7%d9%84%d8%a3%d8%b3%d9%88%d8%af-%d9%8a%d8%b1%d8%b9%d8%a8-%d8%a7%d9%84%d8%a5%d9%8a%d8%b1%d8%a7%d9%86%d9%8a%d9%8a%d9%86-%d9%88%d9%85%d8%ba%d8%b1%d8%af%d9%88%d9%86,1,0.3735
https://www.aljazeera.net/news/2026/3/11/%d8%b9%d8%a7%d8%ac%d9%84-%d9%85%d9%86%d8%af%d9%88%d8%a8%d8%a9-%d9%82%d8%b7%d8%b1-%d9%81%d9%8a-%d8%a7%d9%84%d8%a3%d9%85%d9%85-%d8%a7%d9%84%d9%85%d8%aa%d8%ad%d8%af%d8%a9,-1,0.0
https://www.aljazeera.net/news/2026/3/11/%d8%b4%d9%87%d8%af%d8%a7%d8%a1-%d8%a7%d9%84%d8%b6%d9%81%d8%a9,15,1.0
https://www.aljazeera.net/news/2026/3/11/%d8%a5%d8%b3%d8%b1%d8%a7%d8%a6%d9%8a%d9%84-%d8%aa%d8%aa%d9%88%d8%b9%d8%af-%d8%a8%d8%ad%d8%b1%d8%a8-%d8%a8%d9%84%d8%a7-%d8%b3%d9%82%d9%81-%d8%b2%d9%85%d9%86%d9%8a-%d8%b9%d9%84%d9%89,-1,0.0
https://www.aljazeera.net/news/2026/3/11/%d8%aa%d8%b1%d9%85%d8%a8-%d9%84%d9%85-%d9%8a%d8%aa%d8%a8%d9%82-%d8%b4%d9%8a%d8%a1-%d9%86%d8%b3%d8%aa%d9%87%d8%af%d9%81%d9%87-%d9%81%d9%8a-%d8%a5%d9%8a%d8%b1%d8%a7%d9%86,0,1.0
https://www.aljazeera.net/news/2026/3/11/%d9%85%d9%86-%d8%a7%d8%b3%d8%aa%d9%87%d8%af%d9%81-%d9%85%d9%8a%d9%86%d8%a7%d8%a1-%d8%b5%d9%84%d8%a7%d9%84%d8%a9-%d9%88%d9%84%d9%85%d8%a7%d8%b0%d8%a7-%d8%a7%d9%85%d8%aa%d9%86%d8%b9%d8%aa,0,1.0
https://www.aljazeera.net/news/2026/3/11/%d8%b7%d9%87%d8%b1%d8%a7%d9%86-%d8%aa%d8%ad%d8%b0%d8%b1-%d9%88-%d8%a7%d9%84%d8%ac%d9%8a%d8%b4-%d8%a7%d9%84%d8%a3%d9%85%d8%b1%d9%8a%d9%83%d9%8a-%d9%8a%d9%84%d9%88%d8%ad-%d8%a8%d8%b6%d8%b1%d8%a8,0,0.8593
https://www.aljazeera.net/news/2026/3/11/%d8%b3%d9%81%d9%8a%d8%b1-%d8%a5%d9%8a%d8%b1%d8%a7%d9%86%d9%8a-%d9%8a%d8%a4%d9%83%d8%af-%d8%a5%d8%b5%d8%a7%d8%a8%d8%a9-%d9%85%d8%ac%d8%aa%d8%a8%d9%89-%d8%ae%d8%a7%d9%85%d9%86%d8%a6%d9%8a-%d9%81%d9%8a,7,0.7166
https://www.aljazeera.net/news/2026/3/11/%d8%a3%d9%85%d8%b1%d9%8a%d9%83%d8%a7-%d9%82%d9%88%d8%a7%d8%b9%d8%af-%d8%a7%d9%84%d8%ad%d8%b1%d8%a8-%d8%a5%d9%8a%d8%b1%d8%a7%d9%86-%d9%82%d8%b5%d9%81-%d8%ac%d9%86%d9%88%d8%af,0,0.9004
https://www.aljazeera.net/news/2026/3/11/%d8%a3%d8%ad%d8%af-%d8%a3%d8%b6%d9%84%d8%a7%d8%b9-%d8%a7%d9%84%d9%85%d8%ab%d9%84%d8%ab-%d8%a7%d9%84%d9%86%d9%88%d9%88%d9%8a-%d9%87%d9%84-%d8%aa%d8%b4%d9%87%d8%af,1,0.3329
https://www.aljazeera.net/news/2026/3/11/%d8%b5%d9%88%d8%b1-%d9%81%d8%b6%d8%a7%d8%a6%d9%8a%d8%a9-%d8%aa%d8%b8%d9%87%d8%b1-%d8%a3%d8%b6%d8%b1%d8%a7%d8%b1%d8%a7-%d9%81%d9%8a-3-%d9%82%d9%88%d8%a7%d8%b9%d8%af,-1,0.0
https://www.aljazeera.net/news/2026/3/11/%d8%b9%d8%a7%d8%ac%d9%84-%d8%ad%d8%b2%d8%a8-%d8%a7%d9%84%d9%84%d9%87-%d8%a7%d9%84%d9%85%d9%82%d8%a7%d9%88%d9%85%d8%a9-%d8%a7%d9%84%d8%a5%d8%b3%d9%84%d8%a7%d9%85%d9%8a%d8%a9-%d8%aa%d8%b9%d9%84%d9%86,2,0.7257
https://www.aljazeera.net/news/2026/3/11/%d9%88%d8%b2%d8%a7%d8%b1%d8%a9-%d8%a7%d9%84%d8%af%d9%81%d8%a7%d8%b9-%d9%81%d9%8a-%d8%a3%d9%81%d8%b1%d9%8a%d9%82%d9%8a%d8%a7-%d8%a7%d9%84%d9%88%d8%b3%d8%b7%d9%89-%d8%aa%d8%b9%d8%aa%d9%82%d9%84,5,0.9423
https://www.aljazeera.net/news/2026/3/11/%d8%a7%d9%84%d8%ac%d9%8a%d8%b4%d8%a7%d9%86-%d8%a7%d9%84%d9%86%d9%8a%d8%ac%d9%8a%d8%b1%d9%8a-%d9%88%d8%a7%d9%84%d8%ac%d9%86%d9%88%d8%a8-%d8%a3%d9%81%d8%b1%d9%8a%d9%82%d9%8a,5,0.9369
https://www.aljazeera.net/news/2026/3/11/3-%d8%b9%d9%88%d8%a7%d9%85%d9%84-%d8%aa%d8%ad%d8%b3%d9%85-%d8%ae%d8%b7%d9%88%d8%a9-%d8%aa%d8%b1%d9%85%d8%a8-%d8%a7%d9%84%d9%85%d9%82%d8%a8%d9%84%d8%a9-%d9%81%d9%8a-%d8%ad%d8%b1%d8%a8,0,1.0
https://www.aljazeera.net/news/2026/3/11/%d9%82%d8%b7%d8%b1-%d8%a7%d8%b9%d8%aa%d8%af%d8%a7%d8%a1%d8%a7%d8%aa-%d8%a5%d9%8a%d8%b1%d8%a7%d9%86-%d8%a7%d9%84%d9%85%d8%aa%d9%83%d8%b1%d8%b1%d8%a9-%d8%b4%d9%85%d9%84%d8%aa,9,1.0
https://www.aljazeera.net/news/2026/3/11/%d8%a7%d9%84%d8%b9%d8%b1,0,0.9068
https://www.aljazeera.net/news/2026/3/11/%d8%a7%d9%84%d8%b3%d9%88%d8%af%d8%a7%d9%86-17-%d9%82%d8%aa%d9%8a%d9%84%d8%a7-%d8%a8%d9%8a%d9%86%d9%87%d9%85-%d8%b7%d9%84%d8%a7%d8%a8-%d9%88%d9%83%d9%88%d8%a7%d8%af%d8%b1-%d8%b5%d8%ad%d9%8a%d8%a9,10,0.9212
https://www.aljazeera.net/news/2026/3/11/634-%d9%82%d8%aa%d9%8a%d9%84%d8%a7-%d9%88%d8%a3%d9%83%d8%ab%d8%b1-%d9%85%d9%86-800-%d8%a3%d9%84%d9%81-%d9%86%d8%a7%d8%b2%d8%ad-%d9%85%d9%86%d8%b0-%d8%aa%d9%88%d8%b3%d8%b9,2,0.5438
https://www.aljazeera.net/news/liveblog/2026/3/11/%d8%a7%d9%84%d8%ad%d8%b1%d8%a8-%d8%b9%d9%84%d9%89-%d8%a5%d9%8a%d8%b1%d8%a7%d9%86-%d9%85%d8%a8%d8%a7%d8%b4%d8%b1-%d8%a3%d9%88%d9%84-%d9%87%d8%ac%d9%88%d9%85-%d9%85%d9%86%d8%b3%d9%82,-1,0.0
https://www.aljazeera.net/news/2026/3/11/%d9%85%d8%ac%d9%84%d8%b3-%d8%a7%d9%84%d8%a3%d9%85%d9%86-%d9%8a%d8%b9%d8%aa%d9%85%d8%af-%d9%82%d8%b1%d8%a7%d8%b1%d8%a7-%d9%8a%d8%af%d9%8a%d9%86-%d8%a7%d9%84%d9%87%d8%ac%d9%85%d8%a7%d8%aa,4,0.2221
https://www.aljazeera.net/news/2026/3/11/%d9%81%d9%8a-%d8%a5%d9%8a%d8%b1%d8%a7%d9%86-%d8%a3%d9%87%d8%af%d8%a7%d9%81-%d8%a3%d9%85%d8%b1%d9%8a%d9%83%d8%a7-%d9%82%d8%af-%d8%aa%d8%ae%d8%aa%d9%84%d9%81-%d8%b9%d9%86-%d8%a3%d9%87%d8%af%d8%a7%d9%81,0,1.0
https://www.aljazeera.net/news/2026/3/11/%d8%aa%d8%ad%d8%b0%d9%8a%d8%b1%d8%a7%d8%aa-%d8%a3%d9%85%d8%b1%d9%8a%d9%83%d9%8a%d8%a9-%d9%85%d9%86-%d8%a7%d8%b3%d8%aa%d9%87%d8%af%d8%a7%d9%81-%d8%a5%d9%8a%d8%b1%d8%a7%d9%86,0,0.7583
https://www.aljazeera.net/news/2026/3/11/%d8%a7%d9%84%d9%82%d8%af%d8%b3-%d8%a7%d9%84%d8%a3%d9%82%d8%b5%d9%89-%d9%87%d9%88%d9%8a%d8%a9-%d8%a3%d8%b3%d9%8a%d8%b1-%d9%85%d8%ad%d8%b1%d8%b1,-1,0.0
https://www.aljazeera.net/news/2026/3/11/%d8%b3%d9%84%d8%b7%d9%86%d8%a9-%d8%b9%d9%85%d8%a7%d9%86-%d9%84%d9%86-%d9%86%d8%b7%d8%a8%d8%b9-%d9%85%d8%b9-%d8%a5%d8%b3%d8%b1%d8%a7%d8%a6%d9%8a%d9%84-%d9%88%d9%84%d9%86-%d9%86%d8%af%d8%ae%d9%84,0,0.7473
https://www.aljazeera.net/news/2026/3/10/%d8%b9%d8%a7%d8%ac%d9%84-%d8%aa%d8%b1%d9%85%d8%a8-%d9%84%d9%86-%d9%86%d8%aa%d9%88%d9%82%d9%81-%d8%a5%d9%84%d9%89-%d8%a3%d9%86-%d9%8a%d8%aa%d9%85-%d8%a5%d9%84%d8%ad%d8%a7%d9%82,-1,0.0
https://www.aljazeera.net/news/liveblog/2026/3/10/%d8%a7%d9%84%d8%ad%d8%b1%d8%a8-%d8%b9%d9%84%d9%89-%d8%a5%d9%8a%d8%b1%d8%a7%d9%86-%d9%85%d8%a8%d8%a7%d8%b4%d8%b1-%d8%aa%d8%b1%d9%85%d8%a8-%d9%8a%d8%aa%d8%ad%d8%af%d8%ab-%d8%b9%d9%86,-1,0.0
https://www.aljazeera.net/news/2026/3/10/%d8%ad%d8%b2%d8%a8-%d8%a7%d9%84%d9%84%d9%87-%d8%a7%d9%84%d9%85%d9%82%d8%a7%d9%88%d9%85%d8%a9-%d8%aa%d9%88%d9%81%d8%b1-%d9%84%d9%84%d8%a8%d9%86%d8%a7%d9%86-%d9%88%d8%b1%d9%82%d8%a9,8,0.5172
https://www.aljazeera.net/news/2026/3/10/%d8%b9%d9%82%d8%a8-%d8%a5%d8%b9%d9%84%d8%a7%d9%86-%d8%ad%d8%b2%d8%a8-%d8%a7%d9%84%d9%84%d9%87-%d8%a7%d8%b3%d8%aa%d9%87%d8%af%d8%a7%d9%81%d9%87%d8%a7-%d9%81%d9%8a%d8%af%d9%8a%d9%88,2,0.5134
https://www.aljazeera.net/news/2026/3/10/%d8%ae%d8%a8%d9%8a%d8%b1-%d8%b9%d8%b3%d9%83%d8%b1%d9%8a-%d8%a3%d9%85%d8%b1%d9%8a%d9%83%d8%a7-%d9%84%d9%85-%d8%aa%d8%ad%d9%82%d9%82-%d8%a3%d9%87%d8%af%d8%a7%d9%81%d9%87%d8%a7-%d9%85%d9%86,1,0.3477
https://www.aljazeera.net/news/2026/3/10/%d8%b1%d8%ba%d9%85-%d8%aa%d9%87%d8%af%d9%8a%d8%af%d8%a7%d8%aa%d9%87-%d8%a7%d9%84%d9%85%d8%aa%d9%88%d8%a7%d8%b5%d9%84%d8%a9-%d9%87%d8%b0%d8%a7-%d9%85%d8%a7-%d8%aa%d8%ae%d8%b4%d8%a7%d9%87,0,1.0
https://www.aljazeera.net/news/2026/3/10/%d8%a8%d9%86-%d8%ba%d9%81%d9%8a%d8%b1-%d9%8a%d9%81%d8%aa%d8%ad-%d8%a7%d9%84%d8%a8%d8%a7%d8%a8-%d9%84%d8%aa%d8%b3%d9%84%d9%8a%d8%ad-300-%d8%a3%d9%84%d9%81,-1,0.0
https://www.aljazeera.net/news/2026/3/10/%d8%a8%d8%b9%d8%af-%d9%82%d8%aa%d9%84%d9%87%d8%a7-%d8%a2%d9%85%d8%a7%d9%84-%d8%b4%d9%85%d8%a7%d9%84%d9%8a-%d8%a5%d8%b3%d8%b1%d8%a7%d8%a6%d9%8a%d9%84-%d8%aa%d8%b1%d9%81%d8%b9,3,1.0
https://www.aljazeera.net/news/2026/3/10/%d8%b9%d8%a7%d8%ac%d9%84-%d8%b3%d8%a7%d9%86%d8%a7-%d8%b9%d9%86-%d8%a7%d9%84%d8%ac%d9%8a%d8%b4-%d8%a7%d9%84%d8%b3%d9%88%d8%b1%d9%8a-%d9%85%d9%8a%d9%84%d9%8a%d8%b4%d9%8a%d8%a7%d8%aa,2,0.7682
https://www.aljazeera.net/news/2026/3/10/%d8%a5%d9%8a%d8%b1%d8%a7%d9%86-%d8%aa%d8%a8%d8%af%d9%8a-%d8%a7%d8%b3%d8%aa%d8%b9%d8%af%d8%a7%d8%af%d9%87%d8%a7-%d9%84%d8%aa%d8%ad%d9%82%d9%8a%d9%82-%d9%85%d8%b4%d8%aa%d8%b1%d9%83-%d9%85%d8%b9,-1,0.0
https://www.aljazeera.net/news/2026/3/10/%d8%b9%d8%a7%d8%ac%d9%84-%d8%a7%d9%84%d8%ad%d8%b1%d8%b3-%d8%a7%d9%84%d8%ab%d9%88%d8%b1%d9%8a-%d8%a7%d9%84%d8%a5%d9%8a%d8%b1%d8%a7%d9%86%d9%8a-%d9%86%d8%ad%d9%86-%d9%85%d9%86,0,0.8676
https://www.aljazeera.net/news/2026/3/10/%d8%a8%d9%88%d8%aa%d9%8a%d9%86-%d9%8a%d8%b9%d8%b1%d8%b6-%d8%b9%d9%84%d9%89-%d8%aa%d8%b1%d9%85%d8%a8-%d9%85%d9%82%d8%aa%d8%b1%d8%ad%d8%a7%d8%aa-%d9%84%d9%88%d9%82%d9%81-%d8%b3%d8%b1%d9%8a%d8%b9,-1,0.0
https://www.aljazeera.net/news/2026/3/10/%d8%b1%d8%b3%d8%a7%d8%a6%d9%84-%d9%85%d8%aa%d8%a8%d8%a7%d9%8a%d9%86%d8%a9-%d8%ae%d9%84%d8%a7%d9%84-%d8%b3%d8%a7%d8%b9%d8%a9-%d9%85%d8%a7%d8%b0%d8%a7-%d8%a3%d8%b1%d8%a7%d8%af-%d8%aa%d8%b1%d9%85%d8%a8,0,1.0
https://www.aljazeera.net/news/2026/3/10/%d9%84%d9%85%d8%a7%d8%b0%d8%a7-%d8%aa%d9%86%d8%aa%d9%82%d9%84-%d8%a5%d9%8a%d8%b1%d8%a7%d9%86-%d8%a5%d9%84%d9%89-%d9%85%d8%b1%d8%ad%d9%84%d8%a9-%d8%a7%d9%84%d8%b5%d9%88%d8%a7%d8%b1%d9%8a%d8%ae,-1,0.0
https://www.aljazeera.net/news/2026/3/10/%d9%81%d8%b1%d9%8a%d8%af%d9%85%d8%a7%d9%86-%d9%82%d8%b5%d9%81-%d8%a5%d9%8a%d8%b1%d8%a7%d9%86-%d9%88%d8%aa%d8%ad%d9%88%d9%8a%d9%84%d9%87%d8%a7-%d8%a5%d9%84%d9%89-%d8%a3%d9%86%d9%82%d8%a7%d8%b6,0,1.0
https://www.aljazeera.net/news/2026/3/10/%d9%85%d9%82%d8%aa%d9%84-%d8%b4%d8%ae%d8%b5-%d9%81%d9%8a-%d8%a7%d9%84%d8%a8%d8%ad%d8%b1%d9%8a%d9%86-%d9%88%d8%b3%d8%b7-%d8%a7%d8%b3%d8%aa%d9%85%d8%b1%d8%a7%d8%b1,4,0.7552
https://www.aljazeera.net/news/2026/3/10/%d9%85%d9%82%d8%a7%d9%84-%d8%a8%d9%88%d8%a7%d8%b4%d9%86%d8%b7%d9%86-%d8%a8%d9%88%d8%b3%d8%aa-%d9%87%d9%86%d8%a7%d9%83-%d9%81%d8%a7%d8%a6%d8%b2%d8%a7%d9%86-%d9%81%d9%8a-%d8%ad%d8%b1%d8%a8,0,1.0
https://www.aljazeera.net/news/2026/3/10/%d8%ad%d8%b2%d8%a8-%d8%a7%d9%84%d9%84%d9%87-%d9%8a%d9%88%d8%b3%d8%b9-%d9%87%d8%ac%d9%85%d8%a7%d8%aa%d9%87-%d8%a7%d9%84%d8%b5%d8%a7%d8%b1%d9%88%d8%ae%d9%8a%d8%a9-%d8%b9%d9%84%d9%89,2,0.6496
https://www.aljazeera.net/news/2026/3/10/%d8%af%d9%8a%d9%81%d9%8a%d8%af-%d8%a5%d8%ba%d9%86%d8%a7%d8%aa%d9%8a%d9%88%d8%b3-%d9%82%d9%84%d9%82-%d9%85%d8%aa%d8%b2%d8%a7%d9%8a%d8%af-%d8%a8%d9%8a%d9%86,0,1.0
https://www.aljazeera.net/news/2026/3/10/5-%d9%82%d8%aa%d9%84%d9%89-%d8%a8%d9%82%d8%b5%d9%81-%d9%85%d9%82%d8%b1-%d9%84%d9%84%d8%ad%d8%b4%d8%af-%d8%a7%d9%84%d8%b4%d8%b9%d8%a8%d9%8a-%d9%88%d9%81%d8%b5%d9%8a%d9%84-%d9%8a%d8%b9%d9%84%d9%86,13,1.0
https://www.aljazeera.net/news/2026/3/10/%d8%a7%d9%84%d8%af%d9%8a%d9%85%d9%82%d8%b1%d8%a7%d8%b7%d9%8a%d9%88%d9%86-%d9%8a%d9%87%d8%af%d8%af%d9%88%d9%86-%d8%a8%d8%aa%d8%b9%d8%b7%d9%8a%d9%84-%d9%85%d8%ac%d9%84%d8%b3,0,0.9134
https://www.aljazeera.net/news/2026/3/10/%d8%a7%d9%84%d8%ac%d9%8a%d8%b4-%d8%a7%d9%84%d8%a3%d9%85%d8%b1%d9%8a%d9%83%d9%8a-%d9%8a%d8%b3%d8%aa%d9%87%d9%84%d9%83-5-6-%d9%85%d9%84%d9%8a%d8%a7%d8%b1-%d8%af%d9%88%d9%84%d8%a7%d8%b1,0,0.966
https://www.aljazeera.net/news/2026/3/10/%d8%ae%d8%b1%d9%88%d8%ac-%d8%ac%d9%85%d8%a7%d8%b9%d9%8a-%d9%84%d9%84%d8%b3%d9%81%d9%86-%d9%88%d8%a7%d9%84%d9%86%d8%a7%d9%82%d9%84%d8%a7%d8%aa-%d9%85%d9%86-%d9%85%d9%8a%d9%86%d8%a7%d8%a1,4,0.6013
https://www.aljazeera.net/news/2026/3/10/%d8%a8%d9%84%d9%8a%d9%86%d9%83%d9%86-%d9%86%d9%87%d8%a7%d9%8a%d8%a9-%d8%a7%d9%84%d8%ad%d8%b1%d8%a8-%d9%85%d8%b9-%d8%a5%d9%8a%d8%b1%d8%a7%d9%86-%d8%b3%d9%8a%d8%ad%d8%af%d8%af%d9%87%d8%a7,0,1.0
https://www.aljazeera.net/news/2026/3/10/3256,2,0.5399
https://www.aljazeera.net/news/2026/3/10/%d8%b9%d9%86%d8%af%d9%85%d8%a7-%d8%aa%d8%aa%d8%b9%d8%b7%d9%84-%d8%a7%d9%84%d8%ae%d8%b1%d8%a7%d8%a6%d8%b7-%d8%aa%d8%b4%d9%88%d9%8a%d8%b4-%d8%ac%d9%8a-%d8%a8%d9%8a-%d8%a5%d8%b3,0,1.0
https://www.aljazeera.net/news/2026/3/10/%d8%a7%d9%84%d8%a7%d8%b3%d8%aa%d9%87%d8%af%d8%a7%d9%81%d8%a7%d8%aa-%d8%b6%d8%af-%d8%a7%d9%84%d8%ae%d9%84%d9%8a%d8%ac,4,0.7994
https://www.aljazeera.net/news/2026/3/10/%d8%b9%d8%a7%d8%ac%d9%84-%d8%b9%d8%b1%d8%a7%d9%82%d8%ac%d9%8a-%d8%a7%d9%84%d8%a3%d9%85%d8%b1%d9%8a%d9%83%d9%8a%d9%88%d9%86,-1,0.0
https://www.aljazeera.net/news/2026/3/10/%d8%b1%d9%88%d9%8a%d8%aa%d8%b1%d8%b2-%d8%a5%d9%8a%d8%b1%d8%a7%d9%86-%d9%84%d8%a7-%d8%aa%d8%b2%d8%a7%d9%84-%d8%aa%d8%ad%d8%aa%d9%81%d8%b8-%d8%a8%d8%a3%d9%83%d8%ab%d8%b1-%d9%85%d9%86-%d9%86%d8%b5%d9%81,0,0.7109
https://www.aljazeera.net/news/2026/3/10/%d8%a3%d8%b3%d8%aa%d8%b1%d8%a7%d9%84%d9%8a%d8%a7-%d8%aa%d8%b3%d8%aa%d8%ac%d9%8a%d8%a8-%d9%84%d8%b7%d9%84%d8%a8-%d8%aa%d8%b1%d9%85%d8%a8-%d9%88%d8%aa%d9%85%d9%86%d8%ad-5,-1,0.0
https://www.aljazeera.net/news/2026/3/10/%d9%8a%d9%88%d9%86%d9%8a%d8%b3%d9%8a%d9%81-700-%d8%a3%d9%84%d9%81-%d9%86%d8%a7%d8%b2%d8%ad-%d9%81%d9%8a-%d9%84%d8%a8%d9%86%d8%a7%d9%86-%d9%88%d8%a7%d9%84%d8%a3%d8%b7%d9%81%d8%a7%d9%84,-1,0.0
https://www.aljazeera.net/news/2026/3/10/%d8%ad%d8%a7%d8%ae%d8%a7%d9%85-%d8%a5%d8%b3%d8%b1%d8%a7%d8%a6%d9%8a%d9%84%d9%8a-%d9%8a%d8%af%d9%8a%d9%86-%d8%aa%d8%b5%d8%a7%d8%b9%d8%af-%d9%87%d8%ac%d9%85%d8%a7%d8%aa,15,1.0
https://www.aljazeera.net/news/2026/3/10/%d8%aa%d8%b9%d9%84%d9%8a%d9%82-%d9%85%d8%ad%d8%a7%d8%af%d8%ab%d8%a7%d8%aa-%d8%ae%d8%b7%d8%a9-%d8%aa%d8%b1%d9%85%d8%a8-%d9%84%d9%84%d8%b3%d9%84%d8%a7%d9%85-%d9%81%d9%8a-%d8%ba%d8%b2%d8%a9,0,1.0
https://www.aljazeera.net/news/2026/3/10/%d8%a8%d8%b3%d8%a8%d8%a8-%d9%81%d9%8a%d8%af%d9%8a%d9%88-%d9%84%d9%84%d9%82%d9%88%d8%a7%d8%aa-%d8%a7%d9%84%d8%a3%d9%85%d8%b1%d9%8a%d9%83%d9%8a%d8%a9-%d8%b9%d8%b1%d8%a7%d9%82%d8%ac%d9%8a,-1,0.0
https://www.aljazeera.net/news/2026/3/10/%d8%ad%d8%b2%d8%a8-%d8%a7%d9%84%d9%84%d9%87-%d9%8a%d8%b5%d8%af-%d8%aa%d9%88%d8%ba%d9%84%d8%a7%d8%aa-%d8%a5%d8%b3%d8%b1%d8%a7%d8%a6%d9%8a%d9%84%d9%8a%d8%a9-%d9%88%d8%aa%d9%84,2,0.6392
https://www.aljazeera.net/news/2026/3/10/%d8%b3%d9%8a%d9%86%d8%a7%d8%b1%d9%8a%d9%88-%d8%a7%d9%84%d8%ad%d9%88%d8%ab%d9%8a%d9%8a%d9%86-%d8%a3%d9%83%d8%ab%d8%b1-%d9%85%d8%a7-%d9%8a%d8%b1%d8%b9%d8%a8,0,1.0
https://www.aljazeera.net/news/2026/3/10/%d8%a3%d9%86%d8%b4%d8%a3%d8%aa-%d8%ad%d8%b2%d8%a7%d9%85%d8%a7-%d8%a3%d9%85%d9%86%d9%8a%d8%a7-%d8%aa%d9%81%d8%a7%d8%b5%d9%8a%d9%84-%d9%85%d8%ae%d8%b7%d8%b7-%d8%a5%d8%b3%d8%b1%d8%a7%d8%a6%d9%8a%d9%84,2,0.6041
https://www.aljazeera.net/news/2026/3/10/%d9%86%d9%82%d9%84-%d8%b5%d9%88%d8%a7%d8%b1%d9%8a%d8%ae,0,0.8194
https://www.aljazeera.net/news/2026/3/10/%d8%af%d8%b9%d9%88%d8%a7%d8%aa-%d8%a5%d8%b3%d8%b1%d8%a7%d8%a6%d9%8a%d9%84%d9%8a%d8%a9-%d9%84%d9%85%d9%88%d8%a7%d8%b5%d9%84%d8%a9-%d8%a5%d8%ba%d9%84%d8%a7%d9%82-%d8%a7%d9%84%d8%a3%d9%82%d8%b5%d9%89,17,1.0
https://www.aljazeera.net/news/2026/3/10/%d8%b9%d8%a7%d8%ac%d9%84-%d8%a7%d9%84%d9%85%d8%aa%d8%ad%d8%af%d8%ab-%d8%a8%d8%a7%d8%b3%d9%85-%d8%a7%d9%84%d8%ae%d8%a7%d8%b1%d8%ac%d9%8a%d8%a9-%d8%a7%d9%84%d9%82%d8%b7%d8%b1%d9%8a%d8%a9-%d9%85%d8%a7,9,0.9469
https://www.aljazeera.net/news/2026/3/10/%d8%b7%d9%88%d9%84%d9%87-20-%d9%85%d8%aa%d8%b1%d8%a7-%d9%88%d9%8a%d8%ad%d9%85%d9%84-24-%d9%82%d8%b0%d9%8a%d9%81%d8%a9-%d9%86%d8%a7%d8%b4%d8%b7-%d8%a5%d8%b3%d8%b1%d8%a7%d8%a6%d9%8a%d9%84%d9%8a,1,0.5372
https://www.aljazeera.net/news/2026/3/10/%d8%a7%d8%b3%d8%aa%d9%87%d8%af%d8%a7%d9%81-%d9%85%d8%b5%d8%a7%d9%81%d9%8a-%d8%ad%d9%8a%d9%81%d8%a7-%d9%88%d8%aa%d8%b5%d8%b9%d9%8a%d8%af-%d9%86%d9%88%d8%b9%d9%8a-%d9%81%d9%8a,1,0.7464
https://www.aljazeera.net/news/2026/3/10/%d8%aa%d8%b1%d9%83%d9%8a%d8%a7-%d8%aa%d9%86%d8%b4%d8%b1-%d8%a3%d9%86%d8%b8%d9%85%d8%a9-%d8%a8%d8%a7%d8%aa%d8%b1%d9%8a%d9%88%d8%aa-%d9%88%d8%aa%d8%a8%d9%84%d8%ba-%d8%a5%d9%8a%d8%b1%d8%a7%d9%86,-1,0.0
https://www.aljazeera.net/news/2026/3/10/%d8%a8%d9%84%d9%88%d9%85%d8%a8%d9%8a%d8%b1%d8%ba-%d9%83%d9%8a%d9%85-%d9%8a%d8%b3%d8%aa%d8%ae%d9%84%d8%b5-%d8%a7%d9%84%d8%af%d8%b1%d8%b3-%d9%85%d9%86-%d8%ad%d8%b1%d8%a8-%d8%a5%d9%8a%d8%b1%d8%a7%d9%86,-1,0.0
https://www.aljazeera.net/news/2026/3/10/%d8%a8%d9%8a%d9%86-%d8%a7%d9%84%d8%ad%d8%b1%d8%a8-%d9%88%d8%a7%d9%84%d8%b3%d9%8a%d8%a7%d8%b3%d8%a9-%d9%84%d9%85%d8%a7%d8%b0%d8%a7-%d9%87%d8%a8%d8%b7%d8%aa-%d8%a3%d8%b3%d8%b9%d8%a7%d8%b1,0,0.9479
https://www.aljazeera.net/news/2026/3/10/%d8%ad%d9%85%d9%84%d8%a9-%d9%82%d9%85%d8%b9-%d9%88%d8%a7%d8%b3%d8%b9%d8%a9-%d8%aa%d8%b7%d8%a7%d9%84-%d8%a7%d9%84%d8%a3%d8%b3%d8%b1%d9%89,14,0.4415
https://www.aljazeera.net/news/2026/3/10/%d8%aa%d8%a3%d9%87%d8%a8-%d8%a8%d8%b3%d9%85%d8%a7%d8%a1-%d8%aa%d9%84-%d8%a3%d8%a8%d9%8a%d8%a8-%d8%b5%d9%88%d8%a7%d8%b1%d9%8a%d8%ae-%d8%a5%d9%8a%d8%b1%d8%a7%d9%86%d9%8a%d8%a9-%d8%aa%d8%b1%d8%a8%d9%83,1,0.8741
